case,id,variable,combined,mean,sd,cv,lower,upper
stack,u01,a1,0.237109560247,0.237109560247,0.104587456899,0.441093378055,0.0467178745794,0.427501245914
stack,u02,a1,0.348349136817,0.348349136817,0.198180817563,0.568914335124,0,0.709118783978
stack,u03,a1,0.621248585329,0.621248585329,0.0895564880508,0.14415564102,0.458219372954,0.784277797704
stack,u04,a1,0.882003819537,0.882003819537,0.0806264365112,0.0914127974565,0.735230930972,1
stack,u05,a1,0.795773411496,0.795773411496,0.500092785713,0.628436158445,0,1
stack,u06,a1,0.265578207806,0.265578207806,0.0723030825899,0.272247799197,0.133957206766,0.397199208846
stack,u07,a1,0.855836447749,0.855836447749,0.31183691893,0.364365083715,0.288166495643,1
stack,u08,a1,0.187202708471,0.187202708471,0.0514512107195,0.274842234601,0.0935405903834,0.280864826559
stack,u09,a1,0.797465527486,0.797465527486,0.0180496076966,0.0226337152823,0.764607904431,0.83032315054
stack,u10,a1,0.667148757434,0.667148757434,0.0622261038512,0.0932717076332,0.553871953923,0.780425560944
stack,u11,a1,0.160677064985,0.160677064985,0.446346306382,2.77790925807,0,0.973208779433
stack,u12,a1,0.146120242992,0.146120242992,0.371127115426,2.53987474854,0,0.821722453795
stack,u13,a1,0.100096292761,0.100096292761,0.0815654743166,0.814870082267,0,0.248578611845
stack,u14,a1,0.308826541628,0.308826541628,0.131357105421,0.425342668827,0.0697032139641,0.547949869291
stack,u15,a1,0.67365511632,0.67365511632,0.248072150723,0.368248002151,0.222062962308,1
stack,u16,a1,0.257410522414,0.257410522414,0.00262053773108,0.0101803830959,0.252640078512,0.262180966316
stack,u17,a1,0.710589132104,0.710589132104,0.109078292066,0.153504025235,0.512022300937,0.909155963271
stack,u18,a1,0.911950921233,0.911950921233,0.0358983970673,0.0393643958589,0.846601246108,0.977300596357
stack,u19,a1,0.865944978959,0.865944978959,0.272144893982,0.31427504125,0.370530646805,1
stack,u20,a1,0.15126585834,0.15126585834,0.231307356048,1.52914450483,0,0.572339271264
stack,u21,a1,0.155495270311,0.155495270311,0.182543151097,1.1739466463,0,0.487798007896
stack,u22,a1,0.250450999034,0.250450999034,0.288642402294,1.15249052073,0,0.775897502444
stack,u23,a1,0.102493298575,0.102493298575,0.0549407826846,0.536042682287,0.00247874102278,0.202507856127
stack,u24,a1,0.229935985892,0.229935985892,0.13825068943,0.601257297306,0,0.48160843865
stack,u25,a1,0.748132617749,0.748132617749,0.0581460977238,0.0777216449922,0.642283083886,0.853982151612
stack,u26,a1,0.952003008523,0.952003008523,0.0740552931937,0.0777889276931,0.817192271922,1
stack,u27,a1,0.817907259776,0.817907259776,0.0738615459356,0.0903055267609,0.683449221941,0.95236529761
stack,u28,a1,0.398170877284,0.398170877284,0.270795734244,0.680099298299,0,0.891129190289
stack,u29,a1,0.144481377968,0.144481377968,0.079854983013,0.552700868003,0,0.289849907576
stack,u30,a1,0.346786296916,0.346786296916,0.0326874251739,0.0942581222632,0.287281895876,0.406290697955
stack,u31,a1,0.783269058904,0.783269058904,0.119051326108,0.151992887699,0.566547251808,0.999990866
stack,u32,a1,0.494020602269,0.494020602269,0.209760398212,0.424598482834,0.112171411303,0.875869793234
stack,u33,a1,0.851429625177,0.851429625177,0.369078627081,0.433481072501,0.179556495859,1
stack,u34,a1,0.863917637557,0.863917637557,0.0893811255691,0.10346023936,0.701207656183,1
stack,u35,a1,0.813859597949,0.813859597949,0.0387247028717,0.047581552112,0.743364897386,0.884354298512
stack,u36,a1,0.850816923992,0.850816923992,0.059098570558,0.0694609720276,0.743233502396,0.958400345587
stack,u37,a1,0.119495517251,0.119495517251,0.328724043079,2.75093200684,0,0.717906899812
stack,u38,a1,0.928123740684,0.928123740684,0.130734144346,0.140858528465,0.690134455405,1
stack,u39,a1,0.925844057719,0.925844057719,0.0286166114346,0.030908673222,0.873750192444,0.977937922994
stack,u40,a1,0.107046695225,0.107046695225,0.00903823887713,0.084432675461,0.0905934264844,0.123499963966
stack,u01,P9,0.121454464902,0.121454464902,0.14193047312,1.16858999983,0,0.379825619783
stack,u02,P9,0.303844327967,0.303844327967,0.426758741436,1.40453088031,0,1
stack,u03,P9,0.0823135544435,0.0823135544435,0.00955159840027,0.116039192632,0.0649257626932,0.0997013461938
stack,u04,P9,0.0760535011396,0.0760535011396,0.198914794402,2.61545874183,0,0.438159284505
stack,u05,P9,0.287946111743,0.287946111743,0.147576013661,0.512512611362,0.019297778203,0.556594445283
stack,u06,P9,0.0570078456692,0.0570078456692,0.0394014040613,0.691157569608,0,0.128734417472
stack,u07,P9,0.209124881871,0.209124881871,0.257813960848,1.23282298376,0,0.678451090291
stack,u08,P9,0.196810917366,0.196810917366,0.320752828334,1.62975119789,0,0.780711448846
stack,u09,P9,0.0964553612702,0.0964553612702,0.0159431365954,0.16529031031,0.0674323718865,0.125478350654
stack,u10,P9,0.398723037448,0.398723037448,0.0879301424541,0.220529375521,0.238654435157,0.558791639738
stack,u11,P9,0.0665996917966,0.0665996917966,0.0320114310911,0.480654342799,0.00832587477493,0.124873508818
stack,u12,P9,0.075648055823,0.075648055823,0.0570500822129,0.754151333994,0,0.179502395933
stack,u13,P9,0.825117505654,0.825117505654,0.404788933744,0.490583378695,0.0882371022046,1
stack,u14,P9,0.0735723838681,0.0735723838681,0.0689825091454,0.93761416334,0,0.199148591448
stack,u15,P9,0.150536990917,0.150536990917,0.00620415489813,0.0412134908524,0.139242907055,0.16183107478
stack,u16,P9,0.292272999109,0.292272999109,0.148062503126,0.506589741706,0.0227390569873,0.561806941231
stack,u17,P9,0.04995823035,0.04995823035,0.06781719717,1.357477971,0,0.173413096443
stack,u18,P9,0.137072639439,0.137072639439,0.0330537064866,0.241140074503,0.0769014575192,0.197243821358
stack,u19,P9,0.358915796546,0.358915796546,0.0187708566134,0.0522987753507,0.32474520728,0.393086385812
stack,u20,P9,0.182983669226,0.182983669226,0.133735105526,0.73085814757,0,0.426435923722
stack,u21,P9,0.188927600308,0.188927600308,0.294993635403,1.561411011,0,0.72593592971
stack,u22,P9,0.225929187798,0.225929187798,0.0861256059485,0.381206194683,0.0691455754807,0.382712800116
stack,u23,P9,0.0477808614677,0.0477808614677,0.175754925998,3.67835406477,0,0.367726270003
stack,u24,P9,0.224551551172,0.224551551172,0.0451558390466,0.201093418464,0.142349568557,0.306753533788
stack,u25,P9,0.133190646982,0.133190646982,0.0721404480302,0.541632987486,0.00186570695033,0.264515587014
stack,u26,P9,0.582145084096,0.582145084096,0.256303580763,0.440274405411,0.11556838139,1
stack,u27,P9,0.0536456002755,0.0536456002755,0.0324505444022,0.604905979905,0,0.11271878202
stack,u28,P9,0.768945257875,0.768945257875,0.283339101435,0.368477597765,0.253152917785,1
stack,u29,P9,0.205009570983,0.205009570983,0.0545122759752,0.265901127024,0.105775069827,0.304244072139
stack,u30,P9,0.37521275979,0.37521275979,0.172164237763,0.458844304387,0.0618038634328,0.688621656147
stack,u31,P9,0.186714739308,0.186714739308,0.0197212081273,0.105622128175,0.150814123975,0.222615354641
stack,u32,P9,0.258794366536,0.258794366536,0.00342663946163,0.0132407807307,0.252556489809,0.265032243262
stack,u33,P9,0.22337571723,0.22337571723,0.0474143381057,0.212262723512,0.137062348262,0.309689086199
stack,u34,P9,0.142440867743,0.142440867743,0.217800202314,1.52905697477,0,0.538925770302
stack,u35,P9,0.144961290129,0.144961290129,0.0344431713116,0.237602543969,0.0822607174192,0.207661862838
stack,u36,P9,0.155704551084,0.155704551084,0.28215611179,1.81212501386,0,0.669343369142
stack,u37,P9,0.184933772013,0.184933772013,0.041056741036,0.222007806304,0.110193814032,0.259673729993
stack,u38,P9,0.281084578847,0.281084578847,0.0309705699092,0.110182387224,0.22470555228,0.337463605415
stack,u39,P9,0.0727726420062,0.0727726420062,0.0825214826848,1.13396298952,0,0.222995284932
stack,u40,P9,0.227082940839,0.227082940839,0.134069567033,0.590399113814,0,0.471144051235
stack,u01,_x,0.155947150643,0.155947150643,0.0146943860198,0.0942267041059,0.129197394916,0.182696906371
stack,u02,_x,0.503985738023,0.503985738023,0.214141631828,0.424896213667,0.114160920934,0.893810555113
stack,u03,_x,0.0599373905288,0.0599373905288,0.0917499332861,1.53076289236,0,0.226959564853
stack,u04,_x,0.108744692848,0.108744692848,0.106195417719,0.97655724558,0,0.302063520834
stack,u05,_x,0.0847170161139,0.0847170161139,0.151687839593,1.79052387055,0,0.360850544281
stack,u06,_x,0.0500161297409,0.0500161297409,0.0823178359318,1.64582578377,0,0.199868052795
stack,u07,_x,0.19901214801,0.19901214801,0.150072807705,0.754088678535,0,0.472205661641
stack,u08,_x,0.0673245722151,0.0673245722151,0.0243980123781,0.362393871588,0.0229102720557,0.111738872374
stack,u09,_x,0.156868495634,0.156868495634,0.369700881048,2.35675671877,0,0.829874380115
stack,u10,_x,0.435866268909,0.435866268909,0.176616889164,0.405208894935,0.114351737029,0.75738080079
stack,u11,_x,0.20717522421,0.20717522421,0.070396015601,0.339789740156,0.0790258602991,0.33532458812
stack,u12,_x,0.0385791468683,0.0385791468683,0.0659122515015,1.70849427351,0,0.158566237497
stack,u13,_x,0.563465693849,0.563465693849,0.101974697342,0.180977650379,0.377830292644,0.749101095054
stack,u14,_x,0.389042600732,0.389042600732,0.194023736797,0.498721056335,0.0358405303918,0.742244671073
stack,u15,_x,0.365632770056,0.365632770056,0.339320745302,0.928037017168,0,0.983334458152
stack,u16,_x,0.318796478769,0.318796478769,0.158331814909,0.496654842364,0.0305682147947,0.607024742744
stack,u17,_x,0.234466060703,0.234466060703,0.0569581583314,0.242927092137,0.130779059424,0.338153061982
stack,u18,_x,0.266530231192,0.266530231192,0.177934936204,0.667597575736,0,0.590444144463
stack,u19,_x,0.0622901760204,0.0622901760204,0.0644937952985,1.03537667444,0,0.179695099766
stack,u20,_x,0.273692286778,0.273692286778,0.0524100475148,0.191492599707,0.178284695962,0.369099877594
stack,u21,_x,0.218360577955,0.218360577955,0.134295134097,0.615015472821,0,0.462832312098
stack,u22,_x,0.111353219552,0.111353219552,0.0391871507066,0.351917536505,0.0400166759471,0.182689763156
stack,u23,_x,0.431327485547,0.431327485547,0.178813869933,0.414566369927,0.105813555609,0.756841415486
stack,u24,_x,0.0540883995075,0.0540883995075,0.0426074262072,0.787736864006,0,0.131651234843
stack,u25,_x,0.115228030237,0.115228030237,0.147944416294,1.28392732211,0,0.384547006322
stack,u26,_x,0.0763511728748,0.0763511728748,0.240161747162,3.14548864306,0,0.513543176878
stack,u27,_x,0.240972972581,0.240972972581,0.096271174045,0.399510256332,0.0657203022212,0.416225642941
stack,u28,_x,0.430706467703,0.430706467703,0.210933488362,0.489738381424,0.0467217758109,0.814691159595
stack,u29,_x,0.122231393552,0.122231393552,0.232237908572,1.89998577144,0,0.544998790333
stack,u30,_x,0.155334273896,0.155334273896,0.0994835601519,0.640448225988,0,0.336434792784
stack,u31,_x,0.37810373206,0.37810373206,0.0901469222131,0.238418493576,0.213999689502,0.542207774617
stack,u32,_x,0.099205973809,0.099205973809,0.163351565949,1.64659001547,0,0.396572225172
stack,u33,_x,0.190954410174,0.190954410174,0.0484919688402,0.253945267858,0.102679315219,0.279229505129
stack,u34,_x,0.288388369113,0.288388369113,0.0736027448537,0.255220919901,0.154401454448,0.422375283777
stack,u35,_x,0.313283563364,0.313283563364,0.276998474928,0.884178129083,0,0.817533385789
stack,u36,_x,0.150068551182,0.150068551182,0.293745591934,1.95740939471,0,0.684804934149
stack,u37,_x,0.074525806545,0.074525806545,0.0810160523477,1.08708722661,0,0.222007954309
stack,u38,_x,0.0875028322199,0.0875028322199,0.187462492974,2.14235914676,0,0.428760771701
stack,u39,_x,0.122530973087,0.122530973087,0.0710691812567,0.580009931093,0,0.251905772128
stack,u40,_x,0.0752544538736,0.0752544538736,0.0789654426822,1.0493125472,0,0.219003658487
stack,u01,sp1,0.825973814645,0.825973814645,0.280061661504,0.339068450523,0.316147747487,1
stack,u02,sp1,0.707830038704,0.707830038704,0.139091439393,0.196504007725,0.454627079254,0.961032998153
stack,u03,sp1,0.518569707131,0.518569707131,0.0925963401032,0.178561028208,0.350006728341,0.687132685921
stack,u04,sp1,0.633487613725,0.633487613725,0.194413352633,0.306893692033,0.279576284186,0.987398943264
stack,u05,sp1,0.494475231874,0.494475231874,0.110821310281,0.224119031931,0.29273539903,0.696215064719
stack,u06,sp1,0.915668697538,0.915668697538,0.12470535193,0.1361904718,0.688654265121,1
stack,u07,sp1,0.61304326428,0.61304326428,0.284225813339,0.463630921176,0.095636748083,1
stack,u08,sp1,0.677000825486,0.677000825486,0.0986258396263,0.145680530826,0.497461706612,0.85653994436
stack,u09,sp1,0.812691929491,0.812691929491,0.0959423693917,0.118055029108,0.638037817256,0.987346041725
stack,u10,sp1,0.525569843274,0.525569843274,0.195947774348,0.372829181232,0.168865242481,0.882274444067
stack,u11,sp1,0.846880122382,0.846880122382,0.360477380195,0.425653372499,0.190664758748,1
stack,u12,sp1,0.841135474684,0.841135474684,0.207877372854,0.247138991411,0.462714155308,1
stack,u13,sp1,0.726425793256,0.726425793256,0.226628430477,0.311977400281,0.313869926824,1
stack,u14,sp1,0.858436582358,0.858436582358,0.0657383032334,0.0765791027367,0.738766148286,0.97810701643
stack,u15,sp1,0.728780455418,0.728780455418,0.023732624897,0.0325648481933,0.68557743095,0.771983479886
stack,u16,sp1,0.744268965299,0.744268965299,0.177852911818,0.238963224466,0.420504369754,1
stack,u17,sp1,0.704293507056,0.704293507056,0.0456288934832,0.0647867586823,0.621230373072,0.78735664104
stack,u18,sp1,0.658846366521,0.658846366521,0.138567473268,0.210318338705,0.406597238408,0.911095494635
stack,u19,sp1,0.494338187466,0.494338187466,0.0974584063306,0.197149256929,0.316924271744,0.671752103187
stack,u20,sp1,0.776504658735,0.776504658735,0.0239992041535,0.0309067098098,0.732816351657,0.820192965812
stack,u21,sp1,0.392206434749,0.392206434749,0.1475696497,0.376255044857,0.123569686205,0.660843183293
stack,u22,sp1,0.379590369767,0.379590369767,0.247754659779,0.652689529323,0,0.830604561201
stack,u23,sp1,0.958846575436,0.958846575436,0.112118144118,0.116930223239,0.754745977854,1
stack,u24,sp1,0.686285550372,0.686285550372,0.247264634779,0.360294100095,0.236163403629,1
stack,u25,sp1,0.816629876672,0.816629876672,0.0262301260481,0.0321199686632,0.768880384891,0.864379368453
stack,u26,sp1,0.55752468807,0.55752468807,0.111631654653,0.200227285072,0.35430969907,0.76073967707
stack,u27,sp1,0.907255097288,0.907255097288,0.211635645396,0.23327027429,0.521992194173,1
stack,u28,sp1,0.813851717331,0.813851717331,0.0139462670453,0.0171361278085,0.788463842243,0.839239592419
stack,u29,sp1,0.894415854938,0.894415854938,0.0975326525426,0.109046202618,0.716866780929,1
stack,u30,sp1,0.840241957021,0.840241957021,0.21145674738,0.251661733401,0.455304721015,1
stack,u31,sp1,0.783120455161,0.783120455161,0.229388268244,0.292915689703,0.365540562137,1
stack,u32,sp1,0.664206174272,0.664206174272,0.220475187267,0.331937876833,0.262851711735,1
stack,u33,sp1,0.671454725049,0.671454725049,0.190785187739,0.284137084187,0.324148130442,1
stack,u34,sp1,0.898706321486,0.898706321486,0.0226330738522,0.0251840599216,0.857504926879,0.939907716092
stack,u35,sp1,0.708416538101,0.708416538101,0.0967944330631,0.136634914428,0.532211323626,0.884621752575
stack,u36,sp1,0.914897948402,0.914897948402,0.127112343413,0.138936089687,0.68350181306,1
stack,u37,sp1,0.880290137348,0.880290137348,0.0853202113248,0.0969228299908,0.724972670633,1
stack,u38,sp1,0.689016983564,0.689016983564,0.119410536353,0.173305650225,0.471641267806,0.906392699322
stack,u39,sp1,0.62126531651,0.62126531651,0.0330141085068,0.0531401120093,0.56116621901,0.68136441401
stack,u40,sp1,0.814229683404,0.814229683404,0.208476292297,0.25604113501,0.434718087184,1
stack,u01,sp2,0.204040254492,0.204040254492,0.0656237519348,0.321621594219,0.0845783503483,0.323502158637
stack,u02,sp2,0.205470536404,0.205470536404,0.227518677915,1.10730561129,0,0.619647015052
stack,u03,sp2,0.474442181428,0.474442181428,0.117881771492,0.248463935346,0.259849439149,0.689034923706
stack,u04,sp2,0.0950864148532,0.0950864148532,0.254729561068,2.67892696829,0,0.558797761886
stack,u05,sp2,0.104228343442,0.104228343442,0.115095063667,1.10425878284,0,0.313748144701
stack,u06,sp2,0.185044848997,0.185044848997,0.0498962829076,0.269644268285,0.0942133315946,0.275876366399
stack,u07,sp2,0.170383666413,0.170383666413,0.12581904511,0.738445461113,0,0.399425473127
stack,u08,sp2,0.847359889241,0.847359889241,0.261181910447,0.308230202731,0.371902643502,1
stack,u09,sp2,0.263904770246,0.263904770246,0.0454768655252,0.172323014407,0.181118388944,0.346691151548
stack,u10,sp2,0.249358993492,0.249358993492,0.0982588512069,0.394045748385,0.0704879427194,0.428230044264
stack,u11,sp2,0.792687566176,0.792687566176,0.0116488771133,0.014695420504,0.771481874638,0.813893257714
stack,u12,sp2,0.565040724307,0.565040724307,0.0546473333704,0.0967139730281,0.465560363792,0.664521084822
stack,u13,sp2,0.113596129488,0.113596129488,0.124341191938,1.09459004016,0,0.33994764269
stack,u14,sp2,0.0753697967198,0.0753697967198,0.0807664436539,1.07160224876,0,0.222397555197
stack,u15,sp2,0.0704258791638,0.0704258791638,0.0538574950959,0.764740117346,0,0.168468412955
stack,u16,sp2,0.219374796054,0.219374796054,0.0767182573316,0.349713179051,0.0797163822443,0.359033209864
stack,u17,sp2,0.163874222745,0.163874222745,0.0159318228869,0.0972198227402,0.134871828909,0.19287661658
stack,u18,sp2,0.364736137598,0.364736137598,0.149222158247,0.409123590632,0.0930911517639,0.636381123433
stack,u19,sp2,0.142065536688,0.142065536688,0.174772754679,1.23022626566,0,0.460222994177
stack,u20,sp2,0.130509028997,0.130509028997,0.0521943799465,0.399929264263,0.0354940408229,0.225524017171
stack,u21,sp2,0.384812596234,0.384812596234,0.0162988113063,0.0423551917632,0.355142134297,0.414483058171
stack,u22,sp2,0.406100495794,0.406100495794,0.164807498811,0.405829346475,0.106083854795,0.706117136794
stack,u23,sp2,0.784588471153,0.784588471153,0.0129315688143,0.01648197659,0.761047759314,0.808129182993
stack,u24,sp2,0.14474875943,0.14474875943,0.136962340875,0.946207355521,0,0.394075894112
stack,u25,sp2,0.0932462007962,0.0932462007962,0.0427580399516,0.458549941836,0.0154091872228,0.17108321437
stack,u26,sp2,0.0988159765005,0.0988159765005,0.236036486201,2.38864700385,0,0.528498328663
stack,u27,sp2,0.702169802066,0.702169802066,0.33155105599,0.472180738924,0.0986121068447,1
stack,u28,sp2,0.578432394703,0.578432394703,0.130647170212,0.225864200223,0.340601437702,0.816263351703
stack,u29,sp2,0.287199467649,0.287199467649,0.123852581152,0.431242377174,0.0617374246941,0.512661510604
stack,u30,sp2,0.559880919587,0.559880919587,0.0141336503424,0.0252440293068,0.534151930728,0.585609908446
stack,u31,sp2,0.493639945398,0.493639945398,0.114450182283,0.231849515724,0.285294090399,0.701985800397
stack,u32,sp2,0.433603694278,0.433603694278,0.0918984257101,0.211941057982,0.266311203381,0.600896185175
stack,u33,sp2,0.238157788159,0.238157788159,0.151478535986,0.636042756179,0,0.51391029868
stack,u34,sp2,0.0705529665553,0.0705529665553,0.0491686700298,0.696904360375,0,0.16005993275
stack,u35,sp2,0.103768790757,0.103768790757,0.0466259140447,0.4493250206,0.0188906740691,0.188646907445
stack,u36,sp2,0.800732972364,0.800732972364,0.0212132034356,0.0264922317024,0.762116319084,0.839349625644
stack,u37,sp2,0.902193218459,0.902193218459,0.17581149454,0.194871221534,0.582144832181,1
stack,u38,sp2,0.955699645436,0.955699645436,0.145892392415,0.152655065963,0.690116186945,1
stack,u39,sp2,0.29724821688,0.29724821688,0.131734700442,0.443180792889,0.0574375127884,0.537058920972
stack,u40,sp2,0.755495267483,0.755495267483,0.208031522132,0.275357809752,0.37679333376,1
stack,u01,sp3,0.410716728666,0.410716728666,0.17130156749,0.417079596554,0.0988782428757,0.722555214456
stack,u02,sp3,0.410617345376,0.410617345376,0.188924082691,0.46009766713,0.066698718484,0.754535972268
stack,u03,sp3,0.611223277926,0.611223277926,0.0805408765907,0.131769975882,0.464606143195,0.757840412657
stack,u04,sp3,0.825599236459,0.825599236459,0.075960945969,0.0920070448402,0.687319437172,0.963879035747
stack,u05,sp3,0.223334907858,0.223334907858,0.00564766186134,0.0252878599029,0.213053867533,0.233615948183
stack,u06,sp3,0.0898020049584,0.0898020049584,0.109734487159,1.22196032493,0,0.289563377934
stack,u07,sp3,0.431108706486,0.431108706486,0.163125291779,0.378385519302,0.134154366091,0.72806304688
stack,u08,sp3,0.132226038612,0.132226038612,0.444524799313,3.36185522896,0,0.941441869765
stack,u09,sp3,0.417726561052,0.417726561052,0.131987137563,0.315965394277,0.177456318785,0.657996803318
stack,u10,sp3,0.774801620146,0.774801620146,0.020229617903,0.0261094161099,0.737975492356,0.811627747935
stack,u11,sp3,0.480056580548,0.480056580548,0.329262151339,0.68588196617,0,1
stack,u12,sp3,0.29518350673,0.29518350673,0.0696747666842,0.236038820245,0.168347109031,0.422019904429
stack,u13,sp3,0.109583714276,0.109583714276,0.107675392212,0.982585714706,0,0.305596697439
stack,u14,sp3,0.903335239701,0.903335239701,0.109996116668,0.121766661848,0.703097594669,1
stack,u15,sp3,0.395454973437,0.395454973437,0.232630352836,0.588260025696,0,0.818936778304
stack,u16,sp3,0.0919661652801,0.0919661652801,0.243927090772,2.65235687526,0,0.536012625241
stack,u17,sp3,0.379159392819,0.379159392819,0.0524411602131,0.138309009895,0.283695164245,0.474623621393
stack,u18,sp3,0.084915643013,0.084915643013,0.122057944141,1.43740234202,0,0.3071107171
stack,u19,sp3,0.304679816281,0.304679816281,0.116075113666,0.380974083162,0.0933759256407,0.515983706922
stack,u20,sp3,0.839133107917,0.839133107917,0.0126013499475,0.0150171049487,0.816193528646,0.862072687187
stack,u21,sp3,0.0660567944637,0.0660567944637,0.131231240414,1.98664257748,0,0.304950996651
stack,u22,sp3,0.479958309918,0.479958309918,0.218828335574,0.455931965448,0.0816017868966,0.878314832939
stack,u23,sp3,0.151624503192,0.151624503192,0.332900922835,2.19556150771,0,0.757639504784
stack,u24,sp3,0.184534679389,0.184534679389,0.00584211622616,0.0316586359025,0.173899653076,0.195169705702
stack,u25,sp3,0.156289461363,0.156289461363,0.271240504409,1.73550092273,0,0.650057436865
stack,u26,sp3,0.115383093407,0.115383093407,0.287009692736,2.4874501477,0,0.637857401736
stack,u27,sp3,0.186551515061,0.186551515061,0.128235228982,0.687398485829,0,0.419991758583
stack,u28,sp3,0.229972620922,0.229972620922,0.0150281404206,0.0653475198931,0.202615296516,0.257329945327
stack,u29,sp3,0.811172808045,0.811172808045,0.0728871527911,0.0898540385825,0.678488561818,0.943857054272
stack,u30,sp3,0.320756503544,0.320756503544,0.222185678571,0.6926926691,0,0.725224755557
stack,u31,sp3,0.128082098524,0.128082098524,0.113622867349,0.887109663706,0,0.334921904045
stack,u32,sp3,0.671706702924,0.671706702924,0.482109646054,0.717738328284,0,1
stack,u33,sp3,0.610490556345,0.610490556345,0.0323579134139,0.053003135065,0.551586000653,0.669395112037
stack,u34,sp3,0.239703143082,0.239703143082,0.0296157533164,0.123551793838,0.185790433438,0.293615852727
stack,u35,sp3,0.541866548744,0.541866548744,0.345615409868,0.637823852882,0,1
stack,u36,sp3,0.536129515641,0.536129515641,0.141129321137,0.263237365262,0.279216783033,0.793042248249
stack,u37,sp3,0.144708366018,0.144708366018,0.00689429111657,0.0476426574791,0.132157953702,0.157258778334
stack,u38,sp3,0.704284785961,0.704284785961,0.107049602711,0.151997607849,0.509410994069,0.899158577852
stack,u39,sp3,0.133616961338,0.133616961338,0.0622996429564,0.466255498797,0.0202062867629,0.247027635913
stack,u40,sp3,0.182983849719,0.182983849719,0.0423861017847,0.231638485307,0.1058239148,0.260143784638
mean,u01,a1,0.2422652,0.2422652,0.257797798441,1.06411403058,0,0.488047266404
mean,u02,a1,0.3118202,0.3118202,0.188120063217,0.603296589563,0.132468249948,0.491172150052
mean,u03,a1,0.5071206,0.5071206,0.126339568476,0.249131209571,0.386669609354,0.627571590646
mean,u04,a1,0.831359,0.831359,0.113934403239,0.137045973207,0.722734980587,0.939983019413
mean,u05,a1,0.5948874,0.5948874,0.318259661111,0.534991430497,0.291461545964,0.898313254036
mean,u06,a1,0.5177034,0.5177034,0.266045437541,0.51389548058,0.26405810981,0.77134869019
mean,u07,a1,0.679946,0.679946,0.307696709477,0.452531097289,0.386590767573,0.973301232427
mean,u08,a1,0.3289836,0.3289836,0.205160342531,0.623618753429,0.13338560329,0.52458159671
mean,u09,a1,0.78171,0.78171,0.156185472782,0.19979976306,0.632804196791,0.930615803209
mean,u10,a1,0.5217308,0.5217308,0.20685733398,0.396482887305,0.324514907142,0.718946692858
mean,u11,a1,0.4707892,0.4707892,0.345959361786,0.734849826178,0.140954704338,0.800623695662
mean,u12,a1,0.4260394,0.4260394,0.210683324446,0.494516057544,0.225175842777,0.626902957223
mean,u13,a1,0.1912774,0.1912774,0.125832482419,0.657853371173,0.071309860569,0.311244939431
mean,u14,a1,0.305381,0.305381,0.284495565467,0.931608598659,0.0341455263613,0.576616473639
mean,u15,a1,0.5880766,0.5880766,0.178360669115,0.303294960411,0.418029167146,0.758124032854
mean,u16,a1,0.3118424,0.3118424,0.0747173168737,0.239599608243,0.240607592533,0.383077207467
mean,u17,a1,0.6876826,0.6876826,0.106628703482,0.155055113336,0.586023768007,0.789341431993
mean,u18,a1,0.7857874,0.7857874,0.164620297534,0.209497247645,0.628839911912,0.942734888088
mean,u19,a1,0.6558558,0.6558558,0.201569000409,0.307337375698,0.463681756068,0.848029843932
mean,u20,a1,0.4141742,0.4141742,0.201273764479,0.485964032717,0.222281631306,0.606066768694
mean,u21,a1,0.202551,0.202551,0.0984479428251,0.486040270476,0.108691630498,0.296410369502
mean,u22,a1,0.3169012,0.3169012,0.223078490158,0.703937031977,0.104220205,0.529582195
mean,u23,a1,0.2841248,0.2841248,0.165985011395,0.584197547679,0.125876206182,0.442373393818
mean,u24,a1,0.3952044,0.3952044,0.2581011822,0.653082764766,0.149133090292,0.641275709708
mean,u25,a1,0.6875952,0.6875952,0.23665550544,0.344178530392,0.461970002637,0.913220397363
mean,u26,a1,0.6354178,0.6354178,0.283734715022,0.446532525564,0.364907714226,0.905927885774
mean,u27,a1,0.6735246,0.6735246,0.111071037498,0.164910142106,0.567630487332,0.779418712668
mean,u28,a1,0.5070538,0.5070538,0.300484945996,0.592609592899,0.220574197006,0.793533402994
mean,u29,a1,0.2925818,0.2925818,0.308879460364,1.0557029192,0,0.58706465632
mean,u30,a1,0.2861198,0.2861198,0.093564576292,0.327011889048,0.196916187548,0.375323412452
mean,u31,a1,0.7919736,0.7919736,0.14163423424,0.178837065074,0.65694081471,0.92700638529
mean,u32,a1,0.6846264,0.6846264,0.300011389512,0.438211832777,0.398598281433,0.970654518567
mean,u33,a1,0.5988744,0.5988744,0.198617216676,0.331650871496,0.409514559717,0.788234240283
mean,u34,a1,0.491354,0.491354,0.326048192566,0.66357085231,0.180502631212,0.802205368788
mean,u35,a1,0.7231426,0.7231426,0.110187412631,0.152373007248,0.618090927209,0.828194272791
mean,u36,a1,0.7302322,0.7302322,0.200157137617,0.274100673207,0.539404213157,0.921060186843
mean,u37,a1,0.3365126,0.3365126,0.178486073851,0.530399378363,0.166345607416,0.506679592584
mean,u38,a1,0.6514206,0.6514206,0.253326688173,0.388883446691,0.409901249288,0.892939950712
mean,u39,a1,0.7258086,0.7258086,0.171922144719,0.236869809367,0.561899597498,0.889717602502
mean,u40,a1,0.122795,0.122795,0.111280156713,0.906227099741,0.0167015149821,0.228888485018
mean,u01,P9,0.2101852,0.2101852,0.0766158704395,0.364516009878,0.137140328904,0.283230071096
mean,u02,P9,0.5390836,0.5390836,0.245234809692,0.454910536496,0.305278972324,0.772888227676
mean,u03,P9,0.254733,0.254733,0.241312505062,0.947315444259,0.0246678617331,0.484798138267
mean,u04,P9,0.2491192,0.2491192,0.134251245993,0.53890364931,0.121125288272,0.377113111728
mean,u05,P9,0.248367,0.248367,0.0814317560722,0.327868662391,0.170730707528,0.326003292472
mean,u06,P9,0.2298614,0.2298614,0.197694696866,0.860060440185,0.0413810816789,0.418341718321
mean,u07,P9,0.422414,0.422414,0.164423498354,0.38924727484,0.265654138453,0.579173861547
mean,u08,P9,0.440355,0.440355,0.182827812501,0.41518277867,0.266048633443,0.614661366557
mean,u09,P9,0.4214814,0.4214814,0.298757478521,0.708827195034,0.136648748719,0.706314051281
mean,u10,P9,0.3776976,0.3776976,0.314366041402,0.832322051827,0.077983887431,0.677411312569
mean,u11,P9,0.1961726,0.1961726,0.162328267963,0.82747676262,0.0414103119709,0.350934888029
mean,u12,P9,0.4709602,0.4709602,0.33836918479,0.718466623697,0.148362109761,0.793558290239
mean,u13,P9,0.4129004,0.4129004,0.291203620576,0.705263595231,0.135269527889,0.690531272111
mean,u14,P9,0.2822894,0.2822894,0.323255134524,1.1451196344,0,0.590477892762
mean,u15,P9,0.4404274,0.4404274,0.288730829987,0.655569635283,0.165154063852,0.715700736148
mean,u16,P9,0.1464106,0.1464106,0.127083968809,0.867997049457,0.0252499048755,0.267571295125
mean,u17,P9,0.3669976,0.3669976,0.321117573556,0.874985486433,0.0608470383417,0.673148161658
mean,u18,P9,0.1913996,0.1913996,0.182058882469,0.951197821045,0.017826324313,0.364972875687
mean,u19,P9,0.3152052,0.3152052,0.0417095486633,0.13232506527,0.275439697264,0.354970702736
mean,u20,P9,0.4080576,0.4080576,0.272424223077,0.66761217798,0.148330833941,0.667784366059
mean,u21,P9,0.476234,0.476234,0.223655578576,0.46963379048,0.263002814174,0.689465185826
mean,u22,P9,0.2618848,0.2618848,0.220231660742,0.840948618408,0.0519179461634,0.471851653837
mean,u23,P9,0.2670356,0.2670356,0.171069872508,0.640625716225,0.10393914604,0.43013205396
mean,u24,P9,0.3248912,0.3248912,0.120803008531,0.371826040629,0.209718715037,0.440063684963
mean,u25,P9,0.4384992,0.4384992,0.252851860046,0.576630151311,0.197432546088,0.679565853912
mean,u26,P9,0.4144472,0.4144472,0.240237963463,0.579658792393,0.18540651988,0.64348788012
mean,u27,P9,0.2572992,0.2572992,0.211075890005,0.82035190939,0.0560613743592,0.458537025641
mean,u28,P9,0.6727446,0.6727446,0.200879253515,0.298596604886,0.481228154456,0.864261045544
mean,u29,P9,0.3096068,0.3096068,0.1224053996,0.395357594213,0.192906610027,0.426306989973
mean,u30,P9,0.3817454,0.3817454,0.115212017714,0.301803290136,0.271903314615,0.491587485385
mean,u31,P9,0.2953296,0.2953296,0.111546470403,0.377701626937,0.188982213942,0.401676986058
mean,u32,P9,0.3003162,0.3003162,0.0456003202313,0.151841026995,0.256841271188,0.343791128812
mean,u33,P9,0.2428518,0.2428518,0.0659272225769,0.271471006502,0.17999738815,0.30570621185
mean,u34,P9,0.5801248,0.5801248,0.335159930751,0.577737636368,0.26058638325,0.89966321675
mean,u35,P9,0.2796716,0.2796716,0.210287968593,0.751910342675,0.0791849714367,0.480158228563
mean,u36,P9,0.3995396,0.3995396,0.228512353209,0.571939185025,0.181678009598,0.617401190402
mean,u37,P9,0.5314874,0.5314874,0.33601466319,0.632215670946,0.211134089149,0.851840710851
mean,u38,P9,0.3792296,0.3792296,0.121881484616,0.32139232965,0.263028905787,0.495430294213
mean,u39,P9,0.1574178,0.1574178,0.0713052624404,0.452968231296,0.0894360140653,0.225399585935
mean,u40,P9,0.2492166,0.2492166,0.111150034381,0.445997715965,0.143247172425,0.355186027575
mean,u01,_x,0.1677368,0.1677368,0.0399546074965,0.238198221836,0.129644442144,0.205829157856
mean,u02,_x,0.4505268,0.4505268,0.143660348314,0.318871925741,0.313562336058,0.587491263942
mean,u03,_x,0.3896648,0.3896648,0.276877384348,0.710552722103,0.125692430659,0.653637169341
mean,u04,_x,0.4167374,0.4167374,0.274465316826,0.658604955605,0.155064673803,0.678410126197
mean,u05,_x,0.3588636,0.3588636,0.286770049015,0.7991059807,0.0854596545208,0.632267545479
mean,u06,_x,0.1765534,0.1765534,0.124541487013,0.705404070454,0.0578166837983,0.295290116202
mean,u07,_x,0.2399848,0.2399848,0.208379206305,0.868301685377,0.041317967968,0.438651632032
mean,u08,_x,0.283436,0.283436,0.213432290568,0.753017579163,0.0799516035847,0.486920396415
mean,u09,_x,0.2166474,0.2166474,0.230508948902,1.06398206903,0,0.436412526499
mean,u10,_x,0.4384802,0.4384802,0.162089861266,0.369662897586,0.283945206738,0.593015193262
mean,u11,_x,0.3487102,0.3487102,0.106274032017,0.304763187361,0.247389508543,0.450030891457
mean,u12,_x,0.2157968,0.2157968,0.154265164323,0.714863076391,0.0687218013354,0.362871798665
mean,u13,_x,0.3888856,0.3888856,0.234070633649,0.60190100546,0.165724795794,0.612046404206
mean,u14,_x,0.246663,0.246663,0.264676612937,1.07302924613,0,0.499003265316
mean,u15,_x,0.533717,0.533717,0.238406367661,0.446690601314,0.306422546588,0.761011453412
mean,u16,_x,0.4211788,0.4211788,0.184564975707,0.438210507525,0.24521623791,0.59714136209
mean,u17,_x,0.4936698,0.4936698,0.213660624842,0.432800679405,0.289967711774,0.697371888226
mean,u18,_x,0.2301842,0.2301842,0.235722468779,1.02406016042,0.00544855126848,0.454919848732
mean,u19,_x,0.2306208,0.2306208,0.178780854279,0.775215653917,0.060172766449,0.401068833551
mean,u20,_x,0.5070082,0.5070082,0.198524591334,0.391560908352,0.317736667873,0.696279732127
mean,u21,_x,0.3883308,0.3883308,0.117558252967,0.302727089809,0.276251835355,0.500409764645
mean,u22,_x,0.3897284,0.3897284,0.298905494797,0.766958463373,0.104754631353,0.674702168647
mean,u23,_x,0.4148506,0.4148506,0.156401316901,0.377006365426,0.265739012979,0.563962187021
mean,u24,_x,0.1994534,0.1994534,0.271442604811,1.36093245245,0,0.45824430017
mean,u25,_x,0.3552048,0.3552048,0.223307154353,0.628671556108,0.142305798645,0.568103801355
mean,u26,_x,0.3421484,0.3421484,0.316438145511,0.924856423443,0.0404591622995,0.6438376377
mean,u27,_x,0.3000758,0.3000758,0.115568051352,0.385129528444,0.189894275397,0.410257324603
mean,u28,_x,0.2311874,0.2311874,0.154345126046,0.667619109201,0.0840361665589,0.378338633441
mean,u29,_x,0.4928424,0.4928424,0.264107125919,0.535885560819,0.241045078406,0.744639721594
mean,u30,_x,0.2283414,0.2283414,0.160116510624,0.701215419647,0.0756877812167,0.380995018783
mean,u31,_x,0.2785314,0.2785314,0.0688814425647,0.24730225233,0.212860461797,0.344202338203
mean,u32,_x,0.1520234,0.1520234,0.0962036664702,0.632821437161,0.0603037030762,0.243743096924
mean,u33,_x,0.2602578,0.2602578,0.260892501451,1.00243874132,0.011525272013,0.508990327987
mean,u34,_x,0.2631524,0.2631524,0.292660066848,1.11213147533,0,0.542171834683
mean,u35,_x,0.4099616,0.4099616,0.16590797964,0.404691511693,0.251786447553,0.568136752447
mean,u36,_x,0.442137,0.442137,0.313027805348,0.707988260082,0.143699149462,0.740574850538
mean,u37,_x,0.2981666,0.2981666,0.181029100784,0.607140775608,0.125575108765,0.470758091235
mean,u38,_x,0.498408,0.498408,0.318320779073,0.638675099663,0.194923876657,0.801892123343
mean,u39,_x,0.1644832,0.1644832,0.0791315114648,0.481091755661,0.0890399397276,0.239926460272
mean,u40,_x,0.2225268,0.2225268,0.177425703199,0.797322853693,0.053370755111,0.391682844889
mean,u01,sp1,0.4918106,0.4918106,0.281149603568,0.571662350441,0.223765135875,0.759856064125
mean,u02,sp1,0.7217412,0.7217412,0.180664846465,0.250318045395,0.549496985507,0.893985414493
mean,u03,sp1,0.6838048,0.6838048,0.201913689228,0.295279719049,0.491302132895,0.876307467105
mean,u04,sp1,0.5524792,0.5524792,0.193874353233,0.350917017751,0.367641162404,0.737317237596
mean,u05,sp1,0.492207,0.492207,0.179140098503,0.363952764797,0.321416466287,0.662997533713
mean,u06,sp1,0.8003358,0.8003358,0.0837263535137,0.104614030153,0.720511859286,0.880159740714
mean,u07,sp1,0.6750988,0.6750988,0.18686439135,0.276795620656,0.496943996037,0.853253603963
mean,u08,sp1,0.6615446,0.6615446,0.0985642318227,0.148991060954,0.56757436163,0.75551483837
mean,u09,sp1,0.7689782,0.7689782,0.275238039163,0.357926972654,0.506568767385,1
mean,u10,sp1,0.7440052,0.7440052,0.156171143925,0.209905984427,0.595113057792,0.892897342208
mean,u11,sp1,0.5486674,0.5486674,0.313308474692,0.571035338881,0.249961961873,0.847372838127
mean,u12,sp1,0.682095,0.682095,0.305566157512,0.447981817066,0.390771016357,0.973418983643
mean,u13,sp1,0.5777562,0.5777562,0.136897551151,0.236946918356,0.447239325104,0.708273074896
mean,u14,sp1,0.699392,0.699392,0.154785465574,0.221314320973,0.551820950875,0.846963049125
mean,u15,sp1,0.6199088,0.6199088,0.119214046732,0.19230900857,0.506251216703,0.733566383297
mean,u16,sp1,0.6455336,0.6455336,0.248169079562,0.384440220559,0.40893146623,0.88213573377
mean,u17,sp1,0.810202,0.810202,0.120207138395,0.148366874427,0.695597612182,0.924806387818
mean,u18,sp1,0.5851832,0.5851832,0.171972013197,0.293877222035,0.421226653347,0.749139746653
mean,u19,sp1,0.6441178,0.6441178,0.318766485868,0.494888490689,0.340208743869,0.948026856131
mean,u20,sp1,0.4745042,0.4745042,0.278177742629,0.586249273724,0.209292080951,0.739716319049
mean,u21,sp1,0.7001544,0.7001544,0.233210935226,0.333085009857,0.477813224419,0.922495575581
mean,u22,sp1,0.4027282,0.4027282,0.277401835129,0.688806582528,0.138255824074,0.667200575926
mean,u23,sp1,0.775741,0.775741,0.141707681641,0.182673961594,0.640638190629,0.910843809371
mean,u24,sp1,0.668023,0.668023,0.210032389803,0.314408919758,0.46778003792,0.86826596208
mean,u25,sp1,0.7859974,0.7859974,0.160753303622,0.204521419055,0.632736668589,0.939258131411
mean,u26,sp1,0.6082786,0.6082786,0.12294460437,0.202118904677,0.491064337124,0.725492862876
mean,u27,sp1,0.7264714,0.7264714,0.198422255054,0.273131543863,0.537297434347,0.915645365653
mean,u28,sp1,0.79253,0.79253,0.0355003968851,0.04479375782,0.758684245857,0.826375754143
mean,u29,sp1,0.5727402,0.5727402,0.275021571352,0.480185555949,0.310537145819,0.834943254181
mean,u30,sp1,0.7235396,0.7235396,0.112475230864,0.155451382154,0.616306742202,0.830772457798
mean,u31,sp1,0.8265776,0.8265776,0.181099408008,0.219095470296,0.653919078501,0.999236121499
mean,u32,sp1,0.498914,0.498914,0.196812189732,0.394481192614,0.31127505592,0.68655294408
mean,u33,sp1,0.73191,0.73191,0.112529315318,0.153747476217,0.624625578577,0.839194421423
mean,u34,sp1,0.7010002,0.7010002,0.231674754018,0.330491708872,0.480123605551,0.921876794449
mean,u35,sp1,0.6502384,0.6502384,0.155671674526,0.239407076737,0.501822447354,0.798654352646
mean,u36,sp1,0.6063298,0.6063298,0.247275281617,0.407823071894,0.370579805028,0.842079794972
mean,u37,sp1,0.5334118,0.5334118,0.315397401098,0.591283134527,0.232714798517,0.834108801483
mean,u38,sp1,0.636622,0.636622,0.133742789914,0.210081948023,0.509112845653,0.764131154347
mean,u39,sp1,0.742748,0.742748,0.14787621562,0.199093387824,0.601764166675,0.883731833325
mean,u40,sp1,0.6654944,0.6654944,0.113976625555,0.171266092629,0.556830126217,0.774158673783
mean,u01,sp2,0.298247,0.298247,0.0662215845929,0.222036045938,0.235111946093,0.361382053907
mean,u02,sp2,0.404888,0.404888,0.166071735727,0.410167097388,0.246556723996,0.563219276004
mean,u03,sp2,0.2597054,0.2597054,0.156098307187,0.60105915082,0.110882699672,0.408528100328
mean,u04,sp2,0.2425916,0.2425916,0.214731683803,0.885157127464,0.0378683739425,0.447314826057
mean,u05,sp2,0.2940668,0.2940668,0.197502758862,0.671625490746,0.105769473618,0.482364126382
mean,u06,sp2,0.297479,0.297479,0.218321172606,0.733904486051,0.0893335881028,0.505624411897
mean,u07,sp2,0.4505116,0.4505116,0.233737571759,0.518826977505,0.227668333958,0.673354866042
mean,u08,sp2,0.7043228,0.7043228,0.211517810844,0.300313735185,0.502663651067,0.905981948933
mean,u09,sp2,0.2587654,0.2587654,0.0626568942839,0.242137837145,0.199028889275,0.318501910725
mean,u10,sp2,0.2808084,0.2808084,0.099386844468,0.353931166119,0.186053890247,0.375562909753
mean,u11,sp2,0.566154,0.566154,0.224862238094,0.397175040879,0.35177239601,0.78053560399
mean,u12,sp2,0.4258034,0.4258034,0.182475158854,0.42854321702,0.251833250209,0.599773549791
mean,u13,sp2,0.3522162,0.3522162,0.175833007033,0.499218965604,0.184578617089,0.519853782911
mean,u14,sp2,0.3366374,0.3366374,0.207354787559,0.615958855313,0.138947239443,0.534327560557
mean,u15,sp2,0.1776486,0.1776486,0.0957723253388,0.539111061606,0.0863401397712,0.268957060229
mean,u16,sp2,0.2569484,0.2569484,0.238574482529,0.928491800411,0.0294936674087,0.484403132591
mean,u17,sp2,0.4100998,0.4100998,0.311139253603,0.758691551674,0.113462477446,0.706737122554
mean,u18,sp2,0.4093202,0.4093202,0.135392550625,0.330774172945,0.28023817886,0.53840222114
mean,u19,sp2,0.1739076,0.1739076,0.125404337542,0.721097511218,0.0543482499847,0.293466950015
mean,u20,sp2,0.3992504,0.3992504,0.261140097447,0.654075982009,0.150281816251,0.648218983749
mean,u21,sp2,0.490227,0.490227,0.128340934506,0.261798992113,0.36786792526,0.61258607474
mean,u22,sp2,0.3114518,0.3114518,0.0905773272028,0.290822936977,0.225096203545,0.397807396455
mean,u23,sp2,0.5412024,0.5412024,0.221715404256,0.409671879237,0.329820958649,0.752583841351
mean,u24,sp2,0.2392886,0.2392886,0.231411426603,0.967080866379,0.0186630595038,0.459914140496
mean,u25,sp2,0.3190674,0.3190674,0.238759320359,0.748303713758,0.0914364447094,0.546698355291
mean,u26,sp2,0.19385,0.19385,0.12948338705,0.667956600723,0.0704017214399,0.31729827856
mean,u27,sp2,0.4541648,0.4541648,0.193158674613,0.425305251778,0.270009083864,0.638320516136
mean,u28,sp2,0.7261858,0.7261858,0.122442080927,0.168609852915,0.609450638385,0.842920961615
mean,u29,sp2,0.3921228,0.3921228,0.282090073525,0.719392173892,0.123180700408,0.661064899592
mean,u30,sp2,0.3299492,0.3299492,0.20459919104,0.620093005347,0.134886199996,0.525012200004
mean,u31,sp2,0.4955474,0.4955474,0.0817153473975,0.164899154748,0.417640734149,0.573454065851
mean,u32,sp2,0.3133184,0.3133184,0.22347401504,0.713248934759,0.10026031519,0.52637648481
mean,u33,sp2,0.1676122,0.1676122,0.123514252751,0.736904907586,0.0498548395607,0.285369560439
mean,u34,sp2,0.1887626,0.1887626,0.251261873678,1.33109987719,0,0.428313375431
mean,u35,sp2,0.2499642,0.2499642,0.224645115774,0.898709158248,0.0357895984467,0.464138801553
mean,u36,sp2,0.7126734,0.7126734,0.0833784343718,0.116993891412,0.633181162218,0.792165637782
mean,u37,sp2,0.7455688,0.7455688,0.120280402594,0.161327033259,0.630894562764,0.860243037236
mean,u38,sp2,0.750979,0.750979,0.23896827091,0.318208992408,0.523148833163,0.978809166837
mean,u39,sp2,0.3774526,0.3774526,0.183392425845,0.48586875768,0.202607936238,0.552297263762
mean,u40,sp2,0.7983488,0.7983488,0.169711068619,0.212577595931,0.636547817257,0.960149782743
mean,u01,sp3,0.6619982,0.6619982,0.179354497048,0.270928979939,0.491003260673,0.832993139327
mean,u02,sp3,0.3891138,0.3891138,0.160477668492,0.412418342635,0.236115856603,0.542111743397
mean,u03,sp3,0.687698,0.687698,0.0705728301969,0.102621834289,0.620414508277,0.754981491723
mean,u04,sp3,0.613446,0.613446,0.244002219107,0.3977566389,0.38081651293,0.84607548707
mean,u05,sp3,0.2351128,0.2351128,0.0254420846178,0.108212247984,0.210856548904,0.259369051096
mean,u06,sp3,0.219197,0.219197,0.22808032461,1.04052667057,0.00174730171896,0.436646698281
mean,u07,sp3,0.5039324,0.5039324,0.178483293938,0.35418102495,0.333768057761,0.674096742239
mean,u08,sp3,0.4500882,0.4500882,0.304683672672,0.6769421475,0.159605569343,0.740570830657
mean,u09,sp3,0.3848282,0.3848282,0.12606838582,0.327596537415,0.264635752422,0.505020647578
mean,u10,sp3,0.5426028,0.5426028,0.204779280603,0.377401813265,0.347368104252,0.737837495748
mean,u11,sp3,0.3844396,0.3844396,0.193988171446,0.504599868082,0.19949304916,0.56938615084
mean,u12,sp3,0.2737868,0.2737868,0.206632142363,0.754719155063,0.0767856027726,0.470787997227
mean,u13,sp3,0.2330078,0.2330078,0.0895504308041,0.38432374712,0.147631237192,0.318384362808
mean,u14,sp3,0.7373362,0.7373362,0.16553942381,0.224510099748,0.579512425316,0.895159974684
mean,u15,sp3,0.3764498,0.3764498,0.207630863764,0.55154993777,0.178496430912,0.574403169088
mean,u16,sp3,0.425376,0.425376,0.24805855116,0.583151261848,0.188879243,0.661872757
mean,u17,sp3,0.392443,0.392443,0.157742777565,0.401950799391,0.242052476634,0.542833523366
mean,u18,sp3,0.3158474,0.3158474,0.187772368313,0.594503447908,0.136826939094,0.494867860906
mean,u19,sp3,0.3282212,0.3282212,0.0945567942704,0.288088625203,0.23807161599,0.41837078401
mean,u20,sp3,0.7354896,0.7354896,0.109725859155,0.149187506057,0.630877968077,0.840101231923
mean,u21,sp3,0.1926344,0.1926344,0.0877670019415,0.455614375945,0.10895814198,0.27631065802
mean,u22,sp3,0.356957,0.356957,0.181771374744,0.509224849896,0.183657831551,0.530256168449
mean,u23,sp3,0.4931154,0.4931154,0.271526509988,0.550634820953,0.234244505401,0.751986294599
mean,u24,sp3,0.279438,0.279438,0.0925740856315,0.33128667408,0.191178712297,0.367697287703
mean,u25,sp3,0.162624,0.162624,0.176383116644,1.08460692545,0,0.33078605239
mean,u26,sp3,0.4277806,0.4277806,0.214801553905,0.502130189879,0.222990760426,0.632570439574
mean,u27,sp3,0.4001744,0.4001744,0.219442946303,0.54836827719,0.190959499305,0.609389300695
mean,u28,sp3,0.3543874,0.3543874,0.130259878734,0.367563515898,0.230198821361,0.478575978639
mean,u29,sp3,0.675908,0.675908,0.218299044345,0.322971535098,0.467783684984,0.884032315016
mean,u30,sp3,0.268385,0.268385,0.123299761839,0.459413759483,0.150832133238,0.385937866762
mean,u31,sp3,0.2907268,0.2907268,0.251643151244,0.86556571752,0.0508125180195,0.53064108198
mean,u32,sp3,0.5005892,0.5005892,0.275066757297,0.549486000291,0.238343065952,0.762835334048
mean,u33,sp3,0.6623162,0.6623162,0.161998626186,0.244594086912,0.50786818943,0.81676421057
mean,u34,sp3,0.2962082,0.2962082,0.110279162661,0.372302868931,0.191069053568,0.401347346432
mean,u35,sp3,0.2860434,0.2860434,0.227107896405,0.793963071354,0.0695208058878,0.502565994112
mean,u36,sp3,0.4714474,0.4714474,0.116964198703,0.248095967235,0.359934801264,0.582959998736
mean,u37,sp3,0.2960708,0.2960708,0.15481994126,0.522915266415,0.148466882071,0.443674717929
mean,u38,sp3,0.6724398,0.6724398,0.205586403632,0.305732057549,0.476435600528,0.868443999472
mean,u39,sp3,0.2607096,0.2607096,0.1475495468,0.565953638837,0.120037209744,0.401381990256
mean,u40,sp3,0.3021864,0.3021864,0.211613651455,0.700275232292,0.100435877504,0.503936922496
median,u01,a1,0.113088,0.2422652,0.257797798441,1.06411403058,0,0.488047266404
median,u02,a1,0.393613,0.3118202,0.188120063217,0.603296589563,0.132468249948,0.491172150052
median,u03,a1,0.540137,0.5071206,0.126339568476,0.249131209571,0.386669609354,0.627571590646
median,u04,a1,0.827955,0.831359,0.113934403239,0.137045973207,0.722734980587,0.939983019413
median,u05,a1,0.77874,0.5948874,0.318259661111,0.534991430497,0.291461545964,0.898313254036
median,u06,a1,0.658319,0.5177034,0.266045437541,0.51389548058,0.26405810981,0.77134869019
median,u07,a1,0.877885,0.679946,0.307696709477,0.452531097289,0.386590767573,0.973301232427
median,u08,a1,0.218705,0.3289836,0.205160342531,0.623618753429,0.13338560329,0.52458159671
median,u09,a1,0.801588,0.78171,0.156185472782,0.19979976306,0.632804196791,0.930615803209
median,u10,a1,0.59336,0.5217308,0.20685733398,0.396482887305,0.324514907142,0.718946692858
median,u11,a1,0.689962,0.4707892,0.345959361786,0.734849826178,0.140954704338,0.800623695662
median,u12,a1,0.46546,0.4260394,0.210683324446,0.494516057544,0.225175842777,0.626902957223
median,u13,a1,0.136944,0.1912774,0.125832482419,0.657853371173,0.071309860569,0.311244939431
median,u14,a1,0.278825,0.305381,0.284495565467,0.931608598659,0.0341455263613,0.576616473639
median,u15,a1,0.711881,0.5880766,0.178360669115,0.303294960411,0.418029167146,0.758124032854
median,u16,a1,0.260518,0.3118424,0.0747173168737,0.239599608243,0.240607592533,0.383077207467
median,u17,a1,0.685676,0.6876826,0.106628703482,0.155055113336,0.586023768007,0.789341431993
median,u18,a1,0.819219,0.7857874,0.164620297534,0.209497247645,0.628839911912,0.942734888088
median,u19,a1,0.543231,0.6558558,0.201569000409,0.307337375698,0.463681756068,0.848029843932
median,u20,a1,0.425554,0.4141742,0.201273764479,0.485964032717,0.222281631306,0.606066768694
median,u21,a1,0.173647,0.202551,0.0984479428251,0.486040270476,0.108691630498,0.296410369502
median,u22,a1,0.184526,0.3169012,0.223078490158,0.703937031977,0.104220205,0.529582195
median,u23,a1,0.254112,0.2841248,0.165985011395,0.584197547679,0.125876206182,0.442373393818
median,u24,a1,0.442432,0.3952044,0.2581011822,0.653082764766,0.149133090292,0.641275709708
median,u25,a1,0.761413,0.6875952,0.23665550544,0.344178530392,0.461970002637,0.913220397363
median,u26,a1,0.636113,0.6354178,0.283734715022,0.446532525564,0.364907714226,0.905927885774
median,u27,a1,0.654199,0.6735246,0.111071037498,0.164910142106,0.567630487332,0.779418712668
median,u28,a1,0.7117,0.5070538,0.300484945996,0.592609592899,0.220574197006,0.793533402994
median,u29,a1,0.208825,0.2925818,0.308879460364,1.0557029192,0,0.58706465632
median,u30,a1,0.323429,0.2861198,0.093564576292,0.327011889048,0.196916187548,0.375323412452
median,u31,a1,0.81046,0.7919736,0.14163423424,0.178837065074,0.65694081471,0.92700638529
median,u32,a1,0.742758,0.6846264,0.300011389512,0.438211832777,0.398598281433,0.970654518567
median,u33,a1,0.528347,0.5988744,0.198617216676,0.331650871496,0.409514559717,0.788234240283
median,u34,a1,0.462524,0.491354,0.326048192566,0.66357085231,0.180502631212,0.802205368788
median,u35,a1,0.719956,0.7231426,0.110187412631,0.152373007248,0.618090927209,0.828194272791
median,u36,a1,0.748511,0.7302322,0.200157137617,0.274100673207,0.539404213157,0.921060186843
median,u37,a1,0.340908,0.3365126,0.178486073851,0.530399378363,0.166345607416,0.506679592584
median,u38,a1,0.749205,0.6514206,0.253326688173,0.388883446691,0.409901249288,0.892939950712
median,u39,a1,0.61828,0.7258086,0.171922144719,0.236869809367,0.561899597498,0.889717602502
median,u40,a1,0.096329,0.122795,0.111280156713,0.906227099741,0.0167015149821,0.228888485018
median,u01,P9,0.20627,0.2101852,0.0766158704395,0.364516009878,0.137140328904,0.283230071096
median,u02,P9,0.463758,0.5390836,0.245234809692,0.454910536496,0.305278972324,0.772888227676
median,u03,P9,0.09364,0.254733,0.241312505062,0.947315444259,0.0246678617331,0.484798138267
median,u04,P9,0.31193,0.2491192,0.134251245993,0.53890364931,0.121125288272,0.377113111728
median,u05,P9,0.28504,0.248367,0.0814317560722,0.327868662391,0.170730707528,0.326003292472
median,u06,P9,0.284341,0.2298614,0.197694696866,0.860060440185,0.0413810816789,0.418341718321
median,u07,P9,0.514845,0.422414,0.164423498354,0.38924727484,0.265654138453,0.579173861547
median,u08,P9,0.475108,0.440355,0.182827812501,0.41518277867,0.266048633443,0.614661366557
median,u09,P9,0.51483,0.4214814,0.298757478521,0.708827195034,0.136648748719,0.706314051281
median,u10,P9,0.294454,0.3776976,0.314366041402,0.832322051827,0.077983887431,0.677411312569
median,u11,P9,0.141348,0.1961726,0.162328267963,0.82747676262,0.0414103119709,0.350934888029
median,u12,P9,0.669372,0.4709602,0.33836918479,0.718466623697,0.148362109761,0.793558290239
median,u13,P9,0.345112,0.4129004,0.291203620576,0.705263595231,0.135269527889,0.690531272111
median,u14,P9,0.171998,0.2822894,0.323255134524,1.1451196344,0,0.590477892762
median,u15,P9,0.457655,0.4404274,0.288730829987,0.655569635283,0.165154063852,0.715700736148
median,u16,P9,0.116698,0.1464106,0.127083968809,0.867997049457,0.0252499048755,0.267571295125
median,u17,P9,0.405098,0.3669976,0.321117573556,0.874985486433,0.0608470383417,0.673148161658
median,u18,P9,0.099671,0.1913996,0.182058882469,0.951197821045,0.017826324313,0.364972875687
median,u19,P9,0.31282,0.3152052,0.0417095486633,0.13232506527,0.275439697264,0.354970702736
median,u20,P9,0.336302,0.4080576,0.272424223077,0.66761217798,0.148330833941,0.667784366059
median,u21,P9,0.490036,0.476234,0.223655578576,0.46963379048,0.263002814174,0.689465185826
median,u22,P9,0.146642,0.2618848,0.220231660742,0.840948618408,0.0519179461634,0.471851653837
median,u23,P9,0.292163,0.2670356,0.171069872508,0.640625716225,0.10393914604,0.43013205396
median,u24,P9,0.33908,0.3248912,0.120803008531,0.371826040629,0.209718715037,0.440063684963
median,u25,P9,0.587035,0.4384992,0.252851860046,0.576630151311,0.197432546088,0.679565853912
median,u26,P9,0.278216,0.4144472,0.240237963463,0.579658792393,0.18540651988,0.64348788012
median,u27,P9,0.184056,0.2572992,0.211075890005,0.82035190939,0.0560613743592,0.458537025641
median,u28,P9,0.811541,0.6727446,0.200879253515,0.298596604886,0.481228154456,0.864261045544
median,u29,P9,0.392622,0.3096068,0.1224053996,0.395357594213,0.192906610027,0.426306989973
median,u30,P9,0.357802,0.3817454,0.115212017714,0.301803290136,0.271903314615,0.491587485385
median,u31,P9,0.351956,0.2953296,0.111546470403,0.377701626937,0.188982213942,0.401676986058
median,u32,P9,0.310401,0.3003162,0.0456003202313,0.151841026995,0.256841271188,0.343791128812
median,u33,P9,0.234205,0.2428518,0.0659272225769,0.271471006502,0.17999738815,0.30570621185
median,u34,P9,0.65789,0.5801248,0.335159930751,0.577737636368,0.26058638325,0.89966321675
median,u35,P9,0.251698,0.2796716,0.210287968593,0.751910342675,0.0791849714367,0.480158228563
median,u36,P9,0.49029,0.3995396,0.228512353209,0.571939185025,0.181678009598,0.617401190402
median,u37,P9,0.731578,0.5314874,0.33601466319,0.632215670946,0.211134089149,0.851840710851
median,u38,P9,0.35805,0.3792296,0.121881484616,0.32139232965,0.263028905787,0.495430294213
median,u39,P9,0.154007,0.1574178,0.0713052624404,0.452968231296,0.0894360140653,0.225399585935
median,u40,P9,0.257704,0.2492166,0.111150034381,0.445997715965,0.143247172425,0.355186027575
median,u01,_x,0.152591,0.1677368,0.0399546074965,0.238198221836,0.129644442144,0.205829157856
median,u02,_x,0.414096,0.4505268,0.143660348314,0.318871925741,0.313562336058,0.587491263942
median,u03,_x,0.514446,0.3896648,0.276877384348,0.710552722103,0.125692430659,0.653637169341
median,u04,_x,0.372742,0.4167374,0.274465316826,0.658604955605,0.155064673803,0.678410126197
median,u05,_x,0.264591,0.3588636,0.286770049015,0.7991059807,0.0854596545208,0.632267545479
median,u06,_x,0.163977,0.1765534,0.124541487013,0.705404070454,0.0578166837983,0.295290116202
median,u07,_x,0.164736,0.2399848,0.208379206305,0.868301685377,0.041317967968,0.438651632032
median,u08,_x,0.397315,0.283436,0.213432290568,0.753017579163,0.0799516035847,0.486920396415
median,u09,_x,0.07243,0.2166474,0.230508948902,1.06398206903,0,0.436412526499
median,u10,_x,0.476205,0.4384802,0.162089861266,0.369662897586,0.283945206738,0.593015193262
median,u11,_x,0.38941,0.3487102,0.106274032017,0.304763187361,0.247389508543,0.450030891457
median,u12,_x,0.255,0.2157968,0.154265164323,0.714863076391,0.0687218013354,0.362871798665
median,u13,_x,0.40809,0.3888856,0.234070633649,0.60190100546,0.165724795794,0.612046404206
median,u14,_x,0.158966,0.246663,0.264676612937,1.07302924613,0,0.499003265316
median,u15,_x,0.400792,0.533717,0.238406367661,0.446690601314,0.306422546588,0.761011453412
median,u16,_x,0.304224,0.4211788,0.184564975707,0.438210507525,0.24521623791,0.59714136209
median,u17,_x,0.64295,0.4936698,0.213660624842,0.432800679405,0.289967711774,0.697371888226
median,u18,_x,0.088264,0.2301842,0.235722468779,1.02406016042,0.00544855126848,0.454919848732
median,u19,_x,0.221669,0.2306208,0.178780854279,0.775215653917,0.060172766449,0.401068833551
median,u20,_x,0.562666,0.5070082,0.198524591334,0.391560908352,0.317736667873,0.696279732127
median,u21,_x,0.455542,0.3883308,0.117558252967,0.302727089809,0.276251835355,0.500409764645
median,u22,_x,0.267087,0.3897284,0.298905494797,0.766958463373,0.104754631353,0.674702168647
median,u23,_x,0.472168,0.4148506,0.156401316901,0.377006365426,0.265739012979,0.563962187021
median,u24,_x,0.082411,0.1994534,0.271442604811,1.36093245245,0,0.45824430017
median,u25,_x,0.290663,0.3552048,0.223307154353,0.628671556108,0.142305798645,0.568103801355
median,u26,_x,0.231742,0.3421484,0.316438145511,0.924856423443,0.0404591622995,0.6438376377
median,u27,_x,0.300567,0.3000758,0.115568051352,0.385129528444,0.189894275397,0.410257324603
median,u28,_x,0.180578,0.2311874,0.154345126046,0.667619109201,0.0840361665589,0.378338633441
median,u29,_x,0.643916,0.4928424,0.264107125919,0.535885560819,0.241045078406,0.744639721594
median,u30,_x,0.222985,0.2283414,0.160116510624,0.701215419647,0.0756877812167,0.380995018783
median,u31,_x,0.247272,0.2785314,0.0688814425647,0.24730225233,0.212860461797,0.344202338203
median,u32,_x,0.172048,0.1520234,0.0962036664702,0.632821437161,0.0603037030762,0.243743096924
median,u33,_x,0.179879,0.2602578,0.260892501451,1.00243874132,0.011525272013,0.508990327987
median,u34,_x,0.201109,0.2631524,0.292660066848,1.11213147533,0,0.542171834683
median,u35,_x,0.316404,0.4099616,0.16590797964,0.404691511693,0.251786447553,0.568136752447
median,u36,_x,0.347654,0.442137,0.313027805348,0.707988260082,0.143699149462,0.740574850538
median,u37,_x,0.379344,0.2981666,0.181029100784,0.607140775608,0.125575108765,0.470758091235
median,u38,_x,0.646252,0.498408,0.318320779073,0.638675099663,0.194923876657,0.801892123343
median,u39,_x,0.112344,0.1644832,0.0791315114648,0.481091755661,0.0890399397276,0.239926460272
median,u40,_x,0.168893,0.2225268,0.177425703199,0.797322853693,0.053370755111,0.391682844889
median,u01,sp1,0.490251,0.4918106,0.281149603568,0.571662350441,0.223765135875,0.759856064125
median,u02,sp1,0.816987,0.7217412,0.180664846465,0.250318045395,0.549496985507,0.893985414493
median,u03,sp1,0.628372,0.6838048,0.201913689228,0.295279719049,0.491302132895,0.876307467105
median,u04,sp1,0.677891,0.5524792,0.193874353233,0.350917017751,0.367641162404,0.737317237596
median,u05,sp1,0.469164,0.492207,0.179140098503,0.363952764797,0.321416466287,0.662997533713
median,u06,sp1,0.767791,0.8003358,0.0837263535137,0.104614030153,0.720511859286,0.880159740714
median,u07,sp1,0.708054,0.6750988,0.18686439135,0.276795620656,0.496943996037,0.853253603963
median,u08,sp1,0.654475,0.6615446,0.0985642318227,0.148991060954,0.56757436163,0.75551483837
median,u09,sp1,0.92018,0.7689782,0.275238039163,0.357926972654,0.506568767385,1
median,u10,sp1,0.757928,0.7440052,0.156171143925,0.209905984427,0.595113057792,0.892897342208
median,u11,sp1,0.65202,0.5486674,0.313308474692,0.571035338881,0.249961961873,0.847372838127
median,u12,sp1,0.872793,0.682095,0.305566157512,0.447981817066,0.390771016357,0.973418983643
median,u13,sp1,0.606078,0.5777562,0.136897551151,0.236946918356,0.447239325104,0.708273074896
median,u14,sp1,0.693147,0.699392,0.154785465574,0.221314320973,0.551820950875,0.846963049125
median,u15,sp1,0.613231,0.6199088,0.119214046732,0.19230900857,0.506251216703,0.733566383297
median,u16,sp1,0.78489,0.6455336,0.248169079562,0.384440220559,0.40893146623,0.88213573377
median,u17,sp1,0.865755,0.810202,0.120207138395,0.148366874427,0.695597612182,0.924806387818
median,u18,sp1,0.627198,0.5851832,0.171972013197,0.293877222035,0.421226653347,0.749139746653
median,u19,sp1,0.609906,0.6441178,0.318766485868,0.494888490689,0.340208743869,0.948026856131
median,u20,sp1,0.348692,0.4745042,0.278177742629,0.586249273724,0.209292080951,0.739716319049
median,u21,sp1,0.821705,0.7001544,0.233210935226,0.333085009857,0.477813224419,0.922495575581
median,u22,sp1,0.323004,0.4027282,0.277401835129,0.688806582528,0.138255824074,0.667200575926
median,u23,sp1,0.77856,0.775741,0.141707681641,0.182673961594,0.640638190629,0.910843809371
median,u24,sp1,0.74276,0.668023,0.210032389803,0.314408919758,0.46778003792,0.86826596208
median,u25,sp1,0.847734,0.7859974,0.160753303622,0.204521419055,0.632736668589,0.939258131411
median,u26,sp1,0.63337,0.6082786,0.12294460437,0.202118904677,0.491064337124,0.725492862876
median,u27,sp1,0.797078,0.7264714,0.198422255054,0.273131543863,0.537297434347,0.915645365653
median,u28,sp1,0.797314,0.79253,0.0355003968851,0.04479375782,0.758684245857,0.826375754143
median,u29,sp1,0.554699,0.5727402,0.275021571352,0.480185555949,0.310537145819,0.834943254181
median,u30,sp1,0.684095,0.7235396,0.112475230864,0.155451382154,0.616306742202,0.830772457798
median,u31,sp1,0.9221,0.8265776,0.181099408008,0.219095470296,0.653919078501,0.999236121499
median,u32,sp1,0.584535,0.498914,0.196812189732,0.394481192614,0.31127505592,0.68655294408
median,u33,sp1,0.754289,0.73191,0.112529315318,0.153747476217,0.624625578577,0.839194421423
median,u34,sp1,0.669379,0.7010002,0.231674754018,0.330491708872,0.480123605551,0.921876794449
median,u35,sp1,0.672897,0.6502384,0.155671674526,0.239407076737,0.501822447354,0.798654352646
median,u36,sp1,0.504265,0.6063298,0.247275281617,0.407823071894,0.370579805028,0.842079794972
median,u37,sp1,0.558054,0.5334118,0.315397401098,0.591283134527,0.232714798517,0.834108801483
median,u38,sp1,0.661744,0.636622,0.133742789914,0.210081948023,0.509112845653,0.764131154347
median,u39,sp1,0.660414,0.742748,0.14787621562,0.199093387824,0.601764166675,0.883731833325
median,u40,sp1,0.623579,0.6654944,0.113976625555,0.171266092629,0.556830126217,0.774158673783
median,u01,sp2,0.336194,0.298247,0.0662215845929,0.222036045938,0.235111946093,0.361382053907
median,u02,sp2,0.393051,0.404888,0.166071735727,0.410167097388,0.246556723996,0.563219276004
median,u03,sp2,0.156586,0.2597054,0.156098307187,0.60105915082,0.110882699672,0.408528100328
median,u04,sp2,0.119769,0.2425916,0.214731683803,0.885157127464,0.0378683739425,0.447314826057
median,u05,sp2,0.266801,0.2940668,0.197502758862,0.671625490746,0.105769473618,0.482364126382
median,u06,sp2,0.196441,0.297479,0.218321172606,0.733904486051,0.0893335881028,0.505624411897
median,u07,sp2,0.513923,0.4505116,0.233737571759,0.518826977505,0.227668333958,0.673354866042
median,u08,sp2,0.827511,0.7043228,0.211517810844,0.300313735185,0.502663651067,0.905981948933
median,u09,sp2,0.253518,0.2587654,0.0626568942839,0.242137837145,0.199028889275,0.318501910725
median,u10,sp2,0.293716,0.2808084,0.099386844468,0.353931166119,0.186053890247,0.375562909753
median,u11,sp2,0.472696,0.566154,0.224862238094,0.397175040879,0.35177239601,0.78053560399
median,u12,sp2,0.471236,0.4258034,0.182475158854,0.42854321702,0.251833250209,0.599773549791
median,u13,sp2,0.456954,0.3522162,0.175833007033,0.499218965604,0.184578617089,0.519853782911
median,u14,sp2,0.471236,0.3366374,0.207354787559,0.615958855313,0.138947239443,0.534327560557
median,u15,sp2,0.187821,0.1776486,0.0957723253388,0.539111061606,0.0863401397712,0.268957060229
median,u16,sp2,0.128401,0.2569484,0.238574482529,0.928491800411,0.0294936674087,0.484403132591
median,u17,sp2,0.409937,0.4100998,0.311139253603,0.758691551674,0.113462477446,0.706737122554
median,u18,sp2,0.422427,0.4093202,0.135392550625,0.330774172945,0.28023817886,0.53840222114
median,u19,sp2,0.102148,0.1739076,0.125404337542,0.721097511218,0.0543482499847,0.293466950015
median,u20,sp2,0.452212,0.3992504,0.261140097447,0.654075982009,0.150281816251,0.648218983749
median,u21,sp2,0.48018,0.490227,0.128340934506,0.261798992113,0.36786792526,0.61258607474
median,u22,sp2,0.272582,0.3114518,0.0905773272028,0.290822936977,0.225096203545,0.397807396455
median,u23,sp2,0.421639,0.5412024,0.221715404256,0.409671879237,0.329820958649,0.752583841351
median,u24,sp2,0.113467,0.2392886,0.231411426603,0.967080866379,0.0186630595038,0.459914140496
median,u25,sp2,0.420015,0.3190674,0.238759320359,0.748303713758,0.0914364447094,0.546698355291
median,u26,sp2,0.140494,0.19385,0.12948338705,0.667956600723,0.0704017214399,0.31729827856
median,u27,sp2,0.348559,0.4541648,0.193158674613,0.425305251778,0.270009083864,0.638320516136
median,u28,sp2,0.733356,0.7261858,0.122442080927,0.168609852915,0.609450638385,0.842920961615
median,u29,sp2,0.315487,0.3921228,0.282090073525,0.719392173892,0.123180700408,0.661064899592
median,u30,sp2,0.20985,0.3299492,0.20459919104,0.620093005347,0.134886199996,0.525012200004
median,u31,sp2,0.511375,0.4955474,0.0817153473975,0.164899154748,0.417640734149,0.573454065851
median,u32,sp2,0.324629,0.3133184,0.22347401504,0.713248934759,0.10026031519,0.52637648481
median,u33,sp2,0.089275,0.1676122,0.123514252751,0.736904907586,0.0498548395607,0.285369560439
median,u34,sp2,0.060289,0.1887626,0.251261873678,1.33109987719,0,0.428313375431
median,u35,sp2,0.230002,0.2499642,0.224645115774,0.898709158248,0.0357895984467,0.464138801553
median,u36,sp2,0.695203,0.7126734,0.0833784343718,0.116993891412,0.633181162218,0.792165637782
median,u37,sp2,0.736963,0.7455688,0.120280402594,0.161327033259,0.630894562764,0.860243037236
median,u38,sp2,0.817315,0.750979,0.23896827091,0.318208992408,0.523148833163,0.978809166837
median,u39,sp2,0.382817,0.3774526,0.183392425845,0.48586875768,0.202607936238,0.552297263762
median,u40,sp2,0.86654,0.7983488,0.169711068619,0.212577595931,0.636547817257,0.960149782743
median,u01,sp3,0.724442,0.6619982,0.179354497048,0.270928979939,0.491003260673,0.832993139327
median,u02,sp3,0.453767,0.3891138,0.160477668492,0.412418342635,0.236115856603,0.542111743397
median,u03,sp3,0.70673,0.687698,0.0705728301969,0.102621834289,0.620414508277,0.754981491723
median,u04,sp3,0.514239,0.613446,0.244002219107,0.3977566389,0.38081651293,0.84607548707
median,u05,sp3,0.230032,0.2351128,0.0254420846178,0.108212247984,0.210856548904,0.259369051096
median,u06,sp3,0.099001,0.219197,0.22808032461,1.04052667057,0.00174730171896,0.436646698281
median,u07,sp3,0.540122,0.5039324,0.178483293938,0.35418102495,0.333768057761,0.674096742239
median,u08,sp3,0.659351,0.4500882,0.304683672672,0.6769421475,0.159605569343,0.740570830657
median,u09,sp3,0.447872,0.3848282,0.12606838582,0.327596537415,0.264635752422,0.505020647578
median,u10,sp3,0.433301,0.5426028,0.204779280603,0.377401813265,0.347368104252,0.737837495748
median,u11,sp3,0.495653,0.3844396,0.193988171446,0.504599868082,0.19949304916,0.56938615084
median,u12,sp3,0.212562,0.2737868,0.206632142363,0.754719155063,0.0767856027726,0.470787997227
median,u13,sp3,0.237267,0.2330078,0.0895504308041,0.38432374712,0.147631237192,0.318384362808
median,u14,sp3,0.7729,0.7373362,0.16553942381,0.224510099748,0.579512425316,0.895159974684
median,u15,sp3,0.31562,0.3764498,0.207630863764,0.55154993777,0.178496430912,0.574403169088
median,u16,sp3,0.427935,0.425376,0.24805855116,0.583151261848,0.188879243,0.661872757
median,u17,sp3,0.367182,0.392443,0.157742777565,0.401950799391,0.242052476634,0.542833523366
median,u18,sp3,0.296817,0.3158474,0.187772368313,0.594503447908,0.136826939094,0.494867860906
median,u19,sp3,0.350079,0.3282212,0.0945567942704,0.288088625203,0.23807161599,0.41837078401
median,u20,sp3,0.698668,0.7354896,0.109725859155,0.149187506057,0.630877968077,0.840101231923
median,u21,sp3,0.232519,0.1926344,0.0877670019415,0.455614375945,0.10895814198,0.27631065802
median,u22,sp3,0.227059,0.356957,0.181771374744,0.509224849896,0.183657831551,0.530256168449
median,u23,sp3,0.546384,0.4931154,0.271526509988,0.550634820953,0.234244505401,0.751986294599
median,u24,sp3,0.304338,0.279438,0.0925740856315,0.33128667408,0.191178712297,0.367697287703
median,u25,sp3,0.082229,0.162624,0.176383116644,1.08460692545,0,0.33078605239
median,u26,sp3,0.540422,0.4277806,0.214801553905,0.502130189879,0.222990760426,0.632570439574
median,u27,sp3,0.338615,0.4001744,0.219442946303,0.54836827719,0.190959499305,0.609389300695
median,u28,sp3,0.360852,0.3543874,0.130259878734,0.367563515898,0.230198821361,0.478575978639
median,u29,sp3,0.768012,0.675908,0.218299044345,0.322971535098,0.467783684984,0.884032315016
median,u30,sp3,0.287408,0.268385,0.123299761839,0.459413759483,0.150832133238,0.385937866762
median,u31,sp3,0.179717,0.2907268,0.251643151244,0.86556571752,0.0508125180195,0.53064108198
median,u32,sp3,0.441758,0.5005892,0.275066757297,0.549486000291,0.238343065952,0.762835334048
median,u33,sp3,0.617881,0.6623162,0.161998626186,0.244594086912,0.50786818943,0.81676421057
median,u34,sp3,0.274822,0.2962082,0.110279162661,0.372302868931,0.191069053568,0.401347346432
median,u35,sp3,0.13203,0.2860434,0.227107896405,0.793963071354,0.0695208058878,0.502565994112
median,u36,sp3,0.549499,0.4714474,0.116964198703,0.248095967235,0.359934801264,0.582959998736
median,u37,sp3,0.347388,0.2960708,0.15481994126,0.522915266415,0.148466882071,0.443674717929
median,u38,sp3,0.766818,0.6724398,0.205586403632,0.305732057549,0.476435600528,0.868443999472
median,u39,sp3,0.351617,0.2607096,0.1475495468,0.565953638837,0.120037209744,0.401381990256
median,u40,sp3,0.233246,0.3021864,0.211613651455,0.700275232292,0.100435877504,0.503936922496
weighted,u01,a1,0.209149055191,0.209149055191,0.220270767386,1.05317600973,0,0.423832499542
weighted,u02,a1,0.321137537325,0.321137537325,0.183193747701,0.570452614251,0.142590627961,0.499684446689
weighted,u03,a1,0.528522794925,0.528522794925,0.112818591216,0.213460218366,0.418565926674,0.638479663176
weighted,u04,a1,0.850680870618,0.850680870618,0.105076603898,0.123520591008,0.748269608728,0.953092132508
weighted,u05,a1,0.614229413153,0.614229413153,0.327126029628,0.532579558425,0.295401165489,0.933057660817
weighted,u06,a1,0.480569370894,0.480569370894,0.275614070946,0.573515682936,0.211946444827,0.74919229696
weighted,u07,a1,0.71439638928,0.71439638928,0.284253274461,0.397892932728,0.437353399176,0.991439379385
weighted,u08,a1,0.319929089483,0.319929089483,0.208440276238,0.651520237108,0.116776047547,0.523082131419
weighted,u09,a1,0.799344299645,0.799344299645,0.133959439619,0.167586657812,0.668782835489,0.9299057638
weighted,u10,a1,0.520322326949,0.520322326949,0.200676935627,0.385678117646,0.324735703026,0.715908950872
weighted,u11,a1,0.4794011174,0.4794011174,0.34899894674,0.727989431131,0.139254774561,0.819547460239
weighted,u12,a1,0.404427428444,0.404427428444,0.22868350436,0.565450036957,0.181544642114,0.627310214775
weighted,u13,a1,0.171573308348,0.171573308348,0.110037303791,0.641342787238,0.0643271782084,0.278819438487
weighted,u14,a1,0.285186920569,0.285186920569,0.258894929524,0.907807865129,0.0328590431354,0.537514798002
weighted,u15,a1,0.598661962092,0.598661962092,0.179044206915,0.299073965362,0.424159337493,0.773164586692
weighted,u16,a1,0.310207261461,0.310207261461,0.0744061938459,0.239859613522,0.237688433087,0.382726089835
weighted,u17,a1,0.691058003769,0.691058003769,0.110295037238,0.159603154347,0.583560677773,0.798555329765
weighted,u18,a1,0.815424981399,0.815424981399,0.142707775108,0.175010305502,0.67633708944,0.954512873357
weighted,u19,a1,0.655971688006,0.655971688006,0.208701769318,0.318156672208,0.452563785945,0.859379590066
weighted,u20,a1,0.399715912877,0.399715912877,0.21494307752,0.537739606045,0.190225017789,0.609206807965
weighted,u21,a1,0.20645996151,0.20645996151,0.107437534923,0.520379516381,0.101747655273,0.311172267748
weighted,u22,a1,0.30804831797,0.30804831797,0.224398785148,0.728453207037,0.0893415659336,0.526755070007
weighted,u23,a1,0.270052073088,0.270052073088,0.17316890332,0.64124263643,0.101275720872,0.438828425304
weighted,u24,a1,0.349438914379,0.349438914379,0.241901522903,0.692256966667,0.113673393848,0.585204434909
weighted,u25,a1,0.717395586878,0.717395586878,0.201696084626,0.281150439611,0.520815665387,0.913975508369
weighted,u26,a1,0.66413443252,0.66413443252,0.297162787735,0.447443730041,0.374509388031,0.953759477009
weighted,u27,a1,0.686324774638,0.686324774638,0.117581099804,0.171319911723,0.571726202181,0.800923347095
weighted,u28,a1,0.535914358758,0.535914358758,0.273839454705,0.510976148017,0.269021034543,0.802807682974
weighted,u29,a1,0.239706828726,0.239706828726,0.264860042685,1.10493323904,0,0.497848510027
weighted,u30,a1,0.301560023688,0.301560023688,0.0798697466944,0.264855220919,0.223716229329,0.379403818048
weighted,u31,a1,0.795623831822,0.795623831822,0.1384870218,0.174060927113,0.660649630793,0.93059803285
weighted,u32,a1,0.69826834886,0.69826834886,0.282985413827,0.405267422315,0.422461059213,0.974075638507
weighted,u33,a1,0.610392030032,0.610392030032,0.219708870839,0.359947148766,0.396256229327,0.824527830737
weighted,u34,a1,0.526979031503,0.526979031503,0.341990567505,0.648964279526,0.193663295427,0.860294767579
weighted,u35,a1,0.733933717271,0.733933717271,0.114925780569,0.156588773433,0.621923110008,0.845944324534
weighted,u36,a1,0.76622704897,0.76622704897,0.176459045351,0.230296027252,0.594244011492,0.938210086449
weighted,u37,a1,0.320513297714,0.320513297714,0.193585873892,0.603987027285,0.131837865754,0.509188729674
weighted,u38,a1,0.667652769306,0.667652769306,0.262671691291,0.393425599903,0.411643930326,0.923661608286
weighted,u39,a1,0.754888563833,0.754888563833,0.174060917881,0.23057829489,0.585242823634,0.924534304032
weighted,u40,a1,0.108415846408,0.108415846408,0.0940382789121,0.867384999771,0.0167629146226,0.200068778194
weighted,u01,P9,0.203664975484,0.203664975484,0.0828691012474,0.406889309516,0.122897907311,0.284432043657
weighted,u02,P9,0.518494395563,0.518494395563,0.257630111736,0.496881188959,0.267399252924,0.769589538201
weighted,u03,P9,0.250314271237,0.250314271237,0.23951114069,0.956841731423,0.016878499192,0.483750043282
weighted,u04,P9,0.242097186688,0.242097186688,0.144950311815,0.598727782829,0.100823641545,0.383370731831
weighted,u05,P9,0.247280933286,0.247280933286,0.0886285152102,0.358412248095,0.160900542739,0.333661323834
weighted,u06,P9,0.193280951581,0.193280951581,0.186700190924,0.965952357934,0.0113165423951,0.375245360767
weighted,u07,P9,0.413703873284,0.413703873284,0.178584528883,0.431672363773,0.23964926666,0.587758479908
weighted,u08,P9,0.421393450938,0.421393450938,0.198312624945,0.470611549618,0.228111165292,0.614675736583
weighted,u09,P9,0.383565214728,0.383565214728,0.312120634066,0.813735505935,0.0793617402078,0.687768689248
weighted,u10,P9,0.342633583415,0.342633583415,0.270443974584,0.789309593908,0.0790496105774,0.606217556253
weighted,u11,P9,0.185511373927,0.185511373927,0.167141576077,0.900977511723,0.0226094615572,0.348413286298
weighted,u12,P9,0.420826136522,0.420826136522,0.350862541963,0.833747031167,0.0788634698644,0.76278880318
weighted,u13,P9,0.440974819073,0.440974819073,0.316152413832,0.716939834561,0.132841833718,0.749107804429
weighted,u14,P9,0.227114174307,0.227114174307,0.275355399291,1.21240957386,0,0.495484990107
weighted,u15,P9,0.410083130148,0.410083130148,0.301587291583,0.735429646847,0.116145812466,0.704020447831
weighted,u16,P9,0.150269590371,0.150269590371,0.132684228768,0.88297458215,0.0209509904458,0.279588190297
weighted,u17,P9,0.306057346194,0.306057346194,0.294953197441,0.963718731502,0.0185858441866,0.593528848201
weighted,u18,P9,0.163730876502,0.163730876502,0.15309750041,0.935055767619,0.0145168019354,0.312944951068
weighted,u19,P9,0.323026368748,0.323026368748,0.0383025668507,0.118574118265,0.285695373462,0.360357364035
weighted,u20,P9,0.360658201734,0.360658201734,0.238173627132,0.660385999783,0.128526016275,0.592790387194
weighted,u21,P9,0.441921320238,0.441921320238,0.225270959892,0.509753545655,0.222364516784,0.661478123692
weighted,u22,P9,0.230025924369,0.230025924369,0.187084507382,0.813319228671,0.0476869471819,0.412364901556
weighted,u23,P9,0.237751125613,0.237751125613,0.168222740671,0.707558125067,0.0737954731496,0.401706778076
weighted,u24,P9,0.31217472576,0.31217472576,0.126113404868,0.403983392829,0.189260276162,0.435089175358
weighted,u25,P9,0.394974862099,0.394974862099,0.255201226788,0.646120174413,0.146246994032,0.643702730165
weighted,u26,P9,0.402114278438,0.402114278438,0.23166126149,0.576108021802,0.176329267884,0.627899288993
weighted,u27,P9,0.242941830412,0.242941830412,0.217821680073,0.89660014376,0.0306453505516,0.455238310272
weighted,u28,P9,0.684143153714,0.684143153714,0.202486076771,0.295970332629,0.486793278785,0.881493028643
weighted,u29,P9,0.291646375766,0.291646375766,0.125842717197,0.431490762972,0.168995747655,0.414297003877
weighted,u30,P9,0.394542634653,0.394542634653,0.119050684775,0.301743523559,0.278511754283,0.510573515024
weighted,u31,P9,0.275749991634,0.275749991634,0.110253236724,0.399830426359,0.168293405853,0.383206577415
weighted,u32,P9,0.291750689875,0.291750689875,0.042557287958,0.145868679784,0.250272897477,0.333228482273
weighted,u33,P9,0.242300660333,0.242300660333,0.0660039272211,0.272405065386,0.177970969178,0.306630351489
weighted,u34,P9,0.539842633795,0.539842633795,0.354568269343,0.656799309921,0.19426823814,0.88541702945
weighted,u35,P9,0.241673246077,0.241673246077,0.18348809475,0.75924041129,0.0628394559853,0.42050703617
weighted,u36,P9,0.397327761308,0.397327761308,0.236062476402,0.59412530256,0.167253175754,0.627402346862
weighted,u37,P9,0.482285087031,0.482285087031,0.347206571294,0.719919774902,0.143885654773,0.820684519289
weighted,u38,P9,0.357106131252,0.357106131252,0.106293344744,0.297651973579,0.253508992003,0.4607032705
weighted,u39,P9,0.14589796102,0.14589796102,0.0692284938058,0.474499392054,0.0784254966807,0.213370425359
weighted,u40,P9,0.242333832772,0.242333832772,0.117511204175,0.484914561169,0.127803382992,0.356864282551
weighted,u01,_x,0.162803846807,0.162803846807,0.0343322516863,0.210881083953,0.129342456847,0.196265236767
weighted,u02,_x,0.436441070023,0.436441070023,0.143055080216,0.327776394208,0.297014682595,0.575867457451
weighted,u03,_x,0.339447057551,0.339447057551,0.273069638954,0.804454281985,0.0733040221683,0.605590092933
weighted,u04,_x,0.392937526569,0.392937526569,0.286886740167,0.730107767185,0.11332787047,0.672547182668
weighted,u05,_x,0.350502654021,0.350502654021,0.289916178402,0.827144031796,0.0679404035196,0.633064904522
weighted,u06,_x,0.15421807318,0.15421807318,0.113127004514,0.733552184786,0.0439606147506,0.264475531609
weighted,u07,_x,0.222766168485,0.222766168485,0.190752245508,0.856289116097,0.0368524879304,0.408679849039
weighted,u08,_x,0.246134227599,0.246134227599,0.21193326178,0.861047501795,0.0395768021568,0.452691653041
weighted,u09,_x,0.221017106858,0.221017106858,0.246785980618,1.11659221372,0,0.461543187396
weighted,u10,_x,0.439196803138,0.439196803138,0.164347300945,0.374199674887,0.279018287144,0.599375319132
weighted,u11,_x,0.334676581025,0.334676581025,0.112191152753,0.335222597319,0.225331235819,0.444021926231
weighted,u12,_x,0.186878531043,0.186878531043,0.147051303951,0.786881741471,0.043557286908,0.330199775178
weighted,u13,_x,0.409086587675,0.409086587675,0.243663088133,0.595627173989,0.171604185256,0.646568990094
weighted,u14,_x,0.229877129811,0.229877129811,0.245277276926,1.06699295022,0,0.468932775988
weighted,u15,_x,0.512245477874,0.512245477874,0.236464137155,0.461622693355,0.281779419976,0.742711535773
weighted,u16,_x,0.398558920937,0.398558920937,0.166180731107,0.416953986921,0.236593481027,0.560524360846
weighted,u17,_x,0.4603205266,0.4603205266,0.220479438685,0.478969383168,0.245433704045,0.675207349155
weighted,u18,_x,0.202182640445,0.202182640445,0.208396701093,1.0307348872,0,0.40529321255
weighted,u19,_x,0.197367298296,0.197367298296,0.160072824982,0.811040260288,0.0413548331745,0.353379763418
weighted,u20,_x,0.482126291585,0.482126291585,0.208122037559,0.43167535393,0.27928341598,0.68496916719
weighted,u21,_x,0.372236727874,0.372236727874,0.125115338319,0.336117661021,0.250295028165,0.494178427584
weighted,u22,_x,0.371358302127,0.371358302127,0.307179058694,0.827177033433,0.0719710564413,0.670745547812
weighted,u23,_x,0.418331241205,0.418331241205,0.157101091791,0.37554233659,0.265215129171,0.571447353239
weighted,u24,_x,0.1552715133,0.1552715133,0.229060501689,1.47522553765,0,0.378521734157
weighted,u25,_x,0.344840617553,0.344840617553,0.229934973223,0.666786223893,0.120738106748,0.568943128359
weighted,u26,_x,0.29115946338,0.29115946338,0.281801016359,0.967858001549,0.0165065281251,0.565812398634
weighted,u27,_x,0.290370663704,0.290370663704,0.121128206746,0.417150290601,0.172314959169,0.40842636824
weighted,u28,_x,0.239971932643,0.239971932643,0.165771502483,0.69079538035,0.0784053409858,0.4015385243
weighted,u29,_x,0.455089114029,0.455089114029,0.278645026203,0.612286731572,0.183512115019,0.726666113039
weighted,u30,_x,0.200851602262,0.200851602262,0.145137393527,0.722610085718,0.0593957208655,0.342307483658
weighted,u31,_x,0.288219081086,0.288219081086,0.0730238678288,0.253362364329,0.217047515057,0.359390647115
weighted,u32,_x,0.159002356766,0.159002356766,0.0998508166337,0.627983249207,0.061684326369,0.256320387164
weighted,u33,_x,0.226156712981,0.226156712981,0.221123169552,0.977743117314,0.010642488246,0.441670937716
weighted,u34,_x,0.231711275956,0.231711275956,0.252527463421,1.08983674782,0,0.477833202545
weighted,u35,_x,0.403666057796,0.403666057796,0.174675997696,0.432724016108,0.233420839714,0.573911275878
weighted,u36,_x,0.392595780308,0.392595780308,0.286453746437,0.729640410839,0.113408134748,0.671783425868
weighted,u37,_x,0.265556604039,0.265556604039,0.179390402071,0.675526043573,0.0907165657667,0.440396642311
weighted,u38,_x,0.442223646084,0.442223646084,0.31881534754,0.720936906842,0.131495274208,0.752952017959
weighted,u39,_x,0.155294499969,0.155294499969,0.0718476087779,0.462653917506,0.0852693563525,0.225319643586
weighted,u40,_x,0.221081466076,0.221081466076,0.175447888961,0.793589313818,0.0500839362941,0.392078995858
weighted,u01,sp1,0.539963617369,0.539963617369,0.269369588989,0.498866183432,0.27742677758,0.802500457159
weighted,u02,sp1,0.744925640292,0.744925640292,0.159436101592,0.214029552707,0.589533747624,0.90031753296
weighted,u03,sp1,0.682866174706,0.682866174706,0.199042630848,0.291481168963,0.48887240027,0.876859949142
weighted,u04,sp1,0.570141762901,0.570141762901,0.181323757097,0.318032757633,0.393417410514,0.746866115289
weighted,u05,sp1,0.481964396451,0.481964396451,0.167104372756,0.346715180595,0.319098743714,0.644830049189
weighted,u06,sp1,0.806931470152,0.806931470152,0.0911747139472,0.112989413996,0.718069466991,0.895793473313
weighted,u07,sp1,0.693843503708,0.693843503708,0.187654715037,0.270456830732,0.510948782585,0.876738224831
weighted,u08,sp1,0.662958548296,0.662958548296,0.100696092058,0.151888971515,0.564816683481,0.761100413112
weighted,u09,sp1,0.80826083078,0.80826083078,0.233225416387,0.288552169678,0.580951341217,1
weighted,u10,sp1,0.728986758397,0.728986758397,0.168612483831,0.231297046056,0.564651248883,0.89332226791
weighted,u11,sp1,0.59402371675,0.59402371675,0.295353277006,0.497207886955,0.306162283477,0.881885150024
weighted,u12,sp1,0.722246441867,0.722246441867,0.268390244462,0.371604799836,0.460664104842,0.983828778892
weighted,u13,sp1,0.59262582606,0.59262582606,0.141856352105,0.239369170001,0.454367760161,0.730883891959
weighted,u14,sp1,0.728423579584,0.728423579584,0.141461750773,0.194202596864,0.590550105677,0.866297053492
weighted,u15,sp1,0.632155049951,0.632155049951,0.124390412233,0.196771998013,0.510919888067,0.753390211835
weighted,u16,sp1,0.673480783709,0.673480783709,0.221221745527,0.328475215445,0.457870483447,0.889091083971
weighted,u17,sp1,0.794234287172,0.794234287172,0.124856486137,0.15720359616,0.672544873677,0.915923700667
weighted,u18,sp1,0.594297658679,0.594297658679,0.178180297577,0.29981659018,0.420637029749,0.767958287609
weighted,u19,sp1,0.660261107318,0.660261107318,0.293945290997,0.445195526041,0.373771945499,0.946750269137
weighted,u20,sp1,0.525073413183,0.525073413183,0.272497473599,0.518970236841,0.259488029779,0.790658796588
weighted,u21,sp1,0.660153747855,0.660153747855,0.236498158301,0.358247088758,0.42965453178,0.89065296393
weighted,u22,sp1,0.389665771666,0.389665771666,0.266856364475,0.684833988199,0.129578406683,0.649753136649
weighted,u23,sp1,0.78948514069,0.78948514069,0.150292487002,0.190367721008,0.643004928392,0.935965352988
weighted,u24,sp1,0.670982912387,0.670982912387,0.212914928722,0.317317959655,0.463468720676,0.878497104097
weighted,u25,sp1,0.808353413459,0.808353413459,0.135329901667,0.167414276248,0.67645624999,0.940250576928
weighted,u26,sp1,0.588605255271,0.588605255271,0.118800765684,0.201834361178,0.472817954618,0.704392555924
weighted,u27,sp1,0.755692834059,0.755692834059,0.184306922514,0.243891319604,0.576060986345,0.935324681772
weighted,u28,sp1,0.791353313465,0.791353313465,0.0335049086412,0.042338748156,0.758698280412,0.824008346519
weighted,u29,sp1,0.602260145716,0.602260145716,0.288834502546,0.479584286958,0.320752133601,0.883768157831
weighted,u30,sp1,0.723841715188,0.723841715188,0.122817937397,0.169675130378,0.604139141208,0.843544289167
weighted,u31,sp1,0.805793688404,0.805793688404,0.189415220725,0.235066647271,0.621183118058,0.99040425875
weighted,u32,sp1,0.525631598737,0.525631598737,0.183830767114,0.349733097392,0.346463828407,0.704799369068
weighted,u33,sp1,0.740213215494,0.740213215494,0.116750002574,0.157724828645,0.626424658901,0.854001772087
weighted,u34,sp1,0.744544621476,0.744544621476,0.212501485156,0.28541134947,0.537433386044,0.951655856908
weighted,u35,sp1,0.676293700631,0.676293700631,0.138722745452,0.205122042867,0.541089755248,0.811497646015
weighted,u36,sp1,0.6510605965,0.6510605965,0.244266627748,0.375182631326,0.412989963674,0.889131229327
weighted,u37,sp1,0.563168032974,0.563168032974,0.329799021343,0.585613887922,0.241734595911,0.884601470036
weighted,u38,sp1,0.644310795109,0.644310795109,0.139318728797,0.216229077418,0.508525983917,0.780095606301
weighted,u39,sp1,0.73904389639,0.73904389639,0.147907596803,0.200133709953,0.594888079873,0.883199712907
weighted,u40,sp1,0.673125535762,0.673125535762,0.125942012189,0.187100333441,0.550378131347,0.795872940178
weighted,u01,sp2,0.288177770379,0.288177770379,0.0693588465835,0.240680766224,0.220578259752,0.355777281006
weighted,u02,sp2,0.380600806938,0.380600806938,0.165836186263,0.435722108938,0.218971172251,0.542230441625
weighted,u03,sp2,0.283709631558,0.283709631558,0.162819040217,0.573893241915,0.125020610884,0.442398652232
weighted,u04,sp2,0.218601358268,0.218601358268,0.203436624646,0.930628365067,0.0203250467791,0.416877669757
weighted,u05,sp2,0.258622586939,0.258622586939,0.17709057408,0.684745196372,0.0860240399026,0.431221133976
weighted,u06,sp2,0.29717245103,0.29717245103,0.213577750189,0.718699695913,0.0890122507851,0.505332651274
weighted,u07,sp2,0.407172586142,0.407172586142,0.225048613612,0.552710622648,0.187832488998,0.626512683287
weighted,u08,sp2,0.726683597604,0.726683597604,0.202374024666,0.278489875557,0.529442932499,0.923924262708
weighted,u09,sp2,0.256622282514,0.256622282514,0.0602941795998,0.234953017365,0.197857507213,0.315387057815
weighted,u10,sp2,0.265337715954,0.265337715954,0.0956346279619,0.360426061625,0.172128927635,0.358546504272
weighted,u11,sp2,0.607200447935,0.607200447935,0.218343643549,0.35959071554,0.394395244569,0.8200056513
weighted,u12,sp2,0.458098335591,0.458098335591,0.157771663126,0.344405667666,0.304328661736,0.611868009446
weighted,u13,sp2,0.323595691898,0.323595691898,0.181238677266,0.560077534417,0.146954261232,0.500237122563
weighted,u14,sp2,0.304962236884,0.304962236884,0.215118834224,0.705394990613,0.0953000432852,0.514624430483
weighted,u15,sp2,0.159811549461,0.159811549461,0.0894687253802,0.559838920792,0.0726122612655,0.247010837656
weighted,u16,sp2,0.223166995373,0.223166995373,0.201894610285,0.904679520139,0.0263935839661,0.419940406779
weighted,u17,sp2,0.351990910579,0.351990910579,0.277758124906,0.789105958588,0.0812783159896,0.622703505168
weighted,u18,sp2,0.398180770563,0.398180770563,0.142966647621,0.359049603072,0.258840572575,0.537520968551
weighted,u19,sp2,0.171709657024,0.171709657024,0.129379848972,0.753480329614,0.045611618975,0.297807695073
weighted,u20,sp2,0.349732974504,0.349732974504,0.243912781663,0.697425748914,0.112007212207,0.5874587368
weighted,u21,sp2,0.466394201551,0.466394201551,0.1132155004,0.24274637211,0.356050491997,0.576737911105
weighted,u22,sp2,0.31148261121,0.31148261121,0.0981621162813,0.315144771325,0.215810446092,0.407154776328
weighted,u23,sp2,0.580253506619,0.580253506619,0.220678393512,0.380313761132,0.365172775866,0.795334237372
weighted,u24,sp2,0.210756129137,0.210756129137,0.202319906911,0.959971639922,0.0135682090521,0.407944049222
weighted,u25,sp2,0.276010457067,0.276010457067,0.232197809544,0.841264537626,0.0497025083765,0.502318405757
weighted,u26,sp2,0.188994593283,0.188994593283,0.139236813134,0.736723790431,0.053289619905,0.32469956666
weighted,u27,sp2,0.463891555927,0.463891555927,0.211682459844,0.456318846808,0.257578570653,0.670204541201
weighted,u28,sp2,0.720066021696,0.720066021696,0.128756081759,0.178811494889,0.594575928567,0.845556114826
weighted,u29,sp2,0.394089072536,0.394089072536,0.275161496264,0.698221583494,0.125907241277,0.662270903796
weighted,u30,sp2,0.360157798511,0.360157798511,0.21186861195,0.58826606789,0.153663383011,0.566652214011
weighted,u31,sp2,0.485594941009,0.485594941009,0.0832692147939,0.171478752684,0.404437908451,0.566751973567
weighted,u32,sp2,0.303143382477,0.303143382477,0.207971905272,0.686051279011,0.100446830948,0.505839934007
weighted,u33,sp2,0.158354562699,0.158354562699,0.118789806723,0.750150830502,0.0425779430253,0.274131182373
weighted,u34,sp2,0.149993384347,0.149993384347,0.211652918093,1.4110816888,0,0.356277577216
weighted,u35,sp2,0.209137165941,0.209137165941,0.197643351389,0.945041740906,0.0165071772562,0.401767154627
weighted,u36,sp2,0.728468659322,0.728468659322,0.0781349661955,0.107259200785,0.652315641534,0.804621677111
weighted,u37,sp2,0.762619263484,0.762619263484,0.123751295317,0.162271399691,0.642007006865,0.883231520102
weighted,u38,sp2,0.791780407882,0.791780407882,0.21083032895,0.266273738085,0.586297938603,0.997262877161
weighted,u39,sp2,0.346440716138,0.346440716138,0.169265586985,0.488584566133,0.181468669891,0.511412762384
weighted,u40,sp2,0.776324814446,0.776324814446,0.174148574205,0.224324369084,0.606593641387,0.946055987505
weighted,u01,sp3,0.639528567756,0.639528567756,0.191179214046,0.298937723326,0.45319874902,0.825858386491
weighted,u02,sp3,0.392889917198,0.392889917198,0.161523427097,0.411116244085,0.235463645505,0.550316188891
weighted,u03,sp3,0.686474557796,0.686474557796,0.072852528532,0.10612560612,0.615469984922,0.75747913067
weighted,u04,sp3,0.656947485842,0.656947485842,0.236975786172,0.360722571101,0.425982757264,0.88791221442
weighted,u05,sp3,0.236288196893,0.236288196893,0.0235482694769,0.0996591018367,0.213337245844,0.259239147942
weighted,u06,sp3,0.185051985229,0.185051985229,0.195635907842,1.05719432083,0,0.375725450585
weighted,u07,sp3,0.475430353763,0.475430353763,0.172522210877,0.36287588605,0.307284290182,0.643576417344
weighted,u08,sp3,0.450695885481,0.450695885481,0.317948097346,0.70546039489,0.140812765387,0.760579005574
weighted,u09,sp3,0.392617160487,0.392617160487,0.121388911957,0.309178823987,0.274307363712,0.510926957261
weighted,u10,sp3,0.572101294987,0.572101294987,0.212656698364,0.371711618603,0.364838783438,0.779363806535
weighted,u11,sp3,0.387495980357,0.387495980357,0.206877136849,0.533882020295,0.185866427679,0.589125533035
weighted,u12,sp3,0.251201669864,0.251201669864,0.178496166835,0.710569189018,0.0772331839214,0.425170155806
weighted,u13,sp3,0.224791872763,0.224791872763,0.0964186642887,0.428924155947,0.130818935751,0.318764809775
weighted,u14,sp3,0.742170611516,0.742170611516,0.168178695464,0.226603819734,0.578257887023,0.90608333601
weighted,u15,sp3,0.349436514464,0.349436514464,0.193611378565,0.554067392934,0.160736224775,0.538136804154
weighted,u16,sp3,0.401407130485,0.401407130485,0.264909077963,0.659951101623,0.143217657721,0.65959660325
weighted,u17,sp3,0.377281989244,0.377281989244,0.138690627566,0.367604686998,0.242109347053,0.512454631435
weighted,u18,sp3,0.298758234953,0.298758234953,0.197921918056,0.662481883007,0.105856745642,0.491659724265
weighted,u19,sp3,0.319915584242,0.319915584242,0.100181455872,0.313149658243,0.222275301504,0.417555866981
weighted,u20,sp3,0.75577197815,0.75577197815,0.104836101048,0.138713929702,0.653595118586,0.857948837714
weighted,u21,sp3,0.18201899479,0.18201899479,0.094736262406,0.520474593957,0.0896857843533,0.274352205227
weighted,u22,sp3,0.346256142835,0.346256142835,0.17655612224,0.509900332148,0.174178490892,0.518333794779
weighted,u23,sp3,0.47844893203,0.47844893203,0.288770946801,0.603556466467,0.197002863524,0.759895000536
weighted,u24,sp3,0.268109060769,0.268109060769,0.0966686050817,0.360557024088,0.173892522888,0.36232559865
weighted,u25,sp3,0.178172380884,0.178172380884,0.187819779334,1.05414643057,0,0.361227979332
weighted,u26,sp3,0.399694073118,0.399694073118,0.230089923315,0.57566508685,0.175440542639,0.623947603597
weighted,u27,sp3,0.393873990286,0.393873990286,0.222179565385,0.564087933869,0.177330165941,0.61041781463
weighted,u28,sp3,0.34094100141,0.34094100141,0.135952788421,0.398757520683,0.208436751147,0.473445251672
weighted,u29,sp3,0.711487440059,0.711487440059,0.185869724078,0.261241047435,0.530332432343,0.892642447775
weighted,u30,sp3,0.260411894337,0.260411894337,0.132572722568,0.50908858409,0.131201972178,0.389621816496
weighted,u31,sp3,0.250536466628,0.250536466628,0.215836713494,0.861498193854,0.0401746032715,0.460898329984
weighted,u32,sp3,0.483520877084,0.483520877084,0.288726627281,0.597133734994,0.202118003903,0.764923750265
weighted,u33,sp3,0.668707882998,0.668707882998,0.15140415292,0.226412992533,0.521144202972,0.816271563025
weighted,u34,sp3,0.300688967884,0.300688967884,0.102842843274,0.342023999077,0.200454805708,0.400923130061
weighted,u35,sp3,0.289111842946,0.289111842946,0.240841183986,0.833038112628,0.0543797650894,0.523843920802
weighted,u36,sp3,0.48212431656,0.48212431656,0.112277292338,0.232880376453,0.372695016761,0.59155361636
weighted,u37,sp3,0.267294890935,0.267294890935,0.147813933037,0.552999470059,0.123230362338,0.411359419533
weighted,u38,sp3,0.70277021102,0.70277021102,0.176554780395,0.25122689839,0.530693866884,0.874846555156
weighted,u39,sp3,0.237025342118,0.237025342118,0.149158058606,0.629291607695,0.0916507826423,0.382399901594
weighted,u40,sp3,0.3077513807,0.3077513807,0.200499933126,0.651499703007,0.112337269484,0.503165491916
weighted_auc,u01,a1,0.21350610853,0.21350610853,0.226969291301,1.06305759991,0,0.433117243502
weighted_auc,u02,a1,0.320287691545,0.320287691545,0.184046561604,0.574628892907,0.142207766944,0.498367616145
weighted_auc,u03,a1,0.524776558173,0.524776558173,0.114954973103,0.219055084135,0.413548330032,0.636004786313
weighted_auc,u04,a1,0.8474100292,0.8474100292,0.106633153536,0.125834188718,0.744233834132,0.950586224268
weighted_auc,u05,a1,0.611080703753,0.611080703753,0.324814692991,0.531541400335,0.296796233928,0.925365173579
weighted_auc,u06,a1,0.488671491504,0.488671491504,0.27439355691,0.561509238169,0.223173546313,0.754169436695
weighted_auc,u07,a1,0.709105882531,0.709105882531,0.287907694063,0.406015097541,0.430531917314,0.987679847748
weighted_auc,u08,a1,0.323135964642,0.323135964642,0.20825220381,0.644472378805,0.121635124696,0.524636804588
weighted_auc,u09,a1,0.797123391157,0.797123391157,0.138000609062,0.173123271243,0.663596647477,0.930650134837
weighted_auc,u10,a1,0.518723696291,0.518723696291,0.201836141628,0.389101448558,0.323430915108,0.714016477474
weighted_auc,u11,a1,0.480968614908,0.480968614908,0.347375362207,0.722241226224,0.144854874066,0.81708235575
weighted_auc,u12,a1,0.409415478259,0.409415478259,0.224443642137,0.548205072979,0.192248112998,0.62658284352
weighted_auc,u13,a1,0.174834705893,0.174834705893,0.112672518798,0.644451673498,0.0658149367797,0.283854475005
weighted_auc,u14,a1,0.287017517866,0.287017517866,0.263617753292,0.918472695507,0.0319460336695,0.542089002063
weighted_auc,u15,a1,0.597177020571,0.597177020571,0.178651305148,0.299159711433,0.424317442683,0.770036598459
weighted_auc,u16,a1,0.311137712785,0.311137712785,0.0745506802784,0.239606698947,0.23900390378,0.383271521791
weighted_auc,u17,a1,0.689935197231,0.689935197231,0.109826705403,0.159184088366,0.583668982602,0.796201411861
weighted_auc,u18,a1,0.810343168608,0.810343168608,0.146493943011,0.180780129563,0.668598437826,0.952087899389
weighted_auc,u19,a1,0.654096491548,0.654096491548,0.206776291551,0.316125058341,0.454023716009,0.854169267087
weighted_auc,u20,a1,0.404156622053,0.404156622053,0.212054165164,0.524683139142,0.19897707719,0.609336166916
weighted_auc,u21,a1,0.205959089681,0.205959089681,0.105675657915,0.513090527246,0.103709349019,0.308208830342
weighted_auc,u22,a1,0.308913768923,0.308913768923,0.224038191714,0.725245082129,0.0921387097195,0.525688828127
weighted_auc,u23,a1,0.273995297831,0.273995297831,0.172027228395,0.627847374596,0.107545049618,0.440445546045
weighted_auc,u24,a1,0.357610215375,0.357610215375,0.24481716156,0.684592192937,0.120729823307,0.594490607443
weighted_auc,u25,a1,0.713280558468,0.713280558468,0.208005280847,0.291617762993,0.512018636447,0.914542480488
weighted_auc,u26,a1,0.656687364744,0.656687364744,0.295064936138,0.449323303567,0.371188189309,0.942186540179
weighted_auc,u27,a1,0.683114428409,0.683114428409,0.116370830839,0.170353349306,0.570516243467,0.795712613351
weighted_auc,u28,a1,0.532998212371,0.532998212371,0.278103305963,0.521771554779,0.263910785117,0.802085639626
weighted_auc,u29,a1,0.248257491922,0.248257491922,0.272712124049,1.09850511232,0,0.512128514912
weighted_auc,u30,a1,0.299034853382,0.299034853382,0.0822562549711,0.275072467442,0.219445278029,0.378624428735
weighted_auc,u31,a1,0.795763373395,0.795763373395,0.139170067638,0.174888757501,0.661105084016,0.930421662773
weighted_auc,u32,a1,0.698494126018,0.698494126018,0.285682472261,0.408997673165,0.422073242756,0.97491500928
weighted_auc,u33,a1,0.606958673567,0.606958673567,0.215041733415,0.354293863454,0.398888414939,0.815028932194
weighted_auc,u34,a1,0.518008439998,0.518008439998,0.339464486659,0.655326169319,0.189549110675,0.846467769321
weighted_auc,u35,a1,0.731272614188,0.731272614188,0.11434051678,0.156358264431,0.620638922205,0.841906306171
weighted_auc,u36,a1,0.760116622579,0.760116622579,0.180655265214,0.237667826026,0.58531805135,0.934915193808
weighted_auc,u37,a1,0.324137026931,0.324137026931,0.190039667166,0.586294225519,0.140258288284,0.508015765578
weighted_auc,u38,a1,0.662434775377,0.662434775377,0.261045312333,0.394069457154,0.409852335735,0.915017215018
weighted_auc,u39,a1,0.748829454281,0.748829454281,0.173697574519,0.231958790517,0.580763011181,0.916895897381
weighted_auc,u40,a1,0.110356240404,0.110356240404,0.0971628957215,0.88044767895,0.0163432852409,0.204369195568
weighted_auc,u01,P9,0.205115706317,0.205115706317,0.0813986882492,0.396842785521,0.126355896084,0.283875516551
weighted_auc,u02,P9,0.522538365522,0.522538365522,0.254449646195,0.486949213654,0.276337765988,0.768738965056
weighted_auc,u03,P9,0.253167464422,0.253167464422,0.240108534995,0.948417821155,0.0208430491488,0.485491879696
weighted_auc,u04,P9,0.244551219761,0.244551219761,0.142570413395,0.582987946388,0.106602821017,0.382499618506
weighted_auc,u05,P9,0.247420979984,0.247420979984,0.0872353159777,0.352578491862,0.163013760656,0.331828199311
weighted_auc,u06,P9,0.200104368554,0.200104368554,0.188649379496,0.942754927633,0.017570845604,0.382637891505
weighted_auc,u07,P9,0.416687091878,0.416687091878,0.175433932241,0.421020798726,0.246940582333,0.586433601422
weighted_auc,u08,P9,0.425759976627,0.425759976627,0.194657297613,0.457199615508,0.237413307286,0.614106645968
weighted_auc,u09,P9,0.3924285529,0.3924285529,0.310164088786,0.790370849658,0.0923197268327,0.692537378968
weighted_auc,u10,P9,0.346796887299,0.346796887299,0.278338525212,0.802598106861,0.0774818664094,0.61611190819
weighted_auc,u11,P9,0.188665976217,0.188665976217,0.166614899444,0.883121073472,0.0274525937349,0.349879358699
weighted_auc,u12,P9,0.431936427847,0.431936427847,0.348886577149,0.807726680725,0.0943604643988,0.769512391295
weighted_auc,u13,P9,0.433535773951,0.433535773951,0.310734734703,0.716745314629,0.132874801834,0.734196746068
weighted_auc,u14,P9,0.236207159943,0.236207159943,0.283767298349,1.20134926654,0,0.510774957644
weighted_auc,u15,P9,0.417657172526,0.417657172526,0.299808214842,0.717833272272,0.127568491551,0.707745853501
weighted_auc,u16,P9,0.148369454079,0.148369454079,0.131374380376,0.885454362496,0.0212541222425,0.275484785916
weighted_auc,u17,P9,0.31732113384,0.31732113384,0.299267641762,0.943106556253,0.0277555010139,0.606886766667
weighted_auc,u18,P9,0.167853890397,0.167853890397,0.158315806919,0.943176273989,0.0146705507381,0.321037230055
weighted_auc,u19,P9,0.321577186449,0.321577186449,0.0388350287246,0.120764253066,0.284001157172,0.359153215726
weighted_auc,u20,P9,0.368818043483,0.368818043483,0.243899864083,0.661301333797,0.132825210867,0.604810876098
weighted_auc,u21,P9,0.448790567097,0.448790567097,0.223967158067,0.499046046167,0.232084238688,0.665496895506
weighted_auc,u22,P9,0.234588959542,0.234588959542,0.193013573122,0.822773473647,0.0478327265062,0.421345192579
weighted_auc,u23,P9,0.243543662136,0.243543662136,0.168093701333,0.69019944867,0.0808994192969,0.406187904975
weighted_auc,u24,P9,0.315218611026,0.315218611026,0.125451235805,0.397981690855,0.193834400321,0.43660282173
weighted_auc,u25,P9,0.404014370117,0.404014370117,0.254689210974,0.630396416097,0.157581972297,0.650446767938
weighted_auc,u26,P9,0.402225021774,0.402225021774,0.232613279655,0.578316283332,0.177152871873,0.627297171675
weighted_auc,u27,P9,0.247305999654,0.247305999654,0.216892298052,0.877019960516,0.0374451701614,0.457166829147
weighted_auc,u28,P9,0.68254961534,0.68254961534,0.201896852785,0.295798061046,0.487198091206,0.877901139475
weighted_auc,u29,P9,0.295400334637,0.295400334637,0.125448002401,0.424671158734,0.174019252512,0.416781416762
weighted_auc,u30,P9,0.392479344238,0.392479344238,0.118273559266,0.301349767835,0.278040115747,0.506918572729
weighted_auc,u31,P9,0.279618283534,0.279618283534,0.11054030055,0.395325724603,0.17266160792,0.386574959148
weighted_auc,u32,P9,0.293340957864,0.293340957864,0.0430834849731,0.146871699359,0.25165420377,0.335027711959
weighted_auc,u33,P9,0.242811903765,0.242811903765,0.0660985838375,0.272221348347,0.178856181238,0.306767626292
weighted_auc,u34,P9,0.549771421134,0.549771421134,0.350961289663,0.638376743809,0.210188005632,0.889354836636
weighted_auc,u35,P9,0.2481203216,0.2481203216,0.188225458218,0.758605570896,0.0659969767504,0.43024366645
weighted_auc,u36,P9,0.399875368007,0.399875368007,0.234073392422,0.585365869341,0.173390440986,0.626360295028
weighted_auc,u37,P9,0.492985596577,0.492985596577,0.345698772446,0.701235035761,0.158494091846,0.827477101309
weighted_auc,u38,P9,0.36093834148,0.36093834148,0.108964292493,0.301891708281,0.255506581048,0.466370101911
weighted_auc,u39,P9,0.148104094298,0.148104094298,0.0693067053452,0.467959415125,0.0810442549037,0.215163933692
weighted_auc,u40,P9,0.243952433796,0.243952433796,0.116571148883,0.477843762692,0.131160424955,0.356744442638
weighted_auc,u01,_x,0.163490217982,0.163490217982,0.0353403881326,0.216162095621,0.129295535946,0.197684900019
weighted_auc,u02,_x,0.438169055389,0.438169055389,0.142774919507,0.325844369317,0.300022780451,0.576315330326
weighted_auc,u03,_x,0.3495348839,0.3495348839,0.273487036532,0.782431308375,0.0849140704468,0.614155697353
weighted_auc,u04,_x,0.399567484223,0.399567484223,0.284853591965,0.712904836388,0.123948609644,0.675186358801
weighted_auc,u05,_x,0.354681467959,0.354681467959,0.289319129011,0.815715381681,0.0747418253446,0.634621110573
weighted_auc,u06,_x,0.158271831788,0.158271831788,0.114869213038,0.725771678639,0.0471265834421,0.269417080135
weighted_auc,u07,_x,0.224787051197,0.224787051197,0.193884496384,0.862525200416,0.0371881295087,0.412385972885
weighted_auc,u08,_x,0.253580427285,0.253580427285,0.212299916519,0.837209396609,0.0481630981217,0.458997756449
weighted_auc,u09,_x,0.219931300014,0.219931300014,0.243849829854,1.10875455126,0,0.455875720467
weighted_auc,u10,_x,0.439814440322,0.439814440322,0.164091059372,0.373091568461,0.281043077109,0.598585803535
weighted_auc,u11,_x,0.338005808106,0.338005808106,0.111066942999,0.328594776585,0.230539563355,0.445472052857
weighted_auc,u12,_x,0.192464385063,0.192464385063,0.148083563066,0.769407612827,0.0491815683918,0.335747201734
weighted_auc,u13,_x,0.403928443102,0.403928443102,0.242523146365,0.60041116318,0.169267696158,0.638589190046
weighted_auc,u14,_x,0.230624366862,0.230624366862,0.248409590271,1.07711771159,0,0.470980724079
weighted_auc,u15,_x,0.515799770126,0.515799770126,0.236159537605,0.45785118816,0.28729632902,0.744303211233
weighted_auc,u16,_x,0.402027502935,0.402027502935,0.169207090548,0.420884365654,0.238305966037,0.565749039834
weighted_auc,u17,_x,0.467587780664,0.467587780664,0.219316413875,0.469037949545,0.255381423174,0.679794138153
weighted_auc,u18,_x,0.205644732326,0.205644732326,0.213044507512,1.03598329557,0,0.41178251346
weighted_auc,u19,_x,0.203345829455,0.203345829455,0.163155608568,0.802355322484,0.0454795905058,0.361212068404
weighted_auc,u20,_x,0.488059770285,0.488059770285,0.206582017603,0.423271964176,0.288174970493,0.687944570077
weighted_auc,u21,_x,0.375958017258,0.375958017258,0.123429082981,0.328305495068,0.256530402859,0.495385631657
weighted_auc,u22,_x,0.37719570322,0.37719570322,0.306096984884,0.811507083115,0.0810221289168,0.673369277524
weighted_auc,u23,_x,0.418369924941,0.418369924941,0.157030664676,0.375339275876,0.266430064279,0.570309785602
weighted_auc,u24,_x,0.162301218703,0.162301218703,0.236598965939,1.45777689059,0,0.391229842241
weighted_auc,u25,_x,0.348799302916,0.348799302916,0.228649577189,0.655533354791,0.127562355532,0.570036250301
weighted_auc,u26,_x,0.299899619302,0.299899619302,0.287312917833,0.958030285273,0.0219011481622,0.577898090441
weighted_auc,u27,_x,0.292686578801,0.292686578801,0.120419531491,0.411428265637,0.176170948726,0.409202208876
weighted_auc,u28,_x,0.236992479397,0.236992479397,0.163255437905,0.688863369507,0.0790296474949,0.394955311298
weighted_auc,u29,_x,0.463744347523,0.463744347523,0.275577482741,0.594244402575,0.197100858394,0.730387836651
weighted_auc,u30,_x,0.205460818535,0.205460818535,0.147774699777,0.719235428102,0.0624768520604,0.34844478501
weighted_auc,u31,_x,0.286051841757,0.286051841757,0.0720215591845,0.251777995003,0.216365161835,0.355738521679
weighted_auc,u32,_x,0.158292251194,0.158292251194,0.0988989663002,0.624787161433,0.0625995074213,0.253984994966
weighted_auc,u33,_x,0.230934053667,0.230934053667,0.228306938297,0.988623958536,0.0100286371064,0.451839470228
weighted_auc,u34,_x,0.23533691871,0.23533691871,0.259751533907,1.10374324322,0,0.48666752315
weighted_auc,u35,_x,0.404690352982,0.404690352982,0.172792298919,0.426974099198,0.237499837197,0.571880868767
weighted_auc,u36,_x,0.401324862933,0.401324862933,0.290290086869,0.723329436276,0.12044574011,0.682203985755
weighted_auc,u37,_x,0.272157454094,0.272157454094,0.179446447175,0.659347904956,0.0985285120248,0.445786396163
weighted_auc,u38,_x,0.453767588215,0.453767588215,0.318185073058,0.701207140663,0.145897811538,0.761637364892
weighted_auc,u39,_x,0.15668303919,0.15668303919,0.0730391706709,0.466158756229,0.0860117379029,0.227354340477
weighted_auc,u40,_x,0.222977853274,0.222977853274,0.175795987614,0.788401112636,0.0528810258918,0.393074680656
weighted_auc,u01,sp1,0.530767488926,0.530767488926,0.270445981978,0.509537580241,0.269089141559,0.792445836293
weighted_auc,u02,sp1,0.741867750866,0.741867750866,0.163057680163,0.219793460455,0.584096265564,0.899639236168
weighted_auc,u03,sp1,0.684898517096,0.684898517096,0.199535184975,0.291335402245,0.491832097458,0.877964936733
weighted_auc,u04,sp1,0.567685599221,0.567685599221,0.183351829399,0.32298129396,0.390277884183,0.745093314258
weighted_auc,u05,sp1,0.48271909617,0.48271909617,0.169352632398,0.350830604675,0.318856735769,0.646581456572
weighted_auc,u06,sp1,0.805041278557,0.805041278557,0.0895453179637,0.111230716174,0.718398945593,0.89168361152
weighted_auc,u07,sp1,0.691421902324,0.691421902324,0.187045090531,0.270522368329,0.51044065862,0.872403146029
weighted_auc,u08,sp1,0.66220806947,0.66220806947,0.100459947583,0.151704505298,0.565004950134,0.759411188806
weighted_auc,u09,sp1,0.802681698121,0.802681698121,0.240759733176,0.299944216668,0.569727195971,1
weighted_auc,u10,sp1,0.733015335854,0.733015335854,0.165963805545,0.226412460186,0.572431939347,0.893598732362
weighted_auc,u11,sp1,0.585953604082,0.585953604082,0.297471256369,0.507670324572,0.298126119324,0.873781088841
weighted_auc,u12,sp1,0.71612557054,0.71612557054,0.274746896401,0.38365743063,0.450285740831,0.981965400249
weighted_auc,u13,sp1,0.589689350865,0.589689350865,0.140353113352,0.238011951795,0.453886369134,0.725492332595
weighted_auc,u14,sp1,0.723073542968,0.723073542968,0.14357318251,0.198559584854,0.584154884052,0.861992201883
weighted_auc,u15,sp1,0.629129928268,0.629129928268,0.123721639502,0.196655148552,0.509419241788,0.748840614749
weighted_auc,u16,sp1,0.669509861579,0.669509861579,0.225874257707,0.33737256263,0.45095826012,0.888061463038
weighted_auc,u17,sp1,0.797738589367,0.797738589367,0.124275504735,0.155784747525,0.677491993505,0.917985185229
weighted_auc,u18,sp1,0.591691552238,0.591691552238,0.177462656803,0.299924269886,0.419982087701,0.763401016774
weighted_auc,u19,sp1,0.660055192938,0.660055192938,0.298381270711,0.452055031008,0.371347195749,0.948763190128
weighted_auc,u20,sp1,0.515069939224,0.515069939224,0.27343816449,0.530875796988,0.250496413422,0.779643465025
weighted_auc,u21,sp1,0.66853102531,0.66853102531,0.235524363018,0.352301320508,0.440642166957,0.896419883663
weighted_auc,u22,sp1,0.390584767951,0.390584767951,0.268820557703,0.688251513528,0.130479149951,0.650690385951
weighted_auc,u23,sp1,0.785775854772,0.785775854772,0.148644209811,0.189168716382,0.641950567058,0.929601142486
weighted_auc,u24,sp1,0.671316338707,0.671316338707,0.212500044341,0.316542339414,0.4657053697,0.876927307713
weighted_auc,u25,sp1,0.805206165028,0.805206165028,0.139924364998,0.173774582306,0.669818031985,0.940594298071
weighted_auc,u26,sp1,0.59203580534,0.59203580534,0.119545903118,0.201923434427,0.476365481331,0.707706129349
weighted_auc,u27,sp1,0.750571778618,0.750571778618,0.186203702816,0.24808247275,0.570404645536,0.9307389117
weighted_auc,u28,sp1,0.791251114732,0.791251114732,0.0338557215198,0.042787581451,0.758492967647,0.824009261817
weighted_auc,u29,sp1,0.594737223377,0.594737223377,0.286571407707,0.481845420873,0.31745622322,0.872018223535
weighted_auc,u30,sp1,0.722999417655,0.722999417655,0.12049709058,0.166662776812,0.606408742893,0.839590092417
weighted_auc,u31,sp1,0.809698454245,0.809698454245,0.188114670469,0.232326824242,0.627682305498,0.991714602992
weighted_auc,u32,sp1,0.521051057593,0.521051057593,0.185559931694,0.356126197213,0.341506825106,0.700595290079
weighted_auc,u33,sp1,0.739349027068,0.739349027068,0.115649633466,0.156420890854,0.627448658877,0.851249395259
weighted_auc,u34,sp1,0.736624414853,0.736624414853,0.215830000693,0.292998706451,0.52779144392,0.945457385787
weighted_auc,u35,sp1,0.672067032412,0.672067032412,0.141699894848,0.210841907153,0.534960930725,0.809173134099
weighted_auc,u36,sp1,0.642041769413,0.642041769413,0.24440493898,0.380668284562,0.405560236011,0.878523302815
weighted_auc,u37,sp1,0.55522488354,0.55522488354,0.327555627266,0.589951273758,0.238288338256,0.872161428823
weighted_auc,u38,sp1,0.642236796618,0.642236796618,0.138624383995,0.2158462186,0.50810650027,0.776367092965
weighted_auc,u39,sp1,0.741024513811,0.741024513811,0.148015477172,0.199744373382,0.597807575745,0.884241451877
weighted_auc,u40,sp1,0.670970391675,0.670970391675,0.123285993698,0.183742822676,0.551681227723,0.790259555628
weighted_auc,u01,sp2,0.290408562818,0.290408562818,0.0686278756589,0.236314917828,0.224005546015,0.356811579622
weighted_auc,u02,sp2,0.385338220518,0.385338220518,0.165117584069,0.428500406337,0.225573611687,0.545102829348
weighted_auc,u03,sp2,0.2783815271,0.2783815271,0.16137958963,0.579706531934,0.122233730027,0.434529324173
weighted_auc,u04,sp2,0.222487740033,0.222487740033,0.204924378632,0.921059194549,0.024206839931,0.420768640136
weighted_auc,u05,sp2,0.264963409725,0.264963409725,0.180333786294,0.680598828651,0.0904758953357,0.439450924114
weighted_auc,u06,sp2,0.298942020679,0.298942020679,0.214727978882,0.718293060286,0.0911753449226,0.506708696435
weighted_auc,u07,sp2,0.415641813638,0.415641813638,0.226135174579,0.544062621131,0.196837754015,0.63444587326
weighted_auc,u08,sp2,0.723074452401,0.723074452401,0.203483766267,0.28141468087,0.526187461204,0.919961443598
weighted_auc,u09,sp2,0.256632035164,0.256632035164,0.0607684071824,0.236791977836,0.197833689382,0.315430380945
weighted_auc,u10,sp2,0.267958601785,0.267958601785,0.0962773493742,0.35929934226,0.17480248429,0.36111471928
weighted_auc,u11,sp2,0.599218986862,0.599218986862,0.219499020678,0.366308520742,0.386835942531,0.811602031194
weighted_auc,u12,sp2,0.452595219351,0.452595219351,0.162022277723,0.357984951665,0.2958255696,0.609364869102
weighted_auc,u13,sp2,0.329770228441,0.329770228441,0.179987186987,0.545795743412,0.155618076896,0.503922379985
weighted_auc,u14,sp2,0.311971347609,0.311971347609,0.213720766304,0.685065368797,0.105179231433,0.518763463785
weighted_auc,u15,sp2,0.163178494342,0.163178494342,0.0903834927508,0.553893410496,0.0757251595236,0.250631829161
weighted_auc,u16,sp2,0.227942737822,0.227942737822,0.208482456415,0.914626447007,0.0262191098696,0.429666365775
weighted_auc,u17,sp2,0.36226438556,0.36226438556,0.283566323492,0.782760698526,0.0878910472776,0.636637723842
weighted_auc,u18,sp2,0.400665333247,0.400665333247,0.141893250222,0.354144066001,0.263372144607,0.537958521887
weighted_auc,u19,sp2,0.171746660977,0.171746660977,0.128640912528,0.749015508056,0.0472761802247,0.296217141728
weighted_auc,u20,sp2,0.359049385121,0.359049385121,0.246716854064,0.687139051863,0.120330887006,0.597767883236
weighted_auc,u21,sp2,0.470582531242,0.470582531242,0.115817490094,0.246115149639,0.358519748196,0.582645314288
weighted_auc,u22,sp2,0.310799437664,0.310799437664,0.0964255287986,0.3102500105,0.217499944599,0.404098930729
weighted_auc,u23,sp2,0.572367581192,0.572367581192,0.220881626066,0.38590869456,0.358646754393,0.786088407991
weighted_auc,u24,sp2,0.214892342942,0.214892342942,0.207408987176,0.965176256803,0.0142073832453,0.415577302638
weighted_auc,u25,sp2,0.284335697753,0.284335697753,0.233427271603,0.820956613774,0.0584759448495,0.510195450657
weighted_auc,u26,sp2,0.189981490064,0.189981490064,0.137151512613,0.721920396388,0.0572763158288,0.322686664299
weighted_auc,u27,sp2,0.460589712346,0.460589712346,0.207562145227,0.450644336301,0.259756559856,0.661422864837
weighted_auc,u28,sp2,0.722323503936,0.722323503936,0.127388171414,0.176358890054,0.59906515147,0.845581856402
weighted_auc,u29,sp2,0.395767149355,0.395767149355,0.276800500189,0.699402415384,0.127940291992,0.663594006718
weighted_auc,u30,sp2,0.353500517837,0.353500517837,0.210780699055,0.596267016367,0.149553154367,0.557447881308
weighted_auc,u31,sp2,0.487222311812,0.487222311812,0.0829367459659,0.170223620625,0.406974306418,0.567470317205
weighted_auc,u32,sp2,0.303032333679,0.303032333679,0.210683943993,0.695252356192,0.0991785885521,0.506886078806
weighted_auc,u33,sp2,0.159044020427,0.159044020427,0.119286727521,0.750023340715,0.0436244697562,0.274463571097
weighted_auc,u34,sp2,0.155988995887,0.155988995887,0.218725384845,1.40218470925,0,0.367623485018
weighted_auc,u35,sp2,0.216120468787,0.216120468787,0.202412870183,0.93657426952,0.0202696561117,0.411971281463
weighted_auc,u36,sp2,0.725481982843,0.725481982843,0.0789722094578,0.108854818349,0.64906998697,0.801893978716
weighted_auc,u37,sp2,0.759125551784,0.759125551784,0.122555262728,0.161442678936,0.640543429109,0.877707674459
weighted_auc,u38,sp2,0.784721564756,0.784721564756,0.21542363655,0.274522386315,0.576281783976,0.993161345535
weighted_auc,u39,sp2,0.351684379848,0.351684379848,0.171745846897,0.488352217893,0.185506390978,0.517862368719
weighted_auc,u40,sp2,0.780286494047,0.780286494047,0.173445489916,0.222284367651,0.612463963176,0.948109024918
weighted_auc,u01,sp3,0.64497721621,0.64497721621,0.188751688278,0.292648613833,0.462344701244,0.827609731177
weighted_auc,u02,sp3,0.392862904615,0.392862904615,0.161373661598,0.410763296057,0.236720843392,0.549004965838
weighted_auc,u03,sp3,0.687365811462,0.687365811462,0.0722741639387,0.105146579497,0.617434716023,0.757296906901
weighted_auc,u04,sp3,0.648632678918,0.648632678918,0.238332469345,0.367438269905,0.418026750718,0.879238607119
weighted_auc,u05,sp3,0.236290656338,0.236290656338,0.0238920432533,0.101112941254,0.213173173327,0.259408139349
weighted_auc,u06,sp3,0.190429538459,0.190429538459,0.201282677082,1.05699293666,0,0.385186797957
weighted_auc,u07,sp3,0.480395967127,0.480395967127,0.173592585364,0.361353127924,0.312431109521,0.648360824733
weighted_auc,u08,sp3,0.453317441871,0.453317441871,0.31449179555,0.693756221363,0.149021209706,0.757613674036
weighted_auc,u09,sp3,0.391747253974,0.391747253974,0.122167751866,0.311853498976,0.27354007938,0.509954428568
weighted_auc,u10,sp3,0.56551928962,0.56551928962,0.21146177744,0.373924959451,0.360912927762,0.770125651479
weighted_auc,u11,sp3,0.387063996874,0.387063996874,0.204311959927,0.52785059209,0.18937566137,0.584752332378
weighted_auc,u12,sp3,0.253824506637,0.253824506637,0.183529978151,0.723058543806,0.076244418282,0.431404594993
weighted_auc,u13,sp3,0.227047903131,0.227047903131,0.0949695163934,0.418279645325,0.135157219756,0.318938586506
weighted_auc,u14,sp3,0.739735536305,0.739735536305,0.167609738057,0.22658062217,0.577559567054,0.901911505557
weighted_auc,u15,sp3,0.35322704027,0.35322704027,0.195765052312,0.554218760155,0.163808528719,0.542645551821
weighted_auc,u16,sp3,0.407886998329,0.407886998329,0.26150440776,0.641119743534,0.154860346754,0.660913649904
weighted_auc,u17,sp3,0.379048585802,0.379048585802,0.142157437619,0.375037509553,0.241499774502,0.516597397102
weighted_auc,u18,sp3,0.303480527467,0.303480527467,0.196061921836,0.646044487508,0.113774770656,0.493186284279
weighted_auc,u19,sp3,0.321652902166,0.321652902166,0.0993382979307,0.308836939638,0.22553506953,0.417770734802
weighted_auc,u20,sp3,0.751916272449,0.751916272449,0.105697954002,0.140571441097,0.649644958521,0.854187586377
weighted_auc,u21,sp3,0.18451154376,0.18451154376,0.0931259280874,0.504715998738,0.0944046810855,0.274618406434
weighted_auc,u22,sp3,0.346648142051,0.346648142051,0.176972000188,0.510523434917,0.175413427449,0.517882856654
weighted_auc,u23,sp3,0.483611174399,0.483611174399,0.284996623561,0.589309425935,0.20785390519,0.759368443607
weighted_auc,u24,sp3,0.270766928448,0.270766928448,0.0960999415664,0.354917574746,0.177782467347,0.363751389549
weighted_auc,u25,sp3,0.175409487881,0.175409487881,0.185811889266,1.05930352748,0,0.355197509684
weighted_auc,u26,sp3,0.406206596743,0.406206596743,0.226575737135,0.557784484426,0.186976257238,0.625436936248
weighted_auc,u27,sp3,0.397067173542,0.397067173542,0.221621916806,0.55814716394,0.182630055616,0.611504291468
weighted_auc,u28,sp3,0.344287987064,0.344287987064,0.135195665079,0.392681912117,0.213475253407,0.475100720721
weighted_auc,u29,sp3,0.705721699763,0.705721699763,0.19154569176,0.271418169264,0.520385760592,0.891057638934
weighted_auc,u30,sp3,0.261466793556,0.261466793556,0.130687996968,0.49982636491,0.135015593146,0.387917993967
weighted_auc,u31,sp3,0.257066830398,0.257066830398,0.222027990609,0.863697546142,0.0422368032448,0.471896857552
weighted_auc,u32,sp3,0.484992517204,0.484992517204,0.28537917212,0.588419742567,0.208865101344,0.761119933064
weighted_auc,u33,sp3,0.668791074627,0.668791074627,0.153440165376,0.229429146406,0.520325312254,0.817256837001
weighted_auc,u34,sp3,0.300827382773,0.300827382773,0.104185663021,0.346330384092,0.200019332606,0.40163543294
weighted_auc,u35,sp3,0.286538060085,0.286538060085,0.237547502268,0.829026001635,0.056691650979,0.516384469191
weighted_auc,u36,sp3,0.480512615139,0.480512615139,0.112895379271,0.234947794739,0.371277210505,0.589748019773
weighted_auc,u37,sp3,0.272783146733,0.272783146733,0.149025209092,0.546313842615,0.128589211419,0.416977082047
weighted_auc,u38,sp3,0.698364410683,0.698364410683,0.181697672355,0.260176019246,0.522557226289,0.874171595077
weighted_auc,u39,sp3,0.241790534749,0.241790534749,0.149064850694,0.616504077997,0.0975582429813,0.386022826517
weighted_auc,u40,sp3,0.308576007548,0.308576007548,0.202563896735,0.65644733155,0.112579064476,0.504572950621
decay,u01,a1,0.200984977937,0.200984977937,0.175411845825,0.872760977589,0.00396502996484,0.39800492591
decay,u02,a1,0.323818434673,0.323818434673,0.176324121608,0.544515391121,0.125773832257,0.521863037088
decay,u03,a1,0.560460643963,0.560460643963,0.103355306771,0.184411354989,0.44437351731,0.676547770616
decay,u04,a1,0.870856468374,0.870856468374,0.0932332579775,0.107059270228,0.766138274744,0.975574662003
decay,u05,a1,0.653905348953,0.653905348953,0.356383736886,0.545008138344,0.253620493793,1
decay,u06,a1,0.3983437311,0.3983437311,0.268075207222,0.672974585245,0.0972456887693,0.699441773431
decay,u07,a1,0.755825747799,0.755825747799,0.269225184429,0.356200070205,0.453436068359,1
decay,u08,a1,0.273863330533,0.273863330533,0.197959927069,0.722842034686,0.0515177167111,0.496208944356
decay,u09,a1,0.804317626556,0.804317626556,0.104272660857,0.12964114849,0.687200141586,0.921435111526
decay,u10,a1,0.561761312721,0.561761312721,0.188975064011,0.336397433806,0.349507362001,0.774015263442
decay,u11,a1,0.405553118409,0.405553118409,0.381018317805,0.939502867836,0,0.833507164485
decay,u12,a1,0.334685276389,0.334685276389,0.275518978173,0.823218102527,0.0252265024412,0.644144050337
decay,u13,a1,0.14636484789,0.14636484789,0.095829548739,0.654730627747,0.0387305395114,0.253999156268
decay,u14,a1,0.291057693553,0.291057693553,0.220304186302,0.756908994958,0.0436153436985,0.538500043408
decay,u15,a1,0.6141084874,0.6141084874,0.186371835334,0.303483568714,0.404778443991,0.823438530809
decay,u16,a1,0.293638557029,0.293638557029,0.0703495917547,0.239578863439,0.214622953252,0.372654160805
decay,u17,a1,0.703172566643,0.703172566643,0.108698545994,0.154583030042,0.581083994029,0.825261139257
decay,u18,a1,0.853924308774,0.853924308774,0.118104989914,0.138308499595,0.721270559772,0.986578057777
decay,u19,a1,0.707703881389,0.707703881389,0.234034158884,0.33069503367,0.444840232755,0.970567530022
decay,u20,a1,0.3292265126,0.3292265126,0.241697855305,0.734138491448,0.0577551153681,0.600697909832
decay,u21,a1,0.200601585669,0.200601585669,0.123111890736,0.613713447605,0.0623241609405,0.338879010398
decay,u22,a1,0.300368816517,0.300368816517,0.228152020108,0.759572923562,0.0441118977201,0.556625735313
decay,u23,a1,0.216375063253,0.216375063253,0.175486223517,0.811027947854,0.0192715753755,0.41347855113
decay,u24,a1,0.290224406639,0.290224406639,0.215794215426,0.743542619055,0.0478475882661,0.532601225012
decay,u25,a1,0.734887232365,0.734887232365,0.156689050993,0.213215094905,0.558896446057,0.910878018673
decay,u26,a1,0.758911747495,0.758911747495,0.300563087837,0.396044848205,0.421323806102,1
decay,u27,a1,0.727716478798,0.727716478798,0.1250635592,0.171857533591,0.587246969393,0.868185988202
decay,u28,a1,0.51660037061,0.51660037061,0.256516396495,0.496547062465,0.228485010705,0.804715730515
decay,u29,a1,0.187974170124,0.187974170124,0.209220488255,1.11302785971,0,0.422967476973
decay,u30,a1,0.31944039996,0.31944039996,0.0646503201779,0.202386173402,0.246826132332,0.392054667587
decay,u31,a1,0.787780884526,0.787780884526,0.12956094967,0.164463180327,0.642259973762,0.93330179529
decay,u32,a1,0.650420552778,0.650420552778,0.270671420294,0.416148319941,0.346406482958,0.954434622598
decay,u33,a1,0.671318778059,0.671318778059,0.268244385545,0.399578254493,0.370030717179,0.972606838938
decay,u34,a1,0.638516228317,0.638516228317,0.347014281739,0.543469791916,0.248755004312,1
decay,u35,a1,0.763951152717,0.763951152717,0.111621925166,0.146111338099,0.638579084569,0.889323220866
decay,u36,a1,0.807684993321,0.807684993321,0.14567421698,0.180360187678,0.644065902971,0.97130408367
decay,u37,a1,0.268342777148,0.268342777148,0.23304306955,0.868452924379,0.00659230515366,0.530093249142
decay,u38,a1,0.747003664912,0.747003664912,0.269487579257,0.360758041647,0.444319267546,1
decay,u39,a1,0.816209564315,0.816209564315,0.171622521351,0.210267716594,0.623445728621,1
decay,u40,a1,0.102399809837,0.102399809837,0.0716873425058,0.700073004235,0.0218816645298,0.182917955144
decay,u01,P9,0.182676437405,0.182676437405,0.0993189113278,0.543687586306,0.0711229294283,0.294229945382
decay,u02,P9,0.464952340249,0.464952340249,0.297046529276,0.638875221312,0.131314144561,0.798590535936
decay,u03,P9,0.197930183888,0.197930183888,0.225774141751,1.14067565298,0,0.451516305464
decay,u04,P9,0.197948999292,0.197948999292,0.169585654071,0.856713874167,0.00747294230301,0.38842505628
decay,u05,P9,0.252601897278,0.252601897278,0.10067044687,0.398534009266,0.139530364899,0.365673429656
decay,u06,P9,0.136746179233,0.136746179233,0.168440188046,1.23177253647,0,0.325935666004
decay,u07,P9,0.359865649833,0.359865649833,0.211322431886,0.587225904957,0.1225114715,0.597219828166
decay,u08,P9,0.360608080356,0.360608080356,0.238764188249,0.662115468997,0.0924317338543,0.628784426858
decay,u09,P9,0.283066658638,0.283066658638,0.310691715382,1.09759205439,0,0.632030922209
decay,u10,P9,0.343097491752,0.343097491752,0.215671238119,0.628600451196,0.100858799641,0.585336183863
decay,u11,P9,0.143958461289,0.143958461289,0.161080061474,1.11893430946,0,0.324881164552
decay,u12,P9,0.300076092298,0.300076092298,0.351460775297,1.17123884347,0,0.694831551016
decay,u13,P9,0.5498904706,0.5498904706,0.3690627654,0.671156866925,0.135364721238,0.964416219962
decay,u14,P9,0.163513939581,0.163513939581,0.219628500953,1.34317906789,0,0.41019736981
decay,u15,P9,0.319717757211,0.319717757211,0.297865240612,0.931650600863,0,0.654275517162
decay,u16,P9,0.188250358769,0.188250358769,0.146943595055,0.780575378532,0.0232055220511,0.353295195488
decay,u17,P9,0.209054872381,0.209054872381,0.26608816692,1.27281494992,0,0.507921100919
decay,u18,P9,0.144120489525,0.144120489525,0.116363648337,0.807405308714,0.0134225892015,0.274818389849
decay,u19,P9,0.335940912661,0.335940912661,0.035498670361,0.105669387154,0.296069339822,0.375812485499
decay,u20,P9,0.295439680599,0.295439680599,0.205865497827,0.696810588916,0.0642146485583,0.52666471264
decay,u21,P9,0.365766724218,0.365766724218,0.250784303339,0.685640017897,0.0840895651658,0.647443883271
decay,u22,P9,0.213377927335,0.213377927335,0.14676213732,0.687803744054,0.0485369012174,0.378218953453
decay,u23,P9,0.177224639105,0.177224639105,0.178756437644,1.00864325946,0,0.378001182324
decay,u24,P9,0.278824272847,0.278824272847,0.122592293751,0.439675830585,0.14113045164,0.416518094054
decay,u25,P9,0.302719937658,0.302719937658,0.253940519157,0.838862881387,0.0174977644516,0.587942110865
decay,u26,P9,0.440942371622,0.440942371622,0.236997544696,0.537479634412,0.174750292598,0.707134450646
decay,u27,P9,0.181515638498,0.181515638498,0.215089826895,1.18496581713,0,0.423101298263
decay,u28,P9,0.701276126809,0.701276126809,0.211722117984,0.301909775464,0.463473027061,0.939079226557
decay,u29,P9,0.256280355227,0.256280355227,0.121277824997,0.473223259308,0.120062925562,0.392497784893
decay,u30,P9,0.401066877442,0.401066877442,0.125895668862,0.313901934922,0.259662754975,0.542470999908
decay,u31,P9,0.240644506022,0.240644506022,0.104011900737,0.432222212159,0.123819902898,0.357469109145
decay,u32,P9,0.278456201498,0.278456201498,0.0381621690041,0.137049089942,0.235593027028,0.321319375968
decay,u33,P9,0.23418368738,0.23418368738,0.062164326324,0.265451138034,0.164361650673,0.304005724087
decay,u34,P9,0.414007750835,0.414007750835,0.376569378773,0.909570842607,0,0.836964815478
decay,u35,P9,0.196913305131,0.196913305131,0.149441220239,0.758918855886,0.0290631733576,0.364763436905
decay,u36,P9,0.335642893533,0.335642893533,0.261270520018,0.778418149325,0.0421877735635,0.629098013503
decay,u37,P9,0.37200880336,0.37200880336,0.339649957103,0.913015912621,0,0.753498528654
decay,u38,P9,0.327346880984,0.327346880984,0.089259713852,0.272676231354,0.227091712375,0.427602049592
decay,u39,P9,0.123183779982,0.123183779982,0.073594172492,0.597433951961,0.0405239119026,0.205843648061
decay,u40,P9,0.229126373242,0.229126373242,0.119382234988,0.521032272711,0.0950380417749,0.363214704708
decay,u01,_x,0.159598788685,0.159598788685,0.027264409126,0.170830927669,0.128975814266,0.190221763104
decay,u02,_x,0.44225047566,0.44225047566,0.152886763344,0.345701749931,0.270530361674,0.613970589647
decay,u03,_x,0.240260629693,0.240260629693,0.268188685204,1.11624066559,0,0.541486128787
decay,u04,_x,0.302511311608,0.302511311608,0.292783623175,0.967843554736,0,0.631361475254
decay,u05,_x,0.273321176703,0.273321176703,0.291213313635,1.06546194901,0,0.600407592283
decay,u06,_x,0.118116550956,0.118116550956,0.10598694357,0.897308147858,0,0.237159492496
decay,u07,_x,0.216108621698,0.216108621698,0.168005552071,0.777412537968,0.0274073115192,0.404809931877
decay,u08,_x,0.17704976136,0.17704976136,0.201422333883,1.13765944859,0,0.40328429846
decay,u09,_x,0.219784097257,0.219784097257,0.267886215275,1.21886077573,0,0.520669866675
decay,u10,_x,0.430438712175,0.430438712175,0.161679541757,0.37561570831,0.248842681671,0.612034742679
decay,u11,_x,0.293927060217,0.293927060217,0.119339533588,0.406017511623,0.159886690321,0.427967430112
decay,u12,_x,0.134213160611,0.134213160611,0.141590907242,1.05497036652,0,0.293245938853
decay,u13,_x,0.468065488311,0.468065488311,0.235749904229,0.503668632097,0.203274740302,0.73285623632
decay,u14,_x,0.263558013561,0.263558013561,0.2307253087,0.875425131577,0.00441081570728,0.522705211415
decay,u15,_x,0.475167912458,0.475167912458,0.250417595773,0.527008640961,0.193902633831,0.756433191085
decay,u16,_x,0.373249780285,0.373249780285,0.150487246727,0.403181072503,0.204224767287,0.542274793284
decay,u17,_x,0.382004483554,0.382004483554,0.222253260157,0.581807988454,0.132372963249,0.631636003859
decay,u18,_x,0.203635615322,0.203635615322,0.18287878077,0.898068741467,0,0.409042312362
decay,u19,_x,0.147104543062,0.147104543062,0.14190282875,0.964639336055,0,0.306487666853
decay,u20,_x,0.411971270317,0.411971270317,0.211312987842,0.512931369412,0.174627699393,0.649314841241
decay,u21,_x,0.325596963668,0.325596963668,0.141355975353,0.434144021987,0.166828057391,0.484365869945
decay,u22,_x,0.287230582229,0.287230582229,0.301579151281,1.04995487925,0,0.625959750806
decay,u23,_x,0.415449018116,0.415449018116,0.155233833729,0.373653148667,0.241092709959,0.589805326272
decay,u24,_x,0.110407451371,0.110407451371,0.177637617943,1.60892780095,0,0.309927353123
decay,u25,_x,0.277795522012,0.277795522012,0.238184168991,0.857408237778,0.0102706444206,0.545320399603
decay,u26,_x,0.218145171946,0.218145171946,0.257258993722,1.17930179901,0,0.507094605892
decay,u27,_x,0.267445937759,0.267445937759,0.118718867003,0.443898561322,0.13410269124,0.400789184279
decay,u28,_x,0.291739752859,0.291739752859,0.191231901784,0.655487981701,0.0769509558833,0.506528549835
decay,u29,_x,0.350499921465,0.350499921465,0.304155691245,0.86777677431,0.00887682193779,0.692123020993
decay,u30,_x,0.172546328914,0.172546328914,0.125663410152,0.728287938332,0.031403075939,0.313689581889
decay,u31,_x,0.315036417164,0.315036417164,0.0838889305296,0.266283280151,0.220813631635,0.409259202693
decay,u32,_x,0.150689727457,0.150689727457,0.112450873571,0.746241137129,0.024386596923,0.27699285799
decay,u33,_x,0.205314247445,0.205314247445,0.169909745714,0.827559450104,0.014474175595,0.396154319294
decay,u34,_x,0.234310848497,0.234310848497,0.20193388626,0.861820472912,0.00750174345801,0.461119953536
decay,u35,_x,0.38638598654,0.38638598654,0.193725960187,0.501379363992,0.168795900663,0.603976072417
decay,u36,_x,0.31408013946,0.31408013946,0.277288641588,0.882859521347,0.00263370616988,0.625526572749
decay,u37,_x,0.199214719866,0.199214719866,0.179144412588,0.899252890089,0,0.400427030709
decay,u38,_x,0.322288719968,0.322288719968,0.326236786282,1.01225009152,0,0.688712973458
decay,u39,_x,0.145208768242,0.145208768242,0.0657621558298,0.452880061073,0.071345703526,0.219071832958
decay,u40,_x,0.179675655703,0.179675655703,0.171037494215,0.95192358445,0,0.371782397714
decay,u01,sp1,0.631855840907,0.631855840907,0.27858811841,0.44090455508,0.318949854788,0.944761827025
decay,u02,sp1,0.748283478089,0.748283478089,0.139173913274,0.185990894292,0.591965431134,0.904601525045
decay,u03,sp1,0.636629542658,0.636629542658,0.193736167687,0.304315390201,0.41902799187,0.854231093445
decay,u04,sp1,0.587022019634,0.587022019634,0.170826265421,0.291004868145,0.395152526628,0.778891512639
decay,u05,sp1,0.487103034511,0.487103034511,0.14749068456,0.302791553553,0.321443715086,0.652762353935
decay,u06,sp1,0.836815381136,0.836815381136,0.107483934615,0.128444023661,0.716091041761,0.95753972051
decay,u07,sp1,0.68884890922,0.68884890922,0.201271328779,0.292185014863,0.462783978782,0.914913839657
decay,u08,sp1,0.672218227406,0.672218227406,0.0983584347956,0.146319202285,0.56174351223,0.782692942582
decay,u09,sp1,0.828134576865,0.828134576865,0.1815641566,0.219244747982,0.624204445928,1
decay,u10,sp1,0.670423592349,0.670423592349,0.19345011645,0.288549088454,0.45314333001,0.887703854688
decay,u11,sp1,0.671155265358,0.671155265358,0.300958794139,0.448419031591,0.333122872595,1
decay,u12,sp1,0.763567210201,0.763567210201,0.230657663443,0.302079057823,0.504495990484,1
decay,u13,sp1,0.628519675337,0.628519675337,0.16306559013,0.259443890986,0.445366856139,0.811672494534
decay,u14,sp1,0.775562339439,0.775562339439,0.129928701731,0.167528379247,0.629628375089,0.92149630379
decay,u15,sp1,0.667109990386,0.667109990386,0.121533871003,0.182179659659,0.530604973696,0.803615007075
decay,u16,sp1,0.697091890497,0.697091890497,0.191990430658,0.275416244652,0.481451125293,0.9127326557
decay,u17,sp1,0.758982479,0.758982479,0.121218901311,0.159712384231,0.622831231533,0.895133726467
decay,u18,sp1,0.623544795871,0.623544795871,0.172890638089,0.277270597451,0.429356630522,0.817732961219
decay,u19,sp1,0.619913358365,0.619913358365,0.261069261916,0.421138306496,0.326684288469,0.91314242826
decay,u20,sp1,0.618895075498,0.618895075498,0.259792121007,0.419767633145,0.327100471071,0.910689679926
decay,u21,sp1,0.570708520089,0.570708520089,0.245353591436,0.429910510882,0.295131054997,0.846285985181
decay,u22,sp1,0.393103884121,0.393103884121,0.248825623021,0.632976760272,0.113626685353,0.672581082889
decay,u23,sp1,0.841002892825,0.841002892825,0.161983926224,0.192608048802,0.659064982264,1
decay,u24,sp1,0.665514959012,0.665514959012,0.212186515543,0.318830572731,0.427190254907,0.903839663117
decay,u25,sp1,0.820132960632,0.820132960632,0.10287039265,0.125431360021,0.704590482229,0.935675439034
decay,u26,sp1,0.566972094525,0.566972094525,0.111588967094,0.196815624915,0.441637044388,0.692307144662
decay,u27,sp1,0.802860757717,0.802860757717,0.183073493107,0.22802645583,0.597235362707,1
decay,u28,sp1,0.797156463617,0.797156463617,0.030905871273,0.0387701444868,0.762443453663,0.831869473571
decay,u29,sp1,0.697570884222,0.697570884222,0.295514896725,0.423634218986,0.365652995189,1
decay,u30,sp1,0.749860727963,0.749860727963,0.147901157764,0.197238170034,0.583740371207,0.915981084719
decay,u31,sp1,0.780988374861,0.780988374861,0.193265864063,0.247463176513,0.563915062033,0.998061687688
decay,u32,sp1,0.567535634754,0.567535634754,0.18317537956,0.322755732579,0.361795802413,0.773275467094
decay,u33,sp1,0.7308888235,0.7308888235,0.131303486845,0.179649055538,0.583410721179,0.87836692582
decay,u34,sp1,0.808286992916,0.808286992916,0.186405940648,0.230618508378,0.598918642931,1
decay,u35,sp1,0.699875587896,0.699875587896,0.11796462959,0.168550856224,0.567379489499,0.832371686293
decay,u36,sp1,0.741886510981,0.741886510981,0.245198207549,0.330506356322,0.466483570735,1
decay,u37,sp1,0.666729369699,0.666729369699,0.333220392445,0.499783581749,0.292461234762,1
decay,u38,sp1,0.666125739702,0.666125739702,0.136397433073,0.204762291776,0.512926193565,0.81932528584
decay,u39,sp1,0.703292977937,0.703292977937,0.14260427214,0.202766523502,0.543122003478,0.863463952397
decay,u40,sp1,0.709456499342,0.709456499342,0.153566049113,0.21645590569,0.536973421793,0.881939576892
decay,u01,sp2,0.261864031677,0.261864031677,0.0764627031448,0.291993912471,0.175982273096,0.347745790258
decay,u02,sp2,0.328747382451,0.328747382451,0.183660865694,0.558668678437,0.122462259384,0.535032505519
decay,u03,sp2,0.345184821476,0.345184821476,0.174214640998,0.504699599052,0.149509555966,0.540860086985
decay,u04,sp2,0.183824958203,0.183824958203,0.203146405407,1.10510785583,0,0.411995946517
decay,u05,sp2,0.203971982694,0.203971982694,0.161403207179,0.791300869104,0.0226863270341,0.385257638354
decay,u06,sp2,0.260614505718,0.260614505718,0.195665589998,0.750785492383,0.0408458567992,0.480383154637
decay,u07,sp2,0.325037213541,0.325037213541,0.221665907999,0.68197085984,0.0760653983499,0.574009028732
decay,u08,sp2,0.759714171946,0.759714171946,0.204449970449,0.269114330098,0.530079038975,0.989349304918
decay,u09,sp2,0.260129483149,0.260129483149,0.0551320955516,0.211940972181,0.198205942319,0.32205302398
decay,u10,sp2,0.250431473636,0.250431473636,0.0904878809471,0.36132790992,0.148796846211,0.352066101061
decay,u11,sp2,0.679094626252,0.679094626252,0.204287886261,0.300823888695,0.449641543804,0.908547708701
decay,u12,sp2,0.499883164862,0.499883164862,0.130959368753,0.261979954434,0.352791570809,0.646974758915
decay,u13,sp2,0.254872845056,0.254872845056,0.191596294176,0.751732865594,0.0396747680236,0.470070922089
decay,u14,sp2,0.227189246837,0.227189246837,0.220243635077,0.969428078761,0,0.474563586466
decay,u15,sp2,0.12856139915,0.12856139915,0.0857482753489,0.66698305958,0.0322502254746,0.224872572825
decay,u16,sp2,0.206344228519,0.206344228519,0.156491668739,0.758400997506,0.030575138992,0.382113318047
decay,u17,sp2,0.272943489323,0.272943489323,0.235654841909,0.863383268434,0.00825951388187,0.537627464764
decay,u18,sp2,0.377203578889,0.377203578889,0.143581945738,0.380648418451,0.215934496142,0.538472661635
decay,u19,sp2,0.169795890902,0.169795890902,0.134567415436,0.792524570068,0.0186517930599,0.320939988744
decay,u20,sp2,0.267387968627,0.267387968627,0.224157509548,0.838323095462,0.0156176240351,0.519158313218
decay,u21,sp2,0.433658199069,0.433658199069,0.0957021194741,0.220685599118,0.326167017325,0.541149380813
decay,u22,sp2,0.33287577897,0.33287577897,0.117417757033,0.352737460791,0.200993919607,0.464757638332
decay,u23,sp2,0.656060613501,0.656060613501,0.21275358164,0.324289520301,0.417098989281,0.89502223772
decay,u24,sp2,0.186538980569,0.186538980569,0.169363135103,0.907923558854,0,0.376765107598
decay,u25,sp2,0.202811581014,0.202811581014,0.215893902479,1.0645048049,0,0.445300366386
decay,u26,sp2,0.170440703977,0.170440703977,0.160320755064,0.94062481158,0,0.350510565697
decay,u27,sp2,0.525030814695,0.525030814695,0.254747618507,0.485205080116,0.238902119633,0.811159509757
decay,u28,sp2,0.680593162433,0.680593162433,0.141853367056,0.208426083137,0.521265593274,0.839920731592
decay,u29,sp2,0.35659793867,0.35659793867,0.250898325023,0.703588826,0.0747927121766,0.638403165164
decay,u30,sp2,0.431313255136,0.431313255136,0.210292772901,0.487563900243,0.195115574295,0.667510935977
decay,u31,sp2,0.479271253922,0.479271253922,0.086250405139,0.179961565467,0.382396095615,0.576146412228
decay,u32,sp2,0.335084558041,0.335084558041,0.189047535683,0.564178596557,0.122749208227,0.547419907854
decay,u33,sp2,0.172482683939,0.172482683939,0.122766881666,0.71176351656,0.0345927682106,0.310372599667
decay,u34,sp2,0.114009071754,0.114009071754,0.163146737434,1.43099785766,0,0.297253034383
decay,u35,sp2,0.160165222953,0.160165222953,0.162868016568,1.0168750342,0,0.343096130496
decay,u36,sp2,0.755240673312,0.755240673312,0.0724840438398,0.0959747619548,0.673827685045,0.83665366158
decay,u37,sp2,0.80336272776,0.80336272776,0.141474683738,0.176103121106,0.64446049001,0.962264965511
decay,u38,sp2,0.849873205748,0.849873205748,0.187403960615,0.220508140917,0.639383894741,1
decay,u39,sp2,0.314282795871,0.314282795871,0.150444393868,0.478691152824,0.145305914559,0.483259677182
decay,u40,sp2,0.752601631313,0.752601631313,0.175515264744,0.233211379622,0.555465524765,0.94973773786
decay,u01,sp3,0.569417156361,0.569417156361,0.211289491774,0.371062742691,0.332099975867,0.806734336855
decay,u02,sp3,0.391098807003,0.391098807003,0.160615893446,0.41067855634,0.210697450291,0.571500163716
decay,u03,sp3,0.666738213541,0.666738213541,0.0797935818956,0.119677529014,0.577115262026,0.756361165056
decay,u04,sp3,0.72750817478,0.72750817478,0.21889983875,0.300889868099,0.481643166981,0.973373182579
decay,u05,sp3,0.233018866005,0.233018866005,0.0208369233519,0.0894216151211,0.209615146973,0.256422585038
decay,u06,sp3,0.148660033296,0.148660033296,0.160202943869,1.07764636074,0,0.328597571252
decay,u07,sp3,0.44424118571,0.44424118571,0.162189609531,0.365093590482,0.262072254751,0.626410116668
decay,u08,sp3,0.373954313126,0.373954313126,0.36212211253,0.968359234857,0,0.780684425536
decay,u09,sp3,0.397104314037,0.397104314037,0.116254609876,0.292755847183,0.266528884073,0.527679744001
decay,u10,sp3,0.643632053132,0.643632053132,0.211918346642,0.329253873561,0.405608552306,0.881655553959
decay,u11,sp3,0.401903502581,0.401903502581,0.2298868305,0.57199509092,0.143698070835,0.660108934326
decay,u12,sp3,0.253304443579,0.253304443579,0.144195945511,0.569259439248,0.091345725519,0.415263161638
decay,u13,sp3,0.19157880083,0.19157880083,0.109775420918,0.573004009017,0.0682806984913,0.314876903168
decay,u14,sp3,0.788070017508,0.788070017508,0.172254282017,0.218577382961,0.594596597732,0.981543437284
decay,u15,sp3,0.343179863577,0.343179863577,0.18622605912,0.542648560959,0.134013553819,0.552346173334
decay,u16,sp3,0.309461592855,0.309461592855,0.29305062595,0.946969293495,0,0.638611650003
decay,u17,sp3,0.374758837365,0.374758837365,0.112541481038,0.300303741545,0.248353937887,0.501163736843
decay,u18,sp3,0.232921659043,0.232921659043,0.208996678032,0.897283141857,0,0.467663585613
decay,u19,sp3,0.307014459164,0.307014459164,0.102151788142,0.33272631009,0.192279106541,0.421749811787
decay,u20,sp3,0.789078531019,0.789078531019,0.0961623872578,0.12186668814,0.68107038342,0.897086678618
decay,u21,sp3,0.148777246129,0.148777246129,0.11172247948,0.750937945059,0.0232922368874,0.27426225537
decay,u22,sp3,0.373245688999,0.373245688999,0.184378967391,0.493988203548,0.166154004902,0.580337373096
decay,u23,sp3,0.388591111831,0.388591111831,0.326225907452,0.839509441981,0.0221790772781,0.755003146384
decay,u24,sp3,0.238274809635,0.238274809635,0.0953866718021,0.400322098456,0.131137933973,0.345411685296
decay,u25,sp3,0.189399484263,0.189399484263,0.200856205574,1.06048971757,0,0.414998154557
decay,u26,sp3,0.315876269204,0.315876269204,0.266263184024,0.842935066616,0.0168134640861,0.614939074321
decay,u27,sp3,0.334198633539,0.334198633539,0.22484339952,0.672783718888,0.0816579076438,0.586739359434
decay,u28,sp3,0.301574223257,0.301574223257,0.133415651139,0.442397396231,0.151723769757,0.451424676757
decay,u29,sp3,0.751418650946,0.751418650946,0.149229460169,0.198596960537,0.5838063649,0.919030936993
decay,u30,sp3,0.265867555207,0.265867555207,0.150448173602,0.565876394675,0.0968864285555,0.434848681858
decay,u31,sp3,0.203844624127,0.203844624127,0.177668300854,0.871586884444,0.00429025979166,0.403398988463
decay,u32,sp3,0.512896817529,0.512896817529,0.329998499477,0.643401339604,0.142247464333,0.883546170724
decay,u33,sp3,0.65179857059,0.65179857059,0.132096246173,0.202664215807,0.503430052911,0.800167088269
decay,u34,sp3,0.285053533448,0.285053533448,0.0922843985989,0.323744096355,0.181401084407,0.388705982489
decay,u35,sp3,0.351624866815,0.351624866815,0.279053548149,0.79361152889,0.0381961170108,0.665053616619
decay,u36,sp3,0.496049621293,0.496049621293,0.111939221839,0.225661339177,0.370321170292,0.621778072295
decay,u37,sp3,0.219222214148,0.219222214148,0.136114487156,0.6208973287,0.06634046861,0.372103959687
decay,u38,sp3,0.71902725129,0.71902725129,0.142632779235,0.198369086816,0.55882425809,0.879230244491
decay,u39,sp3,0.194127391054,0.194127391054,0.142103649073,0.732012356945,0.0345187088958,0.353736073211
decay,u40,sp3,0.273639178524,0.273639178524,0.182148514689,0.665652176239,0.0690527053675,0.478225651681
decay_min_score,u01,a1,0.1847786,0.1847786,0.104253925319,0.564209953527,0.0344233792612,0.335133820739
decay_min_score,u02,a1,0.334916533333,0.334916533333,0.173459886091,0.517919746645,0.0847523368021,0.585080729865
decay_min_score,u03,a1,0.587615933333,0.587615933333,0.0739544284331,0.125855042789,0.480958707932,0.694273158734
decay_min_score,u04,a1,0.886868333333,0.886868333333,0.0713510295726,0.0804527875118,0.783965735004,0.989770931663
decay_min_score,u05,a1,0.6951456,0.6951456,0.381050242617,0.548158893068,0.145594173844,1
decay_min_score,u06,a1,0.345233,0.345233,0.252047126343,0.730078313323,0,0.708735872454
decay_min_score,u07,a1,0.799623133333,0.799623133333,0.240460824754,0.300717694037,0.45283004833,1
decay_min_score,u08,a1,0.249866533333,0.249866533333,0.194164515979,0.777072917245,0,0.529890988724
decay_min_score,u09,a1,0.815297066667,0.815297066667,0.0578578435868,0.0709653523265,0.7318543683,0.898739765034
decay_min_score,u10,a1,0.581947666667,0.581947666667,0.183477882774,0.315282444253,0.317335495175,0.846559838159
decay_min_score,u11,a1,0.363034933333,0.363034933333,0.412199930617,1.13542773097,0,0.957510502161
decay_min_score,u12,a1,0.2821376,0.2821376,0.303118153103,1.07436283963,0,0.719295209946
decay_min_score,u13,a1,0.123322666667,0.123322666667,0.0621484157281,0.503949658306,0.0336920965295,0.212953236804
decay_min_score,u14,a1,0.280722066667,0.280722066667,0.181396412331,0.646177959877,0.019111796033,0.5423323373
decay_min_score,u15,a1,0.633073533333,0.633073533333,0.19371863061,0.305997045225,0.353692134719,0.912454931948
decay_min_score,u16,a1,0.285169466667,0.285169466667,0.0686731638487,0.240815276093,0.186128891669,0.384210041664
decay_min_score,u17,a1,0.7072742,0.7072742,0.111676059354,0.157896413236,0.54621476263,0.86833363737
decay_min_score,u18,a1,0.886425666667,0.886425666667,0.0504190267608,0.0568790239912,0.813711244885,0.959140088449
decay_min_score,u19,a1,0.739209133333,0.739209133333,0.256314250619,0.346741184681,0.369552205668,1
decay_min_score,u20,a1,0.283561666667,0.283561666667,0.259899577445,0.916553991591,0,0.65838935989
decay_min_score,u21,a1,0.194613133333,0.194613133333,0.138381248229,0.711058117499,0,0.394186847799
decay_min_score,u22,a1,0.284653866667,0.284653866667,0.236035398305,0.829201447599,0,0.625064592745
decay_min_score,u23,a1,0.183567866667,0.183567866667,0.176347046195,0.960664027955,0,0.437895931305
decay_min_score,u24,a1,0.2455584,0.2455584,0.162482214936,0.661684613256,0.0112262228844,0.479890577116
decay_min_score,u25,a1,0.758402733333,0.758402733333,0.0757550098149,0.0998875748798,0.649148705843,0.867656760824
decay_min_score,u26,a1,0.8179928,0.8179928,0.29889595254,0.365401691237,0.386924456198,1
decay_min_score,u27,a1,0.754799266667,0.754799266667,0.127160318835,0.168469054557,0.571408399136,0.938190134197
decay_min_score,u28,a1,0.513521066667,0.513521066667,0.23974540048,0.466865754966,0.16775976799,0.859282365343
decay_min_score,u29,a1,0.1418258,0.1418258,0.0736755262433,0.519479010471,0.0355708078978,0.248080792102
decay_min_score,u30,a1,0.3357602,0.3357602,0.02587001609,0.077049084704,0.298450410773,0.373069989227
decay_min_score,u31,a1,0.789186933333,0.789186933333,0.125893786237,0.159523404303,0.607622661662,0.970751205004
decay_min_score,u32,a1,0.6288332,0.6288332,0.264723911556,0.420976359957,0.247047842421,1
decay_min_score,u33,a1,0.715061933333,0.715061933333,0.30252244843,0.423071672995,0.278763449865,1
decay_min_score,u34,a1,0.708956466667,0.708956466667,0.343904051666,0.485084864637,0.212977351797,1
decay_min_score,u35,a1,0.7817122,0.7817122,0.10916420997,0.139647571025,0.624275356862,0.939149043138
decay_min_score,u36,a1,0.841844866667,0.841844866667,0.0740018699089,0.0879044023893,0.735119221074,0.948570512259
decay_min_score,u37,a1,0.227684,0.227684,0.258187859442,1.13397454122,0,0.600043050077
decay_min_score,u38,a1,0.794765266667,0.794765266667,0.275391897262,0.346507212648,0.39759451865,1
decay_min_score,u39,a1,0.858768,0.858768,0.153690131279,0.178965833938,0.637115783614,1
decay_min_score,u40,a1,0.0932072666667,0.0932072666667,0.0302469176953,0.324512441755,0.0495851011431,0.13682943219
decay_min_score,u01,P9,0.166009733333,0.166009733333,0.110086208416,0.663131047831,0.00724318218426,0.324776284482
decay_min_score,u02,P9,0.4187916,0.4187916,0.323279217645,0.771933385591,0,0.88502553777
decay_min_score,u03,P9,0.171467133333,0.171467133333,0.219886547635,1.28238306293,0,0.488587954502
decay_min_score,u04,P9,0.168781666667,0.168781666667,0.187487967038,1.11083135237,0,0.439177189748
decay_min_score,u05,P9,0.2586752,0.2586752,0.112600889055,0.43529835506,0.0962819713763,0.421068428624
decay_min_score,u06,P9,0.0948146,0.0948146,0.123551020137,1.3030801178,0,0.273000129691
decay_min_score,u07,P9,0.323802333333,0.323802333333,0.234915593422,0.725490736908,0,0.662598074559
decay_min_score,u08,P9,0.314826666667,0.314826666667,0.262423126895,0.833547963625,0,0.693293827981
decay_min_score,u09,P9,0.218703933333,0.218703933333,0.299840467622,1.37098799757,0,0.651134458687
decay_min_score,u10,P9,0.329498666667,0.329498666667,0.138105413506,0.419138004116,0.130322761593,0.528674571741
decay_min_score,u11,P9,0.120752933333,0.120752933333,0.158597582177,1.3134056275,0,0.349482685272
decay_min_score,u12,P9,0.219560533333,0.219560533333,0.331950065914,1.51188403888,0,0.698299585913
decay_min_score,u13,P9,0.624434133333,0.624434133333,0.400445767313,0.6412938466,0.0469104424579,1
decay_min_score,u14,P9,0.106668133333,0.106668133333,0.0664697745837,0.623145568471,0.0108052907647,0.202530975902
decay_min_score,u15,P9,0.264158266667,0.264158266667,0.291422862156,1.10321310718,0,0.684448904489
decay_min_score,u16,P9,0.211685933333,0.211685933333,0.158834388098,0.750330386138,0,0.440757207248
decay_min_score,u17,P9,0.134170266667,0.134170266667,0.178901095806,1.33338853869,0,0.39218178679
decay_min_score,u18,P9,0.123166466667,0.123166466667,0.0290362247254,0.23574780954,0.0812903649787,0.165042568355
decay_min_score,u19,P9,0.346047466667,0.346047466667,0.0253503893961,0.0732569714793,0.309487084103,0.382607849231
decay_min_score,u20,P9,0.239646266667,0.239646266667,0.117999709956,0.49239118805,0.069466847683,0.40982568565
decay_min_score,u21,P9,0.306497866667,0.306497866667,0.251069611557,0.819156147112,0,0.668590965329
decay_min_score,u22,P9,0.1933284,0.1933284,0.0713875305311,0.369255269951,0.0903731599149,0.296283640085
decay_min_score,u23,P9,0.130825133333,0.130825133333,0.167361049865,1.27927291645,0,0.372193575994
decay_min_score,u24,P9,0.258813266667,0.258813266667,0.11945020131,0.461530441805,0.0865419461356,0.431084587198
decay_min_score,u25,P9,0.237984066667,0.237984066667,0.227467031834,0.95580781949,0,0.566037477391
decay_min_score,u26,P9,0.460280466667,0.460280466667,0.245242472018,0.532810948494,0.106591280365,0.813969652969
decay_min_score,u27,P9,0.145633066667,0.145633066667,0.214260865071,1.47123774823,0,0.454640517128
decay_min_score,u28,P9,0.722381533333,0.722381533333,0.221120376752,0.306099154738,0.403481281331,1
decay_min_score,u29,P9,0.233168533333,0.233168533333,0.112579849829,0.48282608386,0.0708056475237,0.395531419143
decay_min_score,u30,P9,0.4052004,0.4052004,0.133328953943,0.329044477603,0.212913114513,0.597487685487
decay_min_score,u31,P9,0.215929066667,0.215929066667,0.08734625353,0.404513643662,0.0899581241813,0.341900009152
decay_min_score,u32,P9,0.268449533333,0.268449533333,0.0266698759964,0.0993478202971,0.229986184541,0.306912882126
decay_min_score,u33,P9,0.231511733333,0.231511733333,0.0612819853708,0.26470358322,0.1431307308,0.319892735867
decay_min_score,u34,P9,0.331227,0.331227,0.381109593182,1.15059941726,0,0.88086402166
decay_min_score,u35,P9,0.159612666667,0.159612666667,0.0637996292674,0.399715327109,0.0676007130426,0.251624620291
decay_min_score,u36,P9,0.298297733333,0.298297733333,0.283608818521,0.950757537954,0,0.707318941713
decay_min_score,u37,P9,0.299495333333,0.299495333333,0.316719663692,1.05751118112,0,0.756269069201
decay_min_score,u38,P9,0.302498533333,0.302498533333,0.0422094129031,0.139535925804,0.241624033166,0.363373033501
decay_min_score,u39,P9,0.1050622,0.1050622,0.0695453327541,0.661944379178,0.00476378125348,0.205360618747
decay_min_score,u40,P9,0.223592,0.223592,0.125119866607,0.559590086437,0.0431438767766,0.404040123223
decay_min_score,u01,_x,0.1554218,0.1554218,0.015179816023,0.0976685125444,0.133529438807,0.177314161193
decay_min_score,u02,_x,0.444377333333,0.444377333333,0.162719548499,0.366174276439,0.209702873275,0.679051793391
decay_min_score,u03,_x,0.168675866667,0.168675866667,0.229474479819,1.36044642517,0,0.499624422912
decay_min_score,u04,_x,0.246819,0.246819,0.295227649434,1.19613015787,0,0.672596909687
decay_min_score,u05,_x,0.229626266667,0.229626266667,0.296451809197,1.29101872142,0,0.657169662026
decay_min_score,u06,_x,0.0888114,0.0888114,0.0782323909019,0.880882306797,0,0.201638311476
decay_min_score,u07,_x,0.2008558,0.2008558,0.143190931852,0.712904142435,0,0.40736604986
decay_min_score,u08,_x,0.128579533333,0.128579533333,0.17103257243,1.33016949118,0,0.375243053221
decay_min_score,u09,_x,0.210910533333,0.210910533333,0.293314049941,1.39070365669,0,0.633928645984
decay_min_score,u10,_x,0.4316706,0.4316706,0.165429399641,0.383230638456,0.193087987176,0.670253212824
decay_min_score,u11,_x,0.2666648,0.2666648,0.119700678987,0.448880688365,0.0940322400595,0.439297359941
decay_min_score,u12,_x,0.0946770666667,0.0946770666667,0.112978839638,1.19330735114,0,0.257615376381
decay_min_score,u13,_x,0.501774466667,0.501774466667,0.231988962558,0.462337121494,0.16719951836,0.836349414974
decay_min_score,u14,_x,0.276716666667,0.276716666667,0.220559220108,0.797057953772,0,0.594807617429
decay_min_score,u15,_x,0.438630666667,0.438630666667,0.257162482659,0.586284777152,0.0677504170483,0.809510916285
decay_min_score,u16,_x,0.346662666667,0.346662666667,0.122454890034,0.353239335552,0.170057978015,0.523267355318
decay_min_score,u17,_x,0.328839266667,0.328839266667,0.208304314783,0.633453288273,0.0284223650073,0.629256168326
decay_min_score,u18,_x,0.196285333333,0.196285333333,0.150662275748,0.76756766891,0,0.413570770383
decay_min_score,u19,_x,0.106703933333,0.106703933333,0.0875206265146,0.820219309453,0,0.232926356888
decay_min_score,u20,_x,0.366623866667,0.366623866667,0.206787601527,0.564032023902,0.0683943719159,0.664853361417
decay_min_score,u21,_x,0.292877666667,0.292877666667,0.146647749072,0.500713320825,0.0813819880612,0.504373345272
decay_min_score,u22,_x,0.2388338,0.2388338,0.300005800006,1.25612790152,0,0.671502768049
decay_min_score,u23,_x,0.420733266667,0.420733266667,0.158500324017,0.376724011565,0.192143780641,0.649322752693
decay_min_score,u24,_x,0.0680360666667,0.0680360666667,0.0334126415849,0.491101899652,0.0198482877835,0.11622384555
decay_min_score,u25,_x,0.237947933333,0.237947933333,0.246352218921,1.03531985115,0,0.593237598851
decay_min_score,u26,_x,0.154118266667,0.154118266667,0.187759678451,1.21828309201,0,0.424905652494
decay_min_score,u27,_x,0.255066466667,0.255066466667,0.119497025467,0.468493671584,0.0827276162424,0.427405317091
decay_min_score,u28,_x,0.325573,0.325573,0.209586934604,0.643747898639,0.0233063014564,0.627839698544
decay_min_score,u29,_x,0.278282,0.278282,0.307041781347,1.10334761626,0,0.721098274489
decay_min_score,u30,_x,0.1495242,0.1495242,0.0882938644498,0.590498825272,0.0221866111405,0.276861788859
decay_min_score,u31,_x,0.334412266667,0.334412266667,0.0875627938775,0.261840855152,0.208129029257,0.460695504077
decay_min_score,u32,_x,0.145530933333,0.145530933333,0.124398944587,0.854793834808,0,0.324939341371
decay_min_score,u33,_x,0.178528466667,0.178528466667,0.0713681031146,0.399757553779,0.0756012448407,0.281455688493
decay_min_score,u34,_x,0.222977066667,0.222977066667,0.132487157736,0.594173919839,0.0319038213621,0.414050311971
decay_min_score,u35,_x,0.367757866667,0.367757866667,0.211528852894,0.575185120609,0.0626905296603,0.672825203673
decay_min_score,u36,_x,0.2466916,0.2466916,0.230677432222,0.935084259949,0,0.579375056619
decay_min_score,u37,_x,0.151239466667,0.151239466667,0.156743323371,1.03639166962,0,0.377295002827
decay_min_score,u38,_x,0.235696533333,0.235696533333,0.295790612645,1.25496378102,0,0.662286349695
decay_min_score,u39,_x,0.134309866667,0.134309866667,0.0553993504013,0.412474167209,0.0544128121155,0.214206921218
decay_min_score,u40,_x,0.157712533333,0.157712533333,0.170857119792,1.08334522426,0,0.404123015074
decay_min_score,u01,sp1,0.704383533333,0.704383533333,0.251033160073,0.356387036598,0.342343005074,1
decay_min_score,u02,sp1,0.756701666667,0.756701666667,0.111672655229,0.147578180608,0.595647138732,0.917756194601
decay_min_score,u03,sp1,0.612293866667,0.612293866667,0.1933284209,0.315744500189,0.333475229281,0.891112504052
decay_min_score,u04,sp1,0.608432133333,0.608432133333,0.157082370266,0.2581756644,0.38188762306,0.834976643607
decay_min_score,u05,sp1,0.481621533333,0.481621533333,0.130888248321,0.271765773044,0.292854238402,0.670388828265
decay_min_score,u06,sp1,0.857135866667,0.857135866667,0.11814930181,0.13784197629,0.68674070601,1
decay_min_score,u07,sp1,0.687300666667,0.687300666667,0.214873495183,0.312633910607,0.377409679826,0.997191653508
decay_min_score,u08,sp1,0.674385933333,0.674385933333,0.100323114698,0.14876216976,0.529699735576,0.819072131091
decay_min_score,u09,sp1,0.852841333333,0.852841333333,0.0840039170905,0.0984988811016,0.731690715182,0.973991951485
decay_min_score,u10,sp1,0.630984333333,0.630984333333,0.207992534541,0.329631852255,0.331017081767,0.9309515849
decay_min_score,u11,sp1,0.737829066667,0.737829066667,0.277375795053,0.375935033714,0.337797137267,1
decay_min_score,u12,sp1,0.807054333333,0.807054333333,0.162281961318,0.201079350689,0.573010962388,1
decay_min_score,u13,sp1,0.658298266667,0.658298266667,0.17417271522,0.264580242785,0.407106026533,0.9094905068
decay_min_score,u14,sp1,0.812598733333,0.812598733333,0.0904058571113,0.111255227707,0.68221522441,0.942982242256
decay_min_score,u15,sp1,0.688241133333,0.688241133333,0.118559699369,0.172264768301,0.517254096492,0.859228170175
decay_min_score,u16,sp1,0.725913866667,0.725913866667,0.148226842975,0.204193430903,0.512140815659,0.939686917674
decay_min_score,u17,sp1,0.736599666667,0.736599666667,0.115099246129,0.156257532194,0.570603302447,0.902596030886
decay_min_score,u18,sp1,0.637382266667,0.637382266667,0.174375593324,0.273580867313,0.385897435323,0.888867098011
decay_min_score,u19,sp1,0.606082466667,0.606082466667,0.234697323982,0.387236616945,0.267601514068,0.944563419265
decay_min_score,u20,sp1,0.686276533333,0.686276533333,0.214368451453,0.312364536802,0.377113921575,0.995439145092
decay_min_score,u21,sp1,0.5067946,0.5067946,0.228259320945,0.450398092137,0.177598548326,0.835990651674
decay_min_score,u22,sp1,0.381702933333,0.381702933333,0.237842966567,0.623110135648,0.0386853286728,0.724720537994
decay_min_score,u23,sp1,0.8742604,0.8742604,0.167985515109,0.192145858499,0.631991352307,1
decay_min_score,u24,sp1,0.671278866667,0.671278866667,0.21870230349,0.325799476716,0.355865964785,0.986691768549
decay_min_score,u25,sp1,0.835203,0.835203,0.0366745426363,0.0439109325952,0.782310900861,0.888095099139
decay_min_score,u26,sp1,0.550991866667,0.550991866667,0.0990578905667,0.179781039539,0.408130377696,0.693853355637
decay_min_score,u27,sp1,0.8440764,0.8440764,0.162441766238,0.192449126925,0.609802558078,1
decay_min_score,u28,sp1,0.799675133333,0.799675133333,0.0292605982911,0.0365906066995,0.757475439638,0.841874827029
decay_min_score,u29,sp1,0.757926733333,0.757926733333,0.294794887134,0.388949055587,0.332772954306,1
decay_min_score,u30,sp1,0.767904066667,0.767904066667,0.168142758605,0.218963234998,0.525408242088,1
decay_min_score,u31,sp1,0.766321866667,0.766321866667,0.199189232397,0.259928942473,0.479050755155,1
decay_min_score,u32,sp1,0.6054102,0.6054102,0.166890271069,0.275664782438,0.364720715465,0.846099684535
decay_min_score,u33,sp1,0.7251114,0.7251114,0.145142131176,0.20016528657,0.515787126551,0.934435673449
decay_min_score,u34,sp1,0.857240866667,0.857240866667,0.120087750711,0.140086357733,0.684050071107,1
decay_min_score,u35,sp1,0.720130066667,0.720130066667,0.0789172559719,0.109587503181,0.606315441409,0.833944691924
decay_min_score,u36,sp1,0.808059933333,0.808059933333,0.214824150767,0.26585175419,0.498240111107,1
decay_min_score,u37,sp1,0.730656533333,0.730656533333,0.332531356859,0.45511309581,0.251079141785,1
decay_min_score,u38,sp1,0.676411333333,0.676411333333,0.138624708693,0.204941434097,0.476486499696,0.876336166971
decay_min_score,u39,sp1,0.6841726,0.6841726,0.141126174441,0.206272765733,0.480640147431,0.887705052569
decay_min_score,u40,sp1,0.735570466667,0.735570466667,0.172535656021,0.234560336283,0.486739196602,0.984401736732
decay_min_score,u01,sp2,0.243228666667,0.243228666667,0.0768907235421,0.316125251994,0.132336710555,0.354120622779
decay_min_score,u02,sp2,0.287217666667,0.287217666667,0.184279282216,0.641601487662,0.0214497152876,0.552985618046
decay_min_score,u03,sp2,0.387954,0.387954,0.171300577259,0.441548681698,0.140903963008,0.635004036992
decay_min_score,u04,sp2,0.149543933333,0.149543933333,0.193135583669,1.29149728353,0,0.428084460476
decay_min_score,u05,sp2,0.159118066667,0.159118066667,0.11038603209,0.693736634705,0,0.318317024122
decay_min_score,u06,sp2,0.245015933333,0.245015933333,0.186315761982,0.760423044522,0,0.513720899926
decay_min_score,u07,sp2,0.263551533333,0.263551533333,0.184690080519,0.70077406943,0,0.52991193885
decay_min_score,u08,sp2,0.792614733333,0.792614733333,0.198316358805,0.250205239021,0.50660248187,1
decay_min_score,u09,sp2,0.2594806,0.2594806,0.0520737793381,0.200684672912,0.184379690724,0.334581509276
decay_min_score,u10,sp2,0.239128266667,0.239128266667,0.0817947721578,0.342053966676,0.12116368178,0.357092851554
decay_min_score,u11,sp2,0.730953866667,0.730953866667,0.163645503234,0.223879386507,0.494943992828,0.966963740506
decay_min_score,u12,sp2,0.535656,0.535656,0.0579814920808,0.108243895487,0.452034975526,0.619277024474
decay_min_score,u13,sp2,0.2064404,0.2064404,0.184196695866,0.892251205995,0,0.472089245179
decay_min_score,u14,sp2,0.174385733333,0.174385733333,0.209968968885,1.20404900603,0,0.477203402486
decay_min_score,u15,sp2,0.104375133333,0.104375133333,0.0666285766108,0.638356804757,0.00828326616191,0.200467000505
decay_min_score,u16,sp2,0.185059133333,0.185059133333,0.0701762271605,0.379209747157,0.0838508374052,0.286267429261
decay_min_score,u17,sp2,0.209989533333,0.209989533333,0.127084022243,0.605192174227,0.0267087009015,0.393270365765
decay_min_score,u18,sp2,0.3665362,0.3665362,0.148185662206,0.404286567618,0.15282253998,0.58024986002
decay_min_score,u19,sp2,0.163009133333,0.163009133333,0.14269227484,0.875363680073,0,0.368800219047
decay_min_score,u20,sp2,0.204996533333,0.204996533333,0.161304433672,0.786864202285,0,0.437630111943
decay_min_score,u21,sp2,0.407054666667,0.407054666667,0.0478757684755,0.117615083172,0.338008137098,0.476101196235
decay_min_score,u22,sp2,0.3473572,0.3473572,0.133056948067,0.383055103124,0.155462201934,0.539252198066
decay_min_score,u23,sp2,0.7094846,0.7094846,0.182391718352,0.25707635987,0.446438897022,0.972530302978
decay_min_score,u24,sp2,0.158308933333,0.158308933333,0.114772937359,0.724993434937,0,0.323834694389
decay_min_score,u25,sp2,0.150287533333,0.150287533333,0.173689520852,1.15571476223,0,0.400782909579
decay_min_score,u26,sp2,0.153038533333,0.153038533333,0.178285820037,1.16497339692,0,0.410162701506
decay_min_score,u27,sp2,0.566992066667,0.566992066667,0.285820847352,0.504100258461,0.154780665859,0.979203467475
decay_min_score,u28,sp2,0.655907533333,0.655907533333,0.152028896588,0.231784037935,0.436651152959,0.875163913708
decay_min_score,u29,sp2,0.343690866667,0.343690866667,0.238246465329,0.693199873595,9.13352794574e-05,0.687290398054
decay_min_score,u30,sp2,0.478523666667,0.478523666667,0.197506314835,0.4127409543,0.193679662246,0.763367671087
decay_min_score,u31,sp2,0.474937133333,0.474937133333,0.0893866678466,0.188207368035,0.346023501217,0.603850765449
decay_min_score,u32,sp2,0.347654533333,0.347654533333,0.175309616094,0.504263857608,0.0948226524731,0.600486414194
decay_min_score,u33,sp2,0.178932866667,0.178932866667,0.127606692043,0.713154013683,0,0.362967494536
decay_min_score,u34,sp2,0.0780588666667,0.0780588666667,0.0387680948982,0.496652033955,0.0221474422458,0.133970291088
decay_min_score,u35,sp2,0.119951066667,0.119951066667,0.0780169483715,0.650406457729,0.00743486684115,0.232467266492
decay_min_score,u36,sp2,0.775503,0.775503,0.0532706152767,0.0686916946507,0.698676011526,0.852329988474
decay_min_score,u37,sp2,0.834968333333,0.834968333333,0.146441985175,0.17538627434,0.623769407834,1
decay_min_score,u38,sp2,0.899660333333,0.899660333333,0.121795132267,0.135379017785,0.724007148661,1
decay_min_score,u39,sp2,0.288751933333,0.288751933333,0.115860875651,0.401247099244,0.121657145485,0.455846721182
decay_min_score,u40,sp2,0.7372616,0.7372616,0.177010967869,0.240092482599,0.481976026189,0.992547173811
decay_min_score,u01,sp3,0.521886266667,0.521886266667,0.218373323044,0.418430867014,0.206947821046,0.836824712287
decay_min_score,u02,sp3,0.397305666667,0.397305666667,0.164711997634,0.414572485251,0.159757692459,0.634853640874
decay_min_score,u03,sp3,0.654822266667,0.654822266667,0.0859740421399,0.131293705966,0.530830330207,0.778814203126
decay_min_score,u04,sp3,0.778094466667,0.778094466667,0.176516585775,0.226857526094,0.523521891704,1
decay_min_score,u05,sp3,0.231899466667,0.231899466667,0.0186951171534,0.0806173357022,0.204937331114,0.258861602219
decay_min_score,u06,sp3,0.112974866667,0.112974866667,0.0832744676056,0.73710613752,0,0.233073471304
decay_min_score,u07,sp3,0.4211988,0.4211988,0.144269352852,0.342520806926,0.213133249206,0.629264350794
decay_min_score,u08,sp3,0.3264392,0.3264392,0.400125063143,1.22572614791,0,0.903500370676
decay_min_score,u09,sp3,0.406475733333,0.406475733333,0.112679700794,0.277211384477,0.243968842261,0.568982624406
decay_min_score,u10,sp3,0.690856333333,0.690856333333,0.200600716526,0.290365314534,0.401549576572,0.980163090095
decay_min_score,u11,sp3,0.419165266667,0.419165266667,0.253125215456,0.603879270507,0.0541075719263,0.784222961407
decay_min_score,u12,sp3,0.2457412,0.2457412,0.097645693827,0.397351741698,0.104916384007,0.386566015993
decay_min_score,u13,sp3,0.169447933333,0.169447933333,0.117795137498,0.695170104353,0,0.339332317507
decay_min_score,u14,sp3,0.814544266667,0.814544266667,0.177654750361,0.218103248198,0.55833022845,1
decay_min_score,u15,sp3,0.3342632,0.3342632,0.175934742751,0.526335961455,0.0805297602175,0.587996639783
decay_min_score,u16,sp3,0.249141066667,0.249141066667,0.308662363054,1.23890600287,0,0.694294547352
decay_min_score,u17,sp3,0.3650952,0.3650952,0.0785454217035,0.215136823775,0.251816834872,0.478373565128
decay_min_score,u18,sp3,0.191234133333,0.191234133333,0.214767635991,1.12306120381,0,0.500972449836
decay_min_score,u19,sp3,0.300458133333,0.300458133333,0.106568839333,0.354687816736,0.146764338949,0.454151927718
decay_min_score,u20,sp3,0.813489866667,0.813489866667,0.0732716369869,0.0900707433359,0.707817364462,0.919162368871
decay_min_score,u21,sp3,0.1248614,0.1248614,0.120191943509,0.962602882147,0,0.298202462622
decay_min_score,u22,sp3,0.386836866667,0.386836866667,0.193614644816,0.500507220225,0.107605436574,0.66606829676
decay_min_score,u23,sp3,0.3310626,0.3310626,0.353981590867,1.06922857147,0,0.841575562169
decay_min_score,u24,sp3,0.2194296,0.2194296,0.0920159966599,0.419341769114,0.0867239445823,0.352135255418
decay_min_score,u25,sp3,0.1942082,0.1942082,0.21659038275,1.11524839193,0,0.506575285543
decay_min_score,u26,sp3,0.256187333333,0.256187333333,0.281510488488,1.09884624202,0,0.662182325919
decay_min_score,u27,sp3,0.300184533333,0.300184533333,0.230067936432,0.766421686943,0,0.631988973898
decay_min_score,u28,sp3,0.277609333333,0.277609333333,0.130303292414,0.46937648259,0.089685662987,0.46553300368
decay_min_score,u29,sp3,0.788370933333,0.788370933333,0.0564878225295,0.0716513257162,0.70690408209,0.869837784577
decay_min_score,u30,sp3,0.270892533333,0.270892533333,0.167982816587,0.620108699637,0.0286273774554,0.513157689211
decay_min_score,u31,sp3,0.160498066667,0.160498066667,0.0865959404555,0.539545069009,0.0356092272061,0.285386906127
decay_min_score,u32,sp3,0.531991866667,0.531991866667,0.368244588782,0.692199659158,0.000908780223187,1
decay_min_score,u33,sp3,0.647874666667,0.647874666667,0.117092651858,0.180733493502,0.479003408696,0.816745924638
decay_min_score,u34,sp3,0.279098,0.279098,0.0845001004931,0.302761397406,0.157231785148,0.400964214852
decay_min_score,u35,sp3,0.391522866667,0.391522866667,0.310192954812,0.792272894435,0,0.838883769863
decay_min_score,u36,sp3,0.511367,0.511367,0.109192738371,0.213531061587,0.353889013146,0.668844986854
decay_min_score,u37,sp3,0.183904,0.183904,0.103573079291,0.563191008845,0.0345306967721,0.333277303228
decay_min_score,u38,sp3,0.737602533333,0.737602533333,0.0828659774913,0.112345028313,0.61809305396,0.857112012706
decay_min_score,u39,sp3,0.165105533333,0.165105533333,0.127031304346,0.769394591337,0,0.348310335909
decay_min_score,u40,sp3,0.2593132,0.2593132,0.170149531417,0.656154532115,0.0139232036364,0.504703196364
committee,u01,a1,0.2,0.2422652,0.257797798441,1.06411403058,0,0.488047266404
committee,u02,a1,0,0.3118202,0.188120063217,0.603296589563,0.132468249948,0.491172150052
committee,u03,a1,0.6,0.5071206,0.126339568476,0.249131209571,0.386669609354,0.627571590646
committee,u04,a1,1,0.831359,0.113934403239,0.137045973207,0.722734980587,0.939983019413
committee,u05,a1,0.6,0.5948874,0.318259661111,0.534991430497,0.291461545964,0.898313254036
committee,u06,a1,0.6,0.5177034,0.266045437541,0.51389548058,0.26405810981,0.77134869019
committee,u07,a1,0.6,0.679946,0.307696709477,0.452531097289,0.386590767573,0.973301232427
committee,u08,a1,0.4,0.3289836,0.205160342531,0.623618753429,0.13338560329,0.52458159671
committee,u09,a1,1,0.78171,0.156185472782,0.19979976306,0.632804196791,0.930615803209
committee,u10,a1,0.6,0.5217308,0.20685733398,0.396482887305,0.324514907142,0.718946692858
committee,u11,a1,0.6,0.4707892,0.345959361786,0.734849826178,0.140954704338,0.800623695662
committee,u12,a1,0.2,0.4260394,0.210683324446,0.494516057544,0.225175842777,0.626902957223
committee,u13,a1,0,0.1912774,0.125832482419,0.657853371173,0.071309860569,0.311244939431
committee,u14,a1,0.2,0.305381,0.284495565467,0.931608598659,0.0341455263613,0.576616473639
committee,u15,a1,0.6,0.5880766,0.178360669115,0.303294960411,0.418029167146,0.758124032854
committee,u16,a1,0,0.3118424,0.0747173168737,0.239599608243,0.240607592533,0.383077207467
committee,u17,a1,1,0.6876826,0.106628703482,0.155055113336,0.586023768007,0.789341431993
committee,u18,a1,1,0.7857874,0.164620297534,0.209497247645,0.628839911912,0.942734888088
committee,u19,a1,0.8,0.6558558,0.201569000409,0.307337375698,0.463681756068,0.848029843932
committee,u20,a1,0.4,0.4141742,0.201273764479,0.485964032717,0.222281631306,0.606066768694
committee,u21,a1,0,0.202551,0.0984479428251,0.486040270476,0.108691630498,0.296410369502
committee,u22,a1,0.2,0.3169012,0.223078490158,0.703937031977,0.104220205,0.529582195
committee,u23,a1,0,0.2841248,0.165985011395,0.584197547679,0.125876206182,0.442373393818
committee,u24,a1,0.2,0.3952044,0.2581011822,0.653082764766,0.149133090292,0.641275709708
committee,u25,a1,0.8,0.6875952,0.23665550544,0.344178530392,0.461970002637,0.913220397363
committee,u26,a1,0.6,0.6354178,0.283734715022,0.446532525564,0.364907714226,0.905927885774
committee,u27,a1,1,0.6735246,0.111071037498,0.164910142106,0.567630487332,0.779418712668
committee,u28,a1,0.6,0.5070538,0.300484945996,0.592609592899,0.220574197006,0.793533402994
committee,u29,a1,0.2,0.2925818,0.308879460364,1.0557029192,0,0.58706465632
committee,u30,a1,0,0.2861198,0.093564576292,0.327011889048,0.196916187548,0.375323412452
committee,u31,a1,1,0.7919736,0.14163423424,0.178837065074,0.65694081471,0.92700638529
committee,u32,a1,0.8,0.6846264,0.300011389512,0.438211832777,0.398598281433,0.970654518567
committee,u33,a1,0.8,0.5988744,0.198617216676,0.331650871496,0.409514559717,0.788234240283
committee,u34,a1,0.6,0.491354,0.326048192566,0.66357085231,0.180502631212,0.802205368788
committee,u35,a1,1,0.7231426,0.110187412631,0.152373007248,0.618090927209,0.828194272791
committee,u36,a1,0.8,0.7302322,0.200157137617,0.274100673207,0.539404213157,0.921060186843
committee,u37,a1,0,0.3365126,0.178486073851,0.530399378363,0.166345607416,0.506679592584
committee,u38,a1,0.6,0.6514206,0.253326688173,0.388883446691,0.409901249288,0.892939950712
committee,u39,a1,1,0.7258086,0.171922144719,0.236869809367,0.561899597498,0.889717602502
committee,u40,a1,0,0.122795,0.111280156713,0.906227099741,0.0167015149821,0.228888485018
committee,u01,P9,0,0.2101852,0.0766158704395,0.364516009878,0.137140328904,0.283230071096
committee,u02,P9,0.4,0.5390836,0.245234809692,0.454910536496,0.305278972324,0.772888227676
committee,u03,P9,0,0.254733,0.241312505062,0.947315444259,0.0246678617331,0.484798138267
committee,u04,P9,0,0.2491192,0.134251245993,0.53890364931,0.121125288272,0.377113111728
committee,u05,P9,0,0.248367,0.0814317560722,0.327868662391,0.170730707528,0.326003292472
committee,u06,P9,0.2,0.2298614,0.197694696866,0.860060440185,0.0413810816789,0.418341718321
committee,u07,P9,0.4,0.422414,0.164423498354,0.38924727484,0.265654138453,0.579173861547
committee,u08,P9,0.4,0.440355,0.182827812501,0.41518277867,0.266048633443,0.614661366557
committee,u09,P9,0.2,0.4214814,0.298757478521,0.708827195034,0.136648748719,0.706314051281
committee,u10,P9,0.2,0.3776976,0.314366041402,0.832322051827,0.077983887431,0.677411312569
committee,u11,P9,0,0.1961726,0.162328267963,0.82747676262,0.0414103119709,0.350934888029
committee,u12,P9,0.2,0.4709602,0.33836918479,0.718466623697,0.148362109761,0.793558290239
committee,u13,P9,0.6,0.4129004,0.291203620576,0.705263595231,0.135269527889,0.690531272111
committee,u14,P9,0.2,0.2822894,0.323255134524,1.1451196344,0,0.590477892762
committee,u15,P9,0.2,0.4404274,0.288730829987,0.655569635283,0.165154063852,0.715700736148
committee,u16,P9,0,0.1464106,0.127083968809,0.867997049457,0.0252499048755,0.267571295125
committee,u17,P9,0.2,0.3669976,0.321117573556,0.874985486433,0.0608470383417,0.673148161658
committee,u18,P9,0.2,0.1913996,0.182058882469,0.951197821045,0.017826324313,0.364972875687
committee,u19,P9,0,0.3152052,0.0417095486633,0.13232506527,0.275439697264,0.354970702736
committee,u20,P9,0.2,0.4080576,0.272424223077,0.66761217798,0.148330833941,0.667784366059
committee,u21,P9,0.4,0.476234,0.223655578576,0.46963379048,0.263002814174,0.689465185826
committee,u22,P9,0.2,0.2618848,0.220231660742,0.840948618408,0.0519179461634,0.471851653837
committee,u23,P9,0.2,0.2670356,0.171069872508,0.640625716225,0.10393914604,0.43013205396
committee,u24,P9,0,0.3248912,0.120803008531,0.371826040629,0.209718715037,0.440063684963
committee,u25,P9,0.2,0.4384992,0.252851860046,0.576630151311,0.197432546088,0.679565853912
committee,u26,P9,0.2,0.4144472,0.240237963463,0.579658792393,0.18540651988,0.64348788012
committee,u27,P9,0,0.2572992,0.211075890005,0.82035190939,0.0560613743592,0.458537025641
committee,u28,P9,1,0.6727446,0.200879253515,0.298596604886,0.481228154456,0.864261045544
committee,u29,P9,0.2,0.3096068,0.1224053996,0.395357594213,0.192906610027,0.426306989973
committee,u30,P9,0.2,0.3817454,0.115212017714,0.301803290136,0.271903314615,0.491587485385
committee,u31,P9,0.2,0.2953296,0.111546470403,0.377701626937,0.188982213942,0.401676986058
committee,u32,P9,0,0.3003162,0.0456003202313,0.151841026995,0.256841271188,0.343791128812
committee,u33,P9,0,0.2428518,0.0659272225769,0.271471006502,0.17999738815,0.30570621185
committee,u34,P9,0.8,0.5801248,0.335159930751,0.577737636368,0.26058638325,0.89966321675
committee,u35,P9,0.2,0.2796716,0.210287968593,0.751910342675,0.0791849714367,0.480158228563
committee,u36,P9,0.2,0.3995396,0.228512353209,0.571939185025,0.181678009598,0.617401190402
committee,u37,P9,0.2,0.5314874,0.33601466319,0.632215670946,0.211134089149,0.851840710851
committee,u38,P9,0.2,0.3792296,0.121881484616,0.32139232965,0.263028905787,0.495430294213
committee,u39,P9,0,0.1574178,0.0713052624404,0.452968231296,0.0894360140653,0.225399585935
committee,u40,P9,0,0.2492166,0.111150034381,0.445997715965,0.143247172425,0.355186027575
committee,u01,_x,NA,0.1677368,0.0399546074965,0.238198221836,0.129644442144,0.205829157856
committee,u02,_x,NA,0.4505268,0.143660348314,0.318871925741,0.313562336058,0.587491263942
committee,u03,_x,NA,0.3896648,0.276877384348,0.710552722103,0.125692430659,0.653637169341
committee,u04,_x,NA,0.4167374,0.274465316826,0.658604955605,0.155064673803,0.678410126197
committee,u05,_x,NA,0.3588636,0.286770049015,0.7991059807,0.0854596545208,0.632267545479
committee,u06,_x,NA,0.1765534,0.124541487013,0.705404070454,0.0578166837983,0.295290116202
committee,u07,_x,NA,0.2399848,0.208379206305,0.868301685377,0.041317967968,0.438651632032
committee,u08,_x,NA,0.283436,0.213432290568,0.753017579163,0.0799516035847,0.486920396415
committee,u09,_x,NA,0.2166474,0.230508948902,1.06398206903,0,0.436412526499
committee,u10,_x,NA,0.4384802,0.162089861266,0.369662897586,0.283945206738,0.593015193262
committee,u11,_x,NA,0.3487102,0.106274032017,0.304763187361,0.247389508543,0.450030891457
committee,u12,_x,NA,0.2157968,0.154265164323,0.714863076391,0.0687218013354,0.362871798665
committee,u13,_x,NA,0.3888856,0.234070633649,0.60190100546,0.165724795794,0.612046404206
committee,u14,_x,NA,0.246663,0.264676612937,1.07302924613,0,0.499003265316
committee,u15,_x,NA,0.533717,0.238406367661,0.446690601314,0.306422546588,0.761011453412
committee,u16,_x,NA,0.4211788,0.184564975707,0.438210507525,0.24521623791,0.59714136209
committee,u17,_x,NA,0.4936698,0.213660624842,0.432800679405,0.289967711774,0.697371888226
committee,u18,_x,NA,0.2301842,0.235722468779,1.02406016042,0.00544855126848,0.454919848732
committee,u19,_x,NA,0.2306208,0.178780854279,0.775215653917,0.060172766449,0.401068833551
committee,u20,_x,NA,0.5070082,0.198524591334,0.391560908352,0.317736667873,0.696279732127
committee,u21,_x,NA,0.3883308,0.117558252967,0.302727089809,0.276251835355,0.500409764645
committee,u22,_x,NA,0.3897284,0.298905494797,0.766958463373,0.104754631353,0.674702168647
committee,u23,_x,NA,0.4148506,0.156401316901,0.377006365426,0.265739012979,0.563962187021
committee,u24,_x,NA,0.1994534,0.271442604811,1.36093245245,0,0.45824430017
committee,u25,_x,NA,0.3552048,0.223307154353,0.628671556108,0.142305798645,0.568103801355
committee,u26,_x,NA,0.3421484,0.316438145511,0.924856423443,0.0404591622995,0.6438376377
committee,u27,_x,NA,0.3000758,0.115568051352,0.385129528444,0.189894275397,0.410257324603
committee,u28,_x,NA,0.2311874,0.154345126046,0.667619109201,0.0840361665589,0.378338633441
committee,u29,_x,NA,0.4928424,0.264107125919,0.535885560819,0.241045078406,0.744639721594
committee,u30,_x,NA,0.2283414,0.160116510624,0.701215419647,0.0756877812167,0.380995018783
committee,u31,_x,NA,0.2785314,0.0688814425647,0.24730225233,0.212860461797,0.344202338203
committee,u32,_x,NA,0.1520234,0.0962036664702,0.632821437161,0.0603037030762,0.243743096924
committee,u33,_x,NA,0.2602578,0.260892501451,1.00243874132,0.011525272013,0.508990327987
committee,u34,_x,NA,0.2631524,0.292660066848,1.11213147533,0,0.542171834683
committee,u35,_x,NA,0.4099616,0.16590797964,0.404691511693,0.251786447553,0.568136752447
committee,u36,_x,NA,0.442137,0.313027805348,0.707988260082,0.143699149462,0.740574850538
committee,u37,_x,NA,0.2981666,0.181029100784,0.607140775608,0.125575108765,0.470758091235
committee,u38,_x,NA,0.498408,0.318320779073,0.638675099663,0.194923876657,0.801892123343
committee,u39,_x,NA,0.1644832,0.0791315114648,0.481091755661,0.0890399397276,0.239926460272
committee,u40,_x,NA,0.2225268,0.177425703199,0.797322853693,0.053370755111,0.391682844889
committee,u01,sp1,NA,0.4918106,0.281149603568,0.571662350441,0.223765135875,0.759856064125
committee,u02,sp1,NA,0.7217412,0.180664846465,0.250318045395,0.549496985507,0.893985414493
committee,u03,sp1,NA,0.6838048,0.201913689228,0.295279719049,0.491302132895,0.876307467105
committee,u04,sp1,NA,0.5524792,0.193874353233,0.350917017751,0.367641162404,0.737317237596
committee,u05,sp1,NA,0.492207,0.179140098503,0.363952764797,0.321416466287,0.662997533713
committee,u06,sp1,NA,0.8003358,0.0837263535137,0.104614030153,0.720511859286,0.880159740714
committee,u07,sp1,NA,0.6750988,0.18686439135,0.276795620656,0.496943996037,0.853253603963
committee,u08,sp1,NA,0.6615446,0.0985642318227,0.148991060954,0.56757436163,0.75551483837
committee,u09,sp1,NA,0.7689782,0.275238039163,0.357926972654,0.506568767385,1
committee,u10,sp1,NA,0.7440052,0.156171143925,0.209905984427,0.595113057792,0.892897342208
committee,u11,sp1,NA,0.5486674,0.313308474692,0.571035338881,0.249961961873,0.847372838127
committee,u12,sp1,NA,0.682095,0.305566157512,0.447981817066,0.390771016357,0.973418983643
committee,u13,sp1,NA,0.5777562,0.136897551151,0.236946918356,0.447239325104,0.708273074896
committee,u14,sp1,NA,0.699392,0.154785465574,0.221314320973,0.551820950875,0.846963049125
committee,u15,sp1,NA,0.6199088,0.119214046732,0.19230900857,0.506251216703,0.733566383297
committee,u16,sp1,NA,0.6455336,0.248169079562,0.384440220559,0.40893146623,0.88213573377
committee,u17,sp1,NA,0.810202,0.120207138395,0.148366874427,0.695597612182,0.924806387818
committee,u18,sp1,NA,0.5851832,0.171972013197,0.293877222035,0.421226653347,0.749139746653
committee,u19,sp1,NA,0.6441178,0.318766485868,0.494888490689,0.340208743869,0.948026856131
committee,u20,sp1,NA,0.4745042,0.278177742629,0.586249273724,0.209292080951,0.739716319049
committee,u21,sp1,NA,0.7001544,0.233210935226,0.333085009857,0.477813224419,0.922495575581
committee,u22,sp1,NA,0.4027282,0.277401835129,0.688806582528,0.138255824074,0.667200575926
committee,u23,sp1,NA,0.775741,0.141707681641,0.182673961594,0.640638190629,0.910843809371
committee,u24,sp1,NA,0.668023,0.210032389803,0.314408919758,0.46778003792,0.86826596208
committee,u25,sp1,NA,0.7859974,0.160753303622,0.204521419055,0.632736668589,0.939258131411
committee,u26,sp1,NA,0.6082786,0.12294460437,0.202118904677,0.491064337124,0.725492862876
committee,u27,sp1,NA,0.7264714,0.198422255054,0.273131543863,0.537297434347,0.915645365653
committee,u28,sp1,NA,0.79253,0.0355003968851,0.04479375782,0.758684245857,0.826375754143
committee,u29,sp1,NA,0.5727402,0.275021571352,0.480185555949,0.310537145819,0.834943254181
committee,u30,sp1,NA,0.7235396,0.112475230864,0.155451382154,0.616306742202,0.830772457798
committee,u31,sp1,NA,0.8265776,0.181099408008,0.219095470296,0.653919078501,0.999236121499
committee,u32,sp1,NA,0.498914,0.196812189732,0.394481192614,0.31127505592,0.68655294408
committee,u33,sp1,NA,0.73191,0.112529315318,0.153747476217,0.624625578577,0.839194421423
committee,u34,sp1,NA,0.7010002,0.231674754018,0.330491708872,0.480123605551,0.921876794449
committee,u35,sp1,NA,0.6502384,0.155671674526,0.239407076737,0.501822447354,0.798654352646
committee,u36,sp1,NA,0.6063298,0.247275281617,0.407823071894,0.370579805028,0.842079794972
committee,u37,sp1,NA,0.5334118,0.315397401098,0.591283134527,0.232714798517,0.834108801483
committee,u38,sp1,NA,0.636622,0.133742789914,0.210081948023,0.509112845653,0.764131154347
committee,u39,sp1,NA,0.742748,0.14787621562,0.199093387824,0.601764166675,0.883731833325
committee,u40,sp1,NA,0.6654944,0.113976625555,0.171266092629,0.556830126217,0.774158673783
committee,u01,sp2,0.2,0.298247,0.0662215845929,0.222036045938,0.235111946093,0.361382053907
committee,u02,sp2,0.2,0.404888,0.166071735727,0.410167097388,0.246556723996,0.563219276004
committee,u03,sp2,0,0.2597054,0.156098307187,0.60105915082,0.110882699672,0.408528100328
committee,u04,sp2,0.2,0.2425916,0.214731683803,0.885157127464,0.0378683739425,0.447314826057
committee,u05,sp2,0.2,0.2940668,0.197502758862,0.671625490746,0.105769473618,0.482364126382
committee,u06,sp2,0,0.297479,0.218321172606,0.733904486051,0.0893335881028,0.505624411897
committee,u07,sp2,0.2,0.4505116,0.233737571759,0.518826977505,0.227668333958,0.673354866042
committee,u08,sp2,1,0.7043228,0.211517810844,0.300313735185,0.502663651067,0.905981948933
committee,u09,sp2,0.2,0.2587654,0.0626568942839,0.242137837145,0.199028889275,0.318501910725
committee,u10,sp2,0.2,0.2808084,0.099386844468,0.353931166119,0.186053890247,0.375562909753
committee,u11,sp2,0.6,0.566154,0.224862238094,0.397175040879,0.35177239601,0.78053560399
committee,u12,sp2,0.2,0.4258034,0.182475158854,0.42854321702,0.251833250209,0.599773549791
committee,u13,sp2,0.2,0.3522162,0.175833007033,0.499218965604,0.184578617089,0.519853782911
committee,u14,sp2,0.2,0.3366374,0.207354787559,0.615958855313,0.138947239443,0.534327560557
committee,u15,sp2,0.2,0.1776486,0.0957723253388,0.539111061606,0.0863401397712,0.268957060229
committee,u16,sp2,0.2,0.2569484,0.238574482529,0.928491800411,0.0294936674087,0.484403132591
committee,u17,sp2,0.2,0.4100998,0.311139253603,0.758691551674,0.113462477446,0.706737122554
committee,u18,sp2,0.2,0.4093202,0.135392550625,0.330774172945,0.28023817886,0.53840222114
committee,u19,sp2,0,0.1739076,0.125404337542,0.721097511218,0.0543482499847,0.293466950015
committee,u20,sp2,0.2,0.3992504,0.261140097447,0.654075982009,0.150281816251,0.648218983749
committee,u21,sp2,0.2,0.490227,0.128340934506,0.261798992113,0.36786792526,0.61258607474
committee,u22,sp2,0.2,0.3114518,0.0905773272028,0.290822936977,0.225096203545,0.397807396455
committee,u23,sp2,0.6,0.5412024,0.221715404256,0.409671879237,0.329820958649,0.752583841351
committee,u24,sp2,0.2,0.2392886,0.231411426603,0.967080866379,0.0186630595038,0.459914140496
committee,u25,sp2,0.2,0.3190674,0.238759320359,0.748303713758,0.0914364447094,0.546698355291
committee,u26,sp2,0,0.19385,0.12948338705,0.667956600723,0.0704017214399,0.31729827856
committee,u27,sp2,0.4,0.4541648,0.193158674613,0.425305251778,0.270009083864,0.638320516136
committee,u28,sp2,1,0.7261858,0.122442080927,0.168609852915,0.609450638385,0.842920961615
committee,u29,sp2,0,0.3921228,0.282090073525,0.719392173892,0.123180700408,0.661064899592
committee,u30,sp2,0.4,0.3299492,0.20459919104,0.620093005347,0.134886199996,0.525012200004
committee,u31,sp2,0.2,0.4955474,0.0817153473975,0.164899154748,0.417640734149,0.573454065851
committee,u32,sp2,0.2,0.3133184,0.22347401504,0.713248934759,0.10026031519,0.52637648481
committee,u33,sp2,0.2,0.1676122,0.123514252751,0.736904907586,0.0498548395607,0.285369560439
committee,u34,sp2,0.2,0.1887626,0.251261873678,1.33109987719,0,0.428313375431
committee,u35,sp2,0.2,0.2499642,0.224645115774,0.898709158248,0.0357895984467,0.464138801553
committee,u36,sp2,1,0.7126734,0.0833784343718,0.116993891412,0.633181162218,0.792165637782
committee,u37,sp2,1,0.7455688,0.120280402594,0.161327033259,0.630894562764,0.860243037236
committee,u38,sp2,1,0.750979,0.23896827091,0.318208992408,0.523148833163,0.978809166837
committee,u39,sp2,0.2,0.3774526,0.183392425845,0.48586875768,0.202607936238,0.552297263762
committee,u40,sp2,1,0.7983488,0.169711068619,0.212577595931,0.636547817257,0.960149782743
committee,u01,sp3,0.8,0.6619982,0.179354497048,0.270928979939,0.491003260673,0.832993139327
committee,u02,sp3,0,0.3891138,0.160477668492,0.412418342635,0.236115856603,0.542111743397
committee,u03,sp3,1,0.687698,0.0705728301969,0.102621834289,0.620414508277,0.754981491723
committee,u04,sp3,0.6,0.613446,0.244002219107,0.3977566389,0.38081651293,0.84607548707
committee,u05,sp3,0,0.2351128,0.0254420846178,0.108212247984,0.210856548904,0.259369051096
committee,u06,sp3,0.2,0.219197,0.22808032461,1.04052667057,0.00174730171896,0.436646698281
committee,u07,sp3,0.2,0.5039324,0.178483293938,0.35418102495,0.333768057761,0.674096742239
committee,u08,sp3,0.6,0.4500882,0.304683672672,0.6769421475,0.159605569343,0.740570830657
committee,u09,sp3,0,0.3848282,0.12606838582,0.327596537415,0.264635752422,0.505020647578
committee,u10,sp3,0.6,0.5426028,0.204779280603,0.377401813265,0.347368104252,0.737837495748
committee,u11,sp3,0,0.3844396,0.193988171446,0.504599868082,0.19949304916,0.56938615084
committee,u12,sp3,0.2,0.2737868,0.206632142363,0.754719155063,0.0767856027726,0.470787997227
committee,u13,sp3,0,0.2330078,0.0895504308041,0.38432374712,0.147631237192,0.318384362808
committee,u14,sp3,1,0.7373362,0.16553942381,0.224510099748,0.579512425316,0.895159974684
committee,u15,sp3,0.2,0.3764498,0.207630863764,0.55154993777,0.178496430912,0.574403169088
committee,u16,sp3,0.6,0.425376,0.24805855116,0.583151261848,0.188879243,0.661872757
committee,u17,sp3,0.2,0.392443,0.157742777565,0.401950799391,0.242052476634,0.542833523366
committee,u18,sp3,0.2,0.3158474,0.187772368313,0.594503447908,0.136826939094,0.494867860906
committee,u19,sp3,0.2,0.3282212,0.0945567942704,0.288088625203,0.23807161599,0.41837078401
committee,u20,sp3,1,0.7354896,0.109725859155,0.149187506057,0.630877968077,0.840101231923
committee,u21,sp3,0,0.1926344,0.0877670019415,0.455614375945,0.10895814198,0.27631065802
committee,u22,sp3,0.2,0.356957,0.181771374744,0.509224849896,0.183657831551,0.530256168449
committee,u23,sp3,0.6,0.4931154,0.271526509988,0.550634820953,0.234244505401,0.751986294599
committee,u24,sp3,0.2,0.279438,0.0925740856315,0.33128667408,0.191178712297,0.367697287703
committee,u25,sp3,0,0.162624,0.176383116644,1.08460692545,0,0.33078605239
committee,u26,sp3,0.2,0.4277806,0.214801553905,0.502130189879,0.222990760426,0.632570439574
committee,u27,sp3,0.4,0.4001744,0.219442946303,0.54836827719,0.190959499305,0.609389300695
committee,u28,sp3,0.2,0.3543874,0.130259878734,0.367563515898,0.230198821361,0.478575978639
committee,u29,sp3,1,0.675908,0.218299044345,0.322971535098,0.467783684984,0.884032315016
committee,u30,sp3,0.2,0.268385,0.123299761839,0.459413759483,0.150832133238,0.385937866762
committee,u31,sp3,0.2,0.2907268,0.251643151244,0.86556571752,0.0508125180195,0.53064108198
committee,u32,sp3,0.4,0.5005892,0.275066757297,0.549486000291,0.238343065952,0.762835334048
committee,u33,sp3,1,0.6623162,0.161998626186,0.244594086912,0.50786818943,0.81676421057
committee,u34,sp3,0,0.2962082,0.110279162661,0.372302868931,0.191069053568,0.401347346432
committee,u35,sp3,0.4,0.2860434,0.227107896405,0.793963071354,0.0695208058878,0.502565994112
committee,u36,sp3,0.8,0.4714474,0.116964198703,0.248095967235,0.359934801264,0.582959998736
committee,u37,sp3,0.2,0.2960708,0.15481994126,0.522915266415,0.148466882071,0.443674717929
committee,u38,sp3,1,0.6724398,0.205586403632,0.305732057549,0.476435600528,0.868443999472
committee,u39,sp3,0.2,0.2607096,0.1475495468,0.565953638837,0.120037209744,0.401381990256
committee,u40,sp3,0,0.3021864,0.211613651455,0.700275232292,0.100435877504,0.503936922496
committee_kappa,u01,a1,0.2,0.2422652,0.257797798441,1.06411403058,0,0.488047266404
committee_kappa,u02,a1,0,0.3118202,0.188120063217,0.603296589563,0.132468249948,0.491172150052
committee_kappa,u03,a1,0.6,0.5071206,0.126339568476,0.249131209571,0.386669609354,0.627571590646
committee_kappa,u04,a1,1,0.831359,0.113934403239,0.137045973207,0.722734980587,0.939983019413
committee_kappa,u05,a1,0.6,0.5948874,0.318259661111,0.534991430497,0.291461545964,0.898313254036
committee_kappa,u06,a1,0.6,0.5177034,0.266045437541,0.51389548058,0.26405810981,0.77134869019
committee_kappa,u07,a1,0.6,0.679946,0.307696709477,0.452531097289,0.386590767573,0.973301232427
committee_kappa,u08,a1,0.4,0.3289836,0.205160342531,0.623618753429,0.13338560329,0.52458159671
committee_kappa,u09,a1,1,0.78171,0.156185472782,0.19979976306,0.632804196791,0.930615803209
committee_kappa,u10,a1,0.6,0.5217308,0.20685733398,0.396482887305,0.324514907142,0.718946692858
committee_kappa,u11,a1,0.6,0.4707892,0.345959361786,0.734849826178,0.140954704338,0.800623695662
committee_kappa,u12,a1,0.2,0.4260394,0.210683324446,0.494516057544,0.225175842777,0.626902957223
committee_kappa,u13,a1,0,0.1912774,0.125832482419,0.657853371173,0.071309860569,0.311244939431
committee_kappa,u14,a1,0.2,0.305381,0.284495565467,0.931608598659,0.0341455263613,0.576616473639
committee_kappa,u15,a1,0.6,0.5880766,0.178360669115,0.303294960411,0.418029167146,0.758124032854
committee_kappa,u16,a1,0,0.3118424,0.0747173168737,0.239599608243,0.240607592533,0.383077207467
committee_kappa,u17,a1,1,0.6876826,0.106628703482,0.155055113336,0.586023768007,0.789341431993
committee_kappa,u18,a1,1,0.7857874,0.164620297534,0.209497247645,0.628839911912,0.942734888088
committee_kappa,u19,a1,0.8,0.6558558,0.201569000409,0.307337375698,0.463681756068,0.848029843932
committee_kappa,u20,a1,0.4,0.4141742,0.201273764479,0.485964032717,0.222281631306,0.606066768694
committee_kappa,u21,a1,0,0.202551,0.0984479428251,0.486040270476,0.108691630498,0.296410369502
committee_kappa,u22,a1,0.2,0.3169012,0.223078490158,0.703937031977,0.104220205,0.529582195
committee_kappa,u23,a1,0,0.2841248,0.165985011395,0.584197547679,0.125876206182,0.442373393818
committee_kappa,u24,a1,0.2,0.3952044,0.2581011822,0.653082764766,0.149133090292,0.641275709708
committee_kappa,u25,a1,0.8,0.6875952,0.23665550544,0.344178530392,0.461970002637,0.913220397363
committee_kappa,u26,a1,0.6,0.6354178,0.283734715022,0.446532525564,0.364907714226,0.905927885774
committee_kappa,u27,a1,1,0.6735246,0.111071037498,0.164910142106,0.567630487332,0.779418712668
committee_kappa,u28,a1,0.6,0.5070538,0.300484945996,0.592609592899,0.220574197006,0.793533402994
committee_kappa,u29,a1,0.2,0.2925818,0.308879460364,1.0557029192,0,0.58706465632
committee_kappa,u30,a1,0,0.2861198,0.093564576292,0.327011889048,0.196916187548,0.375323412452
committee_kappa,u31,a1,1,0.7919736,0.14163423424,0.178837065074,0.65694081471,0.92700638529
committee_kappa,u32,a1,0.8,0.6846264,0.300011389512,0.438211832777,0.398598281433,0.970654518567
committee_kappa,u33,a1,0.8,0.5988744,0.198617216676,0.331650871496,0.409514559717,0.788234240283
committee_kappa,u34,a1,0.6,0.491354,0.326048192566,0.66357085231,0.180502631212,0.802205368788
committee_kappa,u35,a1,1,0.7231426,0.110187412631,0.152373007248,0.618090927209,0.828194272791
committee_kappa,u36,a1,0.8,0.7302322,0.200157137617,0.274100673207,0.539404213157,0.921060186843
committee_kappa,u37,a1,0,0.3365126,0.178486073851,0.530399378363,0.166345607416,0.506679592584
committee_kappa,u38,a1,0.6,0.6514206,0.253326688173,0.388883446691,0.409901249288,0.892939950712
committee_kappa,u39,a1,1,0.7258086,0.171922144719,0.236869809367,0.561899597498,0.889717602502
committee_kappa,u40,a1,0,0.122795,0.111280156713,0.906227099741,0.0167015149821,0.228888485018
committee_kappa,u01,P9,0,0.2101852,0.0766158704395,0.364516009878,0.137140328904,0.283230071096
committee_kappa,u02,P9,0.4,0.5390836,0.245234809692,0.454910536496,0.305278972324,0.772888227676
committee_kappa,u03,P9,0,0.254733,0.241312505062,0.947315444259,0.0246678617331,0.484798138267
committee_kappa,u04,P9,0,0.2491192,0.134251245993,0.53890364931,0.121125288272,0.377113111728
committee_kappa,u05,P9,0,0.248367,0.0814317560722,0.327868662391,0.170730707528,0.326003292472
committee_kappa,u06,P9,0.2,0.2298614,0.197694696866,0.860060440185,0.0413810816789,0.418341718321
committee_kappa,u07,P9,0.4,0.422414,0.164423498354,0.38924727484,0.265654138453,0.579173861547
committee_kappa,u08,P9,0.4,0.440355,0.182827812501,0.41518277867,0.266048633443,0.614661366557
committee_kappa,u09,P9,0.2,0.4214814,0.298757478521,0.708827195034,0.136648748719,0.706314051281
committee_kappa,u10,P9,0.2,0.3776976,0.314366041402,0.832322051827,0.077983887431,0.677411312569
committee_kappa,u11,P9,0,0.1961726,0.162328267963,0.82747676262,0.0414103119709,0.350934888029
committee_kappa,u12,P9,0.2,0.4709602,0.33836918479,0.718466623697,0.148362109761,0.793558290239
committee_kappa,u13,P9,0.6,0.4129004,0.291203620576,0.705263595231,0.135269527889,0.690531272111
committee_kappa,u14,P9,0.2,0.2822894,0.323255134524,1.1451196344,0,0.590477892762
committee_kappa,u15,P9,0.2,0.4404274,0.288730829987,0.655569635283,0.165154063852,0.715700736148
committee_kappa,u16,P9,0,0.1464106,0.127083968809,0.867997049457,0.0252499048755,0.267571295125
committee_kappa,u17,P9,0.2,0.3669976,0.321117573556,0.874985486433,0.0608470383417,0.673148161658
committee_kappa,u18,P9,0.2,0.1913996,0.182058882469,0.951197821045,0.017826324313,0.364972875687
committee_kappa,u19,P9,0,0.3152052,0.0417095486633,0.13232506527,0.275439697264,0.354970702736
committee_kappa,u20,P9,0.2,0.4080576,0.272424223077,0.66761217798,0.148330833941,0.667784366059
committee_kappa,u21,P9,0.4,0.476234,0.223655578576,0.46963379048,0.263002814174,0.689465185826
committee_kappa,u22,P9,0.2,0.2618848,0.220231660742,0.840948618408,0.0519179461634,0.471851653837
committee_kappa,u23,P9,0.2,0.2670356,0.171069872508,0.640625716225,0.10393914604,0.43013205396
committee_kappa,u24,P9,0,0.3248912,0.120803008531,0.371826040629,0.209718715037,0.440063684963
committee_kappa,u25,P9,0.2,0.4384992,0.252851860046,0.576630151311,0.197432546088,0.679565853912
committee_kappa,u26,P9,0.2,0.4144472,0.240237963463,0.579658792393,0.18540651988,0.64348788012
committee_kappa,u27,P9,0,0.2572992,0.211075890005,0.82035190939,0.0560613743592,0.458537025641
committee_kappa,u28,P9,1,0.6727446,0.200879253515,0.298596604886,0.481228154456,0.864261045544
committee_kappa,u29,P9,0.2,0.3096068,0.1224053996,0.395357594213,0.192906610027,0.426306989973
committee_kappa,u30,P9,0.2,0.3817454,0.115212017714,0.301803290136,0.271903314615,0.491587485385
committee_kappa,u31,P9,0.2,0.2953296,0.111546470403,0.377701626937,0.188982213942,0.401676986058
committee_kappa,u32,P9,0,0.3003162,0.0456003202313,0.151841026995,0.256841271188,0.343791128812
committee_kappa,u33,P9,0,0.2428518,0.0659272225769,0.271471006502,0.17999738815,0.30570621185
committee_kappa,u34,P9,0.8,0.5801248,0.335159930751,0.577737636368,0.26058638325,0.89966321675
committee_kappa,u35,P9,0.2,0.2796716,0.210287968593,0.751910342675,0.0791849714367,0.480158228563
committee_kappa,u36,P9,0.2,0.3995396,0.228512353209,0.571939185025,0.181678009598,0.617401190402
committee_kappa,u37,P9,0.2,0.5314874,0.33601466319,0.632215670946,0.211134089149,0.851840710851
committee_kappa,u38,P9,0.2,0.3792296,0.121881484616,0.32139232965,0.263028905787,0.495430294213
committee_kappa,u39,P9,0,0.1574178,0.0713052624404,0.452968231296,0.0894360140653,0.225399585935
committee_kappa,u40,P9,0,0.2492166,0.111150034381,0.445997715965,0.143247172425,0.355186027575
committee_kappa,u01,_x,NA,0.1677368,0.0399546074965,0.238198221836,0.129644442144,0.205829157856
committee_kappa,u02,_x,NA,0.4505268,0.143660348314,0.318871925741,0.313562336058,0.587491263942
committee_kappa,u03,_x,NA,0.3896648,0.276877384348,0.710552722103,0.125692430659,0.653637169341
committee_kappa,u04,_x,NA,0.4167374,0.274465316826,0.658604955605,0.155064673803,0.678410126197
committee_kappa,u05,_x,NA,0.3588636,0.286770049015,0.7991059807,0.0854596545208,0.632267545479
committee_kappa,u06,_x,NA,0.1765534,0.124541487013,0.705404070454,0.0578166837983,0.295290116202
committee_kappa,u07,_x,NA,0.2399848,0.208379206305,0.868301685377,0.041317967968,0.438651632032
committee_kappa,u08,_x,NA,0.283436,0.213432290568,0.753017579163,0.0799516035847,0.486920396415
committee_kappa,u09,_x,NA,0.2166474,0.230508948902,1.06398206903,0,0.436412526499
committee_kappa,u10,_x,NA,0.4384802,0.162089861266,0.369662897586,0.283945206738,0.593015193262
committee_kappa,u11,_x,NA,0.3487102,0.106274032017,0.304763187361,0.247389508543,0.450030891457
committee_kappa,u12,_x,NA,0.2157968,0.154265164323,0.714863076391,0.0687218013354,0.362871798665
committee_kappa,u13,_x,NA,0.3888856,0.234070633649,0.60190100546,0.165724795794,0.612046404206
committee_kappa,u14,_x,NA,0.246663,0.264676612937,1.07302924613,0,0.499003265316
committee_kappa,u15,_x,NA,0.533717,0.238406367661,0.446690601314,0.306422546588,0.761011453412
committee_kappa,u16,_x,NA,0.4211788,0.184564975707,0.438210507525,0.24521623791,0.59714136209
committee_kappa,u17,_x,NA,0.4936698,0.213660624842,0.432800679405,0.289967711774,0.697371888226
committee_kappa,u18,_x,NA,0.2301842,0.235722468779,1.02406016042,0.00544855126848,0.454919848732
committee_kappa,u19,_x,NA,0.2306208,0.178780854279,0.775215653917,0.060172766449,0.401068833551
committee_kappa,u20,_x,NA,0.5070082,0.198524591334,0.391560908352,0.317736667873,0.696279732127
committee_kappa,u21,_x,NA,0.3883308,0.117558252967,0.302727089809,0.276251835355,0.500409764645
committee_kappa,u22,_x,NA,0.3897284,0.298905494797,0.766958463373,0.104754631353,0.674702168647
committee_kappa,u23,_x,NA,0.4148506,0.156401316901,0.377006365426,0.265739012979,0.563962187021
committee_kappa,u24,_x,NA,0.1994534,0.271442604811,1.36093245245,0,0.45824430017
committee_kappa,u25,_x,NA,0.3552048,0.223307154353,0.628671556108,0.142305798645,0.568103801355
committee_kappa,u26,_x,NA,0.3421484,0.316438145511,0.924856423443,0.0404591622995,0.6438376377
committee_kappa,u27,_x,NA,0.3000758,0.115568051352,0.385129528444,0.189894275397,0.410257324603
committee_kappa,u28,_x,NA,0.2311874,0.154345126046,0.667619109201,0.0840361665589,0.378338633441
committee_kappa,u29,_x,NA,0.4928424,0.264107125919,0.535885560819,0.241045078406,0.744639721594
committee_kappa,u30,_x,NA,0.2283414,0.160116510624,0.701215419647,0.0756877812167,0.380995018783
committee_kappa,u31,_x,NA,0.2785314,0.0688814425647,0.24730225233,0.212860461797,0.344202338203
committee_kappa,u32,_x,NA,0.1520234,0.0962036664702,0.632821437161,0.0603037030762,0.243743096924
committee_kappa,u33,_x,NA,0.2602578,0.260892501451,1.00243874132,0.011525272013,0.508990327987
committee_kappa,u34,_x,NA,0.2631524,0.292660066848,1.11213147533,0,0.542171834683
committee_kappa,u35,_x,NA,0.4099616,0.16590797964,0.404691511693,0.251786447553,0.568136752447
committee_kappa,u36,_x,NA,0.442137,0.313027805348,0.707988260082,0.143699149462,0.740574850538
committee_kappa,u37,_x,NA,0.2981666,0.181029100784,0.607140775608,0.125575108765,0.470758091235
committee_kappa,u38,_x,NA,0.498408,0.318320779073,0.638675099663,0.194923876657,0.801892123343
committee_kappa,u39,_x,NA,0.1644832,0.0791315114648,0.481091755661,0.0890399397276,0.239926460272
committee_kappa,u40,_x,NA,0.2225268,0.177425703199,0.797322853693,0.053370755111,0.391682844889
committee_kappa,u01,sp1,NA,0.4918106,0.281149603568,0.571662350441,0.223765135875,0.759856064125
committee_kappa,u02,sp1,NA,0.7217412,0.180664846465,0.250318045395,0.549496985507,0.893985414493
committee_kappa,u03,sp1,NA,0.6838048,0.201913689228,0.295279719049,0.491302132895,0.876307467105
committee_kappa,u04,sp1,NA,0.5524792,0.193874353233,0.350917017751,0.367641162404,0.737317237596
committee_kappa,u05,sp1,NA,0.492207,0.179140098503,0.363952764797,0.321416466287,0.662997533713
committee_kappa,u06,sp1,NA,0.8003358,0.0837263535137,0.104614030153,0.720511859286,0.880159740714
committee_kappa,u07,sp1,NA,0.6750988,0.18686439135,0.276795620656,0.496943996037,0.853253603963
committee_kappa,u08,sp1,NA,0.6615446,0.0985642318227,0.148991060954,0.56757436163,0.75551483837
committee_kappa,u09,sp1,NA,0.7689782,0.275238039163,0.357926972654,0.506568767385,1
committee_kappa,u10,sp1,NA,0.7440052,0.156171143925,0.209905984427,0.595113057792,0.892897342208
committee_kappa,u11,sp1,NA,0.5486674,0.313308474692,0.571035338881,0.249961961873,0.847372838127
committee_kappa,u12,sp1,NA,0.682095,0.305566157512,0.447981817066,0.390771016357,0.973418983643
committee_kappa,u13,sp1,NA,0.5777562,0.136897551151,0.236946918356,0.447239325104,0.708273074896
committee_kappa,u14,sp1,NA,0.699392,0.154785465574,0.221314320973,0.551820950875,0.846963049125
committee_kappa,u15,sp1,NA,0.6199088,0.119214046732,0.19230900857,0.506251216703,0.733566383297
committee_kappa,u16,sp1,NA,0.6455336,0.248169079562,0.384440220559,0.40893146623,0.88213573377
committee_kappa,u17,sp1,NA,0.810202,0.120207138395,0.148366874427,0.695597612182,0.924806387818
committee_kappa,u18,sp1,NA,0.5851832,0.171972013197,0.293877222035,0.421226653347,0.749139746653
committee_kappa,u19,sp1,NA,0.6441178,0.318766485868,0.494888490689,0.340208743869,0.948026856131
committee_kappa,u20,sp1,NA,0.4745042,0.278177742629,0.586249273724,0.209292080951,0.739716319049
committee_kappa,u21,sp1,NA,0.7001544,0.233210935226,0.333085009857,0.477813224419,0.922495575581
committee_kappa,u22,sp1,NA,0.4027282,0.277401835129,0.688806582528,0.138255824074,0.667200575926
committee_kappa,u23,sp1,NA,0.775741,0.141707681641,0.182673961594,0.640638190629,0.910843809371
committee_kappa,u24,sp1,NA,0.668023,0.210032389803,0.314408919758,0.46778003792,0.86826596208
committee_kappa,u25,sp1,NA,0.7859974,0.160753303622,0.204521419055,0.632736668589,0.939258131411
committee_kappa,u26,sp1,NA,0.6082786,0.12294460437,0.202118904677,0.491064337124,0.725492862876
committee_kappa,u27,sp1,NA,0.7264714,0.198422255054,0.273131543863,0.537297434347,0.915645365653
committee_kappa,u28,sp1,NA,0.79253,0.0355003968851,0.04479375782,0.758684245857,0.826375754143
committee_kappa,u29,sp1,NA,0.5727402,0.275021571352,0.480185555949,0.310537145819,0.834943254181
committee_kappa,u30,sp1,NA,0.7235396,0.112475230864,0.155451382154,0.616306742202,0.830772457798
committee_kappa,u31,sp1,NA,0.8265776,0.181099408008,0.219095470296,0.653919078501,0.999236121499
committee_kappa,u32,sp1,NA,0.498914,0.196812189732,0.394481192614,0.31127505592,0.68655294408
committee_kappa,u33,sp1,NA,0.73191,0.112529315318,0.153747476217,0.624625578577,0.839194421423
committee_kappa,u34,sp1,NA,0.7010002,0.231674754018,0.330491708872,0.480123605551,0.921876794449
committee_kappa,u35,sp1,NA,0.6502384,0.155671674526,0.239407076737,0.501822447354,0.798654352646
committee_kappa,u36,sp1,NA,0.6063298,0.247275281617,0.407823071894,0.370579805028,0.842079794972
committee_kappa,u37,sp1,NA,0.5334118,0.315397401098,0.591283134527,0.232714798517,0.834108801483
committee_kappa,u38,sp1,NA,0.636622,0.133742789914,0.210081948023,0.509112845653,0.764131154347
committee_kappa,u39,sp1,NA,0.742748,0.14787621562,0.199093387824,0.601764166675,0.883731833325
committee_kappa,u40,sp1,NA,0.6654944,0.113976625555,0.171266092629,0.556830126217,0.774158673783
committee_kappa,u01,sp2,0,0.298247,0.0662215845929,0.222036045938,0.235111946093,0.361382053907
committee_kappa,u02,sp2,0,0.404888,0.166071735727,0.410167097388,0.246556723996,0.563219276004
committee_kappa,u03,sp2,0,0.2597054,0.156098307187,0.60105915082,0.110882699672,0.408528100328
committee_kappa,u04,sp2,0,0.2425916,0.214731683803,0.885157127464,0.0378683739425,0.447314826057
committee_kappa,u05,sp2,0,0.2940668,0.197502758862,0.671625490746,0.105769473618,0.482364126382
committee_kappa,u06,sp2,0,0.297479,0.218321172606,0.733904486051,0.0893335881028,0.505624411897
committee_kappa,u07,sp2,0,0.4505116,0.233737571759,0.518826977505,0.227668333958,0.673354866042
committee_kappa,u08,sp2,0.8,0.7043228,0.211517810844,0.300313735185,0.502663651067,0.905981948933
committee_kappa,u09,sp2,0,0.2587654,0.0626568942839,0.242137837145,0.199028889275,0.318501910725
committee_kappa,u10,sp2,0,0.2808084,0.099386844468,0.353931166119,0.186053890247,0.375562909753
committee_kappa,u11,sp2,0.4,0.566154,0.224862238094,0.397175040879,0.35177239601,0.78053560399
committee_kappa,u12,sp2,0,0.4258034,0.182475158854,0.42854321702,0.251833250209,0.599773549791
committee_kappa,u13,sp2,0,0.3522162,0.175833007033,0.499218965604,0.184578617089,0.519853782911
committee_kappa,u14,sp2,0,0.3366374,0.207354787559,0.615958855313,0.138947239443,0.534327560557
committee_kappa,u15,sp2,0,0.1776486,0.0957723253388,0.539111061606,0.0863401397712,0.268957060229
committee_kappa,u16,sp2,0,0.2569484,0.238574482529,0.928491800411,0.0294936674087,0.484403132591
committee_kappa,u17,sp2,0,0.4100998,0.311139253603,0.758691551674,0.113462477446,0.706737122554
committee_kappa,u18,sp2,0,0.4093202,0.135392550625,0.330774172945,0.28023817886,0.53840222114
committee_kappa,u19,sp2,0,0.1739076,0.125404337542,0.721097511218,0.0543482499847,0.293466950015
committee_kappa,u20,sp2,0,0.3992504,0.261140097447,0.654075982009,0.150281816251,0.648218983749
committee_kappa,u21,sp2,0,0.490227,0.128340934506,0.261798992113,0.36786792526,0.61258607474
committee_kappa,u22,sp2,0,0.3114518,0.0905773272028,0.290822936977,0.225096203545,0.397807396455
committee_kappa,u23,sp2,0.4,0.5412024,0.221715404256,0.409671879237,0.329820958649,0.752583841351
committee_kappa,u24,sp2,0,0.2392886,0.231411426603,0.967080866379,0.0186630595038,0.459914140496
committee_kappa,u25,sp2,0,0.3190674,0.238759320359,0.748303713758,0.0914364447094,0.546698355291
committee_kappa,u26,sp2,0,0.19385,0.12948338705,0.667956600723,0.0704017214399,0.31729827856
committee_kappa,u27,sp2,0,0.4541648,0.193158674613,0.425305251778,0.270009083864,0.638320516136
committee_kappa,u28,sp2,0.6,0.7261858,0.122442080927,0.168609852915,0.609450638385,0.842920961615
committee_kappa,u29,sp2,0,0.3921228,0.282090073525,0.719392173892,0.123180700408,0.661064899592
committee_kappa,u30,sp2,0.2,0.3299492,0.20459919104,0.620093005347,0.134886199996,0.525012200004
committee_kappa,u31,sp2,0,0.4955474,0.0817153473975,0.164899154748,0.417640734149,0.573454065851
committee_kappa,u32,sp2,0,0.3133184,0.22347401504,0.713248934759,0.10026031519,0.52637648481
committee_kappa,u33,sp2,0,0.1676122,0.123514252751,0.736904907586,0.0498548395607,0.285369560439
committee_kappa,u34,sp2,0,0.1887626,0.251261873678,1.33109987719,0,0.428313375431
committee_kappa,u35,sp2,0,0.2499642,0.224645115774,0.898709158248,0.0357895984467,0.464138801553
committee_kappa,u36,sp2,0.8,0.7126734,0.0833784343718,0.116993891412,0.633181162218,0.792165637782
committee_kappa,u37,sp2,0.8,0.7455688,0.120280402594,0.161327033259,0.630894562764,0.860243037236
committee_kappa,u38,sp2,0.8,0.750979,0.23896827091,0.318208992408,0.523148833163,0.978809166837
committee_kappa,u39,sp2,0,0.3774526,0.183392425845,0.48586875768,0.202607936238,0.552297263762
committee_kappa,u40,sp2,1,0.7983488,0.169711068619,0.212577595931,0.636547817257,0.960149782743
committee_kappa,u01,sp3,0.8,0.6619982,0.179354497048,0.270928979939,0.491003260673,0.832993139327
committee_kappa,u02,sp3,0,0.3891138,0.160477668492,0.412418342635,0.236115856603,0.542111743397
committee_kappa,u03,sp3,1,0.687698,0.0705728301969,0.102621834289,0.620414508277,0.754981491723
committee_kappa,u04,sp3,0.6,0.613446,0.244002219107,0.3977566389,0.38081651293,0.84607548707
committee_kappa,u05,sp3,0,0.2351128,0.0254420846178,0.108212247984,0.210856548904,0.259369051096
committee_kappa,u06,sp3,0.2,0.219197,0.22808032461,1.04052667057,0.00174730171896,0.436646698281
committee_kappa,u07,sp3,0.2,0.5039324,0.178483293938,0.35418102495,0.333768057761,0.674096742239
committee_kappa,u08,sp3,0.2,0.4500882,0.304683672672,0.6769421475,0.159605569343,0.740570830657
committee_kappa,u09,sp3,0,0.3848282,0.12606838582,0.327596537415,0.264635752422,0.505020647578
committee_kappa,u10,sp3,0.6,0.5426028,0.204779280603,0.377401813265,0.347368104252,0.737837495748
committee_kappa,u11,sp3,0,0.3844396,0.193988171446,0.504599868082,0.19949304916,0.56938615084
committee_kappa,u12,sp3,0.2,0.2737868,0.206632142363,0.754719155063,0.0767856027726,0.470787997227
committee_kappa,u13,sp3,0,0.2330078,0.0895504308041,0.38432374712,0.147631237192,0.318384362808
committee_kappa,u14,sp3,0.6,0.7373362,0.16553942381,0.224510099748,0.579512425316,0.895159974684
committee_kappa,u15,sp3,0.2,0.3764498,0.207630863764,0.55154993777,0.178496430912,0.574403169088
committee_kappa,u16,sp3,0.2,0.425376,0.24805855116,0.583151261848,0.188879243,0.661872757
committee_kappa,u17,sp3,0.2,0.392443,0.157742777565,0.401950799391,0.242052476634,0.542833523366
committee_kappa,u18,sp3,0.2,0.3158474,0.187772368313,0.594503447908,0.136826939094,0.494867860906
committee_kappa,u19,sp3,0.2,0.3282212,0.0945567942704,0.288088625203,0.23807161599,0.41837078401
committee_kappa,u20,sp3,1,0.7354896,0.109725859155,0.149187506057,0.630877968077,0.840101231923
committee_kappa,u21,sp3,0,0.1926344,0.0877670019415,0.455614375945,0.10895814198,0.27631065802
committee_kappa,u22,sp3,0.2,0.356957,0.181771374744,0.509224849896,0.183657831551,0.530256168449
committee_kappa,u23,sp3,0.6,0.4931154,0.271526509988,0.550634820953,0.234244505401,0.751986294599
committee_kappa,u24,sp3,0.2,0.279438,0.0925740856315,0.33128667408,0.191178712297,0.367697287703
committee_kappa,u25,sp3,0,0.162624,0.176383116644,1.08460692545,0,0.33078605239
committee_kappa,u26,sp3,0.2,0.4277806,0.214801553905,0.502130189879,0.222990760426,0.632570439574
committee_kappa,u27,sp3,0,0.4001744,0.219442946303,0.54836827719,0.190959499305,0.609389300695
committee_kappa,u28,sp3,0.2,0.3543874,0.130259878734,0.367563515898,0.230198821361,0.478575978639
committee_kappa,u29,sp3,1,0.675908,0.218299044345,0.322971535098,0.467783684984,0.884032315016
committee_kappa,u30,sp3,0.2,0.268385,0.123299761839,0.459413759483,0.150832133238,0.385937866762
committee_kappa,u31,sp3,0.2,0.2907268,0.251643151244,0.86556571752,0.0508125180195,0.53064108198
committee_kappa,u32,sp3,0.4,0.5005892,0.275066757297,0.549486000291,0.238343065952,0.762835334048
committee_kappa,u33,sp3,1,0.6623162,0.161998626186,0.244594086912,0.50786818943,0.81676421057
committee_kappa,u34,sp3,0,0.2962082,0.110279162661,0.372302868931,0.191069053568,0.401347346432
committee_kappa,u35,sp3,0.4,0.2860434,0.227107896405,0.793963071354,0.0695208058878,0.502565994112
committee_kappa,u36,sp3,0.4,0.4714474,0.116964198703,0.248095967235,0.359934801264,0.582959998736
committee_kappa,u37,sp3,0.2,0.2960708,0.15481994126,0.522915266415,0.148466882071,0.443674717929
committee_kappa,u38,sp3,1,0.6724398,0.205586403632,0.305732057549,0.476435600528,0.868443999472
committee_kappa,u39,sp3,0.2,0.2607096,0.1475495468,0.565953638837,0.120037209744,0.401381990256
committee_kappa,u40,sp3,0,0.3021864,0.211613651455,0.700275232292,0.100435877504,0.503936922496
committee_prevalence,u01,a1,0.2,0.2422652,0.257797798441,1.06411403058,0,0.488047266404
committee_prevalence,u02,a1,0,0.3118202,0.188120063217,0.603296589563,0.132468249948,0.491172150052
committee_prevalence,u03,a1,0.8,0.5071206,0.126339568476,0.249131209571,0.386669609354,0.627571590646
committee_prevalence,u04,a1,1,0.831359,0.113934403239,0.137045973207,0.722734980587,0.939983019413
committee_prevalence,u05,a1,0.6,0.5948874,0.318259661111,0.534991430497,0.291461545964,0.898313254036
committee_prevalence,u06,a1,0.6,0.5177034,0.266045437541,0.51389548058,0.26405810981,0.77134869019
committee_prevalence,u07,a1,0.6,0.679946,0.307696709477,0.452531097289,0.386590767573,0.973301232427
committee_prevalence,u08,a1,0.4,0.3289836,0.205160342531,0.623618753429,0.13338560329,0.52458159671
committee_prevalence,u09,a1,1,0.78171,0.156185472782,0.19979976306,0.632804196791,0.930615803209
committee_prevalence,u10,a1,0.6,0.5217308,0.20685733398,0.396482887305,0.324514907142,0.718946692858
committee_prevalence,u11,a1,0.6,0.4707892,0.345959361786,0.734849826178,0.140954704338,0.800623695662
committee_prevalence,u12,a1,0.4,0.4260394,0.210683324446,0.494516057544,0.225175842777,0.626902957223
committee_prevalence,u13,a1,0,0.1912774,0.125832482419,0.657853371173,0.071309860569,0.311244939431
committee_prevalence,u14,a1,0.2,0.305381,0.284495565467,0.931608598659,0.0341455263613,0.576616473639
committee_prevalence,u15,a1,0.6,0.5880766,0.178360669115,0.303294960411,0.418029167146,0.758124032854
committee_prevalence,u16,a1,0,0.3118424,0.0747173168737,0.239599608243,0.240607592533,0.383077207467
committee_prevalence,u17,a1,1,0.6876826,0.106628703482,0.155055113336,0.586023768007,0.789341431993
committee_prevalence,u18,a1,1,0.7857874,0.164620297534,0.209497247645,0.628839911912,0.942734888088
committee_prevalence,u19,a1,0.6,0.6558558,0.201569000409,0.307337375698,0.463681756068,0.848029843932
committee_prevalence,u20,a1,0.4,0.4141742,0.201273764479,0.485964032717,0.222281631306,0.606066768694
committee_prevalence,u21,a1,0,0.202551,0.0984479428251,0.486040270476,0.108691630498,0.296410369502
committee_prevalence,u22,a1,0.4,0.3169012,0.223078490158,0.703937031977,0.104220205,0.529582195
committee_prevalence,u23,a1,0,0.2841248,0.165985011395,0.584197547679,0.125876206182,0.442373393818
committee_prevalence,u24,a1,0.2,0.3952044,0.2581011822,0.653082764766,0.149133090292,0.641275709708
committee_prevalence,u25,a1,0.8,0.6875952,0.23665550544,0.344178530392,0.461970002637,0.913220397363
committee_prevalence,u26,a1,0.6,0.6354178,0.283734715022,0.446532525564,0.364907714226,0.905927885774
committee_prevalence,u27,a1,1,0.6735246,0.111071037498,0.164910142106,0.567630487332,0.779418712668
committee_prevalence,u28,a1,0.6,0.5070538,0.300484945996,0.592609592899,0.220574197006,0.793533402994
committee_prevalence,u29,a1,0.2,0.2925818,0.308879460364,1.0557029192,0,0.58706465632
committee_prevalence,u30,a1,0,0.2861198,0.093564576292,0.327011889048,0.196916187548,0.375323412452
committee_prevalence,u31,a1,1,0.7919736,0.14163423424,0.178837065074,0.65694081471,0.92700638529
committee_prevalence,u32,a1,0.8,0.6846264,0.300011389512,0.438211832777,0.398598281433,0.970654518567
committee_prevalence,u33,a1,0.8,0.5988744,0.198617216676,0.331650871496,0.409514559717,0.788234240283
committee_prevalence,u34,a1,0.6,0.491354,0.326048192566,0.66357085231,0.180502631212,0.802205368788
committee_prevalence,u35,a1,1,0.7231426,0.110187412631,0.152373007248,0.618090927209,0.828194272791
committee_prevalence,u36,a1,0.8,0.7302322,0.200157137617,0.274100673207,0.539404213157,0.921060186843
committee_prevalence,u37,a1,0,0.3365126,0.178486073851,0.530399378363,0.166345607416,0.506679592584
committee_prevalence,u38,a1,0.6,0.6514206,0.253326688173,0.388883446691,0.409901249288,0.892939950712
committee_prevalence,u39,a1,1,0.7258086,0.171922144719,0.236869809367,0.561899597498,0.889717602502
committee_prevalence,u40,a1,0,0.122795,0.111280156713,0.906227099741,0.0167015149821,0.228888485018
committee_prevalence,u01,P9,0,0.2101852,0.0766158704395,0.364516009878,0.137140328904,0.283230071096
committee_prevalence,u02,P9,0.2,0.5390836,0.245234809692,0.454910536496,0.305278972324,0.772888227676
committee_prevalence,u03,P9,0,0.254733,0.241312505062,0.947315444259,0.0246678617331,0.484798138267
committee_prevalence,u04,P9,0,0.2491192,0.134251245993,0.53890364931,0.121125288272,0.377113111728
committee_prevalence,u05,P9,0,0.248367,0.0814317560722,0.327868662391,0.170730707528,0.326003292472
committee_prevalence,u06,P9,0,0.2298614,0.197694696866,0.860060440185,0.0413810816789,0.418341718321
committee_prevalence,u07,P9,0,0.422414,0.164423498354,0.38924727484,0.265654138453,0.579173861547
committee_prevalence,u08,P9,0,0.440355,0.182827812501,0.41518277867,0.266048633443,0.614661366557
committee_prevalence,u09,P9,0,0.4214814,0.298757478521,0.708827195034,0.136648748719,0.706314051281
committee_prevalence,u10,P9,0.2,0.3776976,0.314366041402,0.832322051827,0.077983887431,0.677411312569
committee_prevalence,u11,P9,0,0.1961726,0.162328267963,0.82747676262,0.0414103119709,0.350934888029
committee_prevalence,u12,P9,0,0.4709602,0.33836918479,0.718466623697,0.148362109761,0.793558290239
committee_prevalence,u13,P9,0.2,0.4129004,0.291203620576,0.705263595231,0.135269527889,0.690531272111
committee_prevalence,u14,P9,0,0.2822894,0.323255134524,1.1451196344,0,0.590477892762
committee_prevalence,u15,P9,0,0.4404274,0.288730829987,0.655569635283,0.165154063852,0.715700736148
committee_prevalence,u16,P9,0,0.1464106,0.127083968809,0.867997049457,0.0252499048755,0.267571295125
committee_prevalence,u17,P9,0,0.3669976,0.321117573556,0.874985486433,0.0608470383417,0.673148161658
committee_prevalence,u18,P9,0,0.1913996,0.182058882469,0.951197821045,0.017826324313,0.364972875687
committee_prevalence,u19,P9,0,0.3152052,0.0417095486633,0.13232506527,0.275439697264,0.354970702736
committee_prevalence,u20,P9,0.2,0.4080576,0.272424223077,0.66761217798,0.148330833941,0.667784366059
committee_prevalence,u21,P9,0,0.476234,0.223655578576,0.46963379048,0.263002814174,0.689465185826
committee_prevalence,u22,P9,0,0.2618848,0.220231660742,0.840948618408,0.0519179461634,0.471851653837
committee_prevalence,u23,P9,0,0.2670356,0.171069872508,0.640625716225,0.10393914604,0.43013205396
committee_prevalence,u24,P9,0,0.3248912,0.120803008531,0.371826040629,0.209718715037,0.440063684963
committee_prevalence,u25,P9,0,0.4384992,0.252851860046,0.576630151311,0.197432546088,0.679565853912
committee_prevalence,u26,P9,0,0.4144472,0.240237963463,0.579658792393,0.18540651988,0.64348788012
committee_prevalence,u27,P9,0,0.2572992,0.211075890005,0.82035190939,0.0560613743592,0.458537025641
committee_prevalence,u28,P9,0.6,0.6727446,0.200879253515,0.298596604886,0.481228154456,0.864261045544
committee_prevalence,u29,P9,0,0.3096068,0.1224053996,0.395357594213,0.192906610027,0.426306989973
committee_prevalence,u30,P9,0.2,0.3817454,0.115212017714,0.301803290136,0.271903314615,0.491587485385
committee_prevalence,u31,P9,0,0.2953296,0.111546470403,0.377701626937,0.188982213942,0.401676986058
committee_prevalence,u32,P9,0,0.3003162,0.0456003202313,0.151841026995,0.256841271188,0.343791128812
committee_prevalence,u33,P9,0,0.2428518,0.0659272225769,0.271471006502,0.17999738815,0.30570621185
committee_prevalence,u34,P9,0.4,0.5801248,0.335159930751,0.577737636368,0.26058638325,0.89966321675
committee_prevalence,u35,P9,0,0.2796716,0.210287968593,0.751910342675,0.0791849714367,0.480158228563
committee_prevalence,u36,P9,0,0.3995396,0.228512353209,0.571939185025,0.181678009598,0.617401190402
committee_prevalence,u37,P9,0,0.5314874,0.33601466319,0.632215670946,0.211134089149,0.851840710851
committee_prevalence,u38,P9,0,0.3792296,0.121881484616,0.32139232965,0.263028905787,0.495430294213
committee_prevalence,u39,P9,0,0.1574178,0.0713052624404,0.452968231296,0.0894360140653,0.225399585935
committee_prevalence,u40,P9,0,0.2492166,0.111150034381,0.445997715965,0.143247172425,0.355186027575
committee_prevalence,u01,_x,NA,0.1677368,0.0399546074965,0.238198221836,0.129644442144,0.205829157856
committee_prevalence,u02,_x,NA,0.4505268,0.143660348314,0.318871925741,0.313562336058,0.587491263942
committee_prevalence,u03,_x,NA,0.3896648,0.276877384348,0.710552722103,0.125692430659,0.653637169341
committee_prevalence,u04,_x,NA,0.4167374,0.274465316826,0.658604955605,0.155064673803,0.678410126197
committee_prevalence,u05,_x,NA,0.3588636,0.286770049015,0.7991059807,0.0854596545208,0.632267545479
committee_prevalence,u06,_x,NA,0.1765534,0.124541487013,0.705404070454,0.0578166837983,0.295290116202
committee_prevalence,u07,_x,NA,0.2399848,0.208379206305,0.868301685377,0.041317967968,0.438651632032
committee_prevalence,u08,_x,NA,0.283436,0.213432290568,0.753017579163,0.0799516035847,0.486920396415
committee_prevalence,u09,_x,NA,0.2166474,0.230508948902,1.06398206903,0,0.436412526499
committee_prevalence,u10,_x,NA,0.4384802,0.162089861266,0.369662897586,0.283945206738,0.593015193262
committee_prevalence,u11,_x,NA,0.3487102,0.106274032017,0.304763187361,0.247389508543,0.450030891457
committee_prevalence,u12,_x,NA,0.2157968,0.154265164323,0.714863076391,0.0687218013354,0.362871798665
committee_prevalence,u13,_x,NA,0.3888856,0.234070633649,0.60190100546,0.165724795794,0.612046404206
committee_prevalence,u14,_x,NA,0.246663,0.264676612937,1.07302924613,0,0.499003265316
committee_prevalence,u15,_x,NA,0.533717,0.238406367661,0.446690601314,0.306422546588,0.761011453412
committee_prevalence,u16,_x,NA,0.4211788,0.184564975707,0.438210507525,0.24521623791,0.59714136209
committee_prevalence,u17,_x,NA,0.4936698,0.213660624842,0.432800679405,0.289967711774,0.697371888226
committee_prevalence,u18,_x,NA,0.2301842,0.235722468779,1.02406016042,0.00544855126848,0.454919848732
committee_prevalence,u19,_x,NA,0.2306208,0.178780854279,0.775215653917,0.060172766449,0.401068833551
committee_prevalence,u20,_x,NA,0.5070082,0.198524591334,0.391560908352,0.317736667873,0.696279732127
committee_prevalence,u21,_x,NA,0.3883308,0.117558252967,0.302727089809,0.276251835355,0.500409764645
committee_prevalence,u22,_x,NA,0.3897284,0.298905494797,0.766958463373,0.104754631353,0.674702168647
committee_prevalence,u23,_x,NA,0.4148506,0.156401316901,0.377006365426,0.265739012979,0.563962187021
committee_prevalence,u24,_x,NA,0.1994534,0.271442604811,1.36093245245,0,0.45824430017
committee_prevalence,u25,_x,NA,0.3552048,0.223307154353,0.628671556108,0.142305798645,0.568103801355
committee_prevalence,u26,_x,NA,0.3421484,0.316438145511,0.924856423443,0.0404591622995,0.6438376377
committee_prevalence,u27,_x,NA,0.3000758,0.115568051352,0.385129528444,0.189894275397,0.410257324603
committee_prevalence,u28,_x,NA,0.2311874,0.154345126046,0.667619109201,0.0840361665589,0.378338633441
committee_prevalence,u29,_x,NA,0.4928424,0.264107125919,0.535885560819,0.241045078406,0.744639721594
committee_prevalence,u30,_x,NA,0.2283414,0.160116510624,0.701215419647,0.0756877812167,0.380995018783
committee_prevalence,u31,_x,NA,0.2785314,0.0688814425647,0.24730225233,0.212860461797,0.344202338203
committee_prevalence,u32,_x,NA,0.1520234,0.0962036664702,0.632821437161,0.0603037030762,0.243743096924
committee_prevalence,u33,_x,NA,0.2602578,0.260892501451,1.00243874132,0.011525272013,0.508990327987
committee_prevalence,u34,_x,NA,0.2631524,0.292660066848,1.11213147533,0,0.542171834683
committee_prevalence,u35,_x,NA,0.4099616,0.16590797964,0.404691511693,0.251786447553,0.568136752447
committee_prevalence,u36,_x,NA,0.442137,0.313027805348,0.707988260082,0.143699149462,0.740574850538
committee_prevalence,u37,_x,NA,0.2981666,0.181029100784,0.607140775608,0.125575108765,0.470758091235
committee_prevalence,u38,_x,NA,0.498408,0.318320779073,0.638675099663,0.194923876657,0.801892123343
committee_prevalence,u39,_x,NA,0.1644832,0.0791315114648,0.481091755661,0.0890399397276,0.239926460272
committee_prevalence,u40,_x,NA,0.2225268,0.177425703199,0.797322853693,0.053370755111,0.391682844889
committee_prevalence,u01,sp1,NA,0.4918106,0.281149603568,0.571662350441,0.223765135875,0.759856064125
committee_prevalence,u02,sp1,NA,0.7217412,0.180664846465,0.250318045395,0.549496985507,0.893985414493
committee_prevalence,u03,sp1,NA,0.6838048,0.201913689228,0.295279719049,0.491302132895,0.876307467105
committee_prevalence,u04,sp1,NA,0.5524792,0.193874353233,0.350917017751,0.367641162404,0.737317237596
committee_prevalence,u05,sp1,NA,0.492207,0.179140098503,0.363952764797,0.321416466287,0.662997533713
committee_prevalence,u06,sp1,NA,0.8003358,0.0837263535137,0.104614030153,0.720511859286,0.880159740714
committee_prevalence,u07,sp1,NA,0.6750988,0.18686439135,0.276795620656,0.496943996037,0.853253603963
committee_prevalence,u08,sp1,NA,0.6615446,0.0985642318227,0.148991060954,0.56757436163,0.75551483837
committee_prevalence,u09,sp1,NA,0.7689782,0.275238039163,0.357926972654,0.506568767385,1
committee_prevalence,u10,sp1,NA,0.7440052,0.156171143925,0.209905984427,0.595113057792,0.892897342208
committee_prevalence,u11,sp1,NA,0.5486674,0.313308474692,0.571035338881,0.249961961873,0.847372838127
committee_prevalence,u12,sp1,NA,0.682095,0.305566157512,0.447981817066,0.390771016357,0.973418983643
committee_prevalence,u13,sp1,NA,0.5777562,0.136897551151,0.236946918356,0.447239325104,0.708273074896
committee_prevalence,u14,sp1,NA,0.699392,0.154785465574,0.221314320973,0.551820950875,0.846963049125
committee_prevalence,u15,sp1,NA,0.6199088,0.119214046732,0.19230900857,0.506251216703,0.733566383297
committee_prevalence,u16,sp1,NA,0.6455336,0.248169079562,0.384440220559,0.40893146623,0.88213573377
committee_prevalence,u17,sp1,NA,0.810202,0.120207138395,0.148366874427,0.695597612182,0.924806387818
committee_prevalence,u18,sp1,NA,0.5851832,0.171972013197,0.293877222035,0.421226653347,0.749139746653
committee_prevalence,u19,sp1,NA,0.6441178,0.318766485868,0.494888490689,0.340208743869,0.948026856131
committee_prevalence,u20,sp1,NA,0.4745042,0.278177742629,0.586249273724,0.209292080951,0.739716319049
committee_prevalence,u21,sp1,NA,0.7001544,0.233210935226,0.333085009857,0.477813224419,0.922495575581
committee_prevalence,u22,sp1,NA,0.4027282,0.277401835129,0.688806582528,0.138255824074,0.667200575926
committee_prevalence,u23,sp1,NA,0.775741,0.141707681641,0.182673961594,0.640638190629,0.910843809371
committee_prevalence,u24,sp1,NA,0.668023,0.210032389803,0.314408919758,0.46778003792,0.86826596208
committee_prevalence,u25,sp1,NA,0.7859974,0.160753303622,0.204521419055,0.632736668589,0.939258131411
committee_prevalence,u26,sp1,NA,0.6082786,0.12294460437,0.202118904677,0.491064337124,0.725492862876
committee_prevalence,u27,sp1,NA,0.7264714,0.198422255054,0.273131543863,0.537297434347,0.915645365653
committee_prevalence,u28,sp1,NA,0.79253,0.0355003968851,0.04479375782,0.758684245857,0.826375754143
committee_prevalence,u29,sp1,NA,0.5727402,0.275021571352,0.480185555949,0.310537145819,0.834943254181
committee_prevalence,u30,sp1,NA,0.7235396,0.112475230864,0.155451382154,0.616306742202,0.830772457798
committee_prevalence,u31,sp1,NA,0.8265776,0.181099408008,0.219095470296,0.653919078501,0.999236121499
committee_prevalence,u32,sp1,NA,0.498914,0.196812189732,0.394481192614,0.31127505592,0.68655294408
committee_prevalence,u33,sp1,NA,0.73191,0.112529315318,0.153747476217,0.624625578577,0.839194421423
committee_prevalence,u34,sp1,NA,0.7010002,0.231674754018,0.330491708872,0.480123605551,0.921876794449
committee_prevalence,u35,sp1,NA,0.6502384,0.155671674526,0.239407076737,0.501822447354,0.798654352646
committee_prevalence,u36,sp1,NA,0.6063298,0.247275281617,0.407823071894,0.370579805028,0.842079794972
committee_prevalence,u37,sp1,NA,0.5334118,0.315397401098,0.591283134527,0.232714798517,0.834108801483
committee_prevalence,u38,sp1,NA,0.636622,0.133742789914,0.210081948023,0.509112845653,0.764131154347
committee_prevalence,u39,sp1,NA,0.742748,0.14787621562,0.199093387824,0.601764166675,0.883731833325
committee_prevalence,u40,sp1,NA,0.6654944,0.113976625555,0.171266092629,0.556830126217,0.774158673783
committee_prevalence,u01,sp2,0,0.298247,0.0662215845929,0.222036045938,0.235111946093,0.361382053907
committee_prevalence,u02,sp2,0,0.404888,0.166071735727,0.410167097388,0.246556723996,0.563219276004
committee_prevalence,u03,sp2,0,0.2597054,0.156098307187,0.60105915082,0.110882699672,0.408528100328
committee_prevalence,u04,sp2,0,0.2425916,0.214731683803,0.885157127464,0.0378683739425,0.447314826057
committee_prevalence,u05,sp2,0,0.2940668,0.197502758862,0.671625490746,0.105769473618,0.482364126382
committee_prevalence,u06,sp2,0.4,0.297479,0.218321172606,0.733904486051,0.0893335881028,0.505624411897
committee_prevalence,u07,sp2,0.2,0.4505116,0.233737571759,0.518826977505,0.227668333958,0.673354866042
committee_prevalence,u08,sp2,0.8,0.7043228,0.211517810844,0.300313735185,0.502663651067,0.905981948933
committee_prevalence,u09,sp2,0,0.2587654,0.0626568942839,0.242137837145,0.199028889275,0.318501910725
committee_prevalence,u10,sp2,0,0.2808084,0.099386844468,0.353931166119,0.186053890247,0.375562909753
committee_prevalence,u11,sp2,0.4,0.566154,0.224862238094,0.397175040879,0.35177239601,0.78053560399
committee_prevalence,u12,sp2,0,0.4258034,0.182475158854,0.42854321702,0.251833250209,0.599773549791
committee_prevalence,u13,sp2,0,0.3522162,0.175833007033,0.499218965604,0.184578617089,0.519853782911
committee_prevalence,u14,sp2,0,0.3366374,0.207354787559,0.615958855313,0.138947239443,0.534327560557
committee_prevalence,u15,sp2,0,0.1776486,0.0957723253388,0.539111061606,0.0863401397712,0.268957060229
committee_prevalence,u16,sp2,0.2,0.2569484,0.238574482529,0.928491800411,0.0294936674087,0.484403132591
committee_prevalence,u17,sp2,0.2,0.4100998,0.311139253603,0.758691551674,0.113462477446,0.706737122554
committee_prevalence,u18,sp2,0,0.4093202,0.135392550625,0.330774172945,0.28023817886,0.53840222114
committee_prevalence,u19,sp2,0,0.1739076,0.125404337542,0.721097511218,0.0543482499847,0.293466950015
committee_prevalence,u20,sp2,0.2,0.3992504,0.261140097447,0.654075982009,0.150281816251,0.648218983749
committee_prevalence,u21,sp2,0.2,0.490227,0.128340934506,0.261798992113,0.36786792526,0.61258607474
committee_prevalence,u22,sp2,0,0.3114518,0.0905773272028,0.290822936977,0.225096203545,0.397807396455
committee_prevalence,u23,sp2,0.4,0.5412024,0.221715404256,0.409671879237,0.329820958649,0.752583841351
committee_prevalence,u24,sp2,0,0.2392886,0.231411426603,0.967080866379,0.0186630595038,0.459914140496
committee_prevalence,u25,sp2,0,0.3190674,0.238759320359,0.748303713758,0.0914364447094,0.546698355291
committee_prevalence,u26,sp2,0,0.19385,0.12948338705,0.667956600723,0.0704017214399,0.31729827856
committee_prevalence,u27,sp2,0.2,0.4541648,0.193158674613,0.425305251778,0.270009083864,0.638320516136
committee_prevalence,u28,sp2,0.8,0.7261858,0.122442080927,0.168609852915,0.609450638385,0.842920961615
committee_prevalence,u29,sp2,0.4,0.3921228,0.282090073525,0.719392173892,0.123180700408,0.661064899592
committee_prevalence,u30,sp2,0.2,0.3299492,0.20459919104,0.620093005347,0.134886199996,0.525012200004
committee_prevalence,u31,sp2,0,0.4955474,0.0817153473975,0.164899154748,0.417640734149,0.573454065851
committee_prevalence,u32,sp2,0,0.3133184,0.22347401504,0.713248934759,0.10026031519,0.52637648481
committee_prevalence,u33,sp2,0,0.1676122,0.123514252751,0.736904907586,0.0498548395607,0.285369560439
committee_prevalence,u34,sp2,0,0.1887626,0.251261873678,1.33109987719,0,0.428313375431
committee_prevalence,u35,sp2,0,0.2499642,0.224645115774,0.898709158248,0.0357895984467,0.464138801553
committee_prevalence,u36,sp2,0.8,0.7126734,0.0833784343718,0.116993891412,0.633181162218,0.792165637782
committee_prevalence,u37,sp2,0.8,0.7455688,0.120280402594,0.161327033259,0.630894562764,0.860243037236
committee_prevalence,u38,sp2,0.8,0.750979,0.23896827091,0.318208992408,0.523148833163,0.978809166837
committee_prevalence,u39,sp2,0.2,0.3774526,0.183392425845,0.48586875768,0.202607936238,0.552297263762
committee_prevalence,u40,sp2,0.8,0.7983488,0.169711068619,0.212577595931,0.636547817257,0.960149782743
committee_prevalence,u01,sp3,0.8,0.6619982,0.179354497048,0.270928979939,0.491003260673,0.832993139327
committee_prevalence,u02,sp3,0,0.3891138,0.160477668492,0.412418342635,0.236115856603,0.542111743397
committee_prevalence,u03,sp3,1,0.687698,0.0705728301969,0.102621834289,0.620414508277,0.754981491723
committee_prevalence,u04,sp3,0.4,0.613446,0.244002219107,0.3977566389,0.38081651293,0.84607548707
committee_prevalence,u05,sp3,0,0.2351128,0.0254420846178,0.108212247984,0.210856548904,0.259369051096
committee_prevalence,u06,sp3,0.2,0.219197,0.22808032461,1.04052667057,0.00174730171896,0.436646698281
committee_prevalence,u07,sp3,0.2,0.5039324,0.178483293938,0.35418102495,0.333768057761,0.674096742239
committee_prevalence,u08,sp3,0.6,0.4500882,0.304683672672,0.6769421475,0.159605569343,0.740570830657
committee_prevalence,u09,sp3,0,0.3848282,0.12606838582,0.327596537415,0.264635752422,0.505020647578
committee_prevalence,u10,sp3,0.4,0.5426028,0.204779280603,0.377401813265,0.347368104252,0.737837495748
committee_prevalence,u11,sp3,0,0.3844396,0.193988171446,0.504599868082,0.19949304916,0.56938615084
committee_prevalence,u12,sp3,0.2,0.2737868,0.206632142363,0.754719155063,0.0767856027726,0.470787997227
committee_prevalence,u13,sp3,0,0.2330078,0.0895504308041,0.38432374712,0.147631237192,0.318384362808
committee_prevalence,u14,sp3,0.6,0.7373362,0.16553942381,0.224510099748,0.579512425316,0.895159974684
committee_prevalence,u15,sp3,0.2,0.3764498,0.207630863764,0.55154993777,0.178496430912,0.574403169088
committee_prevalence,u16,sp3,0.4,0.425376,0.24805855116,0.583151261848,0.188879243,0.661872757
committee_prevalence,u17,sp3,0.2,0.392443,0.157742777565,0.401950799391,0.242052476634,0.542833523366
committee_prevalence,u18,sp3,0,0.3158474,0.187772368313,0.594503447908,0.136826939094,0.494867860906
committee_prevalence,u19,sp3,0,0.3282212,0.0945567942704,0.288088625203,0.23807161599,0.41837078401
committee_prevalence,u20,sp3,0.8,0.7354896,0.109725859155,0.149187506057,0.630877968077,0.840101231923
committee_prevalence,u21,sp3,0,0.1926344,0.0877670019415,0.455614375945,0.10895814198,0.27631065802
committee_prevalence,u22,sp3,0,0.356957,0.181771374744,0.509224849896,0.183657831551,0.530256168449
committee_prevalence,u23,sp3,0.4,0.4931154,0.271526509988,0.550634820953,0.234244505401,0.751986294599
committee_prevalence,u24,sp3,0,0.279438,0.0925740856315,0.33128667408,0.191178712297,0.367697287703
committee_prevalence,u25,sp3,0,0.162624,0.176383116644,1.08460692545,0,0.33078605239
committee_prevalence,u26,sp3,0,0.4277806,0.214801553905,0.502130189879,0.222990760426,0.632570439574
committee_prevalence,u27,sp3,0.4,0.4001744,0.219442946303,0.54836827719,0.190959499305,0.609389300695
committee_prevalence,u28,sp3,0,0.3543874,0.130259878734,0.367563515898,0.230198821361,0.478575978639
committee_prevalence,u29,sp3,0.8,0.675908,0.218299044345,0.322971535098,0.467783684984,0.884032315016
committee_prevalence,u30,sp3,0,0.268385,0.123299761839,0.459413759483,0.150832133238,0.385937866762
committee_prevalence,u31,sp3,0.2,0.2907268,0.251643151244,0.86556571752,0.0508125180195,0.53064108198
committee_prevalence,u32,sp3,0.4,0.5005892,0.275066757297,0.549486000291,0.238343065952,0.762835334048
committee_prevalence,u33,sp3,0.8,0.6623162,0.161998626186,0.244594086912,0.50786818943,0.81676421057
committee_prevalence,u34,sp3,0,0.2962082,0.110279162661,0.372302868931,0.191069053568,0.401347346432
committee_prevalence,u35,sp3,0.2,0.2860434,0.227107896405,0.793963071354,0.0695208058878,0.502565994112
committee_prevalence,u36,sp3,0,0.4714474,0.116964198703,0.248095967235,0.359934801264,0.582959998736
committee_prevalence,u37,sp3,0,0.2960708,0.15481994126,0.522915266415,0.148466882071,0.443674717929
committee_prevalence,u38,sp3,0.8,0.6724398,0.205586403632,0.305732057549,0.476435600528,0.868443999472
committee_prevalence,u39,sp3,0,0.2607096,0.1475495468,0.565953638837,0.120037209744,0.401381990256
committee_prevalence,u40,sp3,0,0.3021864,0.211613651455,0.700275232292,0.100435877504,0.503936922496
min_score_learners,u01,a1,0.138410333333,0.138410333333,0.106163167499,0.767017641977,0,0.317385982838
min_score_learners,u02,a1,0.447087,0.447087,0.046309842442,0.103581277116,0.369015345538,0.525158654462
min_score_learners,u03,a1,0.573992333333,0.573992333333,0.0586391574405,0.102160175381,0.475135248182,0.672849418485
min_score_learners,u04,a1,0.839833,0.839833,0.0205732994923,0.0244968934208,0.805149411277,0.874516588723
min_score_learners,u05,a1,0.822491,0.822491,0.0757789548819,0.092133476089,0.694738710874,0.950243289126
min_score_learners,u06,a1,0.583452666667,0.583452666667,0.260985993035,0.447313052018,0.14346826609,1
min_score_learners,u07,a1,0.894276333333,0.894276333333,0.0283906221371,0.031747035093,0.846413876357,0.942138790309
min_score_learners,u08,a1,0.433340666667,0.433340666667,0.202984807642,0.46841855209,0.0911378232197,0.775543510114
min_score_learners,u09,a1,0.869974666667,0.869974666667,0.0592245906135,0.0680762243806,0.770130626389,0.969818706944
min_score_learners,u10,a1,0.428206333333,0.428206333333,0.21923837242,0.511992362918,0.0586023452004,0.797810321466
min_score_learners,u11,a1,0.511980333333,0.511980333333,0.392523704864,0.766677310256,0,1
min_score_learners,u12,a1,0.330758666667,0.330758666667,0.233309553181,0.705376991424,0,0.724084617654
min_score_learners,u13,a1,0.118451666667,0.118451666667,0.0320296608838,0.27040278778,0.0644543199862,0.172449013347
min_score_learners,u14,a1,0.120022333333,0.120022333333,0.137527143522,1.14584627463,0,0.351873081728
min_score_learners,u15,a1,0.718025333333,0.718025333333,0.010642297512,0.0148216184275,0.700083968599,0.735966698068
min_score_learners,u16,a1,0.348042666667,0.348042666667,0.0790080749375,0.227006865837,0.21484655109,0.481238782243
min_score_learners,u17,a1,0.62055,0.62055,0.0564007704469,0.0908883578227,0.525466509547,0.715633490453
min_score_learners,u18,a1,0.852862666667,0.852862666667,0.0582725400196,0.0683258187949,0.75462364513,0.951101688204
min_score_learners,u19,a1,0.640566666667,0.640566666667,0.249012903152,0.388738465659,0.220767153079,1
min_score_learners,u20,a1,0.42475,0.42475,0.282596213611,0.665323634162,0,0.901166087334
min_score_learners,u21,a1,0.153699,0.153699,0.0345509495094,0.224796189366,0.0954511276431,0.211946872357
min_score_learners,u22,a1,0.155439333333,0.155439333333,0.0251897922447,0.162055457294,0.11297300971,0.197905656957
min_score_learners,u23,a1,0.332956333333,0.332956333333,0.210453988074,0.632076843132,0,0.687751127931
min_score_learners,u24,a1,0.382125333333,0.382125333333,0.104454210702,0.273350656421,0.206030736267,0.558219930399
min_score_learners,u25,a1,0.824473,0.824473,0.0546115619626,0.066238144806,0.732405854651,0.916540145349
min_score_learners,u26,a1,0.558929666667,0.558929666667,0.355059445897,0.635248882053,0,1
min_score_learners,u27,a1,0.661034333333,0.661034333333,0.150465563055,0.227621404014,0.407371292654,0.914697374013
min_score_learners,u28,a1,0.586574,0.586574,0.216724589348,0.36947527396,0.221207884273,0.951940115727
min_score_learners,u29,a1,0.193456666667,0.193456666667,0.026618734161,0.137595331397,0.148581354939,0.238331978394
min_score_learners,u30,a1,0.333703333333,0.333703333333,0.0177956673472,0.0533278081746,0.303702428152,0.363704238514
min_score_learners,u31,a1,0.889206666667,0.889206666667,0.0681966137967,0.0766937724976,0.774237101083,1
min_score_learners,u32,a1,0.791497333333,0.791497333333,0.299112472761,0.377907113725,0.287237236834,1
min_score_learners,u33,a1,0.66414,0.66414,0.235200375312,0.354142764044,0.267626398087,1
min_score_learners,u34,a1,0.412106,0.412106,0.408959712328,0.992365343692,0,1
min_score_learners,u35,a1,0.678659,0.678659,0.109427505921,0.161240779126,0.494180151004,0.863137848996
min_score_learners,u36,a1,0.778113666667,0.778113666667,0.0512733227062,0.0658943865179,0.69167430686,0.864553026473
min_score_learners,u37,a1,0.242077333333,0.242077333333,0.171179736013,0.707128311666,0,0.530661454897
min_score_learners,u38,a1,0.578267,0.578267,0.328843702223,0.568671050265,0.0238843776852,1
min_score_learners,u39,a1,0.72298,0.72298,0.181345719552,0.250830893735,0.417257509737,1
min_score_learners,u40,a1,0.0674603333333,0.0674603333333,0.0360705354179,0.534692516855,0.00665066029394,0.128270006373
min_score_learners,u01,P9,0.167192666667,0.167192666667,0.0676839267576,0.404825929911,0.0530874168147,0.281297916519
min_score_learners,u02,P9,0.377963333333,0.377963333333,0.148600721685,0.393161739724,0.127444143795,0.628482522871
min_score_learners,u03,P9,0.372575333333,0.372575333333,0.253263355834,0.679764152844,0,0.799540491535
min_score_learners,u04,P9,0.241102666667,0.241102666667,0.182281604339,0.75603313252,0,0.548402922472
min_score_learners,u05,P9,0.297244,0.297244,0.0211379480556,0.0711131193752,0.261608495977,0.332879504023
min_score_learners,u06,P9,0.211563,0.211563,0.126055193673,0.595828163116,0,0.424073710567
min_score_learners,u07,P9,0.404686333333,0.404686333333,0.220356122541,0.544510907314,0.0331979811725,0.776174685494
min_score_learners,u08,P9,0.357922666667,0.357922666667,0.202970951235,0.567080462172,0.0157431831044,0.700102150229
min_score_learners,u09,P9,0.492405333333,0.492405333333,0.346056245799,0.702787363118,0,1
min_score_learners,u10,P9,0.23165,0.23165,0.162081850471,0.699684223918,0,0.504896410638
min_score_learners,u11,P9,0.270291666667,0.270291666667,0.170070646145,0.629211578155,0,0.55700602413
min_score_learners,u12,P9,0.514043333333,0.514043333333,0.390945806579,0.760530837047,0,1
min_score_learners,u13,P9,0.449302,0.449302,0.405531983779,0.902582191442,0,1
min_score_learners,u14,P9,0.133937666667,0.133937666667,0.0659224310863,0.492187393785,0.0228020421499,0.245073291183
min_score_learners,u15,P9,0.533767333333,0.533767333333,0.33066004617,0.619483481886,0,1
min_score_learners,u16,P9,0.130869333333,0.130869333333,0.169066056677,1.29186916729,0,0.41589009916
min_score_learners,u17,P9,0.281555,0.281555,0.213982752919,0.760003384488,0,0.642298778554
min_score_learners,u18,P9,0.114654666667,0.114654666667,0.0259524719503,0.226353385386,0.0709025760592,0.158406757274
min_score_learners,u19,P9,0.329614333333,0.329614333333,0.0290886386126,0.0882505269671,0.280575122168,0.378653544498
min_score_learners,u20,P9,0.275014333333,0.275014333333,0.106153352544,0.385992072694,0.0960552304131,0.453973436254
min_score_learners,u21,P9,0.367208,0.367208,0.212744336592,0.579356486221,0.00855201113631,0.725863988864
min_score_learners,u22,P9,0.179628,0.179628,0.0571334279385,0.318065267878,0.0833093556465,0.275946644354
min_score_learners,u23,P9,0.197321666667,0.197321666667,0.164270007991,0.832498583485,0,0.474256992422
min_score_learners,u24,P9,0.371457,0.371457,0.118292141954,0.318454469706,0.172033664804,0.570880335196
min_score_learners,u25,P9,0.430261333333,0.430261333333,0.271539955956,0.631104714551,0,0.888038179379
min_score_learners,u26,P9,0.361532666667,0.361532666667,0.241752146167,0.668686866932,0,0.769091600702
min_score_learners,u27,P9,0.336771333333,0.336771333333,0.251612711414,0.747132212603,0,0.760953745277
min_score_learners,u28,P9,0.818913666667,0.818913666667,0.0127698332539,0.0155936257676,0.797385586311,0.840441747022
min_score_learners,u29,P9,0.338348,0.338348,0.104692079013,0.309421302956,0.161852391581,0.514843608419
min_score_learners,u30,P9,0.350498333333,0.350498333333,0.0126503217482,0.0360923877381,0.329171731983,0.371824934684
min_score_learners,u31,P9,0.298377,0.298377,0.0928015502187,0.311021125015,0.14192709259,0.45482690741
min_score_learners,u32,P9,0.293459666667,0.293459666667,0.0293432500813,0.0999907429004,0.243991217621,0.342928115712
min_score_learners,u33,P9,0.284831,0.284831,0.043843402092,0.153927775038,0.210917405005,0.358744594995
min_score_learners,u34,P9,0.614007333333,0.614007333333,0.451468857947,0.735282517713,0,1
min_score_learners,u35,P9,0.218741333333,0.218741333333,0.0570826211148,0.260959464062,0.12250834189,0.314974324777
min_score_learners,u36,P9,0.426691,0.426691,0.290490901191,0.680799222837,0,0.916416381609
min_score_learners,u37,P9,0.596537,0.596537,0.348337934063,0.583933492914,0.00928993997832,1
min_score_learners,u38,P9,0.330037,0.330037,0.0485199392724,0.14701363566,0.248239443938,0.411834556062
min_score_learners,u39,P9,0.120646333333,0.120646333333,0.057782369641,0.478940122294,0.0232336677157,0.218058998951
min_score_learners,u40,P9,0.312533333333,0.312533333333,0.0474835955392,0.15193129972,0.232482901976,0.39258376469
min_score_learners,u01,_x,0.143555,0.143555,0.0078254055486,0.0545115499188,0.130362505148,0.156747494852
min_score_learners,u02,_x,0.460362333333,0.460362333333,0.0801356400133,0.174070800782,0.325265307144,0.595459359523
min_score_learners,u03,_x,0.355958,0.355958,0.27450926839,0.771184432967,0,0.818740674659
min_score_learners,u04,_x,0.492090666667,0.492090666667,0.352992531933,0.717332304479,0,1
min_score_learners,u05,_x,0.457902666667,0.457902666667,0.353191717776,0.771324876413,0,1
min_score_learners,u06,_x,0.119723,0.119723,0.0766501764382,0.640229333028,0,0.248944041873
min_score_learners,u07,_x,0.096482,0.096482,0.0591096979099,0.612650006321,0,0.196132347901
min_score_learners,u08,_x,0.289175666667,0.289175666667,0.18730281963,0.647712934456,0,0.604940960669
min_score_learners,u09,_x,0.0692886666667,0.0692886666667,0.00272047446842,0.039262906898,0.0647023426485,0.0738749906849
min_score_learners,u10,_x,0.549778333333,0.549778333333,0.0637163757078,0.115894664894,0.442361797117,0.657194869549
min_score_learners,u11,_x,0.354496333333,0.354496333333,0.141507973628,0.399180359067,0.115934484747,0.59305818192
min_score_learners,u12,_x,0.177841666667,0.177841666667,0.133642153561,0.751467055306,0,0.403142887404
min_score_learners,u13,_x,0.283983,0.283983,0.221868780246,0.781274865912,0,0.658021472901
min_score_learners,u14,_x,0.155125666667,0.155125666667,0.240955402795,1.5532916504,0,0.561341407335
min_score_learners,u15,_x,0.363239,0.363239,0.0650437039766,0.179065860154,0.253584781501,0.472893218499
min_score_learners,u16,_x,0.297027333333,0.297027333333,0.0124649923118,0.0419658089103,0.27601317044,0.318041496227
min_score_learners,u17,_x,0.507797,0.507797,0.24797771412,0.488340250375,0.0897426644608,0.925851335539
min_score_learners,u18,_x,0.161232666667,0.161232666667,0.126385438027,0.783869923137,0,0.374300121151
min_score_learners,u19,_x,0.163632666667,0.163632666667,0.100521878018,0.614314244619,0,0.333097923137
min_score_learners,u20,_x,0.545511333333,0.545511333333,0.24576877199,0.450529176888,0.131180952738,0.959841713929
min_score_learners,u21,_x,0.369500666667,0.369500666667,0.157454388063,0.42612748032,0.104055484171,0.634945849163
min_score_learners,u22,_x,0.507911,0.507911,0.351180229438,0.691420798994,0,1
min_score_learners,u23,_x,0.525502,0.525502,0.0461885988854,0.0878942399562,0.447634744529,0.603369255471
min_score_learners,u24,_x,0.0697263333333,0.0697263333333,0.0219704871437,0.315095977279,0.0326872895751,0.106765377092
min_score_learners,u25,_x,0.41716,0.41716,0.290743780609,0.696959872973,0,0.907311699504
min_score_learners,u26,_x,0.161661,0.161661,0.121383852645,0.75085427311,0,0.366296509457
min_score_learners,u27,_x,0.357666333333,0.357666333333,0.0820172245405,0.229312118298,0.219397229475,0.495935437191
min_score_learners,u28,_x,0.233009666667,0.233009666667,0.21293255278,0.913835704012,0,0.59198296063
min_score_learners,u29,_x,0.474224333333,0.474224333333,0.350770888097,0.739672900442,0,1
min_score_learners,u30,_x,0.208008666667,0.208008666667,0.0259397702444,0.124705237816,0.164277989287,0.251739344047
min_score_learners,u31,_x,0.297745666667,0.297745666667,0.087422955111,0.293616213091,0.150363287812,0.445128045521
min_score_learners,u32,_x,0.135331,0.135331,0.0635957095015,0.469927137917,0.0281178894462,0.242544110554
min_score_learners,u33,_x,0.114419,0.114419,0.0566900229317,0.495459870579,0.018847871955,0.209990128045
min_score_learners,u34,_x,0.123650333333,0.123650333333,0.157225757357,1.27153524878,0,0.388710077733
min_score_learners,u35,_x,0.294275333333,0.294275333333,0.0383279749704,0.13024528606,0.229659945754,0.358890720912
min_score_learners,u36,_x,0.259428666667,0.259428666667,0.152810759848,0.58902804309,0.00181196551143,0.517045367822
min_score_learners,u37,_x,0.27157,0.27157,0.186670043735,0.687373582262,0,0.586268525937
min_score_learners,u38,_x,0.445730333333,0.445730333333,0.347313714685,0.779201433494,0,1
min_score_learners,u39,_x,0.110329,0.110329,0.00349008237725,0.0316334089609,0.104445229056,0.116212770944
min_score_learners,u40,_x,0.292931666667,0.292931666667,0.204133157327,0.696862717677,0,0.637070460553
min_score_learners,u01,sp1,0.623480333333,0.623480333333,0.230759974392,0.37011588346,0.23445260112,1
min_score_learners,u02,sp1,0.770012,0.770012,0.0813630866855,0.105664699622,0.632845677363,0.907178322637
min_score_learners,u03,sp1,0.763929666667,0.763929666667,0.230803275662,0.302126341904,0.374828934814,1
min_score_learners,u04,sp1,0.690754333333,0.690754333333,0.011139973444,0.0161272581386,0.671973959409,0.709534707258
min_score_learners,u05,sp1,0.371378,0.371378,0.0846851601345,0.228029555155,0.22861114502,0.51414485498
min_score_learners,u06,sp1,0.810865,0.810865,0.115429061969,0.142352995836,0.616268400968,1
min_score_learners,u07,sp1,0.654745,0.654745,0.0923338965007,0.141022682878,0.499083488697,0.810406511303
min_score_learners,u08,sp1,0.596864333333,0.596864333333,0.0498923008623,0.083590688999,0.512753175363,0.680975491304
min_score_learners,u09,sp1,0.877046333333,0.877046333333,0.0747097021834,0.0851833014334,0.751096648639,1
min_score_learners,u10,sp1,0.735055333333,0.735055333333,0.220177721308,0.299538975262,0.363867739687,1
min_score_learners,u11,sp1,0.744417333333,0.744417333333,0.160036875817,0.214982737036,0.474618452337,1
min_score_learners,u12,sp1,0.878066666667,0.878066666667,0.00913425860885,0.0104026937311,0.862667636044,0.893465697289
min_score_learners,u13,sp1,0.663447666667,0.663447666667,0.09936717748,0.149773949736,0.49592906725,0.830966266083
min_score_learners,u14,sp1,0.753248333333,0.753248333333,0.104098562936,0.13819952641,0.57775330664,0.928743360027
min_score_learners,u15,sp1,0.576463333333,0.576463333333,0.127216245065,0.220684018754,0.361995259099,0.790931407568
min_score_learners,u16,sp1,0.811878,0.811878,0.0233722935973,0.0287879380859,0.772475714579,0.851280285421
min_score_learners,u17,sp1,0.845023,0.845023,0.112850038316,0.133546706204,0.654774259498,1
min_score_learners,u18,sp1,0.486955333333,0.486955333333,0.121453712028,0.249414481604,0.282202051125,0.691708615542
min_score_learners,u19,sp1,0.796244333333,0.796244333333,0.280735413693,0.352574457287,0.322965283841,1
min_score_learners,u20,sp1,0.493123333333,0.493123333333,0.250162407538,0.507301907308,0.0713859226487,0.914860744018
min_score_learners,u21,sp1,0.667304,0.667304,0.267430376739,0.40076243622,0.216455306408,1
min_score_learners,u22,sp1,0.20722,0.20722,0.100271885352,0.483890962995,0.0381761947822,0.376263805218
min_score_learners,u23,sp1,0.758083333333,0.758083333333,0.196042748005,0.258603163247,0.427583792092,1
min_score_learners,u24,sp1,0.815320666667,0.815320666667,0.0628393806489,0.0770732096192,0.709382616483,0.92125871685
min_score_learners,u25,sp1,0.859545666667,0.859545666667,0.0423544157478,0.0492753525383,0.788142285942,0.930949047392
min_score_learners,u26,sp1,0.616587,0.616587,0.0290690087034,0.04714502366,0.567580882005,0.665593117995
min_score_learners,u27,sp1,0.849916,0.849916,0.0915181005703,0.10767899483,0.695629801905,1
min_score_learners,u28,sp1,0.776695666667,0.776695666667,0.0349366194892,0.044981092323,0.717797610854,0.835593722479
min_score_learners,u29,sp1,0.510080666667,0.510080666667,0.352135744133,0.690353050302,0,1
min_score_learners,u30,sp1,0.752242666667,0.752242666667,0.118035221084,0.156911095733,0.553252462665,0.951232870668
min_score_learners,u31,sp1,0.893237333333,0.893237333333,0.0499916051086,0.0559667663263,0.808958762856,0.977515903811
min_score_learners,u32,sp1,0.627877333333,0.627877333333,0.0750711234519,0.119563359699,0.501318344981,0.754436321686
min_score_learners,u33,sp1,0.712152666667,0.712152666667,0.072982270178,0.102481214484,0.589115180924,0.835190152409
min_score_learners,u34,sp1,0.744098333333,0.744098333333,0.129417681641,0.173925509363,0.525918957426,0.96227770924
min_score_learners,u35,sp1,0.677367666667,0.677367666667,0.00774342181037,0.0114316377817,0.664313384465,0.690421948868
min_score_learners,u36,sp1,0.65082,0.65082,0.253840706103,0.390032122712,0.222881513271,1
min_score_learners,u37,sp1,0.443296333333,0.443296333333,0.39532385367,0.891782367558,0,1
min_score_learners,u38,sp1,0.560526666667,0.560526666667,0.08765678197,0.156382893416,0.412750089759,0.708303243574
min_score_learners,u39,sp1,0.807049,0.807049,0.167423495161,0.207451462255,0.524797353832,1
min_score_learners,u40,sp1,0.703001,0.703001,0.137562939239,0.19567957832,0.471089905237,0.934912094763
min_score_learners,u01,sp2,0.287146666667,0.287146666667,0.0849524733091,0.295850459611,0.143929160579,0.430364172755
min_score_learners,u02,sp2,0.313202666667,0.313202666667,0.138301370233,0.441571496517,0.0800466847181,0.546358648615
min_score_learners,u03,sp2,0.271512666667,0.271512666667,0.199058825811,0.733147474315,0,0.607096876131
min_score_learners,u04,sp2,0.0921483333333,0.0921483333333,0.0478403980056,0.519167262988,0.0114963849469,0.17280028172
min_score_learners,u05,sp2,0.203847666667,0.203847666667,0.109038371839,0.534901250636,0.0200248410981,0.387670492235
min_score_learners,u06,sp2,0.421081,0.421081,0.194543946706,0.462010745453,0.0931082196147,0.749053780385
min_score_learners,u07,sp2,0.389831,0.389831,0.214933648813,0.55135083873,0.0274841493627,0.752177850637
min_score_learners,u08,sp2,0.854011666667,0.854011666667,0.0459005011011,0.0537469251214,0.77663010213,0.931393231203
min_score_learners,u09,sp2,0.216225333333,0.216225333333,0.0322963967082,0.149364536571,0.161778308874,0.270672357793
min_score_learners,u10,sp2,0.286411,0.286411,0.0126526311493,0.0441764846647,0.265080505336,0.307741494664
min_score_learners,u11,sp2,0.578473,0.578473,0.183211138272,0.316715107312,0.269605685267,0.887340314733
min_score_learners,u12,sp2,0.506664666667,0.506664666667,0.0613642507111,0.121114130801,0.403213470869,0.610115862464
min_score_learners,u13,sp2,0.333035,0.333035,0.214634004023,0.644478820614,0,0.694876693132
min_score_learners,u14,sp2,0.346935666667,0.346935666667,0.251158336753,0.723933457651,0,0.77035206906
min_score_learners,u15,sp2,0.144589,0.144589,0.0748800205128,0.517881861779,0.0183521833901,0.27082581661
min_score_learners,u16,sp2,0.160545,0.160545,0.0661227716297,0.411864409541,0.0490716304844,0.272018369516
min_score_learners,u17,sp2,0.329129,0.329129,0.139963561658,0.42525441896,0.0931708052228,0.565087194777
min_score_learners,u18,sp2,0.478796,0.478796,0.0692629797439,0.144660731802,0.362028696627,0.595563303373
min_score_learners,u19,sp2,0.0853153333333,0.0853153333333,0.0145775169468,0.170866318834,0.0607397613605,0.109890905306
min_score_learners,u20,sp2,0.341004,0.341004,0.192617906208,0.56485526917,0.01627824358,0.66572975642
min_score_learners,u21,sp2,0.44715,0.44715,0.057209638174,0.12794283389,0.350702876281,0.543597123719
min_score_learners,u22,sp2,0.329635333333,0.329635333333,0.0988192720745,0.299783615656,0.163040422689,0.496230243978
min_score_learners,u23,sp2,0.543606666667,0.543606666667,0.211254195547,0.388615902823,0.187462838731,0.899750494603
min_score_learners,u24,sp2,0.0907676666667,0.0907676666667,0.0196581993156,0.216577114269,0.0576268036582,0.123908529675
min_score_learners,u25,sp2,0.314347333333,0.314347333333,0.183021767384,0.582227835188,0.00579927035704,0.62289539631
min_score_learners,u26,sp2,0.108631333333,0.108631333333,0.0551877575313,0.508027986382,0.015592806115,0.201669860552
min_score_learners,u27,sp2,0.491671,0.491671,0.247877255173,0.504152685785,0.0737860236244,0.909555976376
min_score_learners,u28,sp2,0.742074333333,0.742074333333,0.167559749825,0.225799144773,0.459592981633,1
min_score_learners,u29,sp2,0.565192333333,0.565192333333,0.216251162127,0.382615172523,0.200624346998,0.929760319669
min_score_learners,u30,sp2,0.298925,0.298925,0.228790055273,0.765376115325,0,0.68463173528
min_score_learners,u31,sp2,0.514176666667,0.514176666667,0.00485262901254,0.00943766865968,0.505995840399,0.522357492934
min_score_learners,u32,sp2,0.213655,0.213655,0.208658428737,0.976613834158,0,0.56542274288
min_score_learners,u33,sp2,0.150435,0.150435,0.105932227391,0.704172748303,0,0.329021318094
min_score_learners,u34,sp2,0.059967,0.059967,0.000557720360037,0.00930045458397,0.0590267646431,0.0609072353569
min_score_learners,u35,sp2,0.191474,0.191474,0.066732453514,0.348519660706,0.0789727955601,0.30397520444
min_score_learners,u36,sp2,0.731994666667,0.731994666667,0.0637250359618,0.08705669435,0.624563530523,0.839425802811
min_score_learners,u37,sp2,0.805424666667,0.805424666667,0.118579085038,0.147225544418,0.605517587193,1
min_score_learners,u38,sp2,0.874550333333,0.874550333333,0.0991345053215,0.113354831098,0.707423985313,1
min_score_learners,u39,sp2,0.364323333333,0.364323333333,0.0320319702849,0.0879218193132,0.310322093339,0.418324573328
min_score_learners,u40,sp2,0.845363,0.845363,0.0366796399519,0.0433892185391,0.783526465365,0.907199534635
min_score_learners,u01,sp3,0.657233333333,0.657233333333,0.247372651038,0.376384821785,0.24019904609,1
min_score_learners,u02,sp3,0.503055,0.503055,0.0426846601017,0.0848508813186,0.431094875358,0.575015124642
min_score_learners,u03,sp3,0.698229333333,0.698229333333,0.0912802322594,0.130731019024,0.544344146592,0.852114520075
min_score_learners,u04,sp3,0.612242666667,0.612242666667,0.169747329995,0.277254982765,0.326073373178,0.898411960155
min_score_learners,u05,sp3,0.247793666667,0.247793666667,0.0222989994469,0.0899901912219,0.210200798977,0.285386534357
min_score_learners,u06,sp3,0.0875803333333,0.0875803333333,0.019781174923,0.225863206614,0.0542321513486,0.120928515318
min_score_learners,u07,sp3,0.516203333333,0.516203333333,0.041428345916,0.0802558667114,0.446361171565,0.586045495101
min_score_learners,u08,sp3,0.457699333333,0.457699333333,0.369794002116,0.80794087993,0,1
min_score_learners,u09,sp3,0.475802666667,0.475802666667,0.024188666878,0.0508376025873,0.435024094709,0.516581238625
min_score_learners,u10,sp3,0.509633333333,0.509633333333,0.233643838986,0.458454782497,0.115743825129,0.903522841538
min_score_learners,u11,sp3,0.515521666667,0.515521666667,0.0344135401453,0.0667547891204,0.457505446499,0.573537886834
min_score_learners,u12,sp3,0.180831,0.180831,0.112813665249,0.62386241988,0,0.371018420805
min_score_learners,u13,sp3,0.231157666667,0.231157666667,0.12658404652,0.547609120412,0.0177553871691,0.444559946164
min_score_learners,u14,sp3,0.687019333333,0.687019333333,0.209092018789,0.304346629919,0.33452062073,1
min_score_learners,u15,sp3,0.359942333333,0.359942333333,0.0767685332433,0.213280089987,0.230521759112,0.489362907554
min_score_learners,u16,sp3,0.439242,0.439242,0.34899784542,0.794545706969,0,1
min_score_learners,u17,sp3,0.294303333333,0.294303333333,0.0631147767273,0.214454848378,0.187901005442,0.400705661224
min_score_learners,u18,sp3,0.350922,0.350922,0.254511009766,0.72526376165,0,0.779990521148
min_score_learners,u19,sp3,0.374663666667,0.374663666667,0.0376484337036,0.10048594794,0.311193886764,0.43813344657
min_score_learners,u20,sp3,0.744530333333,0.744530333333,0.079435891487,0.106692619401,0.610612981319,0.878447685348
min_score_learners,u21,sp3,0.167040666667,0.167040666667,0.113411800128,0.678947243156,0,0.358236455826
min_score_learners,u22,sp3,0.328018666667,0.328018666667,0.174867272182,0.533101588269,0.0332178958027,0.622819437531
min_score_learners,u23,sp3,0.508680333333,0.508680333333,0.375066364775,0.737332151839,0,1
min_score_learners,u24,sp3,0.305081666667,0.305081666667,0.103241197786,0.33840511924,0.131032032836,0.479131300498
min_score_learners,u25,sp3,0.0862656666667,0.0862656666667,0.00699171175989,0.0810486028805,0.0744786582073,0.098052675126
min_score_learners,u26,sp3,0.376891666667,0.376891666667,0.283242845912,0.75152323854,0,0.85439788195
min_score_learners,u27,sp3,0.472466333333,0.472466333333,0.272974094024,0.577764117283,0.012271739227,0.93266092744
min_score_learners,u28,sp3,0.399644333333,0.399644333333,0.143967485775,0.360239026972,0.156936105223,0.642352561444
min_score_learners,u29,sp3,0.787948,0.787948,0.0345301648997,0.0438228980843,0.72973516747,0.84616083253
min_score_learners,u30,sp3,0.315439666667,0.315439666667,0.0485522708875,0.153919357703,0.233587604207,0.397291729127
min_score_learners,u31,sp3,0.153855,0.153855,0.0447942979853,0.291146195998,0.0783383329209,0.229371667079
min_score_learners,u32,sp3,0.555111666667,0.555111666667,0.196334309891,0.353684351601,0.22412059452,0.886102738814
min_score_learners,u33,sp3,0.758536333333,0.758536333333,0.121811091844,0.160587023313,0.553180560767,0.9638921059
min_score_learners,u34,sp3,0.349573,0.349573,0.101008006945,0.288946820678,0.179288200911,0.519857799089
min_score_learners,u35,sp3,0.290999333333,0.290999333333,0.28561921962,0.981511594368,0,0.772511768833
min_score_learners,u36,sp3,0.555787,0.555787,0.010891135478,0.0195958802167,0.537426130671,0.574147869329
min_score_learners,u37,sp3,0.280353,0.280353,0.116108025885,0.414149396958,0.084611766621,0.476094233379
min_score_learners,u38,sp3,0.737823666667,0.737823666667,0.0502196584649,0.0680645806495,0.653160631421,0.822486701912
min_score_learners,u39,sp3,0.283693333333,0.283693333333,0.117647241703,0.414698647729,0.0853572061019,0.482029460565
min_score_learners,u40,sp3,0.406721,0.406721,0.202145917701,0.497013721201,0.0659324029025,0.747509597098
stack_representations,u01,a1,0.237109501748,0.237109501748,0.104587456899,0.44109348688,0,0.800979926236
stack_representations,u02,a1,0.348349025969,0.348349025969,0.198180817563,0.568914516158,0,1
stack_representations,u03,a1,0.621248535238,0.621248535238,0.0895564880508,0.144155652643,0.138415732621,1
stack_representations,u04,a1,0.882003864634,0.882003864634,0.0806264365112,0.0914127927826,0.447316337767,1
stack_representations,u05,a1,0.795773131781,0.795773131781,0.500092785713,0.62843637934,0,1
stack_representations,u06,a1,0.265578167365,0.265578167365,0.0723030825899,0.272247840654,0,0.655391354154
stack_representations,u07,a1,0.855836273331,0.855836273331,0.31183691893,0.364365157972,0,1
stack_representations,u08,a1,0.187202679693,0.187202679693,0.0514512107195,0.274842276851,0,0.464595561107
stack_representations,u09,a1,0.79746551739,0.79746551739,0.0180496076966,0.0226337155688,0.700153275028,0.894777759752
stack_representations,u10,a1,0.667148722629,0.667148722629,0.0622261038512,0.0932717124991,0.331664328675,1
stack_representations,u11,a1,0.160677314638,0.160677314638,0.446346306382,2.77790494188,0,1
stack_representations,u12,a1,0.146120450573,0.146120450573,0.371127115426,2.53987114035,0,1
stack_representations,u13,a1,0.100096338382,0.100096338382,0.0815654743166,0.814869710868,0,0.539846572209
stack_representations,u14,a1,0.308826615099,0.308826615099,0.131357105421,0.425342567636,0,1
stack_representations,u15,a1,0.673654977567,0.673654977567,0.248072150723,0.368248077999,0,1
stack_representations,u16,a1,0.25741052388,0.25741052388,0.00262053773108,0.0101803830379,0.243282216656,0.271538831103
stack_representations,u17,a1,0.710589193114,0.710589193114,0.109078292066,0.153504012055,0.122506982555,1
stack_representations,u18,a1,0.911950901154,0.911950901154,0.0358983970673,0.0393643967256,0.718409103762,1
stack_representations,u19,a1,0.865944826741,0.865944826741,0.272144893982,0.314275096493,0,1
stack_representations,u20,a1,0.151265987716,0.151265987716,0.231307356048,1.52914319697,0,1
stack_representations,u21,a1,0.155495372412,0.155495372412,0.182543151097,1.17394587546,0,1
stack_representations,u22,a1,0.250451160479,0.250451160479,0.288642402294,1.15248977782,0,1
stack_representations,u23,a1,0.102493329305,0.102493329305,0.0549407826846,0.53604252157,0,0.398699809248
stack_representations,u24,a1,0.229935908564,0.229935908564,0.13825068943,0.601257499508,0,0.975297515459
stack_representations,u25,a1,0.748132585227,0.748132585227,0.0581460977238,0.0777216483708,0.434645043048,1
stack_representations,u26,a1,0.952002967102,0.952002967102,0.0740552931937,0.0777889310777,0.552742952116,1
stack_representations,u27,a1,0.817907218463,0.817907218463,0.0738615459356,0.0903055313223,0.419691768015,1
stack_representations,u28,a1,0.398171028747,0.398171028747,0.270795734244,0.680099039591,0,1
stack_representations,u29,a1,0.144481333303,0.144481333303,0.079854983013,0.552701038865,0,0.575009663413
stack_representations,u30,a1,0.346786278633,0.346786278633,0.0326874251739,0.0942581272326,0.170556041712,0.523016515554
stack_representations,u31,a1,0.783268992315,0.783268992315,0.119051326108,0.15199290062,0.141418393985,1
stack_representations,u32,a1,0.494020719593,0.494020719593,0.209760398212,0.424598381996,0,1
stack_representations,u33,a1,0.851429418741,0.851429418741,0.369078627081,0.433481177602,0,1
stack_representations,u34,a1,0.863917587564,0.863917587564,0.0893811255691,0.103460245347,0.382030230223,1
stack_representations,u35,a1,0.813859619609,0.813859619609,0.0387247028717,0.0475815508457,0.605080141706,1
stack_representations,u36,a1,0.850816957047,0.850816957047,0.059098570558,0.069460969329,0.532194274601,1
stack_representations,u37,a1,0.119495701115,0.119495701115,0.328724043079,2.75092777408,0,1
stack_representations,u38,a1,0.928123667561,0.928123667561,0.130734144346,0.140858539563,0.223286590021,1
stack_representations,u39,a1,0.925844041713,0.925844041713,0.0286166114346,0.0309086737564,0.771561096936,1
stack_representations,u40,a1,0.10704669017,0.10704669017,0.00903823887713,0.0844326794483,0.0583181356817,0.155775244658
stack_representations,u01,P9,0.121454544288,0.121454544288,0.14193047312,1.16858923602,0,0.886655252853
stack_representations,u02,P9,0.303844566664,0.303844566664,0.426758741436,1.40452977692,0,1
stack_representations,u03,P9,0.082313559786,0.082313559786,0.00955159840027,0.1160391851,0.0308172904989,0.133809829073
stack_representations,u04,P9,0.0760536123978,0.0760536123978,0.198914794402,2.61545491569,0,1
stack_representations,u05,P9,0.2879460292,0.2879460292,0.147576013661,0.512512758279,0,1
stack_representations,u06,P9,0.0570078236309,0.0570078236309,0.0394014040613,0.691157836797,0,0.269435652859
stack_representations,u07,P9,0.209125026073,0.209125026073,0.257813960848,1.23282213367,0,1
stack_representations,u08,P9,0.196811096771,0.196811096771,0.320752828334,1.62974971227,0,1
stack_representations,u09,P9,0.0964553701876,0.0964553701876,0.0159431365954,0.165290295029,0.0104999079714,0.182410832404
stack_representations,u10,P9,0.398722988266,0.398722988266,0.0879301424541,0.220529402723,0,0.872787548407
stack_representations,u11,P9,0.0665996738918,0.0665996738918,0.0320114310911,0.480654472019,0,0.239185371767
stack_representations,u12,P9,0.0756480877325,0.0756480877325,0.0570500822129,0.754151015881,0,0.383226596938
stack_representations,u13,P9,0.825117279246,0.825117279246,0.404788933744,0.490583513309,0,1
stack_representations,u14,P9,0.0735724224518,0.0735724224518,0.0689825091454,0.937613671626,0,0.445483145473
stack_representations,u15,P9,0.150536987447,0.150536987447,0.00620415489813,0.0412134918025,0.117088048543,0.183985926352
stack_representations,u16,P9,0.292272916294,0.292272916294,0.148062503126,0.506589885247,0,1
stack_representations,u17,P9,0.0499582682819,0.0499582682819,0.06781719717,1.3574769403,0,0.415586354955
stack_representations,u18,P9,0.137072620951,0.137072620951,0.0330537064866,0.241140107027,0,0.315277618569
stack_representations,u19,P9,0.358915786047,0.358915786047,0.0187708566134,0.0522987768806,0.257715018761,0.460116553333
stack_representations,u20,P9,0.182983744027,0.182983744027,0.133735105526,0.730857848804,0,0.904000135074
stack_representations,u21,P9,0.188927765305,0.188927765305,0.294993635403,1.56140964736,0,1
stack_representations,u22,P9,0.225929139626,0.225929139626,0.0861256059485,0.381206275963,0,0.690264762899
stack_representations,u23,P9,0.0477809597719,0.0477809597719,0.175754925998,3.67834649695,0,0.995342050433
stack_representations,u24,P9,0.224551525916,0.224551525916,0.0451558390466,0.201093441082,0,0.46800368439
stack_representations,u25,P9,0.133190687332,0.133190687332,0.0721404480302,0.541632823399,0,0.522127049873
stack_representations,u26,P9,0.582144940739,0.582144940739,0.256303580763,0.440274513831,0,1
stack_representations,u27,P9,0.0536456184259,0.0536456184259,0.0324505444022,0.604905775241,0,0.228598741769
stack_representations,u28,P9,0.768945099396,0.768945099396,0.283339101435,0.368477673708,0,1
stack_representations,u29,P9,0.205009540493,0.205009540493,0.0545122759752,0.265901166571,0,0.498905779158
stack_representations,u30,P9,0.375212856086,0.375212856086,0.172164237763,0.458844186628,0,1
stack_representations,u31,P9,0.186714728277,0.186714728277,0.0197212081273,0.105622134415,0.0803902575624,0.293039198992
stack_representations,u32,P9,0.258794364619,0.258794364619,0.00342663946163,0.0132407808287,0.240320058951,0.277268670287
stack_representations,u33,P9,0.22337569071,0.22337569071,0.0474143381057,0.212262748713,0,0.479004269388
stack_representations,u34,P9,0.142440989564,0.142440989564,0.217800202314,1.52905566705,0,1
stack_representations,u35,P9,0.144961270864,0.144961270864,0.0344431713116,0.237602575546,0,0.330657397379
stack_representations,u36,P9,0.155704708901,0.155704708901,0.28215611179,1.81212317715,0,1
stack_representations,u37,P9,0.184933749049,0.184933749049,0.041056741036,0.222007833872,0,0.406286124205
stack_representations,u38,P9,0.28108459617,0.28108459617,0.0309705699092,0.110182380433,0.114110573479,0.448058618861
stack_representations,u39,P9,0.0727726881626,0.0727726881626,0.0825214826848,1.1339622703,0,0.517677123653
stack_representations,u40,P9,0.22708286585,0.22708286585,0.134069567033,0.590399308778,0,0.949902465024
stack_representations,u01,_x,0.155947158862,0.155947158862,0.0146943860198,0.0942266991399,0.0767241819557,0.235170135769
stack_representations,u02,_x,0.503985618248,0.503985618248,0.214141631828,0.424896314645,0,1
stack_representations,u03,_x,0.0599374418469,0.0599374418469,0.0917499332861,1.53076158173,0,0.554595934968
stack_representations,u04,_x,0.108744752246,0.108744752246,0.106195417719,0.976556712171,0,0.681284299946
stack_representations,u05,_x,0.0847171009568,0.0847171009568,0.151687839593,1.79052207736,0,0.902523452096
stack_representations,u06,_x,0.0500161757834,0.0500161757834,0.0823178359318,1.6458242687,0,0.493822674825
stack_representations,u07,_x,0.199012231949,0.199012231949,0.150072807705,0.754088360474,0,1
stack_representations,u08,_x,0.0673245585686,0.0673245585686,0.0243980123781,0.362393945044,0,0.19886344482
stack_representations,u09,_x,0.156868702417,0.156868702417,0.369700881048,2.35675361211,0,1
stack_representations,u10,_x,0.435866170123,0.435866170123,0.176616889164,0.405208986773,0,1
stack_representations,u11,_x,0.207175263584,0.207175263584,0.070396015601,0.339789675578,0,0.586706733
stack_representations,u12,_x,0.0385791837347,0.0385791837347,0.0659122515015,1.70849264087,0,0.393936989874
stack_representations,u13,_x,0.563465750886,0.563465750886,0.101974697342,0.18097763206,0.0136816985495,1
stack_representations,u14,_x,0.38904249221,0.38904249221,0.194023736797,0.498721195452,0,1
stack_representations,u15,_x,0.365632959847,0.365632959847,0.339320745302,0.928036535448,0,1
stack_representations,u16,_x,0.318796567328,0.318796567328,0.158331814909,0.496654704397,0,1
stack_representations,u17,_x,0.234466092561,0.234466092561,0.0569581583314,0.242927059129,0,0.541549005453
stack_representations,u18,_x,0.266530131669,0.266530131669,0.177934936204,0.66759782502,0,1
stack_representations,u19,_x,0.0622902120934,0.0622902120934,0.0644937952985,1.03537607484,0,0.410000585882
stack_representations,u20,_x,0.273692316092,0.273692316092,0.0524100475148,0.191492579196,0,0.556254648287
stack_representations,u21,_x,0.21836065307,0.21836065307,0.134295134097,0.615015261259,0,0.942396369352
stack_representations,u22,_x,0.11135324147,0.11135324147,0.0391871507066,0.351917467235,0,0.322625950059
stack_representations,u23,_x,0.431327385532,0.431327385532,0.178813869933,0.414566466056,0,1
stack_representations,u24,_x,0.054088423339,0.054088423339,0.0426074262072,0.787736516928,0,0.283801127082
stack_representations,u25,_x,0.115228112986,0.115228112986,0.147944416294,1.28392640007,0,0.912852257315
stack_representations,u26,_x,0.0763513072034,0.0763513072034,0.240161747162,3.14548310905,0,1
stack_representations,u27,_x,0.240972918734,0.240972918734,0.096271174045,0.399510345605,0,0.760007125937
stack_representations,u28,_x,0.430706349722,0.430706349722,0.210933488362,0.489738515575,0,1
stack_representations,u29,_x,0.122231523448,0.122231523448,0.232237908572,1.89998375231,0,1
stack_representations,u30,_x,0.155334218252,0.155334218252,0.0994835601519,0.640448455409,0,0.691687610484
stack_representations,u31,_x,0.378103681638,0.378103681638,0.0901469222131,0.23841852537,0,0.864119737501
stack_representations,u32,_x,0.0992060651757,0.0992060651757,0.163351565949,1.646588499,0,0.979895963983
stack_representations,u33,_x,0.190954437297,0.190954437297,0.0484919688402,0.253945231788,0,0.452392929684
stack_representations,u34,_x,0.288388327945,0.288388327945,0.0736027448537,0.255220956334,0,0.685208484155
stack_representations,u35,_x,0.313283718297,0.313283718297,0.276998474928,0.884177691819,0,1
stack_representations,u36,_x,0.150068715481,0.150068715481,0.293745591934,1.95740725168,0,1
stack_representations,u37,_x,0.0745258518594,0.0745258518594,0.0810160523477,1.08708656562,0,0.511313944641
stack_representations,u38,_x,0.0875029370725,0.0875029370725,0.187462492974,2.14235657963,0,1
stack_representations,u39,_x,0.122531012837,0.122531012837,0.0710691812567,0.58000974293,0,0.505691772183
stack_representations,u40,_x,0.075254498041,0.075254498041,0.0789654426822,1.04931193135,0,0.500986980745
stack_representations,u01,sp1,0.825973657999,0.825973657999,0.280061661504,0.339068514827,0,1
stack_representations,u02,sp1,0.707830116501,0.707830116501,0.139091439393,0.196503986127,0,1
stack_representations,u03,sp1,0.518569758923,0.518569758923,0.0925963401032,0.178561010375,0.0193479674355,1
stack_representations,u04,sp1,0.633487504984,0.633487504984,0.194413352633,0.306893744712,0,1
stack_representations,u05,sp1,0.49447529386,0.49447529386,0.110821310281,0.224119003836,0,1
stack_representations,u06,sp1,0.915668627787,0.915668627787,0.12470535193,0.136190482174,0.243335043876,1
stack_representations,u07,sp1,0.613043423255,0.613043423255,0.284225813339,0.463630800947,0,1
stack_representations,u08,sp1,0.67700088065,0.67700088065,0.0986258396263,0.145680518955,0.145271783255,1
stack_representations,u09,sp1,0.812691983154,0.812691983154,0.0959423693917,0.118055021313,0.295430485842,1
stack_representations,u10,sp1,0.525569952873,0.525569952873,0.195947774348,0.372829103485,0,1
stack_representations,u11,sp1,0.846879920758,0.846879920758,0.360477380195,0.425653473839,0,1
stack_representations,u12,sp1,0.841135358413,0.841135358413,0.207877372854,0.247139025573,0,1
stack_representations,u13,sp1,0.726425666497,0.726425666497,0.226628430477,0.31197745472,0,1
stack_representations,u14,sp1,0.858436545589,0.858436545589,0.0657383032334,0.0765791060168,0.504016560167,1
stack_representations,u15,sp1,0.728780468692,0.728780468692,0.023732624897,0.0325648476002,0.600828937297,0.856732000087
stack_representations,u16,sp1,0.744268865821,0.744268865821,0.177852911818,0.238963256405,0,1
stack_representations,u17,sp1,0.704293481535,0.704293481535,0.0456288934832,0.06478676103,0.458290908184,0.950296054886
stack_representations,u18,sp1,0.658846444025,0.658846444025,0.138567473268,0.210318313964,0,1
stack_representations,u19,sp1,0.494338241977,0.494338241977,0.0974584063306,0.197149235189,0,1
stack_representations,u20,sp1,0.776504645311,0.776504645311,0.0239992041535,0.0309067103441,0.647115884606,0.905893406016
stack_representations,u21,sp1,0.392206517288,0.392206517288,0.1475696497,0.376254965675,0,1
stack_representations,u22,sp1,0.379590508342,0.379590508342,0.247754659779,0.652689291049,0,1
stack_representations,u23,sp1,0.958846512726,0.958846512726,0.112118144118,0.116930230887,0.354375313296,1
stack_representations,u24,sp1,0.68628541207,0.68628541207,0.247264634779,0.360294172702,0,1
stack_representations,u25,sp1,0.816629891343,0.816629891343,0.0262301260481,0.0321199680861,0.675213389329,0.958046393357
stack_representations,u26,sp1,0.557524625632,0.557524625632,0.111631654653,0.200227307496,0,1
stack_representations,u27,sp1,0.907254978915,0.907254978915,0.211635645396,0.233270304726,0,1
stack_representations,u28,sp1,0.813851709531,0.813851709531,0.0139462670453,0.0171361279727,0.738662124163,0.889041294899
stack_representations,u29,sp1,0.894415800385,0.894415800385,0.0975326525426,0.109046209269,0.368580486845,1
stack_representations,u30,sp1,0.840241838748,0.840241838748,0.21145674738,0.251661768825,0,1
stack_representations,u31,sp1,0.783120326858,0.783120326858,0.229388268244,0.292915737693,0,1
stack_representations,u32,sp1,0.664206050955,0.664206050955,0.220475187267,0.331937938461,0,1
stack_representations,u33,sp1,0.67145483176,0.67145483176,0.190785187739,0.28413703903,0,1
stack_representations,u34,sp1,0.898706334145,0.898706334145,0.0226330738522,0.0251840595669,0.776682897119,1
stack_representations,u35,sp1,0.70841659224,0.70841659224,0.0967944330631,0.136634903986,0.186561298328,1
stack_representations,u36,sp1,0.914897877305,0.914897877305,0.127112343413,0.138936100483,0.22958729453,1
stack_representations,u37,sp1,0.880290089626,0.880290089626,0.0853202113248,0.0969228352452,0.420296652518,1
stack_representations,u38,sp1,0.689017050353,0.689017050353,0.119410536353,0.173305633426,0.0452298141196,1
stack_representations,u39,sp1,0.621265334975,0.621265334975,0.0330141085068,0.0531401104298,0.443273825,0.79925684495
stack_representations,u40,sp1,0.814229566798,0.814229566798,0.208476292297,0.256041171677,0,1
stack_representations,u01,sp2,0.204040291197,0.204040291197,0.0656237519348,0.321621536363,0,0.557842687367
stack_representations,u02,sp2,0.205470663661,0.205470663661,0.227518677915,1.10730492549,0,1
stack_representations,u03,sp2,0.474442115493,0.474442115493,0.117881771492,0.248463969876,0,1
stack_representations,u04,sp2,0.09508655733,0.09508655733,0.254729561068,2.67892295421,0,1
stack_representations,u05,sp2,0.104228407818,0.104228407818,0.115095063667,1.10425810081,0,0.724749303257
stack_representations,u06,sp2,0.185044821089,0.185044821089,0.0498962829076,0.269644308952,0,0.45405450024
stack_representations,u07,sp2,0.170383736787,0.170383736787,0.12581904511,0.738445156112,0,0.848721660654
stack_representations,u08,sp2,0.847359743155,0.847359743155,0.261181910447,0.30823025587,0,1
stack_representations,u09,sp2,0.263904795682,0.263904795682,0.0454768655252,0.172322997798,0.0187218623886,0.509087728976
stack_representations,u10,sp2,0.249358938533,0.249358938533,0.0982588512069,0.394045835233,0,0.779109462953
stack_representations,u11,sp2,0.792687572691,0.792687572691,0.0116488771133,0.0146954203832,0.72988408289,0.855491062493
stack_representations,u12,sp2,0.565040693742,0.565040693742,0.0546473333704,0.0967139782598,0.270416309724,0.859665077759
stack_representations,u13,sp2,0.113596199035,0.113596199035,0.124341191938,1.09458937002,0,0.783966459087
stack_representations,u14,sp2,0.0753698418946,0.0753698418946,0.0807664436539,1.07160160647,0,0.51081220007
stack_representations,u15,sp2,0.0704259092876,0.0704259092876,0.0538574950959,0.764739790237,0,0.360791977286
stack_representations,u16,sp2,0.219374753144,0.219374753144,0.0767182573316,0.349713247456,0,0.632991812114
stack_representations,u17,sp2,0.163874213833,0.163874213833,0.0159318228869,0.0972198280268,0.0779797480867,0.24976867958
stack_representations,u18,sp2,0.364736054135,0.364736054135,0.149222158247,0.409123684253,0,1
stack_representations,u19,sp2,0.142065634443,0.142065634443,0.174772754679,1.23022541914,0,1
stack_representations,u20,sp2,0.130509058191,0.130509058191,0.0521943799465,0.399929174803,0,0.411908645188
stack_representations,u21,sp2,0.38481260535,0.38481260535,0.0162988113063,0.0423551907597,0.296939566627,0.472685644073
stack_representations,u22,sp2,0.406100403613,0.406100403613,0.164807498811,0.405829438595,0,1
stack_representations,u23,sp2,0.78458846392,0.78458846392,0.0129315688143,0.016481976742,0.714869499401,0.854307428439
stack_representations,u24,sp2,0.144748836037,0.144748836037,0.136962340875,0.946206854752,0,0.883164469979
stack_representations,u25,sp2,0.0932461768806,0.0932461768806,0.0427580399516,0.458550059445,0,0.323770896123
stack_representations,u26,sp2,0.0988161085218,0.0988161085218,0.236036486201,2.38864381255,0,1
stack_representations,u27,sp2,0.702169616621,0.702169616621,0.33155105599,0.472180863628,0,1
stack_representations,u28,sp2,0.578432467777,0.578432467777,0.130647170212,0.225864171689,0,1
stack_representations,u29,sp2,0.287199398375,0.287199398375,0.123852581152,0.431242481191,0,0.954935373405
stack_representations,u30,sp2,0.559880911682,0.559880911682,0.0141336503424,0.0252440296632,0.48368107229,0.636080751074
stack_representations,u31,sp2,0.493639881383,0.493639881383,0.114450182283,0.23184954579,0,1
stack_representations,u32,sp2,0.433603642877,0.433603642877,0.0918984257101,0.211941083106,0,0.929062714658
stack_representations,u33,sp2,0.238157703433,0.238157703433,0.151478535986,0.636042982455,0,1
stack_representations,u34,sp2,0.0705529940566,0.0705529940566,0.0491686700298,0.696904088724,0,0.33563983777
stack_representations,u35,sp2,0.103768764678,0.103768764678,0.0466259140447,0.449325133524,0,0.355146651895
stack_representations,u36,sp2,0.800732960499,0.800732960499,0.0212132034356,0.0264922320949,0.686364580383,0.915101340615
stack_representations,u37,sp2,0.902193120123,0.902193120123,0.17581149454,0.194871242774,0,1
stack_representations,u38,sp2,0.955699563835,0.955699563835,0.145892392415,0.152655078997,0.169138654143,1
stack_representations,u39,sp2,0.297248143198,0.297248143198,0.131734700442,0.443180902746,0,1
stack_representations,u40,sp2,0.755495151126,0.755495151126,0.208031522132,0.275357852161,0,1
stack_representations,u01,sp3,0.410716824479,0.410716824479,0.17130156749,0.417079499256,0,1
stack_representations,u02,sp3,0.410617239706,0.410617239706,0.188924082691,0.460097785534,0,1
stack_representations,u03,sp3,0.611223322975,0.611223322975,0.0805408765907,0.13176996617,0.176997081907,1
stack_representations,u04,sp3,0.825599278946,0.825599278946,0.075960945969,0.0920070401054,0.416065171146,1
stack_representations,u05,sp3,0.223334911016,0.223334911016,0.00564766186134,0.0252878595453,0.19288623595,0.253783586083
stack_representations,u06,sp3,0.0898020663358,0.0898020663358,0.109734487159,1.22195948976,0,0.681422072119
stack_representations,u07,sp3,0.431108615246,0.431108615246,0.163125291779,0.378385599383,0,1
stack_representations,u08,sp3,0.132226287246,0.132226287246,0.444524799313,3.36184890744,0,1
stack_representations,u09,sp3,0.417726487228,0.417726487228,0.131987137563,0.315965450117,0,1
stack_representations,u10,sp3,0.774801608831,0.774801608831,0.020229617903,0.0261094164911,0.665736109272,0.883867108389
stack_representations,u11,sp3,0.480056396383,0.480056396383,0.329262151339,0.685882229296,0,1
stack_representations,u12,sp3,0.295183467759,0.295183467759,0.0696747666842,0.236038851407,0,0.670826412251
stack_representations,u13,sp3,0.109583774502,0.109583774502,0.107675392212,0.982585174692,0,0.690102422855
stack_representations,u14,sp3,0.903335178177,0.903335178177,0.109996116668,0.121766670141,0.310304629039,1
stack_representations,u15,sp3,0.395454843321,0.395454843321,0.232630352836,0.588260219251,0,1
stack_representations,u16,sp3,0.0919663017148,0.0919663017148,0.243927090772,2.65235294041,0,1
stack_representations,u17,sp3,0.37915942215,0.37915942215,0.0524411602131,0.138308999195,0.0964293496645,0.661889494636
stack_representations,u18,sp3,0.0849157112832,0.0849157112832,0.122057944141,1.43740118639,0,0.742976121356
stack_representations,u19,sp3,0.304679751357,0.304679751357,0.116075113666,0.380974164343,0,0.930484465958
stack_representations,u20,sp3,0.839133114965,0.839133114965,0.0126013499475,0.0150171048226,0.771194484896,0.907071745033
stack_representations,u21,sp3,0.0660568678647,0.0660568678647,0.131231240414,1.98664036997,0,0.773573977779
stack_representations,u22,sp3,0.479958187521,0.479958187521,0.218828335574,0.455932081717,0,1
stack_representations,u23,sp3,0.151624689392,0.151624689392,0.332900922835,2.19555881149,0,1
stack_representations,u24,sp3,0.184534676121,0.184534676121,0.00584211622616,0.0316586364631,0.153037624237,0.216031728005
stack_representations,u25,sp3,0.156289613075,0.156289613075,0.271240504409,1.73549923806,0,1
stack_representations,u26,sp3,0.115383253939,0.115383253939,0.287009692736,2.48744668692,0,1
stack_representations,u27,sp3,0.186551586786,0.186551586786,0.128235228982,0.687398221538,0,0.877916069148
stack_representations,u28,sp3,0.229972612516,0.229972612516,0.0150281404206,0.0653475222816,0.148950239762,0.31099498527
stack_representations,u29,sp3,0.811172767277,0.811172767277,0.0728871527911,0.0898540430983,0.418210637756,1
stack_representations,u30,sp3,0.32075637927,0.32075637927,0.222185678571,0.692692937477,0,1
stack_representations,u31,sp3,0.128082162076,0.128082162076,0.113622867349,0.887109223538,0,0.740665891935
stack_representations,u32,sp3,0.671706433267,0.671706433267,0.482109646054,0.71773861642,0,1
stack_representations,u33,sp3,0.610490538247,0.610490538247,0.0323579134139,0.0530031366363,0.436036823496,0.784944252997
stack_representations,u34,sp3,0.239703159647,0.239703159647,0.0296157533164,0.1235517853,0.0800334641668,0.399372855128
stack_representations,u35,sp3,0.541866355432,0.541866355432,0.345615409868,0.637824080427,0,1
stack_representations,u36,sp3,0.536129436704,0.536129436704,0.141129321137,0.26323740402,0,1
stack_representations,u37,sp3,0.144708362162,0.144708362162,0.00689429111657,0.0476426587486,0.107538638624,0.1818780857
stack_representations,u38,sp3,0.704284845836,0.704284845836,0.107049602711,0.151997594927,0.127140064696,1
stack_representations,u39,sp3,0.133616926492,0.133616926492,0.0622996429564,0.466255620391,0,0.469497797497
stack_representations,u40,sp3,0.182983873427,0.182983873427,0.0423861017847,0.231638455296,0,0.411503333737
