case,feature,reg
default,1,0.059693936578232319
default,2,0.052530050431616196
default,3,0.054251331121220638
default,4,0.061162143263366144
default,5,0.064386338861877571
default,6,0.063153055438797914
default,7,0.068377928744933592
default,8,0.053264741736291268
default,9,0.064934325172593677
default,10,0.061084390858738812
default,11,0.086748020010640678
default,12,0.96832795584280784
default,13,0.89724054220153859
default,14,0.85403211478938357
default,15,0.93976941878085629
default,16,0.93821276678464538
default,17,0.83680763661787305
default,18,0.85070631630892002
default,19,0.5780788445543843
default,20,0.58846402667614173
default,21,0.47376290872366672
default,22,0.56152117466802409
default,23,0.018518518518518517
default,24,0.018518518518518517
default,25,0.018518518518518517
default,26,0.018518518518518517
default,27,0.018518518518518517
default,28,0.018518518518518517
default,29,0.01864909427705733
default,30,0.019093120331272983
default,31,0.019558806193011348
default,32,0.020015609284566884
default,33,0.020281936772856706
default,34,0.02044219716844109
default,35,0.020533424538239784
default,36,0.020557456278695589
default,37,0.020605171142144163
default,38,0.020680509617724743
default,39,0.02078800062205044
default,40,0.02093284152859845
default,41,0.020977273947998289
default,42,0.020949370026880465
default,43,0.020772784872689777
default,44,0.020456935523805096
default,45,0.020031380033158974
default,46,0.019647335874386249
default,47,0.019229135528353793
default,48,0.018688502729033846
default,49,0.018518518518518517
default,50,0.018518518518518517
default,51,0.018518518518518517
default,52,0.018518518518518517
default,53,0.018518518518518517
default,54,0.018518518518518517
default,55,0.018518518518518517
default,56,0.018518518518518517
default,57,0.018518518518518517
default,58,0.018518518518518517
default,59,0.018518518518518517
default,60,0.018518518518518517
default,61,0.018518518518518517
default,62,0.018518518518518517
default,63,0.018518518518518517
default,64,0.018518518518518517
default,65,0.018518518518518517
default,66,0.018518518518518517
default,67,0.018518518518518517
default,68,0.018518518518518517
default,69,0.018518518518518517
default,70,0.018518518518518517
default,71,0.018518518518518517
default,72,0.018518518518518517
default,73,0.018518518518518517
default,74,0.018518518518518517
default,75,0.018518518518518517
default,76,0.018518518518518517
default,77,0.018518518518518517
default,78,0.018518518518518517
default,79,0.018518518518518517
default,80,0.018518518518518517
default,81,0.018518518518518517
default,82,0.018518518518518517
default,83,0.018518518518518517
default,84,0.018518518518518517
default,85,0.018518518518518517
default,86,0.018518518518518517
default,87,0.018518518518518517
default,88,0.018518518518518517
default,89,0.018518518518518517
default,90,0.018518518518518517
default,91,0.018518518518518517
default,92,0.018518518518518517
default,93,0.018518518518518517
default,94,0.018518518518518517
default,95,0.018518518518518517
default,96,0.019143446868121961
default,97,0.019757065452688318
default,98,0.020394831221429946
default,99,0.0209712165290761
default,100,0.021327676148380621
default,101,0.021396781994596641
default,102,0.021324565236937924
default,103,0.021306163682145149
default,104,0.021216281174951602
default,105,0.021074286687568319
default,106,0.020977208478200098
default,107,0.020803582665415515
default,108,0.020536764319752307
default,109,0.020282746265104963
default,110,0.020059495152838329
default,111,0.019724726472244398
default,112,0.019402880949438886
default,113,0.019093120331272986
default,114,0.01864909427705733
default,115,0.018518518518518517
default,116,0.018518518518518517
default,117,0.018518518518518517
default,118,0.018518518518518517
default,119,0.018518518518518517
default,120,0.018518518518518517
default,121,0.018518518518518517
default,122,0.018518518518518517
default,123,0.018518518518518517
default,124,0.018518518518518517
default,125,0.018518518518518517
default,126,0.018518518518518517
default,127,0.018518518518518517
default,128,0.018518518518518517
default,129,0.018518518518518517
default,130,0.018518518518518517
default,131,0.018518518518518517
default,132,0.018518518518518517
default,133,0.018518518518518517
default,134,0.018605096057889216
default,135,0.019136670230971764
default,136,0.01969951347305917
default,137,0.020296468426788235
default,138,0.02088502112869459
default,139,0.021338290667123411
default,140,0.021836856599388398
default,141,0.022319043321005375
default,142,0.022723710067923925
default,143,0.023190241855649486
default,144,0.023571510759367191
default,145,0.023893262471372453
default,146,0.024028155060367849
default,147,0.023888865667257453
default,148,0.023608580221180678
default,149,0.023141344265131838
default,150,0.022583144330244102
default,151,0.021946145162872643
default,152,0.0212699475535441
default,153,0.020261911745578058
default,154,0.018992397053267277
default,155,0.018518518518518517
default,156,0.018518518518518517
default,157,0.018518518518518517
default,158,0.018518518518518517
default,159,0.018518518518518517
default,160,0.018518518518518517
default,161,0.018518518518518517
default,162,0.018518518518518517
default,163,0.018518518518518517
default,164,0.018518518518518517
default,165,0.018518518518518517
default,166,0.018518518518518517
default,167,0.018518518518518517
default,168,0.018518518518518517
default,169,0.018518518518518517
default,170,0.018518518518518517
default,171,0.018518518518518517
default,172,0.018518518518518517
default,173,0.018518518518518517
default,174,0.018518518518518517
default,175,0.018518518518518517
default,176,0.018518518518518517
default,177,0.018518518518518517
default,178,0.018518518518518517
default,179,0.018518518518518517
default,180,0.018518518518518517
default,181,0.018518518518518517
default,182,0.018518518518518517
default,183,0.018518518518518517
default,184,0.018518518518518517
default,185,0.018518518518518517
default,186,0.018518518518518517
default,187,0.018518518518518517
default,188,0.018518518518518517
default,189,0.018518518518518517
default,190,0.018518518518518517
default,191,0.018518518518518517
default,192,0.018518518518518517
default,193,0.018518518518518517
default,194,0.018518518518518517
default,195,0.018518518518518517
default,196,0.018518518518518517
default,197,0.018518518518518517
default,198,0.018518518518518517
default,199,0.018518518518518517
default,200,0.018518518518518517
default,201,0.018518518518518517
default,202,0.018518518518518517
default,203,0.018518518518518517
default,204,0.018518518518518517
default,205,0.018518518518518517
default,206,0.018518518518518517
default,207,0.018518518518518517
default,208,0.018518518518518517
default,209,0.018518518518518517
default,210,0.018518518518518517
default,211,0.018518518518518517
default,212,0.018518518518518517
default,213,0.018518518518518517
default,214,0.018518518518518517
default,215,0.018518518518518517
default,216,0.018518518518518517
default,217,0.018518518518518517
default,218,0.018518518518518517
default,219,0.018518518518518517
default,220,0.018518518518518517
default,221,0.018638110534036034
default,222,0.019043286849993339
default,223,0.019466471002215411
default,224,0.019908890797720308
default,225,0.020371888258132406
default,226,0.020856933216659369
default,227,0.021365638904870574
default,228,0.02189977987749234
default,229,0.022461312694863941
default,230,0.023052399871044568
default,231,0.023566898025616942
default,232,0.023834487478866028
default,233,0.024133113618501387
default,234,0.024466297280784383
default,235,0.02483800053122398
default,236,0.025216375643311469
default,237,0.025472727484449086
default,238,0.025623837780455811
default,239,0.025821083144028624
default,240,0.02591290904932084
default,241,0.026023621159608549
default,242,0.02585002132982267
default,243,0.025587128173527554
default,244,0.025367676914820773
default,245,0.025040060661279156
default,246,0.024605417546250903
default,247,0.024227381408095224
default,248,0.023815124699759656
default,249,0.023312239372287744
default,250,0.022804083000981069
default,251,0.022324004776938591
default,252,0.021811124283951943
default,253,0.021082448187798586
default,254,0.020202739123273937
default,255,0.019411847305439319
default,256,0.018764616341453887
default,257,0.018518518518518517
default,258,0.018518518518518517
default,259,0.018518518518518517
default,260,0.018518518518518517
default,261,0.018518518518518517
default,262,0.018518518518518517
default,263,0.018518518518518517
default,264,0.018518518518518517
default,265,0.018518518518518517
default,266,0.018518518518518517
default,267,0.018518518518518517
default,268,0.018518518518518517
default,269,0.018518518518518517
default,270,0.018518518518518517
default,271,0.018518518518518517
default,272,0.018518518518518517
default,273,0.018518518518518517
default,274,0.018518518518518517
default,275,0.018518518518518517
default,276,0.018518518518518517
default,277,0.018518518518518517
default,278,0.018518518518518517
default,279,0.018518518518518517
default,280,0.018518518518518517
default,281,0.018518518518518517
default,282,0.018518518518518517
default,283,0.018518518518518517
default,284,0.018518518518518517
default,285,0.018518518518518517
default,286,0.018518518518518517
default,287,0.018518518518518517
default,288,0.018518518518518517
default,289,0.018518518518518517
default,290,0.018518518518518517
default,291,0.018518518518518517
default,292,0.018518518518518517
default,293,0.018518518518518517
default,294,0.018518518518518517
default,295,0.018518518518518517
default,296,0.018518518518518517
default,297,0.018795809038457352
default,298,0.019368549389840024
default,299,0.019895724586263631
default,300,0.020313072206949456
default,301,0.020489594253853428
default,302,0.020561994804668679
default,303,0.020679553027061998
default,304,0.020783579454766794
default,305,0.020788295988230447
default,306,0.02051179669305302
default,307,0.020233432837280945
default,308,0.019985667701901171
default,309,0.019765710748635815
default,310,0.019571022761174606
default,311,0.019399292317002461
default,312,0.019137044757520247
default,313,0.018866072366836933
default,314,0.018613889662264942
default,315,0.018518518518518517
default,316,0.018518518518518517
default,317,0.019088802179634913
default,318,0.019486485558377308
default,319,0.019901091634087462
default,320,0.020333724060915451
default,321,0.020785584595602462
default,322,0.021118869115573837
default,323,0.021442756020470872
default,324,0.021789643853581845
default,325,0.022161391776107122
default,326,0.022560041430145932
default,327,0.022987839538388854
default,328,0.023447264047489591
default,329,0.023736066446372897
default,330,0.023715190031692313
default,331,0.023712108688827453
default,332,0.023741054309724296
default,333,0.023807818526692597
default,334,0.023919086610810984
default,335,0.024078694256440113
default,336,0.024006403296763092
default,337,0.023750250207060633
default,338,0.023481322234684972
default,339,0.023235624084788284
default,340,0.022911011363095982
default,341,0.022432389116822007
default,342,0.021930564606841618
default,343,0.021414820622804406
default,344,0.020973928985591923
default,345,0.020481461647418743
default,346,0.019945136498448011
default,347,0.019394741128702053
default,348,0.018768047970907475
default,349,0.018518518518518517
default,350,0.018518518518518517
default,351,0.018518518518518517
default,352,0.018518518518518517
default,353,0.018518518518518517
default,354,0.018518518518518517
default,355,0.018518518518518517
default,356,0.018518518518518517
default,357,0.018518518518518517
default,358,0.018518518518518517
default,359,0.018518518518518517
default,360,0.018518518518518517
default,361,0.018518518518518517
default,362,0.018518518518518517
default,363,0.018518518518518517
default,364,0.018518518518518517
default,365,0.018518518518518517
default,366,0.018518518518518517
default,367,0.018518518518518517
default,368,0.018518518518518517
default,369,0.018518518518518517
default,370,0.018518518518518517
default,371,0.018518518518518517
default,372,0.018518518518518517
default,373,0.018518518518518517
default,374,0.018518518518518517
default,375,0.018518518518518517
default,376,0.018518518518518517
default,377,0.018518518518518517
default,378,0.018518518518518517
default,379,0.018518518518518517
default,380,0.018518518518518517
default,381,0.018518518518518517
default,382,0.018518518518518517
default,383,0.018518518518518517
default,384,0.018781382903423346
default,385,0.019429836962554403
default,386,0.020117320791668225
default,387,0.020823393196295906
default,388,0.021440197551231763
default,389,0.021912671668667658
default,390,0.022375376844909547
default,391,0.022820597167946946
default,392,0.023304847432093177
default,393,0.023630796997437035
default,394,0.023843085865045997
default,395,0.023959631688671656
default,396,0.023923469188488256
default,397,0.023893915835980425
default,398,0.023695128262732061
default,399,0.02354160677389314
default,400,0.023427266960204154
default,401,0.023221745932610224
default,402,0.022888937628491167
default,403,0.022590221399926821
default,404,0.02232233264562233
default,405,0.022082335713483385
default,406,0.021867587640355568
default,407,0.021675706544559154
default,408,0.021343683425605362
default,409,0.021029183961321203
default,410,0.020735488909996543
default,411,0.020333724060915454
default,412,0.019901091634087462
default,413,0.019486485558377304
default,414,0.019088802179634913
default,415,0.019190296737883812
default,416,0.019590094586589727
default,417,0.020006905109708654
default,418,0.02044183782948493
default,419,0.020802911501882817
default,420,0.021098507960846977
default,421,0.021414979881417155
default,422,0.021753997817411191
default,423,0.02211739329310515
default,424,0.022507178184819263
default,425,0.022925567048407213
default,426,0.023336053754967293
default,427,0.023667561047981147
default,428,0.024034729393053123
default,429,0.024305784127014222
default,430,0.024534233817202176
default,431,0.024639484624425379
default,432,0.024566347977189484
default,433,0.024463462519344819
default,434,0.024402768673230563
default,435,0.024394287610291533
default,436,0.024398190984336241
default,437,0.024410293928731674
default,438,0.024213899716184598
default,439,0.024045037405202925
default,440,0.023773742166888389
default,441,0.023572767156047773
default,442,0.023216683530175076
default,443,0.022682517152240591
default,444,0.022165143675627216
default,445,0.021594009643970943
default,446,0.020969527944589967
default,447,0.020370984754437028
default,448,0.019824008245086993
default,449,0.019207525133901185
default,450,0.018568230558140299
default,451,0.018518518518518517
default,452,0.018518518518518517
default,453,0.018518518518518517
default,454,0.018518518518518517
default,455,0.018518518518518517
default,456,0.018518518518518517
default,457,0.018518518518518517
default,458,0.018518518518518517
default,459,0.018518518518518517
default,460,0.018518518518518517
default,461,0.018518518518518517
default,462,0.018518518518518517
default,463,0.018518518518518517
default,464,0.018518518518518517
default,465,0.018518518518518517
default,466,0.018518518518518517
default,467,0.018518518518518517
default,468,0.018518518518518517
default,469,0.018518518518518517
default,470,0.018518518518518517
default,471,0.018518518518518517
default,472,0.018518518518518517
default,473,0.018518518518518517
default,474,0.018518518518518517
default,475,0.018518518518518517
default,476,0.018518518518518517
default,477,0.018518518518518517
default,478,0.018518518518518517
default,479,0.018518518518518517
default,480,0.018518518518518517
default,481,0.018518518518518517
default,482,0.018518518518518517
default,483,0.018742472554327701
default,484,0.019544462514243525
default,485,0.020305732473229563
default,486,0.020861745606179014
default,487,0.021434617698258145
default,488,0.021890301275314807
default,489,0.022372527670145664
default,490,0.022639929778315037
default,491,0.022693382108332719
default,492,0.02279699518135609
default,493,0.022833574982080287
default,494,0.022825361187031368
default,495,0.022866916191146617
default,496,0.022933402338034738
default,497,0.022838554957422139
default,498,0.02273331687470579
default,499,0.022595738784110066
default,500,0.022417765810640072
default,501,0.022243063868590988
default,502,0.021975559200158257
default,503,0.021736386978858567
default,504,0.021522858520482462
default,505,0.021332549067831122
default,506,0.021163270123297929
default,507,0.021013045058132028
default,508,0.020880087518994884
default,509,0.02044183782948493
default,510,0.020006905109708657
default,511,0.019590094586589724
default,512,0.019190296737883812
default,513,0.022677013868462305
default,514,0.023149451657388603
default,515,0.023641993182013894
default,516,0.024155949555535936
default,517,0.024579147026444932
default,518,0.024969426338316638
default,519,0.025383996639489249
default,520,0.025824717163293414
default,521,0.02629362692094258
default,522,0.026757609358953497
default,523,0.027132418761670916
default,524,0.027539835600211674
default,525,0.027982950297171086
default,526,0.02846519624780872
default,527,0.028916150498576532
default,528,0.029197761815243802
default,529,0.029278274903871589
default,530,0.029354686213433102
default,531,0.029469305336247659
default,532,0.029628947723082184
default,533,0.029801140636757078
default,534,0.029872311209819296
default,535,0.029874186456126443
default,536,0.029701301970797577
default,537,0.029451445968829378
default,538,0.029241935186977458
default,539,0.028889502495846309
default,540,0.028496545342354705
default,541,0.028093457707146177
default,542,0.027652602189082699
default,543,0.027234715406600711
default,544,0.026769828824207555
default,545,0.026131737102670138
default,546,0.025378513893500043
default,547,0.024551911215865533
default,548,0.023663350704493082
default,549,0.022749664616186341
default,550,0.0217651533525475
default,551,0.020861522093026868
default,552,0.020189275454750501
default,553,0.019560139455777951
default,554,0.018825542872345558
default,555,0.018518518518518517
default,556,0.018518518518518517
default,557,0.018518518518518517
default,558,0.018518518518518517
default,559,0.018518518518518517
default,560,0.018518518518518517
default,561,0.018518518518518517
default,562,0.018518518518518517
default,563,0.018518518518518517
default,564,0.018518518518518517
default,565,0.018518518518518517
default,566,0.018518518518518517
default,567,0.018518518518518517
default,568,0.018518518518518517
default,569,0.018518518518518517
default,570,0.018518518518518517
default,571,0.018518518518518517
default,572,0.018518518518518517
default,573,0.018518518518518517
default,574,0.018518518518518517
default,575,0.018518518518518517
default,576,0.018518518518518517
default,577,0.018518518518518517
default,578,0.018518518518518517
default,579,0.018518518518518517
default,580,0.018925924185091297
default,581,0.019689706096112963
default,582,0.020365420873914849
default,583,0.020991059326001853
default,584,0.021521971683157698
default,585,0.022033950584076988
default,586,0.022588589659489115
default,587,0.023042625834651706
default,588,0.02349199518696558
default,589,0.023934771838208857
default,590,0.02434985455790812
default,591,0.024760641128783741
default,592,0.025108335692636399
default,593,0.025313621124903086
default,594,0.025451763547247985
default,595,0.025561009269472485
default,596,0.025662380658970051
default,597,0.02575530056383531
default,598,0.025808622100781296
default,599,0.02588798311901111
default,600,0.025981474661015712
default,601,0.025829248080789222
default,602,0.025523663032267128
default,603,0.025150024501097545
default,604,0.024806038972894014
default,605,0.024489338704746896
default,606,0.024197763519015193
default,607,0.023929339912668976
default,608,0.023597424924530517
default,609,0.023149451657388607
default,610,0.022677013868462305
default,611,0.021355412689482038
default,612,0.021658445569775288
default,613,0.021980482077119123
default,614,0.022322880518024429
default,615,0.0226726956923868
default,616,0.02293087570450798
default,617,0.023213450707944304
default,618,0.02343374662240931
default,619,0.023610085783042641
default,620,0.023735091859220705
default,621,0.02389038402701376
default,622,0.024043961022196445
default,623,0.024161341263973887
default,624,0.024265863976183067
default,625,0.02432169972066112
default,626,0.024280039983595351
default,627,0.024162258649351329
default,628,0.02391720255617942
default,629,0.023616028097079592
default,630,0.02326701475477545
default,631,0.022907898249501124
default,632,0.022553279773586076
default,633,0.022210357193897162
default,634,0.021889622174614012
default,635,0.021543237259707689
default,636,0.021134132050083913
default,637,0.020780094162133809
default,638,0.020412668590763933
default,639,0.020007981439075586
default,640,0.019606740099984379
default,641,0.019191316493063246
default,642,0.018780532435729264
default,643,0.018518518518518517
default,644,0.018518518518518517
default,645,0.018518518518518517
default,646,0.018518518518518517
default,647,0.018518518518518517
default,648,0.018518518518518517
default,649,0.018518518518518517
default,650,0.018518518518518517
default,651,0.018518518518518517
default,652,0.018518518518518517
default,653,0.018518518518518517
default,654,0.018518518518518517
default,655,0.018518518518518517
default,656,0.018518518518518517
default,657,0.018518518518518517
default,658,0.018518518518518517
default,659,0.018518518518518517
default,660,0.018518518518518521
default,661,0.018518518518518521
default,662,0.018518518518518521
default,663,0.018518518518518517
default,664,0.01881559023113262
default,665,0.019394191115944221
default,666,0.019968199927448308
default,667,0.02064132548864625
default,668,0.02139471355908475
default,669,0.022206233914386121
default,670,0.022959380420001851
default,671,0.02366010666169098
default,672,0.024317169145535597
default,673,0.02491547167346423
default,674,0.025427121882084135
default,675,0.025899007304634222
default,676,0.026263188352472815
default,677,0.026638640842197369
default,678,0.027002024887729778
default,679,0.027375462338048162
default,680,0.027764963295566349
default,681,0.028136160727150149
default,682,0.02849228642737163
default,683,0.028711753736146331
default,684,0.028770789655790847
default,685,0.028859768877718128
default,686,0.028811499336643422
default,687,0.028628425071789327
default,688,0.028393904921163768
default,689,0.028088458954928112
default,690,0.027787196726460565
default,691,0.027453629360785815
default,692,0.027094955817696834
default,693,0.026660896199513253
default,694,0.026228864710081203
default,695,0.025836558358259348
default,696,0.025480166863196534
default,697,0.025156286271753963
default,698,0.024861869580164238
default,699,0.024594184376675095
default,700,0.024350776323723421
default,701,0.02412943752848333
default,702,0.023784382949554921
default,703,0.023426409055149183
default,704,0.023090299914008412
default,705,0.022748156995317823
default,706,0.022264153654991913
default,707,0.021800317120512915
default,708,0.021355412689482038
default,709,0.018518518518518517
default,710,0.018518518518518517
default,711,0.018518518518518517
default,712,0.018518518518518517
default,713,0.018518518518518517
default,714,0.018518518518518517
default,715,0.018518518518518517
default,716,0.018643797739847048
default,717,0.019098524513989659
default,718,0.019575987626839396
default,719,0.020077936027527589
default,720,0.020606302765094103
default,721,0.021163229866853407
default,722,0.02165933598351729
default,723,0.022133587543826425
default,724,0.022550498300473773
default,725,0.022874322399450364
default,726,0.023219841263363006
default,727,0.023367578804155169
default,728,0.023262868443941615
default,729,0.022968599460661425
default,730,0.022474611807265937
default,731,0.021910065833078387
default,732,0.021275732898960453
default,733,0.020662465955902803
default,734,0.019965490473451638
default,735,0.019196383976586299
default,736,0.018518518518518517
default,737,0.018518518518518517
default,738,0.018518518518518517
default,739,0.018518518518518517
default,740,0.018518518518518517
default,741,0.018518518518518517
default,742,0.018518518518518517
default,743,0.018518518518518517
default,744,0.018518518518518517
default,745,0.018518518518518517
default,746,0.018518518518518517
default,747,0.018518518518518517
default,748,0.018518518518518517
default,749,0.018518518518518517
default,750,0.018518518518518517
default,751,0.018518518518518517
default,752,0.018518518518518517
default,753,0.018518518518518517
default,754,0.018518518518518517
default,755,0.018518518518518517
default,756,0.018518518518518517
default,757,0.018518518518518517
default,758,0.018518518518518517
default,759,0.018518518518518517
default,760,0.018518518518518517
default,761,0.018518518518518517
default,762,0.018518518518518517
default,763,0.018518518518518517
default,764,0.018518518518518517
default,765,0.018518518518518517
default,766,0.018518518518518517
default,767,0.018518518518518517
default,768,0.018518518518518517
default,769,0.018518518518518517
default,770,0.018518518518518517
default,771,0.018518518518518517
default,772,0.018518518518518517
default,773,0.018518518518518517
default,774,0.018518518518518517
default,775,0.018518518518518517
default,776,0.018518518518518517
default,777,0.018518518518518517
default,778,0.018518518518518517
default,779,0.018518518518518517
default,780,0.018518518518518517
default,781,0.018518518518518517
default,782,0.018518518518518517
default,783,0.018518518518518517
default,784,0.018518518518518517
default,785,0.018518518518518517
default,786,0.018518518518518517
default,787,0.01887623022160222
default,788,0.019289386187668036
default,789,0.019598605416154786
default,790,0.019800372145615718
default,791,0.019984380462921846
default,792,0.020189110476069947
default,793,0.020278953553193282
default,794,0.020366487360568116
default,795,0.020328213195918349
default,796,0.020012207952041384
default,797,0.019575987626839399
default,798,0.019098524513989659
default,799,0.018643797739847048
default,800,0.018518518518518517
default,801,0.018518518518518517
default,802,0.018518518518518517
default,803,0.018518518518518517
default,804,0.018518518518518517
default,805,0.018518518518518517
default,806,0.018518518518518517
default,807,0.019672266183502193
default,808,0.020082105062325155
default,809,0.020509383893438458
default,810,0.020955240065034943
default,811,0.021420912066480165
default,812,0.021907750977081992
default,813,0.022417233557944363
default,814,0.022950977214085889
default,815,0.023510757146136766
default,816,0.024098526074790187
default,817,0.024716436999784808
default,818,0.025295124649193961
default,819,0.025718430054085407
default,820,0.026076561987959299
default,821,0.026202419492338997
default,822,0.026360101030000749
default,823,0.026554294978770949
default,824,0.026790365294207457
default,825,0.027074449448411517
default,826,0.027199305526249683
default,827,0.027303290525710067
default,828,0.027357770101073781
default,829,0.027259992109664944
default,830,0.027105324048489376
default,831,0.02678988010235317
default,832,0.026350087397123082
default,833,0.025932760660183584
default,834,0.025511138508216014
default,835,0.025067460308776303
default,836,0.024699904246456888
default,837,0.024322076456504863
default,838,0.023924612090246548
default,839,0.023474212186384361
default,840,0.022930125984534106
default,841,0.022316133269209122
default,842,0.021665467017665679
default,843,0.021104624620905559
default,844,0.020638036636474229
default,845,0.020151813836722973
default,846,0.019650559674459139
default,847,0.019242015059150262
default,848,0.018884878407430045
default,849,0.018588746010239268
default,850,0.018518518518518521
default,851,0.018518518518518521
default,852,0.018518518518518521
default,853,0.018518518518518521
default,854,0.018518518518518521
default,855,0.018518518518518521
default,856,0.018518518518518517
default,857,0.018518518518518517
default,858,0.018518518518518517
default,859,0.018518518518518517
default,860,0.018518518518518517
default,861,0.018518518518518517
default,862,0.018518518518518517
default,863,0.018518518518518517
default,864,0.018518518518518517
default,865,0.018518518518518517
default,866,0.018518518518518517
default,867,0.018518518518518517
default,868,0.018518518518518517
default,869,0.018518518518518517
default,870,0.018518518518518517
default,871,0.018518518518518517
default,872,0.018518518518518517
default,873,0.018518518518518517
default,874,0.018518518518518517
default,875,0.018518518518518517
default,876,0.018518518518518517
default,877,0.018518518518518517
default,878,0.018518518518518517
default,879,0.018518518518518517
default,880,0.018518518518518517
default,881,0.018974265225339664
default,882,0.019672903526440858
default,883,0.02033256805608841
default,884,0.021000348928875937
default,885,0.021571151148141465
default,886,0.022049353013100771
default,887,0.02238901152618494
default,888,0.022566472518178927
default,889,0.022626758846635651
default,890,0.022641609922242761
default,891,0.022693958102981537
default,892,0.022691695590195789
default,893,0.022550829403628025
default,894,0.022344565767663069
default,895,0.022169465372929912
default,896,0.021915618550930365
default,897,0.021664808157444447
default,898,0.021429972576108781
default,899,0.021085803209361532
default,900,0.020764147540792147
default,901,0.020463388521210008
default,902,0.020182044076423579
default,903,0.019918753618548658
default,904,0.019672266183502193
default,905,0.021899282926527246
default,906,0.022276291631539703
default,907,0.022598551317347979
default,908,0.022940840397542638
default,909,0.023304614771308234
default,910,0.023691460657547236
default,911,0.024021616753538581
default,912,0.02418178424121328
default,913,0.024365653411357411
default,914,0.02451728611348207
default,915,0.024620924001576804
default,916,0.024752247313674227
default,917,0.024914959438059787
default,918,0.02511322793404001
default,919,0.025245324004935135
default,920,0.025403925873318488
default,921,0.025610058671303535
default,922,0.025870814449179966
default,923,0.026172610826661474
default,924,0.026374363102305613
default,925,0.026496368602033239
default,926,0.026562075760969809
default,927,0.026511939128544552
default,928,0.026311931281074903
default,929,0.025983532452998771
default,930,0.025556938622312012
default,931,0.025145389195522796
default,932,0.024687337876103332
default,933,0.024224758629504704
default,934,0.023785720369559213
default,935,0.023390315621560714
default,936,0.023067273520329588
default,937,0.022713567407747555
default,938,0.022374488563459416
default,939,0.021976171788687566
default,940,0.021503471927897814
default,941,0.020995298757407698
default,942,0.020456651338228601
default,943,0.019901489022300267
default,944,0.019361755432858032
default,945,0.018905374772752642
default,946,0.018633861948449699
default,947,0.018518518518518517
default,948,0.018518518518518521
default,949,0.018518518518518521
default,950,0.018518518518518521
default,951,0.018518518518518521
default,952,0.018518518518518521
default,953,0.018518518518518521
default,954,0.018518518518518517
default,955,0.018518518518518517
default,956,0.018518518518518517
default,957,0.018518518518518517
default,958,0.018518518518518517
default,959,0.018518518518518517
default,960,0.018518518518518517
default,961,0.018521466161909562
default,962,0.019392969899398531
default,963,0.020276477701550711
default,964,0.021162685105557213
default,965,0.021999891074056963
default,966,0.022770605454942552
default,967,0.023411394150717753
default,968,0.024038802092796831
default,969,0.024647060484497958
default,970,0.02522637214746978
default,971,0.025754112597855785
default,972,0.02614111300216735
default,973,0.026433300302602027
default,974,0.026674768262425753
default,975,0.026790510075320167
default,976,0.026761505831835872
default,977,0.026632836600888124
default,978,0.02645799476914076
default,979,0.0263813680195574
default,980,0.02628632029668421
default,981,0.026240178649338308
default,982,0.026252619296918644
default,983,0.026312370486666972
default,984,0.026410066668407291
default,985,0.026336900716538561
default,986,0.026235956612783058
default,987,0.025973592540945174
default,988,0.025668625946865056
default,989,0.025402347383670223
default,990,0.025170523902005852
default,991,0.024969396264199133
default,992,0.024795623397347408
default,993,0.024646233928566345
default,994,0.024475804225346502
default,995,0.024212113441176412
default,996,0.023851027011669385
default,997,0.02347335444977329
default,998,0.023118675815388682
default,999,0.022785360902795107
default,1000,0.022471917433071802
default,1001,0.022176977035748491
default,1002,0.021899282926527246
default,1003,0.023509885575141724
default,1004,0.023999674857957176
default,1005,0.024510306237913712
default,1006,0.025043138982216186
default,1007,0.025536574184700785
default,1008,0.025973601692748378
default,1009,0.026431076574597048
default,1010,0.026784568844714834
default,1011,0.027078672751282618
default,1012,0.027353813075433924
default,1013,0.02765950072086315
default,1014,0.027977651503789874
default,1015,0.028224486823496316
default,1016,0.028508276512338053
default,1017,0.028833467845059052
default,1018,0.029205055429145539
default,1019,0.029616289556020258
default,1020,0.029896702990944501
default,1021,0.030017921484196179
default,1022,0.030053069566825838
default,1023,0.030141884565518039
default,1024,0.030265733892705586
default,1025,0.030314232831586723
default,1026,0.030247145829319283
default,1027,0.029962780990525698
default,1028,0.029634113280468683
default,1029,0.029230991625956833
default,1030,0.028837429552953587
default,1031,0.028429966467641551
default,1032,0.027977528260743977
default,1033,0.027466281410393468
default,1034,0.026930919197317028
default,1035,0.026324621870355006
default,1036,0.025675031942187704
default,1037,0.025027487070366342
default,1038,0.024332298165172243
default,1039,0.02358301960165126
default,1040,0.022861541542871577
default,1041,0.022146199970486811
default,1042,0.021388407424941178
default,1043,0.020582932450584963
default,1044,0.019839039587614796
default,1045,0.019077713801718289
default,1046,0.018542544040906658
default,1047,0.018518518518518521
default,1048,0.018518518518518521
default,1049,0.018518518518518521
default,1050,0.018518518518518521
default,1051,0.018518518518518521
default,1052,0.018518518518518517
default,1053,0.018518518518518517
default,1054,0.018518518518518517
default,1055,0.018518518518518517
default,1056,0.018518518518518517
default,1057,0.018518518518518517
default,1058,0.018518518518518517
default,1059,0.018518518518518517
default,1060,0.018518518518518517
default,1061,0.018518518518518517
default,1062,0.018518518518518517
default,1063,0.018518518518518517
default,1064,0.018518518518518517
default,1065,0.018978833972727333
default,1066,0.019886526516247425
default,1067,0.020699713647182542
default,1068,0.021340820003596168
default,1069,0.021861608646670729
default,1070,0.022372896606081286
default,1071,0.02295750318213343
default,1072,0.023553473815683037
default,1073,0.024053553159594048
default,1074,0.024427233702485892
default,1075,0.024609227508924081
default,1076,0.024812281556026255
default,1077,0.024984553857988413
default,1078,0.025214605949560223
default,1079,0.025446639426371299
default,1080,0.025649689447231991
default,1081,0.025802388704984452
default,1082,0.025959372914091693
default,1083,0.026058079598268412
default,1084,0.026154343590106148
default,1085,0.026277618475136155
default,1086,0.026349590358832387
default,1087,0.026391931820318407
default,1088,0.026456429669193315
default,1089,0.02646352483551825
default,1090,0.026380851140977789
default,1091,0.026250180954704969
default,1092,0.026105774998028592
default,1093,0.025889012877831984
default,1094,0.025696240393601646
default,1095,0.025402991226536682
default,1096,0.024979013759500755
default,1097,0.024579295506211133
default,1098,0.024202188884254551
default,1099,0.023846182104079336
default,1100,0.023509885575141724
default_8,1,0.40758562181837499
default_8,2,0.35169099223041755
default_8,3,0.29867535130899459
default_8,4,0.37310835882707571
default_8,5,0.42692193791935679
default_8,6,0.4705908645409817
default_8,7,0.29371731258193629
default_8,8,0.31235117604102597
default_8,9,0.33266073749198943
default_8,10,0.41595116978151059
default_8,11,0.68804428748134028
default_12,1,0.21420748246661467
default_12,2,0.21965141742362723
default_12,3,0.18909305429832762
default_12,4,0.22234894596632765
default_12,5,0.21000055365158152
default_12,6,0.25049591071197536
default_12,7,0.26365527745133627
default_12,8,0.17875226498862215
default_12,9,0.20682626909696541
default_12,10,0.21153802493644613
default_12,11,0.33383512103299423
default_12,12,3.352159883131228
default_12,13,3.7581424651736848
default_12,14,2.8374489855588521
default_12,15,3.1933827775774488
default_12,16,2.7918716387508522
default_12,17,3.1597286361718853
default_12,18,3.3249791613411808
default_12,19,1.9204730723183212
default_12,20,1.7288344852341526
default_12,21,1.4551786656036096
default_12,22,1.9106744044650943
lqph,1,0.12237256998537624
lqph,2,0.10768660338481319
lqph,3,0.11121522879850229
lqph,4,0.12538239368990056
lqph,5,0.13199199466684902
lqph,6,0.12946376364953571
lqph,7,0.14017475392711384
lqph,8,0.10919272055939709
lqph,9,0.13311536660381701
lqph,10,0.12522300126041455
lqph,11,0.17783344102181337
lqph,12,1.9850723094777558
lqph,13,1.8393431115131538
lqph,14,1.750765835318236
lqph,15,1.926527308500755
lqph,16,1.9233361719085229
lqph,17,1.7154556550666396
lqph,18,1.7439479484332858
lqph,19,1.1850616313364877
lqph,20,1.2063512546860904
lqph,21,0.97121396288351658
lqph,22,1.1511184080694492
lqph,23,0.018518518518518517
lqph,24,0.018518518518518517
lqph,25,0.018518518518518517
lqph,26,0.018518518518518517
lqph,27,0.018518518518518517
lqph,28,0.018518518518518517
lqph,29,0.01864909427705733
lqph,30,0.019093120331272983
lqph,31,0.019558806193011348
lqph,32,0.020015609284566884
lqph,33,0.020281936772856706
lqph,34,0.02044219716844109
lqph,35,0.020533424538239784
lqph,36,0.020557456278695589
lqph,37,0.020605171142144163
lqph,38,0.020680509617724743
lqph,39,0.02078800062205044
lqph,40,0.02093284152859845
lqph,41,0.020977273947998289
lqph,42,0.020949370026880465
lqph,43,0.020772784872689777
lqph,44,0.020456935523805096
lqph,45,0.020031380033158974
lqph,46,0.019647335874386249
lqph,47,0.019229135528353793
lqph,48,0.018688502729033846
lqph,49,0.018518518518518517
lqph,50,0.018518518518518517
lqph,51,0.018518518518518517
lqph,52,0.018518518518518517
lqph,53,0.018518518518518517
lqph,54,0.018518518518518517
lqph,55,0.018518518518518517
lqph,56,0.018518518518518517
lqph,57,0.018518518518518517
lqph,58,0.018518518518518517
lqph,59,0.018518518518518517
lqph,60,0.018518518518518517
lqph,61,0.018518518518518517
lqph,62,0.018518518518518517
lqph,63,0.018518518518518517
lqph,64,0.018518518518518517
lqph,65,0.018518518518518517
lqph,66,0.018518518518518517
lqph,67,0.018518518518518517
lqph,68,0.018518518518518517
lqph,69,0.018518518518518517
lqph,70,0.018518518518518517
lqph,71,0.018518518518518517
lqph,72,0.018518518518518517
lqph,73,0.018518518518518517
lqph,74,0.018518518518518517
lqph,75,0.018518518518518517
lqph,76,0.018518518518518517
lqph,77,0.018518518518518517
lqph,78,0.018518518518518517
lqph,79,0.018518518518518517
lqph,80,0.018518518518518517
lqph,81,0.018518518518518517
lqph,82,0.018518518518518517
lqph,83,0.018518518518518517
lqph,84,0.018518518518518517
lqph,85,0.018518518518518517
lqph,86,0.018518518518518517
lqph,87,0.018518518518518517
lqph,88,0.018518518518518517
lqph,89,0.018518518518518517
lqph,90,0.018518518518518517
lqph,91,0.018518518518518517
lqph,92,0.018518518518518517
lqph,93,0.018518518518518517
lqph,94,0.018518518518518517
lqph,95,0.018518518518518517
lqph,96,0.019143446868121961
lqph,97,0.019757065452688318
lqph,98,0.020394831221429946
lqph,99,0.0209712165290761
lqph,100,0.021327676148380621
lqph,101,0.021396781994596641
lqph,102,0.021324565236937924
lqph,103,0.021306163682145149
lqph,104,0.021216281174951602
lqph,105,0.021074286687568319
lqph,106,0.020977208478200098
lqph,107,0.020803582665415515
lqph,108,0.020536764319752307
lqph,109,0.020282746265104963
lqph,110,0.020059495152838329
lqph,111,0.019724726472244398
lqph,112,0.019402880949438886
lqph,113,0.019093120331272986
lqph,114,0.01864909427705733
lqph,115,0.018518518518518517
lqph,116,0.018518518518518517
lqph,117,0.018518518518518517
lqph,118,0.018518518518518517
lqph,119,0.018518518518518517
lqph,120,0.018518518518518517
lqph,121,0.018518518518518517
lqph,122,0.018518518518518517
lqph,123,0.018518518518518517
lqph,124,0.018518518518518517
lqph,125,0.018518518518518517
lqph,126,0.018518518518518517
lqph,127,0.018518518518518517
lqph,128,0.018518518518518517
lqph,129,0.018518518518518517
lqph,130,0.018518518518518517
lqph,131,0.018518518518518517
lqph,132,0.018518518518518517
lqph,133,0.018518518518518517
lqph,134,0.018605096057889216
lqph,135,0.019136670230971764
lqph,136,0.01969951347305917
lqph,137,0.020296468426788235
lqph,138,0.02088502112869459
lqph,139,0.021338290667123411
lqph,140,0.021836856599388398
lqph,141,0.022319043321005375
lqph,142,0.022723710067923925
lqph,143,0.023190241855649486
lqph,144,0.023571510759367191
lqph,145,0.023893262471372453
lqph,146,0.024028155060367849
lqph,147,0.023888865667257453
lqph,148,0.023608580221180678
lqph,149,0.023141344265131838
lqph,150,0.022583144330244102
lqph,151,0.021946145162872643
lqph,152,0.0212699475535441
lqph,153,0.020261911745578058
lqph,154,0.018992397053267277
lqph,155,0.018518518518518517
lqph,156,0.018518518518518517
lqph,157,0.018518518518518517
lqph,158,0.018518518518518517
lqph,159,0.018518518518518517
lqph,160,0.018518518518518517
lqph,161,0.018518518518518517
lqph,162,0.018518518518518517
lqph,163,0.018518518518518517
lqph,164,0.018518518518518517
lqph,165,0.018518518518518517
lqph,166,0.018518518518518517
lqph,167,0.018518518518518517
lqph,168,0.018518518518518517
lqph,169,0.018518518518518517
lqph,170,0.018518518518518517
lqph,171,0.018518518518518517
lqph,172,0.018518518518518517
lqph,173,0.018518518518518517
lqph,174,0.018518518518518517
lqph,175,0.018518518518518517
lqph,176,0.018518518518518517
lqph,177,0.018518518518518517
lqph,178,0.018518518518518517
lqph,179,0.018518518518518517
lqph,180,0.018518518518518517
lqph,181,0.018518518518518517
lqph,182,0.018518518518518517
lqph,183,0.018518518518518517
lqph,184,0.018518518518518517
lqph,185,0.018518518518518517
lqph,186,0.018518518518518517
lqph,187,0.018518518518518517
lqph,188,0.018518518518518517
lqph,189,0.018518518518518517
lqph,190,0.018518518518518517
lqph,191,0.018518518518518517
lqph,192,0.018518518518518517
lqph,193,0.018518518518518517
lqph,194,0.018518518518518517
lqph,195,0.018518518518518517
lqph,196,0.018518518518518517
lqph,197,0.018518518518518517
lqph,198,0.018518518518518517
lqph,199,0.018518518518518517
lqph,200,0.018518518518518517
lqph,201,0.018518518518518517
lqph,202,0.018518518518518517
lqph,203,0.018518518518518517
lqph,204,0.018518518518518517
lqph,205,0.018518518518518517
lqph,206,0.018518518518518517
lqph,207,0.018518518518518517
lqph,208,0.018518518518518517
lqph,209,0.018518518518518517
lqph,210,0.018518518518518517
lqph,211,0.018518518518518517
lqph,212,0.018518518518518517
lqph,213,0.018518518518518517
lqph,214,0.018518518518518517
lqph,215,0.018518518518518517
lqph,216,0.018518518518518517
lqph,217,0.018518518518518517
lqph,218,0.018518518518518517
lqph,219,0.018518518518518517
lqph,220,0.018518518518518517
lqph,221,0.018638110534036034
lqph,222,0.019043286849993339
lqph,223,0.019466471002215411
lqph,224,0.019908890797720308
lqph,225,0.020371888258132406
lqph,226,0.020856933216659369
lqph,227,0.021365638904870574
lqph,228,0.02189977987749234
lqph,229,0.022461312694863941
lqph,230,0.023052399871044568
lqph,231,0.023566898025616942
lqph,232,0.023834487478866028
lqph,233,0.024133113618501387
lqph,234,0.024466297280784383
lqph,235,0.02483800053122398
lqph,236,0.025216375643311469
lqph,237,0.025472727484449086
lqph,238,0.025623837780455811
lqph,239,0.025821083144028624
lqph,240,0.02591290904932084
lqph,241,0.026023621159608549
lqph,242,0.02585002132982267
lqph,243,0.025587128173527554
lqph,244,0.025367676914820773
lqph,245,0.025040060661279156
lqph,246,0.024605417546250903
lqph,247,0.024227381408095224
lqph,248,0.023815124699759656
lqph,249,0.023312239372287744
lqph,250,0.022804083000981069
lqph,251,0.022324004776938591
lqph,252,0.021811124283951943
lqph,253,0.021082448187798586
lqph,254,0.020202739123273937
lqph,255,0.019411847305439319
lqph,256,0.018764616341453887
lqph,257,0.018518518518518517
lqph,258,0.018518518518518517
lqph,259,0.018518518518518517
lqph,260,0.018518518518518517
lqph,261,0.018518518518518517
lqph,262,0.018518518518518517
lqph,263,0.018518518518518517
lqph,264,0.018518518518518517
lqph,265,0.018518518518518517
lqph,266,0.018518518518518517
lqph,267,0.018518518518518517
lqph,268,0.018518518518518517
lqph,269,0.018518518518518517
lqph,270,0.018518518518518517
lqph,271,0.018518518518518517
lqph,272,0.018518518518518517
lqph,273,0.018518518518518517
lqph,274,0.018518518518518517
lqph,275,0.018518518518518517
lqph,276,0.018518518518518517
lqph,277,0.018518518518518517
lqph,278,0.018518518518518517
lqph,279,0.018518518518518517
lqph,280,0.018518518518518517
lqph,281,0.018518518518518517
lqph,282,0.018518518518518517
lqph,283,0.018518518518518517
lqph,284,0.018518518518518517
lqph,285,0.018518518518518517
lqph,286,0.018518518518518517
lqph,287,0.018518518518518517
lqph,288,0.018518518518518517
lqph,289,0.018518518518518517
lqph,290,0.018518518518518517
lqph,291,0.018518518518518517
lqph,292,0.018518518518518517
lqph,293,0.018518518518518517
lqph,294,0.018518518518518517
lqph,295,0.018518518518518517
lqph,296,0.018518518518518517
lqph,297,0.018795809038457352
lqph,298,0.019368549389840024
lqph,299,0.019895724586263631
lqph,300,0.020313072206949456
lqph,301,0.020489594253853428
lqph,302,0.020561994804668679
lqph,303,0.020679553027061998
lqph,304,0.020783579454766794
lqph,305,0.020788295988230447
lqph,306,0.02051179669305302
lqph,307,0.020233432837280945
lqph,308,0.019985667701901171
lqph,309,0.019765710748635815
lqph,310,0.019571022761174606
lqph,311,0.019399292317002461
lqph,312,0.019137044757520247
lqph,313,0.018866072366836933
lqph,314,0.018613889662264942
lqph,315,0.018518518518518517
lqph,316,0.018518518518518517
lqph,317,0.019088802179634913
lqph,318,0.019486485558377308
lqph,319,0.019901091634087462
lqph,320,0.020333724060915451
lqph,321,0.020785584595602462
lqph,322,0.021118869115573837
lqph,323,0.021442756020470872
lqph,324,0.021789643853581845
lqph,325,0.022161391776107122
lqph,326,0.022560041430145932
lqph,327,0.022987839538388854
lqph,328,0.023447264047489591
lqph,329,0.023736066446372897
lqph,330,0.023715190031692313
lqph,331,0.023712108688827453
lqph,332,0.023741054309724296
lqph,333,0.023807818526692597
lqph,334,0.023919086610810984
lqph,335,0.024078694256440113
lqph,336,0.024006403296763092
lqph,337,0.023750250207060633
lqph,338,0.023481322234684972
lqph,339,0.023235624084788284
lqph,340,0.022911011363095982
lqph,341,0.022432389116822007
lqph,342,0.021930564606841618
lqph,343,0.021414820622804406
lqph,344,0.020973928985591923
lqph,345,0.020481461647418743
lqph,346,0.019945136498448011
lqph,347,0.019394741128702053
lqph,348,0.018768047970907475
lqph,349,0.018518518518518517
lqph,350,0.018518518518518517
lqph,351,0.018518518518518517
lqph,352,0.018518518518518517
lqph,353,0.018518518518518517
lqph,354,0.018518518518518517
lqph,355,0.018518518518518517
lqph,356,0.018518518518518517
lqph,357,0.018518518518518517
lqph,358,0.018518518518518517
lqph,359,0.018518518518518517
lqph,360,0.018518518518518517
lqph,361,0.018518518518518517
lqph,362,0.018518518518518517
lqph,363,0.018518518518518517
lqph,364,0.018518518518518517
lqph,365,0.018518518518518517
lqph,366,0.018518518518518517
lqph,367,0.018518518518518517
lqph,368,0.018518518518518517
lqph,369,0.018518518518518517
lqph,370,0.018518518518518517
lqph,371,0.018518518518518517
lqph,372,0.018518518518518517
lqph,373,0.018518518518518517
lqph,374,0.018518518518518517
lqph,375,0.018518518518518517
lqph,376,0.018518518518518517
lqph,377,0.018518518518518517
lqph,378,0.018518518518518517
lqph,379,0.018518518518518517
lqph,380,0.018518518518518517
lqph,381,0.018518518518518517
lqph,382,0.018518518518518517
lqph,383,0.018518518518518517
lqph,384,0.018781382903423346
lqph,385,0.019429836962554403
lqph,386,0.020117320791668225
lqph,387,0.020823393196295906
lqph,388,0.021440197551231763
lqph,389,0.021912671668667658
lqph,390,0.022375376844909547
lqph,391,0.022820597167946946
lqph,392,0.023304847432093177
lqph,393,0.023630796997437035
lqph,394,0.023843085865045997
lqph,395,0.023959631688671656
lqph,396,0.023923469188488256
lqph,397,0.023893915835980425
lqph,398,0.023695128262732061
lqph,399,0.02354160677389314
lqph,400,0.023427266960204154
lqph,401,0.023221745932610224
lqph,402,0.022888937628491167
lqph,403,0.022590221399926821
lqph,404,0.02232233264562233
lqph,405,0.022082335713483385
lqph,406,0.021867587640355568
lqph,407,0.021675706544559154
lqph,408,0.021343683425605362
lqph,409,0.021029183961321203
lqph,410,0.020735488909996543
lqph,411,0.020333724060915454
lqph,412,0.019901091634087462
lqph,413,0.019486485558377304
lqph,414,0.019088802179634913
lqph,415,0.019190296737883812
lqph,416,0.019590094586589727
lqph,417,0.020006905109708654
lqph,418,0.02044183782948493
lqph,419,0.020802911501882817
lqph,420,0.021098507960846977
lqph,421,0.021414979881417155
lqph,422,0.021753997817411191
lqph,423,0.02211739329310515
lqph,424,0.022507178184819263
lqph,425,0.022925567048407213
lqph,426,0.023336053754967293
lqph,427,0.023667561047981147
lqph,428,0.024034729393053123
lqph,429,0.024305784127014222
lqph,430,0.024534233817202176
lqph,431,0.024639484624425379
lqph,432,0.024566347977189484
lqph,433,0.024463462519344819
lqph,434,0.024402768673230563
lqph,435,0.024394287610291533
lqph,436,0.024398190984336241
lqph,437,0.024410293928731674
lqph,438,0.024213899716184598
lqph,439,0.024045037405202925
lqph,440,0.023773742166888389
lqph,441,0.023572767156047773
lqph,442,0.023216683530175076
lqph,443,0.022682517152240591
lqph,444,0.022165143675627216
lqph,445,0.021594009643970943
lqph,446,0.020969527944589967
lqph,447,0.020370984754437028
lqph,448,0.019824008245086993
lqph,449,0.019207525133901185
lqph,450,0.018568230558140299
lqph,451,0.018518518518518517
lqph,452,0.018518518518518517
lqph,453,0.018518518518518517
lqph,454,0.018518518518518517
lqph,455,0.018518518518518517
lqph,456,0.018518518518518517
lqph,457,0.018518518518518517
lqph,458,0.018518518518518517
lqph,459,0.018518518518518517
lqph,460,0.018518518518518517
lqph,461,0.018518518518518517
lqph,462,0.018518518518518517
lqph,463,0.018518518518518517
lqph,464,0.018518518518518517
lqph,465,0.018518518518518517
lqph,466,0.018518518518518517
lqph,467,0.018518518518518517
lqph,468,0.018518518518518517
lqph,469,0.018518518518518517
lqph,470,0.018518518518518517
lqph,471,0.018518518518518517
lqph,472,0.018518518518518517
lqph,473,0.018518518518518517
lqph,474,0.018518518518518517
lqph,475,0.018518518518518517
lqph,476,0.018518518518518517
lqph,477,0.018518518518518517
lqph,478,0.018518518518518517
lqph,479,0.018518518518518517
lqph,480,0.018518518518518517
lqph,481,0.018518518518518517
lqph,482,0.018518518518518517
lqph,483,0.018742472554327701
lqph,484,0.019544462514243525
lqph,485,0.020305732473229563
lqph,486,0.020861745606179014
lqph,487,0.021434617698258145
lqph,488,0.021890301275314807
lqph,489,0.022372527670145664
lqph,490,0.022639929778315037
lqph,491,0.022693382108332719
lqph,492,0.02279699518135609
lqph,493,0.022833574982080287
lqph,494,0.022825361187031368
lqph,495,0.022866916191146617
lqph,496,0.022933402338034738
lqph,497,0.022838554957422139
lqph,498,0.02273331687470579
lqph,499,0.022595738784110066
lqph,500,0.022417765810640072
lqph,501,0.022243063868590988
lqph,502,0.021975559200158257
lqph,503,0.021736386978858567
lqph,504,0.021522858520482462
lqph,505,0.021332549067831122
lqph,506,0.021163270123297929
lqph,507,0.021013045058132028
lqph,508,0.020880087518994884
lqph,509,0.02044183782948493
lqph,510,0.020006905109708657
lqph,511,0.019590094586589724
lqph,512,0.019190296737883812
lqph,513,0.022677013868462305
lqph,514,0.023149451657388603
lqph,515,0.023641993182013894
lqph,516,0.024155949555535936
lqph,517,0.024579147026444932
lqph,518,0.024969426338316638
lqph,519,0.025383996639489249
lqph,520,0.025824717163293414
lqph,521,0.02629362692094258
lqph,522,0.026757609358953497
lqph,523,0.027132418761670916
lqph,524,0.027539835600211674
lqph,525,0.027982950297171086
lqph,526,0.02846519624780872
lqph,527,0.028916150498576532
lqph,528,0.029197761815243802
lqph,529,0.029278274903871589
lqph,530,0.029354686213433102
lqph,531,0.029469305336247659
lqph,532,0.029628947723082184
lqph,533,0.029801140636757078
lqph,534,0.029872311209819296
lqph,535,0.029874186456126443
lqph,536,0.029701301970797577
lqph,537,0.029451445968829378
lqph,538,0.029241935186977458
lqph,539,0.028889502495846309
lqph,540,0.028496545342354705
lqph,541,0.028093457707146177
lqph,542,0.027652602189082699
lqph,543,0.027234715406600711
lqph,544,0.026769828824207555
lqph,545,0.026131737102670138
lqph,546,0.025378513893500043
lqph,547,0.024551911215865533
lqph,548,0.023663350704493082
lqph,549,0.022749664616186341
lqph,550,0.0217651533525475
lqph,551,0.020861522093026868
lqph,552,0.020189275454750501
lqph,553,0.019560139455777951
lqph,554,0.018825542872345558
lqph,555,0.018518518518518517
lqph,556,0.018518518518518517
lqph,557,0.018518518518518517
lqph,558,0.018518518518518517
lqph,559,0.018518518518518517
lqph,560,0.018518518518518517
lqph,561,0.018518518518518517
lqph,562,0.018518518518518517
lqph,563,0.018518518518518517
lqph,564,0.018518518518518517
lqph,565,0.018518518518518517
lqph,566,0.018518518518518517
lqph,567,0.018518518518518517
lqph,568,0.018518518518518517
lqph,569,0.018518518518518517
lqph,570,0.018518518518518517
lqph,571,0.018518518518518517
lqph,572,0.018518518518518517
lqph,573,0.018518518518518517
lqph,574,0.018518518518518517
lqph,575,0.018518518518518517
lqph,576,0.018518518518518517
lqph,577,0.018518518518518517
lqph,578,0.018518518518518517
lqph,579,0.018518518518518517
lqph,580,0.018925924185091297
lqph,581,0.019689706096112963
lqph,582,0.020365420873914849
lqph,583,0.020991059326001853
lqph,584,0.021521971683157698
lqph,585,0.022033950584076988
lqph,586,0.022588589659489115
lqph,587,0.023042625834651706
lqph,588,0.02349199518696558
lqph,589,0.023934771838208857
lqph,590,0.02434985455790812
lqph,591,0.024760641128783741
lqph,592,0.025108335692636399
lqph,593,0.025313621124903086
lqph,594,0.025451763547247985
lqph,595,0.025561009269472485
lqph,596,0.025662380658970051
lqph,597,0.02575530056383531
lqph,598,0.025808622100781296
lqph,599,0.02588798311901111
lqph,600,0.025981474661015712
lqph,601,0.025829248080789222
lqph,602,0.025523663032267128
lqph,603,0.025150024501097545
lqph,604,0.024806038972894014
lqph,605,0.024489338704746896
lqph,606,0.024197763519015193
lqph,607,0.023929339912668976
lqph,608,0.023597424924530517
lqph,609,0.023149451657388607
lqph,610,0.022677013868462305
lqph,611,0.021355412689482038
lqph,612,0.021658445569775288
lqph,613,0.021980482077119123
lqph,614,0.022322880518024429
lqph,615,0.0226726956923868
lqph,616,0.02293087570450798
lqph,617,0.023213450707944304
lqph,618,0.02343374662240931
lqph,619,0.023610085783042641
lqph,620,0.023735091859220705
lqph,621,0.02389038402701376
lqph,622,0.024043961022196445
lqph,623,0.024161341263973887
lqph,624,0.024265863976183067
lqph,625,0.02432169972066112
lqph,626,0.024280039983595351
lqph,627,0.024162258649351329
lqph,628,0.02391720255617942
lqph,629,0.023616028097079592
lqph,630,0.02326701475477545
lqph,631,0.022907898249501124
lqph,632,0.022553279773586076
lqph,633,0.022210357193897162
lqph,634,0.021889622174614012
lqph,635,0.021543237259707689
lqph,636,0.021134132050083913
lqph,637,0.020780094162133809
lqph,638,0.020412668590763933
lqph,639,0.020007981439075586
lqph,640,0.019606740099984379
lqph,641,0.019191316493063246
lqph,642,0.018780532435729264
lqph,643,0.018518518518518517
lqph,644,0.018518518518518517
lqph,645,0.018518518518518517
lqph,646,0.018518518518518517
lqph,647,0.018518518518518517
lqph,648,0.018518518518518517
lqph,649,0.018518518518518517
lqph,650,0.018518518518518517
lqph,651,0.018518518518518517
lqph,652,0.018518518518518517
lqph,653,0.018518518518518517
lqph,654,0.018518518518518517
lqph,655,0.018518518518518517
lqph,656,0.018518518518518517
lqph,657,0.018518518518518517
lqph,658,0.018518518518518517
lqph,659,0.018518518518518517
lqph,660,0.018518518518518521
lqph,661,0.018518518518518521
lqph,662,0.018518518518518521
lqph,663,0.018518518518518517
lqph,664,0.01881559023113262
lqph,665,0.019394191115944221
lqph,666,0.019968199927448308
lqph,667,0.02064132548864625
lqph,668,0.02139471355908475
lqph,669,0.022206233914386121
lqph,670,0.022959380420001851
lqph,671,0.02366010666169098
lqph,672,0.024317169145535597
lqph,673,0.02491547167346423
lqph,674,0.025427121882084135
lqph,675,0.025899007304634222
lqph,676,0.026263188352472815
lqph,677,0.026638640842197369
lqph,678,0.027002024887729778
lqph,679,0.027375462338048162
lqph,680,0.027764963295566349
lqph,681,0.028136160727150149
lqph,682,0.02849228642737163
lqph,683,0.028711753736146331
lqph,684,0.028770789655790847
lqph,685,0.028859768877718128
lqph,686,0.028811499336643422
lqph,687,0.028628425071789327
lqph,688,0.028393904921163768
lqph,689,0.028088458954928112
lqph,690,0.027787196726460565
lqph,691,0.027453629360785815
lqph,692,0.027094955817696834
lqph,693,0.026660896199513253
lqph,694,0.026228864710081203
lqph,695,0.025836558358259348
lqph,696,0.025480166863196534
lqph,697,0.025156286271753963
lqph,698,0.024861869580164238
lqph,699,0.024594184376675095
lqph,700,0.024350776323723421
lqph,701,0.02412943752848333
lqph,702,0.023784382949554921
lqph,703,0.023426409055149183
lqph,704,0.023090299914008412
lqph,705,0.022748156995317823
lqph,706,0.022264153654991913
lqph,707,0.021800317120512915
lqph,708,0.021355412689482038
lqph,709,0.018518518518518517
lqph,710,0.018518518518518517
lqph,711,0.018518518518518517
lqph,712,0.018518518518518517
lqph,713,0.018518518518518517
lqph,714,0.018518518518518517
lqph,715,0.018518518518518517
lqph,716,0.018643797739847048
lqph,717,0.019098524513989659
lqph,718,0.019575987626839396
lqph,719,0.020077936027527589
lqph,720,0.020606302765094103
lqph,721,0.021163229866853407
lqph,722,0.02165933598351729
lqph,723,0.022133587543826425
lqph,724,0.022550498300473773
lqph,725,0.022874322399450364
lqph,726,0.023219841263363006
lqph,727,0.023367578804155169
lqph,728,0.023262868443941615
lqph,729,0.022968599460661425
lqph,730,0.022474611807265937
lqph,731,0.021910065833078387
lqph,732,0.021275732898960453
lqph,733,0.020662465955902803
lqph,734,0.019965490473451638
lqph,735,0.019196383976586299
lqph,736,0.018518518518518517
lqph,737,0.018518518518518517
lqph,738,0.018518518518518517
lqph,739,0.018518518518518517
lqph,740,0.018518518518518517
lqph,741,0.018518518518518517
lqph,742,0.018518518518518517
lqph,743,0.018518518518518517
lqph,744,0.018518518518518517
lqph,745,0.018518518518518517
lqph,746,0.018518518518518517
lqph,747,0.018518518518518517
lqph,748,0.018518518518518517
lqph,749,0.018518518518518517
lqph,750,0.018518518518518517
lqph,751,0.018518518518518517
lqph,752,0.018518518518518517
lqph,753,0.018518518518518517
lqph,754,0.018518518518518517
lqph,755,0.018518518518518517
lqph,756,0.018518518518518517
lqph,757,0.018518518518518517
lqph,758,0.018518518518518517
lqph,759,0.018518518518518517
lqph,760,0.018518518518518517
lqph,761,0.018518518518518517
lqph,762,0.018518518518518517
lqph,763,0.018518518518518517
lqph,764,0.018518518518518517
lqph,765,0.018518518518518517
lqph,766,0.018518518518518517
lqph,767,0.018518518518518517
lqph,768,0.018518518518518517
lqph,769,0.018518518518518517
lqph,770,0.018518518518518517
lqph,771,0.018518518518518517
lqph,772,0.018518518518518517
lqph,773,0.018518518518518517
lqph,774,0.018518518518518517
lqph,775,0.018518518518518517
lqph,776,0.018518518518518517
lqph,777,0.018518518518518517
lqph,778,0.018518518518518517
lqph,779,0.018518518518518517
lqph,780,0.018518518518518517
lqph,781,0.018518518518518517
lqph,782,0.018518518518518517
lqph,783,0.018518518518518517
lqph,784,0.018518518518518517
lqph,785,0.018518518518518517
lqph,786,0.018518518518518517
lqph,787,0.01887623022160222
lqph,788,0.019289386187668036
lqph,789,0.019598605416154786
lqph,790,0.019800372145615718
lqph,791,0.019984380462921846
lqph,792,0.020189110476069947
lqph,793,0.020278953553193282
lqph,794,0.020366487360568116
lqph,795,0.020328213195918349
lqph,796,0.020012207952041384
lqph,797,0.019575987626839399
lqph,798,0.019098524513989659
lqph,799,0.018643797739847048
lqph,800,0.018518518518518517
lqph,801,0.018518518518518517
lqph,802,0.018518518518518517
lqph,803,0.018518518518518517
lqph,804,0.018518518518518517
lqph,805,0.018518518518518517
lqph,806,0.018518518518518517
lqph,807,0.019672266183502193
lqph,808,0.020082105062325155
lqph,809,0.020509383893438458
lqph,810,0.020955240065034943
lqph,811,0.021420912066480165
lqph,812,0.021907750977081992
lqph,813,0.022417233557944363
lqph,814,0.022950977214085889
lqph,815,0.023510757146136766
lqph,816,0.024098526074790187
lqph,817,0.024716436999784808
lqph,818,0.025295124649193961
lqph,819,0.025718430054085407
lqph,820,0.026076561987959299
lqph,821,0.026202419492338997
lqph,822,0.026360101030000749
lqph,823,0.026554294978770949
lqph,824,0.026790365294207457
lqph,825,0.027074449448411517
lqph,826,0.027199305526249683
lqph,827,0.027303290525710067
lqph,828,0.027357770101073781
lqph,829,0.027259992109664944
lqph,830,0.027105324048489376
lqph,831,0.02678988010235317
lqph,832,0.026350087397123082
lqph,833,0.025932760660183584
lqph,834,0.025511138508216014
lqph,835,0.025067460308776303
lqph,836,0.024699904246456888
lqph,837,0.024322076456504863
lqph,838,0.023924612090246548
lqph,839,0.023474212186384361
lqph,840,0.022930125984534106
lqph,841,0.022316133269209122
lqph,842,0.021665467017665679
lqph,843,0.021104624620905559
lqph,844,0.020638036636474229
lqph,845,0.020151813836722973
lqph,846,0.019650559674459139
lqph,847,0.019242015059150262
lqph,848,0.018884878407430045
lqph,849,0.018588746010239268
lqph,850,0.018518518518518521
lqph,851,0.018518518518518521
lqph,852,0.018518518518518521
lqph,853,0.018518518518518521
lqph,854,0.018518518518518521
lqph,855,0.018518518518518521
lqph,856,0.018518518518518517
lqph,857,0.018518518518518517
lqph,858,0.018518518518518517
lqph,859,0.018518518518518517
lqph,860,0.018518518518518517
lqph,861,0.018518518518518517
lqph,862,0.018518518518518517
lqph,863,0.018518518518518517
lqph,864,0.018518518518518517
lqph,865,0.018518518518518517
lqph,866,0.018518518518518517
lqph,867,0.018518518518518517
lqph,868,0.018518518518518517
lqph,869,0.018518518518518517
lqph,870,0.018518518518518517
lqph,871,0.018518518518518517
lqph,872,0.018518518518518517
lqph,873,0.018518518518518517
lqph,874,0.018518518518518517
lqph,875,0.018518518518518517
lqph,876,0.018518518518518517
lqph,877,0.018518518518518517
lqph,878,0.018518518518518517
lqph,879,0.018518518518518517
lqph,880,0.018518518518518517
lqph,881,0.018974265225339664
lqph,882,0.019672903526440858
lqph,883,0.02033256805608841
lqph,884,0.021000348928875937
lqph,885,0.021571151148141465
lqph,886,0.022049353013100771
lqph,887,0.02238901152618494
lqph,888,0.022566472518178927
lqph,889,0.022626758846635651
lqph,890,0.022641609922242761
lqph,891,0.022693958102981537
lqph,892,0.022691695590195789
lqph,893,0.022550829403628025
lqph,894,0.022344565767663069
lqph,895,0.022169465372929912
lqph,896,0.021915618550930365
lqph,897,0.021664808157444447
lqph,898,0.021429972576108781
lqph,899,0.021085803209361532
lqph,900,0.020764147540792147
lqph,901,0.020463388521210008
lqph,902,0.020182044076423579
lqph,903,0.019918753618548658
lqph,904,0.019672266183502193
lqph,905,0.021899282926527246
lqph,906,0.022276291631539703
lqph,907,0.022598551317347979
lqph,908,0.022940840397542638
lqph,909,0.023304614771308234
lqph,910,0.023691460657547236
lqph,911,0.024021616753538581
lqph,912,0.02418178424121328
lqph,913,0.024365653411357411
lqph,914,0.02451728611348207
lqph,915,0.024620924001576804
lqph,916,0.024752247313674227
lqph,917,0.024914959438059787
lqph,918,0.02511322793404001
lqph,919,0.025245324004935135
lqph,920,0.025403925873318488
lqph,921,0.025610058671303535
lqph,922,0.025870814449179966
lqph,923,0.026172610826661474
lqph,924,0.026374363102305613
lqph,925,0.026496368602033239
lqph,926,0.026562075760969809
lqph,927,0.026511939128544552
lqph,928,0.026311931281074903
lqph,929,0.025983532452998771
lqph,930,0.025556938622312012
lqph,931,0.025145389195522796
lqph,932,0.024687337876103332
lqph,933,0.024224758629504704
lqph,934,0.023785720369559213
lqph,935,0.023390315621560714
lqph,936,0.023067273520329588
lqph,937,0.022713567407747555
lqph,938,0.022374488563459416
lqph,939,0.021976171788687566
lqph,940,0.021503471927897814
lqph,941,0.020995298757407698
lqph,942,0.020456651338228601
lqph,943,0.019901489022300267
lqph,944,0.019361755432858032
lqph,945,0.018905374772752642
lqph,946,0.018633861948449699
lqph,947,0.018518518518518517
lqph,948,0.018518518518518521
lqph,949,0.018518518518518521
lqph,950,0.018518518518518521
lqph,951,0.018518518518518521
lqph,952,0.018518518518518521
lqph,953,0.018518518518518521
lqph,954,0.018518518518518517
lqph,955,0.018518518518518517
lqph,956,0.018518518518518517
lqph,957,0.018518518518518517
lqph,958,0.018518518518518517
lqph,959,0.018518518518518517
lqph,960,0.018518518518518517
lqph,961,0.018521466161909562
lqph,962,0.019392969899398531
lqph,963,0.020276477701550711
lqph,964,0.021162685105557213
lqph,965,0.021999891074056963
lqph,966,0.022770605454942552
lqph,967,0.023411394150717753
lqph,968,0.024038802092796831
lqph,969,0.024647060484497958
lqph,970,0.02522637214746978
lqph,971,0.025754112597855785
lqph,972,0.02614111300216735
lqph,973,0.026433300302602027
lqph,974,0.026674768262425753
lqph,975,0.026790510075320167
lqph,976,0.026761505831835872
lqph,977,0.026632836600888124
lqph,978,0.02645799476914076
lqph,979,0.0263813680195574
lqph,980,0.02628632029668421
lqph,981,0.026240178649338308
lqph,982,0.026252619296918644
lqph,983,0.026312370486666972
lqph,984,0.026410066668407291
lqph,985,0.026336900716538561
lqph,986,0.026235956612783058
lqph,987,0.025973592540945174
lqph,988,0.025668625946865056
lqph,989,0.025402347383670223
lqph,990,0.025170523902005852
lqph,991,0.024969396264199133
lqph,992,0.024795623397347408
lqph,993,0.024646233928566345
lqph,994,0.024475804225346502
lqph,995,0.024212113441176412
lqph,996,0.023851027011669385
lqph,997,0.02347335444977329
lqph,998,0.023118675815388682
lqph,999,0.022785360902795107
lqph,1000,0.022471917433071802
lqph,1001,0.022176977035748491
lqph,1002,0.021899282926527246
lqph,1003,0.023509885575141724
lqph,1004,0.023999674857957176
lqph,1005,0.024510306237913712
lqph,1006,0.025043138982216186
lqph,1007,0.025536574184700785
lqph,1008,0.025973601692748378
lqph,1009,0.026431076574597048
lqph,1010,0.026784568844714834
lqph,1011,0.027078672751282618
lqph,1012,0.027353813075433924
lqph,1013,0.02765950072086315
lqph,1014,0.027977651503789874
lqph,1015,0.028224486823496316
lqph,1016,0.028508276512338053
lqph,1017,0.028833467845059052
lqph,1018,0.029205055429145539
lqph,1019,0.029616289556020258
lqph,1020,0.029896702990944501
lqph,1021,0.030017921484196179
lqph,1022,0.030053069566825838
lqph,1023,0.030141884565518039
lqph,1024,0.030265733892705586
lqph,1025,0.030314232831586723
lqph,1026,0.030247145829319283
lqph,1027,0.029962780990525698
lqph,1028,0.029634113280468683
lqph,1029,0.029230991625956833
lqph,1030,0.028837429552953587
lqph,1031,0.028429966467641551
lqph,1032,0.027977528260743977
lqph,1033,0.027466281410393468
lqph,1034,0.026930919197317028
lqph,1035,0.026324621870355006
lqph,1036,0.025675031942187704
lqph,1037,0.025027487070366342
lqph,1038,0.024332298165172243
lqph,1039,0.02358301960165126
lqph,1040,0.022861541542871577
lqph,1041,0.022146199970486811
lqph,1042,0.021388407424941178
lqph,1043,0.020582932450584963
lqph,1044,0.019839039587614796
lqph,1045,0.019077713801718289
lqph,1046,0.018542544040906658
lqph,1047,0.018518518518518521
lqph,1048,0.018518518518518521
lqph,1049,0.018518518518518521
lqph,1050,0.018518518518518521
lqph,1051,0.018518518518518521
lqph,1052,0.018518518518518517
lqph,1053,0.018518518518518517
lqph,1054,0.018518518518518517
lqph,1055,0.018518518518518517
lqph,1056,0.018518518518518517
lqph,1057,0.018518518518518517
lqph,1058,0.018518518518518517
lqph,1059,0.018518518518518517
lqph,1060,0.018518518518518517
lqph,1061,0.018518518518518517
lqph,1062,0.018518518518518517
lqph,1063,0.018518518518518517
lqph,1064,0.018518518518518517
lqph,1065,0.018978833972727333
lqph,1066,0.019886526516247425
lqph,1067,0.020699713647182542
lqph,1068,0.021340820003596168
lqph,1069,0.021861608646670729
lqph,1070,0.022372896606081286
lqph,1071,0.02295750318213343
lqph,1072,0.023553473815683037
lqph,1073,0.024053553159594048
lqph,1074,0.024427233702485892
lqph,1075,0.024609227508924081
lqph,1076,0.024812281556026255
lqph,1077,0.024984553857988413
lqph,1078,0.025214605949560223
lqph,1079,0.025446639426371299
lqph,1080,0.025649689447231991
lqph,1081,0.025802388704984452
lqph,1082,0.025959372914091693
lqph,1083,0.026058079598268412
lqph,1084,0.026154343590106148
lqph,1085,0.026277618475136155
lqph,1086,0.026349590358832387
lqph,1087,0.026391931820318407
lqph,1088,0.026456429669193315
lqph,1089,0.02646352483551825
lqph,1090,0.026380851140977789
lqph,1091,0.026250180954704969
lqph,1092,0.026105774998028592
lqph,1093,0.025889012877831984
lqph,1094,0.025696240393601646
lqph,1095,0.025402991226536682
lqph,1096,0.024979013759500755
lqph,1097,0.024579295506211133
lqph,1098,0.024202188884254551
lqph,1099,0.023846182104079336
lqph,1100,0.023509885575141724
lqph,1101,1.6843590109319218
lqph,1102,1.6900918447419078
lqph,1103,1.804766362984016
lqph,1104,1.7596751078894766
lqph,1105,1.7033478266667665
lqph,1106,1.7472855488750345
lqph,1107,1.4537515798433345
lqph,1108,1.4976220111446787
lqph,1109,1.3635023197585681
lqph,1110,1.6986158495303256
lqph,1111,1.5856125985980702
lqph,1112,1.6705348877289397
lqph,1113,1.7295354309439044
lqph,1114,1.6612494257602588
lqph,1115,1.6613100601172406
lqph,1116,1.2781346111881868
lqph,1117,1.4776194443369728
lqph,1118,1.3813723541701137
lqph,1119,1.7039178272076478
lqph,1120,1.7647302894350629
lqph,1121,1.6627442583358678
lqph,1122,1.6048378722729737
lqph,1123,1.630692715470784
lqph,1124,1.3387532460058826
lqph,1125,1.4012388178934976
lqph,1126,1.3607299630448804
lqph,1127,1.6949159755963024
lqph,1128,1.7284895380626824
lqph,1129,1.6171426544311747
lqph,1130,1.6487931059024272
lqph,1131,1.3817344691393449
lqph,1132,1.432856195773285
lqph,1133,1.3505698566935147
lqph,1134,1.6187905334081443
lqph,1135,1.636227875599344
lqph,1136,1.6202516077544322
lqph,1137,1.3161122568074772
lqph,1138,1.3862724216629623
lqph,1139,1.3287398474629739
lqph,1140,1.6315499976114667
lqph,1141,1.5882242923592476
lqph,1142,1.2925522326765655
lqph,1143,1.3527191572885597
lqph,1144,1.1917471199465439
lqph,1145,1.4644655974432048
lqph,1146,1.3378796156718527
lqph,1147,1.2892872936325728
lqph,1148,1.1511814605581328
lqph,1149,1.3692794345155528
lqph,1150,1.0431484279388985
lqph,1151,0.99362122203316838
lqph,1152,1.1530442641746186
lqph,1153,0.91320804341279316
lqph,1154,1.038999622334901
lqph,1155,1.0325096572260648
lqpht,1,0.12237256998537624
lqpht,2,0.10768660338481319
lqpht,3,0.11121522879850229
lqpht,4,0.12538239368990056
lqpht,5,0.13199199466684902
lqpht,6,0.12946376364953571
lqpht,7,0.14017475392711384
lqpht,8,0.10919272055939709
lqpht,9,0.13311536660381701
lqpht,10,0.12522300126041455
lqpht,11,0.17783344102181337
lqpht,12,1.9850723094777558
lqpht,13,1.8393431115131538
lqpht,14,1.750765835318236
lqpht,15,1.926527308500755
lqpht,16,1.9233361719085229
lqpht,17,1.7154556550666396
lqpht,18,1.7439479484332858
lqpht,19,1.1850616313364877
lqpht,20,1.2063512546860904
lqpht,21,0.97121396288351658
lqpht,22,1.1511184080694492
lqpht,23,0.018518518518518517
lqpht,24,0.018518518518518517
lqpht,25,0.018518518518518517
lqpht,26,0.018518518518518517
lqpht,27,0.018518518518518517
lqpht,28,0.018518518518518517
lqpht,29,0.01864909427705733
lqpht,30,0.019093120331272983
lqpht,31,0.019558806193011348
lqpht,32,0.020015609284566884
lqpht,33,0.020281936772856706
lqpht,34,0.02044219716844109
lqpht,35,0.020533424538239784
lqpht,36,0.020557456278695589
lqpht,37,0.020605171142144163
lqpht,38,0.020680509617724743
lqpht,39,0.02078800062205044
lqpht,40,0.02093284152859845
lqpht,41,0.020977273947998289
lqpht,42,0.020949370026880465
lqpht,43,0.020772784872689777
lqpht,44,0.020456935523805096
lqpht,45,0.020031380033158974
lqpht,46,0.019647335874386249
lqpht,47,0.019229135528353793
lqpht,48,0.018688502729033846
lqpht,49,0.018518518518518517
lqpht,50,0.018518518518518517
lqpht,51,0.018518518518518517
lqpht,52,0.018518518518518517
lqpht,53,0.018518518518518517
lqpht,54,0.018518518518518517
lqpht,55,0.018518518518518517
lqpht,56,0.018518518518518517
lqpht,57,0.018518518518518517
lqpht,58,0.018518518518518517
lqpht,59,0.018518518518518517
lqpht,60,0.018518518518518517
lqpht,61,0.018518518518518517
lqpht,62,0.018518518518518517
lqpht,63,0.018518518518518517
lqpht,64,0.018518518518518517
lqpht,65,0.018518518518518517
lqpht,66,0.018518518518518517
lqpht,67,0.018518518518518517
lqpht,68,0.018518518518518517
lqpht,69,0.018518518518518517
lqpht,70,0.018518518518518517
lqpht,71,0.018518518518518517
lqpht,72,0.018518518518518517
lqpht,73,0.018518518518518517
lqpht,74,0.018518518518518517
lqpht,75,0.018518518518518517
lqpht,76,0.018518518518518517
lqpht,77,0.018518518518518517
lqpht,78,0.018518518518518517
lqpht,79,0.018518518518518517
lqpht,80,0.018518518518518517
lqpht,81,0.018518518518518517
lqpht,82,0.018518518518518517
lqpht,83,0.018518518518518517
lqpht,84,0.018518518518518517
lqpht,85,0.018518518518518517
lqpht,86,0.018518518518518517
lqpht,87,0.018518518518518517
lqpht,88,0.018518518518518517
lqpht,89,0.018518518518518517
lqpht,90,0.018518518518518517
lqpht,91,0.018518518518518517
lqpht,92,0.018518518518518517
lqpht,93,0.018518518518518517
lqpht,94,0.018518518518518517
lqpht,95,0.018518518518518517
lqpht,96,0.019143446868121961
lqpht,97,0.019757065452688318
lqpht,98,0.020394831221429946
lqpht,99,0.0209712165290761
lqpht,100,0.021327676148380621
lqpht,101,0.021396781994596641
lqpht,102,0.021324565236937924
lqpht,103,0.021306163682145149
lqpht,104,0.021216281174951602
lqpht,105,0.021074286687568319
lqpht,106,0.020977208478200098
lqpht,107,0.020803582665415515
lqpht,108,0.020536764319752307
lqpht,109,0.020282746265104963
lqpht,110,0.020059495152838329
lqpht,111,0.019724726472244398
lqpht,112,0.019402880949438886
lqpht,113,0.019093120331272986
lqpht,114,0.01864909427705733
lqpht,115,0.018518518518518517
lqpht,116,0.018518518518518517
lqpht,117,0.018518518518518517
lqpht,118,0.018518518518518517
lqpht,119,0.018518518518518517
lqpht,120,0.018518518518518517
lqpht,121,0.018518518518518517
lqpht,122,0.018518518518518517
lqpht,123,0.018518518518518517
lqpht,124,0.018518518518518517
lqpht,125,0.018518518518518517
lqpht,126,0.018518518518518517
lqpht,127,0.018518518518518517
lqpht,128,0.018518518518518517
lqpht,129,0.018518518518518517
lqpht,130,0.018518518518518517
lqpht,131,0.018518518518518517
lqpht,132,0.018518518518518517
lqpht,133,0.018518518518518517
lqpht,134,0.018605096057889216
lqpht,135,0.019136670230971764
lqpht,136,0.01969951347305917
lqpht,137,0.020296468426788235
lqpht,138,0.02088502112869459
lqpht,139,0.021338290667123411
lqpht,140,0.021836856599388398
lqpht,141,0.022319043321005375
lqpht,142,0.022723710067923925
lqpht,143,0.023190241855649486
lqpht,144,0.023571510759367191
lqpht,145,0.023893262471372453
lqpht,146,0.024028155060367849
lqpht,147,0.023888865667257453
lqpht,148,0.023608580221180678
lqpht,149,0.023141344265131838
lqpht,150,0.022583144330244102
lqpht,151,0.021946145162872643
lqpht,152,0.0212699475535441
lqpht,153,0.020261911745578058
lqpht,154,0.018992397053267277
lqpht,155,0.018518518518518517
lqpht,156,0.018518518518518517
lqpht,157,0.018518518518518517
lqpht,158,0.018518518518518517
lqpht,159,0.018518518518518517
lqpht,160,0.018518518518518517
lqpht,161,0.018518518518518517
lqpht,162,0.018518518518518517
lqpht,163,0.018518518518518517
lqpht,164,0.018518518518518517
lqpht,165,0.018518518518518517
lqpht,166,0.018518518518518517
lqpht,167,0.018518518518518517
lqpht,168,0.018518518518518517
lqpht,169,0.018518518518518517
lqpht,170,0.018518518518518517
lqpht,171,0.018518518518518517
lqpht,172,0.018518518518518517
lqpht,173,0.018518518518518517
lqpht,174,0.018518518518518517
lqpht,175,0.018518518518518517
lqpht,176,0.018518518518518517
lqpht,177,0.018518518518518517
lqpht,178,0.018518518518518517
lqpht,179,0.018518518518518517
lqpht,180,0.018518518518518517
lqpht,181,0.018518518518518517
lqpht,182,0.018518518518518517
lqpht,183,0.018518518518518517
lqpht,184,0.018518518518518517
lqpht,185,0.018518518518518517
lqpht,186,0.018518518518518517
lqpht,187,0.018518518518518517
lqpht,188,0.018518518518518517
lqpht,189,0.018518518518518517
lqpht,190,0.018518518518518517
lqpht,191,0.018518518518518517
lqpht,192,0.018518518518518517
lqpht,193,0.018518518518518517
lqpht,194,0.018518518518518517
lqpht,195,0.018518518518518517
lqpht,196,0.018518518518518517
lqpht,197,0.018518518518518517
lqpht,198,0.018518518518518517
lqpht,199,0.018518518518518517
lqpht,200,0.018518518518518517
lqpht,201,0.018518518518518517
lqpht,202,0.018518518518518517
lqpht,203,0.018518518518518517
lqpht,204,0.018518518518518517
lqpht,205,0.018518518518518517
lqpht,206,0.018518518518518517
lqpht,207,0.018518518518518517
lqpht,208,0.018518518518518517
lqpht,209,0.018518518518518517
lqpht,210,0.018518518518518517
lqpht,211,0.018518518518518517
lqpht,212,0.018518518518518517
lqpht,213,0.018518518518518517
lqpht,214,0.018518518518518517
lqpht,215,0.018518518518518517
lqpht,216,0.018518518518518517
lqpht,217,0.018518518518518517
lqpht,218,0.018518518518518517
lqpht,219,0.018518518518518517
lqpht,220,0.018518518518518517
lqpht,221,0.018638110534036034
lqpht,222,0.019043286849993339
lqpht,223,0.019466471002215411
lqpht,224,0.019908890797720308
lqpht,225,0.020371888258132406
lqpht,226,0.020856933216659369
lqpht,227,0.021365638904870574
lqpht,228,0.02189977987749234
lqpht,229,0.022461312694863941
lqpht,230,0.023052399871044568
lqpht,231,0.023566898025616942
lqpht,232,0.023834487478866028
lqpht,233,0.024133113618501387
lqpht,234,0.024466297280784383
lqpht,235,0.02483800053122398
lqpht,236,0.025216375643311469
lqpht,237,0.025472727484449086
lqpht,238,0.025623837780455811
lqpht,239,0.025821083144028624
lqpht,240,0.02591290904932084
lqpht,241,0.026023621159608549
lqpht,242,0.02585002132982267
lqpht,243,0.025587128173527554
lqpht,244,0.025367676914820773
lqpht,245,0.025040060661279156
lqpht,246,0.024605417546250903
lqpht,247,0.024227381408095224
lqpht,248,0.023815124699759656
lqpht,249,0.023312239372287744
lqpht,250,0.022804083000981069
lqpht,251,0.022324004776938591
lqpht,252,0.021811124283951943
lqpht,253,0.021082448187798586
lqpht,254,0.020202739123273937
lqpht,255,0.019411847305439319
lqpht,256,0.018764616341453887
lqpht,257,0.018518518518518517
lqpht,258,0.018518518518518517
lqpht,259,0.018518518518518517
lqpht,260,0.018518518518518517
lqpht,261,0.018518518518518517
lqpht,262,0.018518518518518517
lqpht,263,0.018518518518518517
lqpht,264,0.018518518518518517
lqpht,265,0.018518518518518517
lqpht,266,0.018518518518518517
lqpht,267,0.018518518518518517
lqpht,268,0.018518518518518517
lqpht,269,0.018518518518518517
lqpht,270,0.018518518518518517
lqpht,271,0.018518518518518517
lqpht,272,0.018518518518518517
lqpht,273,0.018518518518518517
lqpht,274,0.018518518518518517
lqpht,275,0.018518518518518517
lqpht,276,0.018518518518518517
lqpht,277,0.018518518518518517
lqpht,278,0.018518518518518517
lqpht,279,0.018518518518518517
lqpht,280,0.018518518518518517
lqpht,281,0.018518518518518517
lqpht,282,0.018518518518518517
lqpht,283,0.018518518518518517
lqpht,284,0.018518518518518517
lqpht,285,0.018518518518518517
lqpht,286,0.018518518518518517
lqpht,287,0.018518518518518517
lqpht,288,0.018518518518518517
lqpht,289,0.018518518518518517
lqpht,290,0.018518518518518517
lqpht,291,0.018518518518518517
lqpht,292,0.018518518518518517
lqpht,293,0.018518518518518517
lqpht,294,0.018518518518518517
lqpht,295,0.018518518518518517
lqpht,296,0.018518518518518517
lqpht,297,0.018795809038457352
lqpht,298,0.019368549389840024
lqpht,299,0.019895724586263631
lqpht,300,0.020313072206949456
lqpht,301,0.020489594253853428
lqpht,302,0.020561994804668679
lqpht,303,0.020679553027061998
lqpht,304,0.020783579454766794
lqpht,305,0.020788295988230447
lqpht,306,0.02051179669305302
lqpht,307,0.020233432837280945
lqpht,308,0.019985667701901171
lqpht,309,0.019765710748635815
lqpht,310,0.019571022761174606
lqpht,311,0.019399292317002461
lqpht,312,0.019137044757520247
lqpht,313,0.018866072366836933
lqpht,314,0.018613889662264942
lqpht,315,0.018518518518518517
lqpht,316,0.018518518518518517
lqpht,317,0.019088802179634913
lqpht,318,0.019486485558377308
lqpht,319,0.019901091634087462
lqpht,320,0.020333724060915451
lqpht,321,0.020785584595602462
lqpht,322,0.021118869115573837
lqpht,323,0.021442756020470872
lqpht,324,0.021789643853581845
lqpht,325,0.022161391776107122
lqpht,326,0.022560041430145932
lqpht,327,0.022987839538388854
lqpht,328,0.023447264047489591
lqpht,329,0.023736066446372897
lqpht,330,0.023715190031692313
lqpht,331,0.023712108688827453
lqpht,332,0.023741054309724296
lqpht,333,0.023807818526692597
lqpht,334,0.023919086610810984
lqpht,335,0.024078694256440113
lqpht,336,0.024006403296763092
lqpht,337,0.023750250207060633
lqpht,338,0.023481322234684972
lqpht,339,0.023235624084788284
lqpht,340,0.022911011363095982
lqpht,341,0.022432389116822007
lqpht,342,0.021930564606841618
lqpht,343,0.021414820622804406
lqpht,344,0.020973928985591923
lqpht,345,0.020481461647418743
lqpht,346,0.019945136498448011
lqpht,347,0.019394741128702053
lqpht,348,0.018768047970907475
lqpht,349,0.018518518518518517
lqpht,350,0.018518518518518517
lqpht,351,0.018518518518518517
lqpht,352,0.018518518518518517
lqpht,353,0.018518518518518517
lqpht,354,0.018518518518518517
lqpht,355,0.018518518518518517
lqpht,356,0.018518518518518517
lqpht,357,0.018518518518518517
lqpht,358,0.018518518518518517
lqpht,359,0.018518518518518517
lqpht,360,0.018518518518518517
lqpht,361,0.018518518518518517
lqpht,362,0.018518518518518517
lqpht,363,0.018518518518518517
lqpht,364,0.018518518518518517
lqpht,365,0.018518518518518517
lqpht,366,0.018518518518518517
lqpht,367,0.018518518518518517
lqpht,368,0.018518518518518517
lqpht,369,0.018518518518518517
lqpht,370,0.018518518518518517
lqpht,371,0.018518518518518517
lqpht,372,0.018518518518518517
lqpht,373,0.018518518518518517
lqpht,374,0.018518518518518517
lqpht,375,0.018518518518518517
lqpht,376,0.018518518518518517
lqpht,377,0.018518518518518517
lqpht,378,0.018518518518518517
lqpht,379,0.018518518518518517
lqpht,380,0.018518518518518517
lqpht,381,0.018518518518518517
lqpht,382,0.018518518518518517
lqpht,383,0.018518518518518517
lqpht,384,0.018781382903423346
lqpht,385,0.019429836962554403
lqpht,386,0.020117320791668225
lqpht,387,0.020823393196295906
lqpht,388,0.021440197551231763
lqpht,389,0.021912671668667658
lqpht,390,0.022375376844909547
lqpht,391,0.022820597167946946
lqpht,392,0.023304847432093177
lqpht,393,0.023630796997437035
lqpht,394,0.023843085865045997
lqpht,395,0.023959631688671656
lqpht,396,0.023923469188488256
lqpht,397,0.023893915835980425
lqpht,398,0.023695128262732061
lqpht,399,0.02354160677389314
lqpht,400,0.023427266960204154
lqpht,401,0.023221745932610224
lqpht,402,0.022888937628491167
lqpht,403,0.022590221399926821
lqpht,404,0.02232233264562233
lqpht,405,0.022082335713483385
lqpht,406,0.021867587640355568
lqpht,407,0.021675706544559154
lqpht,408,0.021343683425605362
lqpht,409,0.021029183961321203
lqpht,410,0.020735488909996543
lqpht,411,0.020333724060915454
lqpht,412,0.019901091634087462
lqpht,413,0.019486485558377304
lqpht,414,0.019088802179634913
lqpht,415,0.019190296737883812
lqpht,416,0.019590094586589727
lqpht,417,0.020006905109708654
lqpht,418,0.02044183782948493
lqpht,419,0.020802911501882817
lqpht,420,0.021098507960846977
lqpht,421,0.021414979881417155
lqpht,422,0.021753997817411191
lqpht,423,0.02211739329310515
lqpht,424,0.022507178184819263
lqpht,425,0.022925567048407213
lqpht,426,0.023336053754967293
lqpht,427,0.023667561047981147
lqpht,428,0.024034729393053123
lqpht,429,0.024305784127014222
lqpht,430,0.024534233817202176
lqpht,431,0.024639484624425379
lqpht,432,0.024566347977189484
lqpht,433,0.024463462519344819
lqpht,434,0.024402768673230563
lqpht,435,0.024394287610291533
lqpht,436,0.024398190984336241
lqpht,437,0.024410293928731674
lqpht,438,0.024213899716184598
lqpht,439,0.024045037405202925
lqpht,440,0.023773742166888389
lqpht,441,0.023572767156047773
lqpht,442,0.023216683530175076
lqpht,443,0.022682517152240591
lqpht,444,0.022165143675627216
lqpht,445,0.021594009643970943
lqpht,446,0.020969527944589967
lqpht,447,0.020370984754437028
lqpht,448,0.019824008245086993
lqpht,449,0.019207525133901185
lqpht,450,0.018568230558140299
lqpht,451,0.018518518518518517
lqpht,452,0.018518518518518517
lqpht,453,0.018518518518518517
lqpht,454,0.018518518518518517
lqpht,455,0.018518518518518517
lqpht,456,0.018518518518518517
lqpht,457,0.018518518518518517
lqpht,458,0.018518518518518517
lqpht,459,0.018518518518518517
lqpht,460,0.018518518518518517
lqpht,461,0.018518518518518517
lqpht,462,0.018518518518518517
lqpht,463,0.018518518518518517
lqpht,464,0.018518518518518517
lqpht,465,0.018518518518518517
lqpht,466,0.018518518518518517
lqpht,467,0.018518518518518517
lqpht,468,0.018518518518518517
lqpht,469,0.018518518518518517
lqpht,470,0.018518518518518517
lqpht,471,0.018518518518518517
lqpht,472,0.018518518518518517
lqpht,473,0.018518518518518517
lqpht,474,0.018518518518518517
lqpht,475,0.018518518518518517
lqpht,476,0.018518518518518517
lqpht,477,0.018518518518518517
lqpht,478,0.018518518518518517
lqpht,479,0.018518518518518517
lqpht,480,0.018518518518518517
lqpht,481,0.018518518518518517
lqpht,482,0.018518518518518517
lqpht,483,0.018742472554327701
lqpht,484,0.019544462514243525
lqpht,485,0.020305732473229563
lqpht,486,0.020861745606179014
lqpht,487,0.021434617698258145
lqpht,488,0.021890301275314807
lqpht,489,0.022372527670145664
lqpht,490,0.022639929778315037
lqpht,491,0.022693382108332719
lqpht,492,0.02279699518135609
lqpht,493,0.022833574982080287
lqpht,494,0.022825361187031368
lqpht,495,0.022866916191146617
lqpht,496,0.022933402338034738
lqpht,497,0.022838554957422139
lqpht,498,0.02273331687470579
lqpht,499,0.022595738784110066
lqpht,500,0.022417765810640072
lqpht,501,0.022243063868590988
lqpht,502,0.021975559200158257
lqpht,503,0.021736386978858567
lqpht,504,0.021522858520482462
lqpht,505,0.021332549067831122
lqpht,506,0.021163270123297929
lqpht,507,0.021013045058132028
lqpht,508,0.020880087518994884
lqpht,509,0.02044183782948493
lqpht,510,0.020006905109708657
lqpht,511,0.019590094586589724
lqpht,512,0.019190296737883812
lqpht,513,0.022677013868462305
lqpht,514,0.023149451657388603
lqpht,515,0.023641993182013894
lqpht,516,0.024155949555535936
lqpht,517,0.024579147026444932
lqpht,518,0.024969426338316638
lqpht,519,0.025383996639489249
lqpht,520,0.025824717163293414
lqpht,521,0.02629362692094258
lqpht,522,0.026757609358953497
lqpht,523,0.027132418761670916
lqpht,524,0.027539835600211674
lqpht,525,0.027982950297171086
lqpht,526,0.02846519624780872
lqpht,527,0.028916150498576532
lqpht,528,0.029197761815243802
lqpht,529,0.029278274903871589
lqpht,530,0.029354686213433102
lqpht,531,0.029469305336247659
lqpht,532,0.029628947723082184
lqpht,533,0.029801140636757078
lqpht,534,0.029872311209819296
lqpht,535,0.029874186456126443
lqpht,536,0.029701301970797577
lqpht,537,0.029451445968829378
lqpht,538,0.029241935186977458
lqpht,539,0.028889502495846309
lqpht,540,0.028496545342354705
lqpht,541,0.028093457707146177
lqpht,542,0.027652602189082699
lqpht,543,0.027234715406600711
lqpht,544,0.026769828824207555
lqpht,545,0.026131737102670138
lqpht,546,0.025378513893500043
lqpht,547,0.024551911215865533
lqpht,548,0.023663350704493082
lqpht,549,0.022749664616186341
lqpht,550,0.0217651533525475
lqpht,551,0.020861522093026868
lqpht,552,0.020189275454750501
lqpht,553,0.019560139455777951
lqpht,554,0.018825542872345558
lqpht,555,0.018518518518518517
lqpht,556,0.018518518518518517
lqpht,557,0.018518518518518517
lqpht,558,0.018518518518518517
lqpht,559,0.018518518518518517
lqpht,560,0.018518518518518517
lqpht,561,0.018518518518518517
lqpht,562,0.018518518518518517
lqpht,563,0.018518518518518517
lqpht,564,0.018518518518518517
lqpht,565,0.018518518518518517
lqpht,566,0.018518518518518517
lqpht,567,0.018518518518518517
lqpht,568,0.018518518518518517
lqpht,569,0.018518518518518517
lqpht,570,0.018518518518518517
lqpht,571,0.018518518518518517
lqpht,572,0.018518518518518517
lqpht,573,0.018518518518518517
lqpht,574,0.018518518518518517
lqpht,575,0.018518518518518517
lqpht,576,0.018518518518518517
lqpht,577,0.018518518518518517
lqpht,578,0.018518518518518517
lqpht,579,0.018518518518518517
lqpht,580,0.018925924185091297
lqpht,581,0.019689706096112963
lqpht,582,0.020365420873914849
lqpht,583,0.020991059326001853
lqpht,584,0.021521971683157698
lqpht,585,0.022033950584076988
lqpht,586,0.022588589659489115
lqpht,587,0.023042625834651706
lqpht,588,0.02349199518696558
lqpht,589,0.023934771838208857
lqpht,590,0.02434985455790812
lqpht,591,0.024760641128783741
lqpht,592,0.025108335692636399
lqpht,593,0.025313621124903086
lqpht,594,0.025451763547247985
lqpht,595,0.025561009269472485
lqpht,596,0.025662380658970051
lqpht,597,0.02575530056383531
lqpht,598,0.025808622100781296
lqpht,599,0.02588798311901111
lqpht,600,0.025981474661015712
lqpht,601,0.025829248080789222
lqpht,602,0.025523663032267128
lqpht,603,0.025150024501097545
lqpht,604,0.024806038972894014
lqpht,605,0.024489338704746896
lqpht,606,0.024197763519015193
lqpht,607,0.023929339912668976
lqpht,608,0.023597424924530517
lqpht,609,0.023149451657388607
lqpht,610,0.022677013868462305
lqpht,611,0.021355412689482038
lqpht,612,0.021658445569775288
lqpht,613,0.021980482077119123
lqpht,614,0.022322880518024429
lqpht,615,0.0226726956923868
lqpht,616,0.02293087570450798
lqpht,617,0.023213450707944304
lqpht,618,0.02343374662240931
lqpht,619,0.023610085783042641
lqpht,620,0.023735091859220705
lqpht,621,0.02389038402701376
lqpht,622,0.024043961022196445
lqpht,623,0.024161341263973887
lqpht,624,0.024265863976183067
lqpht,625,0.02432169972066112
lqpht,626,0.024280039983595351
lqpht,627,0.024162258649351329
lqpht,628,0.02391720255617942
lqpht,629,0.023616028097079592
lqpht,630,0.02326701475477545
lqpht,631,0.022907898249501124
lqpht,632,0.022553279773586076
lqpht,633,0.022210357193897162
lqpht,634,0.021889622174614012
lqpht,635,0.021543237259707689
lqpht,636,0.021134132050083913
lqpht,637,0.020780094162133809
lqpht,638,0.020412668590763933
lqpht,639,0.020007981439075586
lqpht,640,0.019606740099984379
lqpht,641,0.019191316493063246
lqpht,642,0.018780532435729264
lqpht,643,0.018518518518518517
lqpht,644,0.018518518518518517
lqpht,645,0.018518518518518517
lqpht,646,0.018518518518518517
lqpht,647,0.018518518518518517
lqpht,648,0.018518518518518517
lqpht,649,0.018518518518518517
lqpht,650,0.018518518518518517
lqpht,651,0.018518518518518517
lqpht,652,0.018518518518518517
lqpht,653,0.018518518518518517
lqpht,654,0.018518518518518517
lqpht,655,0.018518518518518517
lqpht,656,0.018518518518518517
lqpht,657,0.018518518518518517
lqpht,658,0.018518518518518517
lqpht,659,0.018518518518518517
lqpht,660,0.018518518518518521
lqpht,661,0.018518518518518521
lqpht,662,0.018518518518518521
lqpht,663,0.018518518518518517
lqpht,664,0.01881559023113262
lqpht,665,0.019394191115944221
lqpht,666,0.019968199927448308
lqpht,667,0.02064132548864625
lqpht,668,0.02139471355908475
lqpht,669,0.022206233914386121
lqpht,670,0.022959380420001851
lqpht,671,0.02366010666169098
lqpht,672,0.024317169145535597
lqpht,673,0.02491547167346423
lqpht,674,0.025427121882084135
lqpht,675,0.025899007304634222
lqpht,676,0.026263188352472815
lqpht,677,0.026638640842197369
lqpht,678,0.027002024887729778
lqpht,679,0.027375462338048162
lqpht,680,0.027764963295566349
lqpht,681,0.028136160727150149
lqpht,682,0.02849228642737163
lqpht,683,0.028711753736146331
lqpht,684,0.028770789655790847
lqpht,685,0.028859768877718128
lqpht,686,0.028811499336643422
lqpht,687,0.028628425071789327
lqpht,688,0.028393904921163768
lqpht,689,0.028088458954928112
lqpht,690,0.027787196726460565
lqpht,691,0.027453629360785815
lqpht,692,0.027094955817696834
lqpht,693,0.026660896199513253
lqpht,694,0.026228864710081203
lqpht,695,0.025836558358259348
lqpht,696,0.025480166863196534
lqpht,697,0.025156286271753963
lqpht,698,0.024861869580164238
lqpht,699,0.024594184376675095
lqpht,700,0.024350776323723421
lqpht,701,0.02412943752848333
lqpht,702,0.023784382949554921
lqpht,703,0.023426409055149183
lqpht,704,0.023090299914008412
lqpht,705,0.022748156995317823
lqpht,706,0.022264153654991913
lqpht,707,0.021800317120512915
lqpht,708,0.021355412689482038
lqpht,709,0.018518518518518517
lqpht,710,0.018518518518518517
lqpht,711,0.018518518518518517
lqpht,712,0.018518518518518517
lqpht,713,0.018518518518518517
lqpht,714,0.018518518518518517
lqpht,715,0.018518518518518517
lqpht,716,0.018643797739847048
lqpht,717,0.019098524513989659
lqpht,718,0.019575987626839396
lqpht,719,0.020077936027527589
lqpht,720,0.020606302765094103
lqpht,721,0.021163229866853407
lqpht,722,0.02165933598351729
lqpht,723,0.022133587543826425
lqpht,724,0.022550498300473773
lqpht,725,0.022874322399450364
lqpht,726,0.023219841263363006
lqpht,727,0.023367578804155169
lqpht,728,0.023262868443941615
lqpht,729,0.022968599460661425
lqpht,730,0.022474611807265937
lqpht,731,0.021910065833078387
lqpht,732,0.021275732898960453
lqpht,733,0.020662465955902803
lqpht,734,0.019965490473451638
lqpht,735,0.019196383976586299
lqpht,736,0.018518518518518517
lqpht,737,0.018518518518518517
lqpht,738,0.018518518518518517
lqpht,739,0.018518518518518517
lqpht,740,0.018518518518518517
lqpht,741,0.018518518518518517
lqpht,742,0.018518518518518517
lqpht,743,0.018518518518518517
lqpht,744,0.018518518518518517
lqpht,745,0.018518518518518517
lqpht,746,0.018518518518518517
lqpht,747,0.018518518518518517
lqpht,748,0.018518518518518517
lqpht,749,0.018518518518518517
lqpht,750,0.018518518518518517
lqpht,751,0.018518518518518517
lqpht,752,0.018518518518518517
lqpht,753,0.018518518518518517
lqpht,754,0.018518518518518517
lqpht,755,0.018518518518518517
lqpht,756,0.018518518518518517
lqpht,757,0.018518518518518517
lqpht,758,0.018518518518518517
lqpht,759,0.018518518518518517
lqpht,760,0.018518518518518517
lqpht,761,0.018518518518518517
lqpht,762,0.018518518518518517
lqpht,763,0.018518518518518517
lqpht,764,0.018518518518518517
lqpht,765,0.018518518518518517
lqpht,766,0.018518518518518517
lqpht,767,0.018518518518518517
lqpht,768,0.018518518518518517
lqpht,769,0.018518518518518517
lqpht,770,0.018518518518518517
lqpht,771,0.018518518518518517
lqpht,772,0.018518518518518517
lqpht,773,0.018518518518518517
lqpht,774,0.018518518518518517
lqpht,775,0.018518518518518517
lqpht,776,0.018518518518518517
lqpht,777,0.018518518518518517
lqpht,778,0.018518518518518517
lqpht,779,0.018518518518518517
lqpht,780,0.018518518518518517
lqpht,781,0.018518518518518517
lqpht,782,0.018518518518518517
lqpht,783,0.018518518518518517
lqpht,784,0.018518518518518517
lqpht,785,0.018518518518518517
lqpht,786,0.018518518518518517
lqpht,787,0.01887623022160222
lqpht,788,0.019289386187668036
lqpht,789,0.019598605416154786
lqpht,790,0.019800372145615718
lqpht,791,0.019984380462921846
lqpht,792,0.020189110476069947
lqpht,793,0.020278953553193282
lqpht,794,0.020366487360568116
lqpht,795,0.020328213195918349
lqpht,796,0.020012207952041384
lqpht,797,0.019575987626839399
lqpht,798,0.019098524513989659
lqpht,799,0.018643797739847048
lqpht,800,0.018518518518518517
lqpht,801,0.018518518518518517
lqpht,802,0.018518518518518517
lqpht,803,0.018518518518518517
lqpht,804,0.018518518518518517
lqpht,805,0.018518518518518517
lqpht,806,0.018518518518518517
lqpht,807,0.019672266183502193
lqpht,808,0.020082105062325155
lqpht,809,0.020509383893438458
lqpht,810,0.020955240065034943
lqpht,811,0.021420912066480165
lqpht,812,0.021907750977081992
lqpht,813,0.022417233557944363
lqpht,814,0.022950977214085889
lqpht,815,0.023510757146136766
lqpht,816,0.024098526074790187
lqpht,817,0.024716436999784808
lqpht,818,0.025295124649193961
lqpht,819,0.025718430054085407
lqpht,820,0.026076561987959299
lqpht,821,0.026202419492338997
lqpht,822,0.026360101030000749
lqpht,823,0.026554294978770949
lqpht,824,0.026790365294207457
lqpht,825,0.027074449448411517
lqpht,826,0.027199305526249683
lqpht,827,0.027303290525710067
lqpht,828,0.027357770101073781
lqpht,829,0.027259992109664944
lqpht,830,0.027105324048489376
lqpht,831,0.02678988010235317
lqpht,832,0.026350087397123082
lqpht,833,0.025932760660183584
lqpht,834,0.025511138508216014
lqpht,835,0.025067460308776303
lqpht,836,0.024699904246456888
lqpht,837,0.024322076456504863
lqpht,838,0.023924612090246548
lqpht,839,0.023474212186384361
lqpht,840,0.022930125984534106
lqpht,841,0.022316133269209122
lqpht,842,0.021665467017665679
lqpht,843,0.021104624620905559
lqpht,844,0.020638036636474229
lqpht,845,0.020151813836722973
lqpht,846,0.019650559674459139
lqpht,847,0.019242015059150262
lqpht,848,0.018884878407430045
lqpht,849,0.018588746010239268
lqpht,850,0.018518518518518521
lqpht,851,0.018518518518518521
lqpht,852,0.018518518518518521
lqpht,853,0.018518518518518521
lqpht,854,0.018518518518518521
lqpht,855,0.018518518518518521
lqpht,856,0.018518518518518517
lqpht,857,0.018518518518518517
lqpht,858,0.018518518518518517
lqpht,859,0.018518518518518517
lqpht,860,0.018518518518518517
lqpht,861,0.018518518518518517
lqpht,862,0.018518518518518517
lqpht,863,0.018518518518518517
lqpht,864,0.018518518518518517
lqpht,865,0.018518518518518517
lqpht,866,0.018518518518518517
lqpht,867,0.018518518518518517
lqpht,868,0.018518518518518517
lqpht,869,0.018518518518518517
lqpht,870,0.018518518518518517
lqpht,871,0.018518518518518517
lqpht,872,0.018518518518518517
lqpht,873,0.018518518518518517
lqpht,874,0.018518518518518517
lqpht,875,0.018518518518518517
lqpht,876,0.018518518518518517
lqpht,877,0.018518518518518517
lqpht,878,0.018518518518518517
lqpht,879,0.018518518518518517
lqpht,880,0.018518518518518517
lqpht,881,0.018974265225339664
lqpht,882,0.019672903526440858
lqpht,883,0.02033256805608841
lqpht,884,0.021000348928875937
lqpht,885,0.021571151148141465
lqpht,886,0.022049353013100771
lqpht,887,0.02238901152618494
lqpht,888,0.022566472518178927
lqpht,889,0.022626758846635651
lqpht,890,0.022641609922242761
lqpht,891,0.022693958102981537
lqpht,892,0.022691695590195789
lqpht,893,0.022550829403628025
lqpht,894,0.022344565767663069
lqpht,895,0.022169465372929912
lqpht,896,0.021915618550930365
lqpht,897,0.021664808157444447
lqpht,898,0.021429972576108781
lqpht,899,0.021085803209361532
lqpht,900,0.020764147540792147
lqpht,901,0.020463388521210008
lqpht,902,0.020182044076423579
lqpht,903,0.019918753618548658
lqpht,904,0.019672266183502193
lqpht,905,0.021899282926527246
lqpht,906,0.022276291631539703
lqpht,907,0.022598551317347979
lqpht,908,0.022940840397542638
lqpht,909,0.023304614771308234
lqpht,910,0.023691460657547236
lqpht,911,0.024021616753538581
lqpht,912,0.02418178424121328
lqpht,913,0.024365653411357411
lqpht,914,0.02451728611348207
lqpht,915,0.024620924001576804
lqpht,916,0.024752247313674227
lqpht,917,0.024914959438059787
lqpht,918,0.02511322793404001
lqpht,919,0.025245324004935135
lqpht,920,0.025403925873318488
lqpht,921,0.025610058671303535
lqpht,922,0.025870814449179966
lqpht,923,0.026172610826661474
lqpht,924,0.026374363102305613
lqpht,925,0.026496368602033239
lqpht,926,0.026562075760969809
lqpht,927,0.026511939128544552
lqpht,928,0.026311931281074903
lqpht,929,0.025983532452998771
lqpht,930,0.025556938622312012
lqpht,931,0.025145389195522796
lqpht,932,0.024687337876103332
lqpht,933,0.024224758629504704
lqpht,934,0.023785720369559213
lqpht,935,0.023390315621560714
lqpht,936,0.023067273520329588
lqpht,937,0.022713567407747555
lqpht,938,0.022374488563459416
lqpht,939,0.021976171788687566
lqpht,940,0.021503471927897814
lqpht,941,0.020995298757407698
lqpht,942,0.020456651338228601
lqpht,943,0.019901489022300267
lqpht,944,0.019361755432858032
lqpht,945,0.018905374772752642
lqpht,946,0.018633861948449699
lqpht,947,0.018518518518518517
lqpht,948,0.018518518518518521
lqpht,949,0.018518518518518521
lqpht,950,0.018518518518518521
lqpht,951,0.018518518518518521
lqpht,952,0.018518518518518521
lqpht,953,0.018518518518518521
lqpht,954,0.018518518518518517
lqpht,955,0.018518518518518517
lqpht,956,0.018518518518518517
lqpht,957,0.018518518518518517
lqpht,958,0.018518518518518517
lqpht,959,0.018518518518518517
lqpht,960,0.018518518518518517
lqpht,961,0.018521466161909562
lqpht,962,0.019392969899398531
lqpht,963,0.020276477701550711
lqpht,964,0.021162685105557213
lqpht,965,0.021999891074056963
lqpht,966,0.022770605454942552
lqpht,967,0.023411394150717753
lqpht,968,0.024038802092796831
lqpht,969,0.024647060484497958
lqpht,970,0.02522637214746978
lqpht,971,0.025754112597855785
lqpht,972,0.02614111300216735
lqpht,973,0.026433300302602027
lqpht,974,0.026674768262425753
lqpht,975,0.026790510075320167
lqpht,976,0.026761505831835872
lqpht,977,0.026632836600888124
lqpht,978,0.02645799476914076
lqpht,979,0.0263813680195574
lqpht,980,0.02628632029668421
lqpht,981,0.026240178649338308
lqpht,982,0.026252619296918644
lqpht,983,0.026312370486666972
lqpht,984,0.026410066668407291
lqpht,985,0.026336900716538561
lqpht,986,0.026235956612783058
lqpht,987,0.025973592540945174
lqpht,988,0.025668625946865056
lqpht,989,0.025402347383670223
lqpht,990,0.025170523902005852
lqpht,991,0.024969396264199133
lqpht,992,0.024795623397347408
lqpht,993,0.024646233928566345
lqpht,994,0.024475804225346502
lqpht,995,0.024212113441176412
lqpht,996,0.023851027011669385
lqpht,997,0.02347335444977329
lqpht,998,0.023118675815388682
lqpht,999,0.022785360902795107
lqpht,1000,0.022471917433071802
lqpht,1001,0.022176977035748491
lqpht,1002,0.021899282926527246
lqpht,1003,0.023509885575141724
lqpht,1004,0.023999674857957176
lqpht,1005,0.024510306237913712
lqpht,1006,0.025043138982216186
lqpht,1007,0.025536574184700785
lqpht,1008,0.025973601692748378
lqpht,1009,0.026431076574597048
lqpht,1010,0.026784568844714834
lqpht,1011,0.027078672751282618
lqpht,1012,0.027353813075433924
lqpht,1013,0.02765950072086315
lqpht,1014,0.027977651503789874
lqpht,1015,0.028224486823496316
lqpht,1016,0.028508276512338053
lqpht,1017,0.028833467845059052
lqpht,1018,0.029205055429145539
lqpht,1019,0.029616289556020258
lqpht,1020,0.029896702990944501
lqpht,1021,0.030017921484196179
lqpht,1022,0.030053069566825838
lqpht,1023,0.030141884565518039
lqpht,1024,0.030265733892705586
lqpht,1025,0.030314232831586723
lqpht,1026,0.030247145829319283
lqpht,1027,0.029962780990525698
lqpht,1028,0.029634113280468683
lqpht,1029,0.029230991625956833
lqpht,1030,0.028837429552953587
lqpht,1031,0.028429966467641551
lqpht,1032,0.027977528260743977
lqpht,1033,0.027466281410393468
lqpht,1034,0.026930919197317028
lqpht,1035,0.026324621870355006
lqpht,1036,0.025675031942187704
lqpht,1037,0.025027487070366342
lqpht,1038,0.024332298165172243
lqpht,1039,0.02358301960165126
lqpht,1040,0.022861541542871577
lqpht,1041,0.022146199970486811
lqpht,1042,0.021388407424941178
lqpht,1043,0.020582932450584963
lqpht,1044,0.019839039587614796
lqpht,1045,0.019077713801718289
lqpht,1046,0.018542544040906658
lqpht,1047,0.018518518518518521
lqpht,1048,0.018518518518518521
lqpht,1049,0.018518518518518521
lqpht,1050,0.018518518518518521
lqpht,1051,0.018518518518518521
lqpht,1052,0.018518518518518517
lqpht,1053,0.018518518518518517
lqpht,1054,0.018518518518518517
lqpht,1055,0.018518518518518517
lqpht,1056,0.018518518518518517
lqpht,1057,0.018518518518518517
lqpht,1058,0.018518518518518517
lqpht,1059,0.018518518518518517
lqpht,1060,0.018518518518518517
lqpht,1061,0.018518518518518517
lqpht,1062,0.018518518518518517
lqpht,1063,0.018518518518518517
lqpht,1064,0.018518518518518517
lqpht,1065,0.018978833972727333
lqpht,1066,0.019886526516247425
lqpht,1067,0.020699713647182542
lqpht,1068,0.021340820003596168
lqpht,1069,0.021861608646670729
lqpht,1070,0.022372896606081286
lqpht,1071,0.02295750318213343
lqpht,1072,0.023553473815683037
lqpht,1073,0.024053553159594048
lqpht,1074,0.024427233702485892
lqpht,1075,0.024609227508924081
lqpht,1076,0.024812281556026255
lqpht,1077,0.024984553857988413
lqpht,1078,0.025214605949560223
lqpht,1079,0.025446639426371299
lqpht,1080,0.025649689447231991
lqpht,1081,0.025802388704984452
lqpht,1082,0.025959372914091693
lqpht,1083,0.026058079598268412
lqpht,1084,0.026154343590106148
lqpht,1085,0.026277618475136155
lqpht,1086,0.026349590358832387
lqpht,1087,0.026391931820318407
lqpht,1088,0.026456429669193315
lqpht,1089,0.02646352483551825
lqpht,1090,0.026380851140977789
lqpht,1091,0.026250180954704969
lqpht,1092,0.026105774998028592
lqpht,1093,0.025889012877831984
lqpht,1094,0.025696240393601646
lqpht,1095,0.025402991226536682
lqpht,1096,0.024979013759500755
lqpht,1097,0.024579295506211133
lqpht,1098,0.024202188884254551
lqpht,1099,0.023846182104079336
lqpht,1100,0.023509885575141724
lqpht,1101,1
lqpht,1102,1
lqpht,1103,1
lqpht,1104,1
lqpht,1105,1
lqpht,1106,1
lqpht,1107,1
lqpht,1108,1
lqpht,1109,0.064074074074074075
lqpht,1110,0.088854753654596885
lqpht,1111,0.10662570438551626
lqpht,1112,0.10662570438551626
lqpht,1113,0.10662570438551626
lqpht,1114,0.10662570438551626
lqpht,1115,0.10662570438551626
lqpht,1116,0.10662570438551626
lqpht,1117,0.12052845197095639
lqpht,1118,0.12052845197095639
lqpht,1119,0.13179289792489585
lqpht,1120,0.14868244110066756
lqpht,1121,0.15492355673343566
lqpht,1122,0.15492355673343566
lqpht,1123,0.15492355673343566
lqpht,1124,0.16384007031207271
lqpht,1125,0.16384007031207271
lqpht,1126,0.16670629475069987
lqpht,1127,0.16670629475069987
lqpht,1128,0.16859004148901782
lqpht,1129,0.16670629475069987
lqpht,1130,0.14868244110066756
lqpht,1131,0.14105254858558255
lqpht,1132,0.14105254858558255
lqpht,1133,0.12052845197095639
lqpht,1134,0.12052845197095639
lqpht,1135,0.12052845197095639
lqpht,1136,0.10662570438551626
lqpht,1137,0.088854753654596885
lqpht,1138,0.088854753654596885
lqpht,1139,0.088854753654596885
lqpht,1140,0.064074074074074075
lqpht,1141,0.064074074074074075
lqpht,1142,0.064074074074074075
lqpht,1143,1
lqpht,1144,1
lqpht,1145,1
lqpht,1146,1
lqpht,1147,1
lqpht,1148,1
lqpht,1149,1
lqpht,1150,1
lqpht,1151,1
lqpht,1152,1
lqpht,1153,1
lqpht,1154,1
lqpht,1155,1
lqpht,1156,1
lqpht,1157,1
lqpht,1158,1
lqpht,1159,1
lqpht,1160,1
lqpht,1161,1
lqpht,1162,1
lqpht,1163,1
lqpht,1164,1
lqpht,1165,1
lqpht,1166,0.064074074074074075
lqpht,1167,0.064074074074074075
lqpht,1168,0.064074074074074075
lqpht,1169,0.088854753654596885
lqpht,1170,0.088854753654596885
lqpht,1171,0.088854753654596885
lqpht,1172,0.10662570438551626
lqpht,1173,0.13179289792489585
lqpht,1174,0.14868244110066756
lqpht,1175,0.15492355673343566
lqpht,1176,0.16670629475069987
lqpht,1177,0.16670629475069987
lqpht,1178,0.16859004148901782
lqpht,1179,0.16952406548673118
lqpht,1180,0.16952406548673118
lqpht,1181,0.15993855657827441
lqpht,1182,0.15492355673343566
lqpht,1183,0.15492355673343566
lqpht,1184,0.15492355673343566
lqpht,1185,0.15492355673343566
lqpht,1186,0.14868244110066756
lqpht,1187,0.13179289792489585
lqpht,1188,0.12052845197095639
lqpht,1189,0.10662570438551626
lqpht,1190,0.10662570438551626
lqpht,1191,0.088854753654596885
lqpht,1192,0.088854753654596885
lqpht,1193,0.064074074074074075
lqpht,1194,1
lqpht,1195,1
lqpht,1196,1
lqpht,1197,1
lqpht,1198,1
lqpht,1199,1
lqpht,1200,1
lqpht,1201,1
lqpht,1202,1
lqpht,1203,1
lqpht,1204,1
lqpht,1205,1
lqpht,1206,1
lqpht,1207,1
lqpht,1208,1
lqpht,1209,1
lqpht,1210,0.088854753654596885
lqpht,1211,0.088854753654596885
lqpht,1212,0.088854753654596885
lqpht,1213,0.088854753654596885
lqpht,1214,0.088854753654596885
lqpht,1215,0.10662570438551626
lqpht,1216,0.12052845197095639
lqpht,1217,0.12052845197095639
lqpht,1218,0.13179289792489585
lqpht,1219,0.13179289792489585
lqpht,1220,0.14868244110066756
lqpht,1221,0.15492355673343566
lqpht,1222,0.15492355673343566
lqpht,1223,0.15492355673343566
lqpht,1224,0.15993855657827441
lqpht,1225,0.16384007031207271
lqpht,1226,0.16384007031207271
lqpht,1227,0.16670629475069987
lqpht,1228,0.16859004148901782
lqpht,1229,0.16952406548673118
lqpht,1230,0.16952406548673118
lqpht,1231,0.16859004148901782
lqpht,1232,0.15492355673343566
lqpht,1233,0.14868244110066756
lqpht,1234,0.14868244110066756
lqpht,1235,0.14105254858558255
lqpht,1236,0.14105254858558255
lqpht,1237,0.088854753654596885
lqpht,1238,0.088854753654596885
lqpht,1239,0.088854753654596885
lqpht,1240,0.088854753654596885
lqpht,1241,0.088854753654596885
lqpht,1242,0.088854753654596885
lqpht,1243,0.088854753654596885
lqpht,1244,0.064074074074074075
lqpht,1245,0.064074074074074075
lqpht,1246,0.064074074074074075
lqpht,1247,1
lqpht,1248,1
lqpht,1249,1
lqpht,1250,1
lqpht,1251,0.064074074074074075
lqpht,1252,0.064074074074074075
lqpht,1253,0.064074074074074075
lqpht,1254,0.064074074074074075
lqpht,1255,0.064074074074074075
lqpht,1256,0.064074074074074075
lqpht,1257,0.064074074074074075
lqpht,1258,0.10662570438551626
lqpht,1259,0.13179289792489585
lqpht,1260,0.13179289792489585
lqpht,1261,0.13179289792489585
lqpht,1262,0.13179289792489585
lqpht,1263,0.13179289792489585
lqpht,1264,0.13179289792489585
lqpht,1265,0.14868244110066756
lqpht,1266,0.15993855657827441
lqpht,1267,0.16384007031207271
lqpht,1268,0.16384007031207271
lqpht,1269,0.16670629475069987
lqpht,1270,0.16952406548673118
lqpht,1271,0.16952406548673118
lqpht,1272,0.16859004148901782
lqpht,1273,0.16859004148901782
lqpht,1274,0.16859004148901782
lqpht,1275,0.15993855657827441
lqpht,1276,0.15993855657827441
lqpht,1277,0.14868244110066756
lqpht,1278,0.14105254858558255
lqpht,1279,0.14105254858558255
lqpht,1280,0.12052845197095639
lqpht,1281,0.12052845197095639
lqpht,1282,0.12052845197095639
lqpht,1283,0.10662570438551626
lqpht,1284,0.088854753654596885
lqpht,1285,0.088854753654596885
lqpht,1286,0.088854753654596885
lqpht,1287,0.088854753654596885
lqpht,1288,0.088854753654596885
lqpht,1289,0.088854753654596885
lqpht,1290,0.064074074074074075
lqpht,1291,0.064074074074074075
lqpht,1292,0.064074074074074075
lqpht,1293,0.064074074074074075
lqpht,1294,1
lqpht,1295,1
lqpht,1296,1
lqpht,1297,1
lqpht,1298,1
lqpht,1299,0.064074074074074075
lqpht,1300,0.064074074074074075
lqpht,1301,0.064074074074074075
lqpht,1302,0.064074074074074075
lqpht,1303,0.064074074074074075
lqpht,1304,0.064074074074074075
lqpht,1305,0.064074074074074075
lqpht,1306,0.064074074074074075
lqpht,1307,0.088854753654596885
lqpht,1308,0.088854753654596885
lqpht,1309,0.10662570438551626
lqpht,1310,0.10662570438551626
lqpht,1311,0.13179289792489585
lqpht,1312,0.14105254858558255
lqpht,1313,0.14868244110066756
lqpht,1314,0.14868244110066756
lqpht,1315,0.14868244110066756
lqpht,1316,0.14868244110066756
lqpht,1317,0.15492355673343566
lqpht,1318,0.16384007031207271
lqpht,1319,0.16670629475069987
lqpht,1320,0.16952406548673118
lqpht,1321,0.16952406548673118
lqpht,1322,0.16859004148901782
lqpht,1323,0.16670629475069987
lqpht,1324,0.15492355673343566
lqpht,1325,0.15492355673343566
lqpht,1326,0.14868244110066756
lqpht,1327,0.14105254858558255
lqpht,1328,0.14105254858558255
lqpht,1329,0.14105254858558255
lqpht,1330,0.12052845197095639
lqpht,1331,0.12052845197095639
lqpht,1332,0.10662570438551626
lqpht,1333,0.10662570438551626
lqpht,1334,0.10662570438551626
lqpht,1335,0.088854753654596885
lqpht,1336,0.088854753654596885
lqpht,1337,0.088854753654596885
lqpht,1338,0.088854753654596885
lqpht,1339,0.088854753654596885
lqpht,1340,0.088854753654596885
lqpht,1341,0.088854753654596885
lqpht,1342,1
lqpht,1343,1
lqpht,1344,1
lqpht,1345,1
lqpht,1346,1
lqpht,1347,1
lqpht,1348,0.064074074074074075
lqpht,1349,0.064074074074074075
lqpht,1350,0.064074074074074075
lqpht,1351,0.064074074074074075
lqpht,1352,0.064074074074074075
lqpht,1353,0.064074074074074075
lqpht,1354,0.088854753654596885
lqpht,1355,0.088854753654596885
lqpht,1356,0.088854753654596885
lqpht,1357,0.088854753654596885
lqpht,1358,0.088854753654596885
lqpht,1359,0.12052845197095639
lqpht,1360,0.14105254858558255
lqpht,1361,0.14105254858558255
lqpht,1362,0.14105254858558255
lqpht,1363,0.14105254858558255
lqpht,1364,0.14105254858558255
lqpht,1365,0.14868244110066756
lqpht,1366,0.15492355673343566
lqpht,1367,0.16384007031207271
lqpht,1368,0.16670629475069987
lqpht,1369,0.16670629475069987
lqpht,1370,0.16670629475069987
lqpht,1371,0.16952406548673118
lqpht,1372,0.16952406548673118
lqpht,1373,0.16952406548673118
lqpht,1374,0.16952406548673118
lqpht,1375,0.16859004148901782
lqpht,1376,0.16859004148901782
lqpht,1377,0.16384007031207271
lqpht,1378,0.15993855657827441
lqpht,1379,0.15492355673343566
lqpht,1380,0.15492355673343566
lqpht,1381,0.15492355673343566
lqpht,1382,0.14868244110066756
lqpht,1383,0.14868244110066756
lqpht,1384,0.14868244110066756
lqpht,1385,0.13179289792489585
lqpht,1386,0.10662570438551626
lqpht,1387,0.088854753654596885
lqpht,1388,0.088854753654596885
lqpht,1389,0.088854753654596885
lqpht,1390,0.088854753654596885
lqpht,1391,0.088854753654596885
lqpht,1392,0.088854753654596885
lqpht,1393,0.064074074074074075
lqpht,1394,1
lqpht,1395,0.064074074074074075
lqpht,1396,0.064074074074074075
lqpht,1397,0.064074074074074075
lqpht,1398,0.088854753654596885
lqpht,1399,0.088854753654596885
lqpht,1400,0.10662570438551626
lqpht,1401,0.12052845197095639
lqpht,1402,0.12052845197095639
lqpht,1403,0.12052845197095639
lqpht,1404,0.12052845197095639
lqpht,1405,0.13179289792489585
lqpht,1406,0.14105254858558255
lqpht,1407,0.14105254858558255
lqpht,1408,0.15492355673343566
lqpht,1409,0.15993855657827441
lqpht,1410,0.16670629475069987
lqpht,1411,0.16859004148901782
lqpht,1412,0.16952406548673118
lqpht,1413,0.16952406548673118
lqpht,1414,0.16952406548673118
lqpht,1415,0.16952406548673118
lqpht,1416,0.16859004148901782
lqpht,1417,0.16859004148901782
lqpht,1418,0.15993855657827441
lqpht,1419,0.15993855657827441
lqpht,1420,0.15492355673343566
lqpht,1421,0.14105254858558255
lqpht,1422,0.14105254858558255
lqpht,1423,0.13179289792489585
lqpht,1424,0.12052845197095639
lqpht,1425,0.12052845197095639
lqpht,1426,0.10662570438551626
lqpht,1427,0.10662570438551626
lqpht,1428,0.088854753654596885
lqpht,1429,0.088854753654596885
lqpht,1430,0.088854753654596885
lqpht,1431,0.088854753654596885
lqpht,1432,0.088854753654596885
lqpht,1433,0.088854753654596885
lqpht,1434,0.088854753654596885
lqpht,1435,0.088854753654596885
lqpht,1436,0.088854753654596885
lqpht,1437,0.064074074074074075
lqpht,1438,0.064074074074074075
lqpht,1439,0.064074074074074075
lqpht,1440,0.064074074074074075
lqpht,1441,1
lqpht,1442,1
lqpht,1443,1
lqpht,1444,1
lqpht,1445,1
lqpht,1446,1
lqpht,1447,1
lqpht,1448,1
lqpht,1449,1
lqpht,1450,1
lqpht,1451,1
lqpht,1452,1
lqpht,1453,1
lqpht,1454,1
lqpht,1455,0.064074074074074075
lqpht,1456,0.064074074074074075
lqpht,1457,0.088854753654596885
lqpht,1458,0.10662570438551626
lqpht,1459,0.10662570438551626
lqpht,1460,0.12052845197095639
lqpht,1461,0.14868244110066756
lqpht,1462,0.16384007031207271
lqpht,1463,0.16859004148901782
lqpht,1464,0.16952406548673118
lqpht,1465,0.16952406548673118
lqpht,1466,0.16952406548673118
lqpht,1467,0.16952406548673118
lqpht,1468,0.16670629475069987
lqpht,1469,0.16670629475069987
lqpht,1470,0.16384007031207271
lqpht,1471,0.15993855657827441
lqpht,1472,0.15492355673343566
lqpht,1473,0.14868244110066756
lqpht,1474,0.14868244110066756
lqpht,1475,0.14105254858558255
lqpht,1476,0.13179289792489585
lqpht,1477,0.13179289792489585
lqpht,1478,0.13179289792489585
lqpht,1479,0.12052845197095639
lqpht,1480,0.12052845197095639
lqpht,1481,0.10662570438551626
lqpht,1482,0.064074074074074075
lqpht,1483,1
lqpht,1484,1
lqpht,1485,1
lqpht,1486,1
lqpht,1487,1
lqpht,1488,1
lqpht,1489,1
lqpht,1490,1
lqpht,1491,1
lqpht,1492,1
lqpht,1493,1
lqpht,1494,1
lqpht,1495,1
lqpht,1496,1
lqpht,1497,1
lqpht,1498,1
lqpht,1499,1
lqpht,1500,1
lqpht,1501,1
lqpht,1502,0.064074074074074075
lqpht,1503,0.088854753654596885
lqpht,1504,0.088854753654596885
lqpht,1505,0.12052845197095639
lqpht,1506,0.12052845197095639
lqpht,1507,0.12052845197095639
lqpht,1508,0.12052845197095639
lqpht,1509,0.12052845197095639
lqpht,1510,0.13179289792489585
lqpht,1511,0.14105254858558255
lqpht,1512,0.14105254858558255
lqpht,1513,0.14868244110066756
lqpht,1514,0.15993855657827441
lqpht,1515,0.16384007031207271
lqpht,1516,0.16670629475069987
lqpht,1517,0.16859004148901782
lqpht,1518,0.16859004148901782
lqpht,1519,0.16952406548673118
lqpht,1520,0.16952406548673118
lqpht,1521,0.16952406548673118
lqpht,1522,0.16859004148901782
lqpht,1523,0.16859004148901782
lqpht,1524,0.16384007031207271
lqpht,1525,0.15492355673343566
lqpht,1526,0.14868244110066756
lqpht,1527,0.14105254858558255
lqpht,1528,0.14105254858558255
lqpht,1529,0.13179289792489585
lqpht,1530,0.12052845197095639
lqpht,1531,0.10662570438551626
lqpht,1532,0.10662570438551626
lqpht,1533,0.088854753654596885
lqpht,1534,0.088854753654596885
lqpht,1535,0.088854753654596885
lqpht,1536,0.064074074074074075
lqpht,1537,0.064074074074074075
lqpht,1538,0.064074074074074075
lqpht,1539,0.064074074074074075
lqpht,1540,0.064074074074074075
lqpht,1541,0.064074074074074075
lqpht,1542,0.064074074074074075
lqpht,1543,0.064074074074074075
lqpht,1544,0.064074074074074075
lqpht,1545,0.064074074074074075
lqpht,1546,0.088854753654596885
lqpht,1547,0.10662570438551626
lqpht,1548,0.10662570438551626
lqpht,1549,0.12052845197095639
lqpht,1550,0.12052845197095639
lqpht,1551,0.12052845197095639
lqpht,1552,0.12052845197095639
lqpht,1553,0.12052845197095639
lqpht,1554,0.13179289792489585
lqpht,1555,0.13179289792489585
lqpht,1556,0.13179289792489585
lqpht,1557,0.13179289792489585
lqpht,1558,0.13179289792489585
lqpht,1559,0.14868244110066756
lqpht,1560,0.15492355673343566
lqpht,1561,0.16384007031207271
lqpht,1562,0.16670629475069987
lqpht,1563,0.16952406548673118
lqpht,1564,0.16384007031207271
lqpht,1565,0.15492355673343566
lqpht,1566,0.15492355673343566
lqpht,1567,0.15492355673343566
lqpht,1568,0.14868244110066756
lqpht,1569,0.14868244110066756
lqpht,1570,0.14868244110066756
lqpht,1571,0.14868244110066756
lqpht,1572,0.14868244110066756
lqpht,1573,0.13179289792489585
lqpht,1574,0.13179289792489585
lqpht,1575,0.10662570438551626
lqpht,1576,0.10662570438551626
lqpht,1577,0.10662570438551626
lqpht,1578,0.10662570438551626
lqpht,1579,0.10662570438551626
lqpht,1580,0.10662570438551626
lqpht,1581,0.10662570438551626
lqpht,1582,0.10662570438551626
lqpht,1583,0.088854753654596885
lqpht,1584,0.064074074074074075
lqpht,1585,0.064074074074074075
lqpht,1586,0.064074074074074075
lqpht,1587,0.064074074074074075
lqpht,1588,0.064074074074074075
lqpht,1589,0.064074074074074075
lqpht,1590,0.064074074074074075
lqpht,1591,1
lqpht,1592,1
lqpht,1593,0.064074074074074075
lqpht,1594,0.064074074074074075
lqpht,1595,0.064074074074074075
lqpht,1596,0.088854753654596885
lqpht,1597,0.10662570438551626
lqpht,1598,0.10662570438551626
lqpht,1599,0.10662570438551626
lqpht,1600,0.10662570438551626
lqpht,1601,0.12052845197095639
lqpht,1602,0.12052845197095639
lqpht,1603,0.12052845197095639
lqpht,1604,0.12052845197095639
lqpht,1605,0.12052845197095639
lqpht,1606,0.14105254858558255
lqpht,1607,0.14868244110066756
lqpht,1608,0.15993855657827441
lqpht,1609,0.15993855657827441
lqpht,1610,0.15993855657827441
lqpht,1611,0.16384007031207271
lqpht,1612,0.16670629475069987
lqpht,1613,0.16952406548673118
lqpht,1614,0.16670629475069987
lqpht,1615,0.16670629475069987
lqpht,1616,0.16384007031207271
lqpht,1617,0.16384007031207271
lqpht,1618,0.15993855657827441
lqpht,1619,0.15993855657827441
lqpht,1620,0.15492355673343566
lqpht,1621,0.15492355673343566
lqpht,1622,0.14868244110066756
lqpht,1623,0.14868244110066756
lqpht,1624,0.14868244110066756
lqpht,1625,0.14105254858558255
lqpht,1626,0.14105254858558255
lqpht,1627,0.14105254858558255
lqpht,1628,0.13179289792489585
lqpht,1629,0.13179289792489585
lqpht,1630,0.12052845197095639
lqpht,1631,0.12052845197095639
lqpht,1632,0.10662570438551626
lqpht,1633,0.10662570438551626
lqpht,1634,0.10662570438551626
lqpht,1635,0.064074074074074075
lqpht,1636,0.064074074074074075
lqpht,1637,0.064074074074074075
lqpht,1638,0.064074074074074075
lqpht,1639,0.064074074074074075
lqpht,1640,1.6843590109319218
lqpht,1641,1.6900918447419078
lqpht,1642,1.804766362984016
lqpht,1643,1.7596751078894766
lqpht,1644,1.7033478266667665
lqpht,1645,1.7472855488750345
lqpht,1646,1.4537515798433345
lqpht,1647,1.4976220111446787
lqpht,1648,1.3635023197585681
lqpht,1649,1.6986158495303256
lqpht,1650,1.5856125985980702
lqpht,1651,1.6705348877289397
lqpht,1652,1.7295354309439044
lqpht,1653,1.6612494257602588
lqpht,1654,1.6613100601172406
lqpht,1655,1.2781346111881868
lqpht,1656,1.4776194443369728
lqpht,1657,1.3813723541701137
lqpht,1658,1.7039178272076478
lqpht,1659,1.7647302894350629
lqpht,1660,1.6627442583358678
lqpht,1661,1.6048378722729737
lqpht,1662,1.630692715470784
lqpht,1663,1.3387532460058826
lqpht,1664,1.4012388178934976
lqpht,1665,1.3607299630448804
lqpht,1666,1.6949159755963024
lqpht,1667,1.7284895380626824
lqpht,1668,1.6171426544311747
lqpht,1669,1.6487931059024272
lqpht,1670,1.3817344691393449
lqpht,1671,1.432856195773285
lqpht,1672,1.3505698566935147
lqpht,1673,1.6187905334081443
lqpht,1674,1.636227875599344
lqpht,1675,1.6202516077544322
lqpht,1676,1.3161122568074772
lqpht,1677,1.3862724216629623
lqpht,1678,1.3287398474629739
lqpht,1679,1.6315499976114667
lqpht,1680,1.5882242923592476
lqpht,1681,1.2925522326765655
lqpht,1682,1.3527191572885597
lqpht,1683,1.1917471199465439
lqpht,1684,1.4644655974432048
lqpht,1685,1.3378796156718527
lqpht,1686,1.2892872936325728
lqpht,1687,1.1511814605581328
lqpht,1688,1.3692794345155528
lqpht,1689,1.0431484279388985
lqpht,1690,0.99362122203316838
lqpht,1691,1.1530442641746186
lqpht,1692,0.91320804341279316
lqpht,1693,1.038999622334901
lqpht,1694,1.0325096572260648
thresholds,1,1
thresholds,2,1
thresholds,3,1
thresholds,4,1
thresholds,5,1
thresholds,6,1
thresholds,7,1
thresholds,8,1
thresholds,9,0.064074074074074075
thresholds,10,0.088854753654596885
thresholds,11,0.10662570438551626
thresholds,12,0.10662570438551626
thresholds,13,0.10662570438551626
thresholds,14,0.10662570438551626
thresholds,15,0.10662570438551626
thresholds,16,0.10662570438551626
thresholds,17,0.12052845197095639
thresholds,18,0.12052845197095639
thresholds,19,0.13179289792489585
thresholds,20,0.14868244110066756
thresholds,21,0.15492355673343566
thresholds,22,0.15492355673343566
thresholds,23,0.15492355673343566
thresholds,24,0.16384007031207271
thresholds,25,0.16384007031207271
thresholds,26,0.16670629475069987
thresholds,27,0.16670629475069987
thresholds,28,0.16859004148901782
thresholds,29,0.16670629475069987
thresholds,30,0.14868244110066756
thresholds,31,0.14105254858558255
thresholds,32,0.14105254858558255
thresholds,33,0.12052845197095639
thresholds,34,0.12052845197095639
thresholds,35,0.12052845197095639
thresholds,36,0.10662570438551626
thresholds,37,0.088854753654596885
thresholds,38,0.088854753654596885
thresholds,39,0.088854753654596885
thresholds,40,0.064074074074074075
thresholds,41,0.064074074074074075
thresholds,42,0.064074074074074075
thresholds,43,1
thresholds,44,1
thresholds,45,1
thresholds,46,1
thresholds,47,1
thresholds,48,1
thresholds,49,1
thresholds,50,1
thresholds,51,1
thresholds,52,1
thresholds,53,1
thresholds,54,1
thresholds,55,1
thresholds,56,1
thresholds,57,1
thresholds,58,1
thresholds,59,1
thresholds,60,1
thresholds,61,1
thresholds,62,1
thresholds,63,1
thresholds,64,1
thresholds,65,1
thresholds,66,0.064074074074074075
thresholds,67,0.064074074074074075
thresholds,68,0.064074074074074075
thresholds,69,0.088854753654596885
thresholds,70,0.088854753654596885
thresholds,71,0.088854753654596885
thresholds,72,0.10662570438551626
thresholds,73,0.13179289792489585
thresholds,74,0.14868244110066756
thresholds,75,0.15492355673343566
thresholds,76,0.16670629475069987
thresholds,77,0.16670629475069987
thresholds,78,0.16859004148901782
thresholds,79,0.16952406548673118
thresholds,80,0.16952406548673118
thresholds,81,0.15993855657827441
thresholds,82,0.15492355673343566
thresholds,83,0.15492355673343566
thresholds,84,0.15492355673343566
thresholds,85,0.15492355673343566
thresholds,86,0.14868244110066756
thresholds,87,0.13179289792489585
thresholds,88,0.12052845197095639
thresholds,89,0.10662570438551626
thresholds,90,0.10662570438551626
thresholds,91,0.088854753654596885
thresholds,92,0.088854753654596885
thresholds,93,0.064074074074074075
thresholds,94,1
thresholds,95,1
thresholds,96,1
thresholds,97,1
thresholds,98,1
thresholds,99,1
thresholds,100,1
thresholds,101,1
thresholds,102,1
thresholds,103,1
thresholds,104,1
thresholds,105,1
thresholds,106,1
thresholds,107,1
thresholds,108,1
thresholds,109,1
thresholds,110,0.088854753654596885
thresholds,111,0.088854753654596885
thresholds,112,0.088854753654596885
thresholds,113,0.088854753654596885
thresholds,114,0.088854753654596885
thresholds,115,0.10662570438551626
thresholds,116,0.12052845197095639
thresholds,117,0.12052845197095639
thresholds,118,0.13179289792489585
thresholds,119,0.13179289792489585
thresholds,120,0.14868244110066756
thresholds,121,0.15492355673343566
thresholds,122,0.15492355673343566
thresholds,123,0.15492355673343566
thresholds,124,0.15993855657827441
thresholds,125,0.16384007031207271
thresholds,126,0.16384007031207271
thresholds,127,0.16670629475069987
thresholds,128,0.16859004148901782
thresholds,129,0.16952406548673118
thresholds,130,0.16952406548673118
thresholds,131,0.16859004148901782
thresholds,132,0.15492355673343566
thresholds,133,0.14868244110066756
thresholds,134,0.14868244110066756
thresholds,135,0.14105254858558255
thresholds,136,0.14105254858558255
thresholds,137,0.088854753654596885
thresholds,138,0.088854753654596885
thresholds,139,0.088854753654596885
thresholds,140,0.088854753654596885
thresholds,141,0.088854753654596885
thresholds,142,0.088854753654596885
thresholds,143,0.088854753654596885
thresholds,144,0.064074074074074075
thresholds,145,0.064074074074074075
thresholds,146,0.064074074074074075
thresholds,147,1
thresholds,148,1
thresholds,149,1
thresholds,150,1
thresholds,151,0.064074074074074075
thresholds,152,0.064074074074074075
thresholds,153,0.064074074074074075
thresholds,154,0.064074074074074075
thresholds,155,0.064074074074074075
thresholds,156,0.064074074074074075
thresholds,157,0.064074074074074075
thresholds,158,0.10662570438551626
thresholds,159,0.13179289792489585
thresholds,160,0.13179289792489585
thresholds,161,0.13179289792489585
thresholds,162,0.13179289792489585
thresholds,163,0.13179289792489585
thresholds,164,0.13179289792489585
thresholds,165,0.14868244110066756
thresholds,166,0.15993855657827441
thresholds,167,0.16384007031207271
thresholds,168,0.16384007031207271
thresholds,169,0.16670629475069987
thresholds,170,0.16952406548673118
thresholds,171,0.16952406548673118
thresholds,172,0.16859004148901782
thresholds,173,0.16859004148901782
thresholds,174,0.16859004148901782
thresholds,175,0.15993855657827441
thresholds,176,0.15993855657827441
thresholds,177,0.14868244110066756
thresholds,178,0.14105254858558255
thresholds,179,0.14105254858558255
thresholds,180,0.12052845197095639
thresholds,181,0.12052845197095639
thresholds,182,0.12052845197095639
thresholds,183,0.10662570438551626
thresholds,184,0.088854753654596885
thresholds,185,0.088854753654596885
thresholds,186,0.088854753654596885
thresholds,187,0.088854753654596885
thresholds,188,0.088854753654596885
thresholds,189,0.088854753654596885
thresholds,190,0.064074074074074075
thresholds,191,0.064074074074074075
thresholds,192,0.064074074074074075
thresholds,193,0.064074074074074075
thresholds,194,1
thresholds,195,1
thresholds,196,1
thresholds,197,1
thresholds,198,1
thresholds,199,0.064074074074074075
thresholds,200,0.064074074074074075
thresholds,201,0.064074074074074075
thresholds,202,0.064074074074074075
thresholds,203,0.064074074074074075
thresholds,204,0.064074074074074075
thresholds,205,0.064074074074074075
thresholds,206,0.064074074074074075
thresholds,207,0.088854753654596885
thresholds,208,0.088854753654596885
thresholds,209,0.10662570438551626
thresholds,210,0.10662570438551626
thresholds,211,0.13179289792489585
thresholds,212,0.14105254858558255
thresholds,213,0.14868244110066756
thresholds,214,0.14868244110066756
thresholds,215,0.14868244110066756
thresholds,216,0.14868244110066756
thresholds,217,0.15492355673343566
thresholds,218,0.16384007031207271
thresholds,219,0.16670629475069987
thresholds,220,0.16952406548673118
thresholds,221,0.16952406548673118
thresholds,222,0.16859004148901782
thresholds,223,0.16670629475069987
thresholds,224,0.15492355673343566
thresholds,225,0.15492355673343566
thresholds,226,0.14868244110066756
thresholds,227,0.14105254858558255
thresholds,228,0.14105254858558255
thresholds,229,0.14105254858558255
thresholds,230,0.12052845197095639
thresholds,231,0.12052845197095639
thresholds,232,0.10662570438551626
thresholds,233,0.10662570438551626
thresholds,234,0.10662570438551626
thresholds,235,0.088854753654596885
thresholds,236,0.088854753654596885
thresholds,237,0.088854753654596885
thresholds,238,0.088854753654596885
thresholds,239,0.088854753654596885
thresholds,240,0.088854753654596885
thresholds,241,0.088854753654596885
thresholds,242,1
thresholds,243,1
thresholds,244,1
thresholds,245,1
thresholds,246,1
thresholds,247,1
thresholds,248,0.064074074074074075
thresholds,249,0.064074074074074075
thresholds,250,0.064074074074074075
thresholds,251,0.064074074074074075
thresholds,252,0.064074074074074075
thresholds,253,0.064074074074074075
thresholds,254,0.088854753654596885
thresholds,255,0.088854753654596885
thresholds,256,0.088854753654596885
thresholds,257,0.088854753654596885
thresholds,258,0.088854753654596885
thresholds,259,0.12052845197095639
thresholds,260,0.14105254858558255
thresholds,261,0.14105254858558255
thresholds,262,0.14105254858558255
thresholds,263,0.14105254858558255
thresholds,264,0.14105254858558255
thresholds,265,0.14868244110066756
thresholds,266,0.15492355673343566
thresholds,267,0.16384007031207271
thresholds,268,0.16670629475069987
thresholds,269,0.16670629475069987
thresholds,270,0.16670629475069987
thresholds,271,0.16952406548673118
thresholds,272,0.16952406548673118
thresholds,273,0.16952406548673118
thresholds,274,0.16952406548673118
thresholds,275,0.16859004148901782
thresholds,276,0.16859004148901782
thresholds,277,0.16384007031207271
thresholds,278,0.15993855657827441
thresholds,279,0.15492355673343566
thresholds,280,0.15492355673343566
thresholds,281,0.15492355673343566
thresholds,282,0.14868244110066756
thresholds,283,0.14868244110066756
thresholds,284,0.14868244110066756
thresholds,285,0.13179289792489585
thresholds,286,0.10662570438551626
thresholds,287,0.088854753654596885
thresholds,288,0.088854753654596885
thresholds,289,0.088854753654596885
thresholds,290,0.088854753654596885
thresholds,291,0.088854753654596885
thresholds,292,0.088854753654596885
thresholds,293,0.064074074074074075
thresholds,294,1
thresholds,295,0.064074074074074075
thresholds,296,0.064074074074074075
thresholds,297,0.064074074074074075
thresholds,298,0.088854753654596885
thresholds,299,0.088854753654596885
thresholds,300,0.10662570438551626
thresholds,301,0.12052845197095639
thresholds,302,0.12052845197095639
thresholds,303,0.12052845197095639
thresholds,304,0.12052845197095639
thresholds,305,0.13179289792489585
thresholds,306,0.14105254858558255
thresholds,307,0.14105254858558255
thresholds,308,0.15492355673343566
thresholds,309,0.15993855657827441
thresholds,310,0.16670629475069987
thresholds,311,0.16859004148901782
thresholds,312,0.16952406548673118
thresholds,313,0.16952406548673118
thresholds,314,0.16952406548673118
thresholds,315,0.16952406548673118
thresholds,316,0.16859004148901782
thresholds,317,0.16859004148901782
thresholds,318,0.15993855657827441
thresholds,319,0.15993855657827441
thresholds,320,0.15492355673343566
thresholds,321,0.14105254858558255
thresholds,322,0.14105254858558255
thresholds,323,0.13179289792489585
thresholds,324,0.12052845197095639
thresholds,325,0.12052845197095639
thresholds,326,0.10662570438551626
thresholds,327,0.10662570438551626
thresholds,328,0.088854753654596885
thresholds,329,0.088854753654596885
thresholds,330,0.088854753654596885
thresholds,331,0.088854753654596885
thresholds,332,0.088854753654596885
thresholds,333,0.088854753654596885
thresholds,334,0.088854753654596885
thresholds,335,0.088854753654596885
thresholds,336,0.088854753654596885
thresholds,337,0.064074074074074075
thresholds,338,0.064074074074074075
thresholds,339,0.064074074074074075
thresholds,340,0.064074074074074075
thresholds,341,1
thresholds,342,1
thresholds,343,1
thresholds,344,1
thresholds,345,1
thresholds,346,1
thresholds,347,1
thresholds,348,1
thresholds,349,1
thresholds,350,1
thresholds,351,1
thresholds,352,1
thresholds,353,1
thresholds,354,1
thresholds,355,0.064074074074074075
thresholds,356,0.064074074074074075
thresholds,357,0.088854753654596885
thresholds,358,0.10662570438551626
thresholds,359,0.10662570438551626
thresholds,360,0.12052845197095639
thresholds,361,0.14868244110066756
thresholds,362,0.16384007031207271
thresholds,363,0.16859004148901782
thresholds,364,0.16952406548673118
thresholds,365,0.16952406548673118
thresholds,366,0.16952406548673118
thresholds,367,0.16952406548673118
thresholds,368,0.16670629475069987
thresholds,369,0.16670629475069987
thresholds,370,0.16384007031207271
thresholds,371,0.15993855657827441
thresholds,372,0.15492355673343566
thresholds,373,0.14868244110066756
thresholds,374,0.14868244110066756
thresholds,375,0.14105254858558255
thresholds,376,0.13179289792489585
thresholds,377,0.13179289792489585
thresholds,378,0.13179289792489585
thresholds,379,0.12052845197095639
thresholds,380,0.12052845197095639
thresholds,381,0.10662570438551626
thresholds,382,0.064074074074074075
thresholds,383,1
thresholds,384,1
thresholds,385,1
thresholds,386,1
thresholds,387,1
thresholds,388,1
thresholds,389,1
thresholds,390,1
thresholds,391,1
thresholds,392,1
thresholds,393,1
thresholds,394,1
thresholds,395,1
thresholds,396,1
thresholds,397,1
thresholds,398,1
thresholds,399,1
thresholds,400,1
thresholds,401,1
thresholds,402,0.064074074074074075
thresholds,403,0.088854753654596885
thresholds,404,0.088854753654596885
thresholds,405,0.12052845197095639
thresholds,406,0.12052845197095639
thresholds,407,0.12052845197095639
thresholds,408,0.12052845197095639
thresholds,409,0.12052845197095639
thresholds,410,0.13179289792489585
thresholds,411,0.14105254858558255
thresholds,412,0.14105254858558255
thresholds,413,0.14868244110066756
thresholds,414,0.15993855657827441
thresholds,415,0.16384007031207271
thresholds,416,0.16670629475069987
thresholds,417,0.16859004148901782
thresholds,418,0.16859004148901782
thresholds,419,0.16952406548673118
thresholds,420,0.16952406548673118
thresholds,421,0.16952406548673118
thresholds,422,0.16859004148901782
thresholds,423,0.16859004148901782
thresholds,424,0.16384007031207271
thresholds,425,0.15492355673343566
thresholds,426,0.14868244110066756
thresholds,427,0.14105254858558255
thresholds,428,0.14105254858558255
thresholds,429,0.13179289792489585
thresholds,430,0.12052845197095639
thresholds,431,0.10662570438551626
thresholds,432,0.10662570438551626
thresholds,433,0.088854753654596885
thresholds,434,0.088854753654596885
thresholds,435,0.088854753654596885
thresholds,436,0.064074074074074075
thresholds,437,0.064074074074074075
thresholds,438,0.064074074074074075
thresholds,439,0.064074074074074075
thresholds,440,0.064074074074074075
thresholds,441,0.064074074074074075
thresholds,442,0.064074074074074075
thresholds,443,0.064074074074074075
thresholds,444,0.064074074074074075
thresholds,445,0.064074074074074075
thresholds,446,0.088854753654596885
thresholds,447,0.10662570438551626
thresholds,448,0.10662570438551626
thresholds,449,0.12052845197095639
thresholds,450,0.12052845197095639
thresholds,451,0.12052845197095639
thresholds,452,0.12052845197095639
thresholds,453,0.12052845197095639
thresholds,454,0.13179289792489585
thresholds,455,0.13179289792489585
thresholds,456,0.13179289792489585
thresholds,457,0.13179289792489585
thresholds,458,0.13179289792489585
thresholds,459,0.14868244110066756
thresholds,460,0.15492355673343566
thresholds,461,0.16384007031207271
thresholds,462,0.16670629475069987
thresholds,463,0.16952406548673118
thresholds,464,0.16384007031207271
thresholds,465,0.15492355673343566
thresholds,466,0.15492355673343566
thresholds,467,0.15492355673343566
thresholds,468,0.14868244110066756
thresholds,469,0.14868244110066756
thresholds,470,0.14868244110066756
thresholds,471,0.14868244110066756
thresholds,472,0.14868244110066756
thresholds,473,0.13179289792489585
thresholds,474,0.13179289792489585
thresholds,475,0.10662570438551626
thresholds,476,0.10662570438551626
thresholds,477,0.10662570438551626
thresholds,478,0.10662570438551626
thresholds,479,0.10662570438551626
thresholds,480,0.10662570438551626
thresholds,481,0.10662570438551626
thresholds,482,0.10662570438551626
thresholds,483,0.088854753654596885
thresholds,484,0.064074074074074075
thresholds,485,0.064074074074074075
thresholds,486,0.064074074074074075
thresholds,487,0.064074074074074075
thresholds,488,0.064074074074074075
thresholds,489,0.064074074074074075
thresholds,490,0.064074074074074075
thresholds,491,1
thresholds,492,1
thresholds,493,0.064074074074074075
thresholds,494,0.064074074074074075
thresholds,495,0.064074074074074075
thresholds,496,0.088854753654596885
thresholds,497,0.10662570438551626
thresholds,498,0.10662570438551626
thresholds,499,0.10662570438551626
thresholds,500,0.10662570438551626
thresholds,501,0.12052845197095639
thresholds,502,0.12052845197095639
thresholds,503,0.12052845197095639
thresholds,504,0.12052845197095639
thresholds,505,0.12052845197095639
thresholds,506,0.14105254858558255
thresholds,507,0.14868244110066756
thresholds,508,0.15993855657827441
thresholds,509,0.15993855657827441
thresholds,510,0.15993855657827441
thresholds,511,0.16384007031207271
thresholds,512,0.16670629475069987
thresholds,513,0.16952406548673118
thresholds,514,0.16670629475069987
thresholds,515,0.16670629475069987
thresholds,516,0.16384007031207271
thresholds,517,0.16384007031207271
thresholds,518,0.15993855657827441
thresholds,519,0.15993855657827441
thresholds,520,0.15492355673343566
thresholds,521,0.15492355673343566
thresholds,522,0.14868244110066756
thresholds,523,0.14868244110066756
thresholds,524,0.14868244110066756
thresholds,525,0.14105254858558255
thresholds,526,0.14105254858558255
thresholds,527,0.14105254858558255
thresholds,528,0.13179289792489585
thresholds,529,0.13179289792489585
thresholds,530,0.12052845197095639
thresholds,531,0.12052845197095639
thresholds,532,0.10662570438551626
thresholds,533,0.10662570438551626
thresholds,534,0.10662570438551626
thresholds,535,0.064074074074074075
thresholds,536,0.064074074074074075
thresholds,537,0.064074074074074075
thresholds,538,0.064074074074074075
thresholds,539,0.064074074074074075
hinges_regmult2,1,0.037037037037037035
hinges_regmult2,2,0.037037037037037035
hinges_regmult2,3,0.037037037037037035
hinges_regmult2,4,0.037037037037037035
hinges_regmult2,5,0.037037037037037035
hinges_regmult2,6,0.037037037037037035
hinges_regmult2,7,0.03729818855411466
hinges_regmult2,8,0.038186240662545966
hinges_regmult2,9,0.039117612386022696
hinges_regmult2,10,0.040031218569133768
hinges_regmult2,11,0.040563873545713412
hinges_regmult2,12,0.040884394336882179
hinges_regmult2,13,0.041066849076479568
hinges_regmult2,14,0.041114912557391178
hinges_regmult2,15,0.041210342284288326
hinges_regmult2,16,0.041361019235449485
hinges_regmult2,17,0.04157600124410088
hinges_regmult2,18,0.041865683057196901
hinges_regmult2,19,0.041954547895996577
hinges_regmult2,20,0.04189874005376093
hinges_regmult2,21,0.041545569745379554
hinges_regmult2,22,0.040913871047610191
hinges_regmult2,23,0.040062760066317947
hinges_regmult2,24,0.039294671748772499
hinges_regmult2,25,0.038458271056707585
hinges_regmult2,26,0.037377005458067693
hinges_regmult2,27,0.037037037037037035
hinges_regmult2,28,0.037037037037037035
hinges_regmult2,29,0.037037037037037035
hinges_regmult2,30,0.037037037037037035
hinges_regmult2,31,0.037037037037037035
hinges_regmult2,32,0.037037037037037035
hinges_regmult2,33,0.037037037037037035
hinges_regmult2,34,0.037037037037037035
hinges_regmult2,35,0.037037037037037035
hinges_regmult2,36,0.037037037037037035
hinges_regmult2,37,0.037037037037037035
hinges_regmult2,38,0.037037037037037035
hinges_regmult2,39,0.037037037037037035
hinges_regmult2,40,0.037037037037037035
hinges_regmult2,41,0.037037037037037035
hinges_regmult2,42,0.037037037037037035
hinges_regmult2,43,0.037037037037037035
hinges_regmult2,44,0.037037037037037035
hinges_regmult2,45,0.037037037037037035
hinges_regmult2,46,0.037037037037037035
hinges_regmult2,47,0.037037037037037035
hinges_regmult2,48,0.037037037037037035
hinges_regmult2,49,0.037037037037037035
hinges_regmult2,50,0.037037037037037035
hinges_regmult2,51,0.037037037037037035
hinges_regmult2,52,0.037037037037037035
hinges_regmult2,53,0.037037037037037035
hinges_regmult2,54,0.037037037037037035
hinges_regmult2,55,0.037037037037037035
hinges_regmult2,56,0.037037037037037035
hinges_regmult2,57,0.037037037037037035
hinges_regmult2,58,0.037037037037037035
hinges_regmult2,59,0.037037037037037035
hinges_regmult2,60,0.037037037037037035
hinges_regmult2,61,0.037037037037037035
hinges_regmult2,62,0.037037037037037035
hinges_regmult2,63,0.037037037037037035
hinges_regmult2,64,0.037037037037037035
hinges_regmult2,65,0.037037037037037035
hinges_regmult2,66,0.037037037037037035
hinges_regmult2,67,0.037037037037037035
hinges_regmult2,68,0.037037037037037035
hinges_regmult2,69,0.037037037037037035
hinges_regmult2,70,0.037037037037037035
hinges_regmult2,71,0.037037037037037035
hinges_regmult2,72,0.037037037037037035
hinges_regmult2,73,0.037037037037037035
hinges_regmult2,74,0.038286893736243922
hinges_regmult2,75,0.039514130905376636
hinges_regmult2,76,0.040789662442859892
hinges_regmult2,77,0.0419424330581522
hinges_regmult2,78,0.042655352296761241
hinges_regmult2,79,0.042793563989193283
hinges_regmult2,80,0.042649130473875849
hinges_regmult2,81,0.042612327364290298
hinges_regmult2,82,0.042432562349903204
hinges_regmult2,83,0.042148573375136639
hinges_regmult2,84,0.041954416956400196
hinges_regmult2,85,0.041607165330831031
hinges_regmult2,86,0.041073528639504614
hinges_regmult2,87,0.040565492530209926
hinges_regmult2,88,0.040118990305676658
hinges_regmult2,89,0.039449452944488796
hinges_regmult2,90,0.038805761898877772
hinges_regmult2,91,0.038186240662545973
hinges_regmult2,92,0.03729818855411466
hinges_regmult2,93,0.037037037037037035
hinges_regmult2,94,0.037037037037037035
hinges_regmult2,95,0.037037037037037035
hinges_regmult2,96,0.037037037037037035
hinges_regmult2,97,0.037037037037037035
hinges_regmult2,98,0.037037037037037035
hinges_regmult2,99,0.037037037037037035
hinges_regmult2,100,0.037037037037037035
hinges_regmult2,101,0.037037037037037035
hinges_regmult2,102,0.037037037037037035
hinges_regmult2,103,0.037037037037037035
hinges_regmult2,104,0.037037037037037035
hinges_regmult2,105,0.037037037037037035
hinges_regmult2,106,0.037037037037037035
hinges_regmult2,107,0.037037037037037035
hinges_regmult2,108,0.037037037037037035
hinges_regmult2,109,0.037037037037037035
hinges_regmult2,110,0.037037037037037035
hinges_regmult2,111,0.037037037037037035
hinges_regmult2,112,0.037210192115778432
hinges_regmult2,113,0.038273340461943528
hinges_regmult2,114,0.03939902694611834
hinges_regmult2,115,0.04059293685357647
hinges_regmult2,116,0.04177004225738918
hinges_regmult2,117,0.042676581334246823
hinges_regmult2,118,0.043673713198776797
hinges_regmult2,119,0.044638086642010751
hinges_regmult2,120,0.045447420135847849
hinges_regmult2,121,0.046380483711298971
hinges_regmult2,122,0.047143021518734382
hinges_regmult2,123,0.047786524942744907
hinges_regmult2,124,0.048056310120735697
hinges_regmult2,125,0.047777731334514906
hinges_regmult2,126,0.047217160442361357
hinges_regmult2,127,0.046282688530263676
hinges_regmult2,128,0.045166288660488205
hinges_regmult2,129,0.043892290325745285
hinges_regmult2,130,0.042539895107088201
hinges_regmult2,131,0.040523823491156116
hinges_regmult2,132,0.037984794106534554
hinges_regmult2,133,0.037037037037037035
hinges_regmult2,134,0.037037037037037035
hinges_regmult2,135,0.037037037037037035
hinges_regmult2,136,0.037037037037037035
hinges_regmult2,137,0.037037037037037035
hinges_regmult2,138,0.037037037037037035
hinges_regmult2,139,0.037037037037037035
hinges_regmult2,140,0.037037037037037035
hinges_regmult2,141,0.037037037037037035
hinges_regmult2,142,0.037037037037037035
hinges_regmult2,143,0.037037037037037035
hinges_regmult2,144,0.037037037037037035
hinges_regmult2,145,0.037037037037037035
hinges_regmult2,146,0.037037037037037035
hinges_regmult2,147,0.037037037037037035
hinges_regmult2,148,0.037037037037037035
hinges_regmult2,149,0.037037037037037035
hinges_regmult2,150,0.037037037037037035
hinges_regmult2,151,0.037037037037037035
hinges_regmult2,152,0.037037037037037035
hinges_regmult2,153,0.037037037037037035
hinges_regmult2,154,0.037037037037037035
hinges_regmult2,155,0.037037037037037035
hinges_regmult2,156,0.037037037037037035
hinges_regmult2,157,0.037037037037037035
hinges_regmult2,158,0.037037037037037035
hinges_regmult2,159,0.037037037037037035
hinges_regmult2,160,0.037037037037037035
hinges_regmult2,161,0.037037037037037035
hinges_regmult2,162,0.037037037037037035
hinges_regmult2,163,0.037037037037037035
hinges_regmult2,164,0.037037037037037035
hinges_regmult2,165,0.037037037037037035
hinges_regmult2,166,0.037037037037037035
hinges_regmult2,167,0.037037037037037035
hinges_regmult2,168,0.037037037037037035
hinges_regmult2,169,0.037037037037037035
hinges_regmult2,170,0.037037037037037035
hinges_regmult2,171,0.037037037037037035
hinges_regmult2,172,0.037037037037037035
hinges_regmult2,173,0.037037037037037035
hinges_regmult2,174,0.037037037037037035
hinges_regmult2,175,0.037037037037037035
hinges_regmult2,176,0.037037037037037035
hinges_regmult2,177,0.037037037037037035
hinges_regmult2,178,0.037037037037037035
hinges_regmult2,179,0.037037037037037035
hinges_regmult2,180,0.037037037037037035
hinges_regmult2,181,0.037037037037037035
hinges_regmult2,182,0.037037037037037035
hinges_regmult2,183,0.037037037037037035
hinges_regmult2,184,0.037037037037037035
hinges_regmult2,185,0.037037037037037035
hinges_regmult2,186,0.037037037037037035
hinges_regmult2,187,0.037037037037037035
hinges_regmult2,188,0.037037037037037035
hinges_regmult2,189,0.037037037037037035
hinges_regmult2,190,0.037037037037037035
hinges_regmult2,191,0.037037037037037035
hinges_regmult2,192,0.037037037037037035
hinges_regmult2,193,0.037037037037037035
hinges_regmult2,194,0.037037037037037035
hinges_regmult2,195,0.037037037037037035
hinges_regmult2,196,0.037037037037037035
hinges_regmult2,197,0.037037037037037035
hinges_regmult2,198,0.037037037037037035
hinges_regmult2,199,0.037276221068072067
hinges_regmult2,200,0.038086573699986678
hinges_regmult2,201,0.038932942004430822
hinges_regmult2,202,0.039817781595440617
hinges_regmult2,203,0.040743776516264811
hinges_regmult2,204,0.041713866433318737
hinges_regmult2,205,0.042731277809741147
hinges_regmult2,206,0.043799559754984681
hinges_regmult2,207,0.044922625389727883
hinges_regmult2,208,0.046104799742089135
hinges_regmult2,209,0.047133796051233884
hinges_regmult2,210,0.047668974957732056
hinges_regmult2,211,0.048266227237002773
hinges_regmult2,212,0.048932594561568767
hinges_regmult2,213,0.049676001062447961
hinges_regmult2,214,0.050432751286622939
hinges_regmult2,215,0.050945454968898171
hinges_regmult2,216,0.051247675560911622
hinges_regmult2,217,0.051642166288057248
hinges_regmult2,218,0.051825818098641681
hinges_regmult2,219,0.052047242319217098
hinges_regmult2,220,0.05170004265964534
hinges_regmult2,221,0.051174256347055108
hinges_regmult2,222,0.050735353829641547
hinges_regmult2,223,0.050080121322558312
hinges_regmult2,224,0.049210835092501806
hinges_regmult2,225,0.048454762816190447
hinges_regmult2,226,0.047630249399519313
hinges_regmult2,227,0.046624478744575489
hinges_regmult2,228,0.045608166001962137
hinges_regmult2,229,0.044648009553877183
hinges_regmult2,230,0.043622248567903886
hinges_regmult2,231,0.042164896375597172
hinges_regmult2,232,0.040405478246547874
hinges_regmult2,233,0.038823694610878638
hinges_regmult2,234,0.037529232682907775
hinges_regmult2,235,0.037037037037037035
hinges_regmult2,236,0.037037037037037035
hinges_regmult2,237,0.037037037037037035
hinges_regmult2,238,0.037037037037037035
hinges_regmult2,239,0.037037037037037035
hinges_regmult2,240,0.037037037037037035
hinges_regmult2,241,0.037037037037037035
hinges_regmult2,242,0.037037037037037035
hinges_regmult2,243,0.037037037037037035
hinges_regmult2,244,0.037037037037037035
hinges_regmult2,245,0.037037037037037035
hinges_regmult2,246,0.037037037037037035
hinges_regmult2,247,0.037037037037037035
hinges_regmult2,248,0.037037037037037035
hinges_regmult2,249,0.037037037037037035
hinges_regmult2,250,0.037037037037037035
hinges_regmult2,251,0.037037037037037035
hinges_regmult2,252,0.037037037037037035
hinges_regmult2,253,0.037037037037037035
hinges_regmult2,254,0.037037037037037035
hinges_regmult2,255,0.037037037037037035
hinges_regmult2,256,0.037037037037037035
hinges_regmult2,257,0.037037037037037035
hinges_regmult2,258,0.037037037037037035
hinges_regmult2,259,0.037037037037037035
hinges_regmult2,260,0.037037037037037035
hinges_regmult2,261,0.037037037037037035
hinges_regmult2,262,0.037037037037037035
hinges_regmult2,263,0.037037037037037035
hinges_regmult2,264,0.037037037037037035
hinges_regmult2,265,0.037037037037037035
hinges_regmult2,266,0.037037037037037035
hinges_regmult2,267,0.037037037037037035
hinges_regmult2,268,0.037037037037037035
hinges_regmult2,269,0.037037037037037035
hinges_regmult2,270,0.037037037037037035
hinges_regmult2,271,0.037037037037037035
hinges_regmult2,272,0.037037037037037035
hinges_regmult2,273,0.037037037037037035
hinges_regmult2,274,0.037037037037037035
hinges_regmult2,275,0.037591618076914704
hinges_regmult2,276,0.038737098779680047
hinges_regmult2,277,0.039791449172527263
hinges_regmult2,278,0.040626144413898911
hinges_regmult2,279,0.040979188507706855
hinges_regmult2,280,0.041123989609337358
hinges_regmult2,281,0.041359106054123997
hinges_regmult2,282,0.041567158909533587
hinges_regmult2,283,0.041576591976460894
hinges_regmult2,284,0.04102359338610604
hinges_regmult2,285,0.04046686567456189
hinges_regmult2,286,0.039971335403802342
hinges_regmult2,287,0.039531421497271631
hinges_regmult2,288,0.039142045522349213
hinges_regmult2,289,0.038798584634004922
hinges_regmult2,290,0.038274089515040494
hinges_regmult2,291,0.037732144733673867
hinges_regmult2,292,0.037227779324529885
hinges_regmult2,293,0.037037037037037035
hinges_regmult2,294,0.037037037037037035
hinges_regmult2,295,0.038177604359269826
hinges_regmult2,296,0.038972971116754615
hinges_regmult2,297,0.039802183268174925
hinges_regmult2,298,0.040667448121830901
hinges_regmult2,299,0.041571169191204925
hinges_regmult2,300,0.042237738231147674
hinges_regmult2,301,0.042885512040941744
hinges_regmult2,302,0.04357928770716369
hinges_regmult2,303,0.044322783552214244
hinges_regmult2,304,0.045120082860291864
hinges_regmult2,305,0.045975679076777708
hinges_regmult2,306,0.046894528094979182
hinges_regmult2,307,0.047472132892745794
hinges_regmult2,308,0.047430380063384625
hinges_regmult2,309,0.047424217377654905
hinges_regmult2,310,0.047482108619448592
hinges_regmult2,311,0.047615637053385194
hinges_regmult2,312,0.047838173221621969
hinges_regmult2,313,0.048157388512880227
hinges_regmult2,314,0.048012806593526185
hinges_regmult2,315,0.047500500414121266
hinges_regmult2,316,0.046962644469369944
hinges_regmult2,317,0.046471248169576568
hinges_regmult2,318,0.045822022726191965
hinges_regmult2,319,0.044864778233644015
hinges_regmult2,320,0.043861129213683236
hinges_regmult2,321,0.042829641245608813
hinges_regmult2,322,0.041947857971183847
hinges_regmult2,323,0.040962923294837486
hinges_regmult2,324,0.039890272996896022
hinges_regmult2,325,0.038789482257404105
hinges_regmult2,326,0.037536095941814951
hinges_regmult2,327,0.037037037037037035
hinges_regmult2,328,0.037037037037037035
hinges_regmult2,329,0.037037037037037035
hinges_regmult2,330,0.037037037037037035
hinges_regmult2,331,0.037037037037037035
hinges_regmult2,332,0.037037037037037035
hinges_regmult2,333,0.037037037037037035
hinges_regmult2,334,0.037037037037037035
hinges_regmult2,335,0.037037037037037035
hinges_regmult2,336,0.037037037037037035
hinges_regmult2,337,0.037037037037037035
hinges_regmult2,338,0.037037037037037035
hinges_regmult2,339,0.037037037037037035
hinges_regmult2,340,0.037037037037037035
hinges_regmult2,341,0.037037037037037035
hinges_regmult2,342,0.037037037037037035
hinges_regmult2,343,0.037037037037037035
hinges_regmult2,344,0.037037037037037035
hinges_regmult2,345,0.037037037037037035
hinges_regmult2,346,0.037037037037037035
hinges_regmult2,347,0.037037037037037035
hinges_regmult2,348,0.037037037037037035
hinges_regmult2,349,0.037037037037037035
hinges_regmult2,350,0.037037037037037035
hinges_regmult2,351,0.037037037037037035
hinges_regmult2,352,0.037037037037037035
hinges_regmult2,353,0.037037037037037035
hinges_regmult2,354,0.037037037037037035
hinges_regmult2,355,0.037037037037037035
hinges_regmult2,356,0.037037037037037035
hinges_regmult2,357,0.037037037037037035
hinges_regmult2,358,0.037037037037037035
hinges_regmult2,359,0.037037037037037035
hinges_regmult2,360,0.037037037037037035
hinges_regmult2,361,0.037037037037037035
hinges_regmult2,362,0.037562765806846692
hinges_regmult2,363,0.038859673925108806
hinges_regmult2,364,0.04023464158333645
hinges_regmult2,365,0.041646786392591811
hinges_regmult2,366,0.042880395102463525
hinges_regmult2,367,0.043825343337335315
hinges_regmult2,368,0.044750753689819095
hinges_regmult2,369,0.045641194335893892
hinges_regmult2,370,0.046609694864186355
hinges_regmult2,371,0.04726159399487407
hinges_regmult2,372,0.047686171730091993
hinges_regmult2,373,0.047919263377343313
hinges_regmult2,374,0.047846938376976511
hinges_regmult2,375,0.047787831671960851
hinges_regmult2,376,0.047390256525464122
hinges_regmult2,377,0.04708321354778628
hinges_regmult2,378,0.046854533920408309
hinges_regmult2,379,0.046443491865220447
hinges_regmult2,380,0.045777875256982334
hinges_regmult2,381,0.045180442799853643
hinges_regmult2,382,0.04464466529124466
hinges_regmult2,383,0.04416467142696677
hinges_regmult2,384,0.043735175280711136
hinges_regmult2,385,0.043351413089118308
hinges_regmult2,386,0.042687366851210724
hinges_regmult2,387,0.042058367922642406
hinges_regmult2,388,0.041470977819993086
hinges_regmult2,389,0.040667448121830908
hinges_regmult2,390,0.039802183268174925
hinges_regmult2,391,0.038972971116754608
hinges_regmult2,392,0.038177604359269826
hinges_regmult2,393,0.038380593475767624
hinges_regmult2,394,0.039180189173179454
hinges_regmult2,395,0.040013810219417308
hinges_regmult2,396,0.040883675658969859
hinges_regmult2,397,0.041605823003765634
hinges_regmult2,398,0.042197015921693955
hinges_regmult2,399,0.04282995976283431
hinges_regmult2,400,0.043507995634822383
hinges_regmult2,401,0.044234786586210301
hinges_regmult2,402,0.045014356369638527
hinges_regmult2,403,0.045851134096814426
hinges_regmult2,404,0.046672107509934585
hinges_regmult2,405,0.047335122095962294
hinges_regmult2,406,0.048069458786106245
hinges_regmult2,407,0.048611568254028445
hinges_regmult2,408,0.049068467634404353
hinges_regmult2,409,0.049278969248850758
hinges_regmult2,410,0.049132695954378969
hinges_regmult2,411,0.048926925038689638
hinges_regmult2,412,0.048805537346461127
hinges_regmult2,413,0.048788575220583066
hinges_regmult2,414,0.048796381968672482
hinges_regmult2,415,0.048820587857463349
hinges_regmult2,416,0.048427799432369197
hinges_regmult2,417,0.04809007481040585
hinges_regmult2,418,0.047547484333776778
hinges_regmult2,419,0.047145534312095547
hinges_regmult2,420,0.046433367060350152
hinges_regmult2,421,0.045365034304481182
hinges_regmult2,422,0.044330287351254431
hinges_regmult2,423,0.043188019287941887
hinges_regmult2,424,0.041939055889179934
hinges_regmult2,425,0.040741969508874057
hinges_regmult2,426,0.039648016490173986
hinges_regmult2,427,0.03841505026780237
hinges_regmult2,428,0.037136461116280599
hinges_regmult2,429,0.037037037037037035
hinges_regmult2,430,0.037037037037037035
hinges_regmult2,431,0.037037037037037035
hinges_regmult2,432,0.037037037037037035
hinges_regmult2,433,0.037037037037037035
hinges_regmult2,434,0.037037037037037035
hinges_regmult2,435,0.037037037037037035
hinges_regmult2,436,0.037037037037037035
hinges_regmult2,437,0.037037037037037035
hinges_regmult2,438,0.037037037037037035
hinges_regmult2,439,0.037037037037037035
hinges_regmult2,440,0.037037037037037035
hinges_regmult2,441,0.037037037037037035
hinges_regmult2,442,0.037037037037037035
hinges_regmult2,443,0.037037037037037035
hinges_regmult2,444,0.037037037037037035
hinges_regmult2,445,0.037037037037037035
hinges_regmult2,446,0.037037037037037035
hinges_regmult2,447,0.037037037037037035
hinges_regmult2,448,0.037037037037037035
hinges_regmult2,449,0.037037037037037035
hinges_regmult2,450,0.037037037037037035
hinges_regmult2,451,0.037037037037037035
hinges_regmult2,452,0.037037037037037035
hinges_regmult2,453,0.037037037037037035
hinges_regmult2,454,0.037037037037037035
hinges_regmult2,455,0.037037037037037035
hinges_regmult2,456,0.037037037037037035
hinges_regmult2,457,0.037037037037037035
hinges_regmult2,458,0.037037037037037035
hinges_regmult2,459,0.037037037037037035
hinges_regmult2,460,0.037037037037037035
hinges_regmult2,461,0.037484945108655403
hinges_regmult2,462,0.03908892502848705
hinges_regmult2,463,0.040611464946459126
hinges_regmult2,464,0.041723491212358028
hinges_regmult2,465,0.042869235396516291
hinges_regmult2,466,0.043780602550629613
hinges_regmult2,467,0.044745055340291329
hinges_regmult2,468,0.045279859556630074
hinges_regmult2,469,0.045386764216665439
hinges_regmult2,470,0.045593990362712181
hinges_regmult2,471,0.045667149964160575
hinges_regmult2,472,0.045650722374062737
hinges_regmult2,473,0.045733832382293234
hinges_regmult2,474,0.045866804676069475
hinges_regmult2,475,0.045677109914844277
hinges_regmult2,476,0.045466633749411581
hinges_regmult2,477,0.045191477568220131
hinges_regmult2,478,0.044835531621280143
hinges_regmult2,479,0.044486127737181975
hinges_regmult2,480,0.043951118400316513
hinges_regmult2,481,0.043472773957717134
hinges_regmult2,482,0.043045717040964923
hinges_regmult2,483,0.042665098135662244
hinges_regmult2,484,0.042326540246595858
hinges_regmult2,485,0.042026090116264056
hinges_regmult2,486,0.041760175037989768
hinges_regmult2,487,0.040883675658969859
hinges_regmult2,488,0.040013810219417315
hinges_regmult2,489,0.039180189173179447
hinges_regmult2,490,0.038380593475767624
hinges_regmult2,491,0.04535402773692461
hinges_regmult2,492,0.046298903314777207
hinges_regmult2,493,0.047283986364027787
hinges_regmult2,494,0.048311899111071872
hinges_regmult2,495,0.049158294052889864
hinges_regmult2,496,0.049938852676633276
hinges_regmult2,497,0.050767993278978497
hinges_regmult2,498,0.051649434326586828
hinges_regmult2,499,0.052587253841885159
hinges_regmult2,500,0.053515218717906994
hinges_regmult2,501,0.054264837523341831
hinges_regmult2,502,0.055079671200423348
hinges_regmult2,503,0.055965900594342172
hinges_regmult2,504,0.056930392495617439
hinges_regmult2,505,0.057832300997153065
hinges_regmult2,506,0.058395523630487604
hinges_regmult2,507,0.058556549807743177
hinges_regmult2,508,0.058709372426866205
hinges_regmult2,509,0.058938610672495319
hinges_regmult2,510,0.059257895446164367
hinges_regmult2,511,0.059602281273514156
hinges_regmult2,512,0.059744622419638592
hinges_regmult2,513,0.059748372912252885
hinges_regmult2,514,0.059402603941595154
hinges_regmult2,515,0.058902891937658755
hinges_regmult2,516,0.058483870373954916
hinges_regmult2,517,0.057779004991692619
hinges_regmult2,518,0.05699309068470941
hinges_regmult2,519,0.056186915414292354
hinges_regmult2,520,0.055305204378165398
hinges_regmult2,521,0.054469430813201422
hinges_regmult2,522,0.053539657648415111
hinges_regmult2,523,0.052263474205340277
hinges_regmult2,524,0.050757027787000086
hinges_regmult2,525,0.049103822431731066
hinges_regmult2,526,0.047326701408986163
hinges_regmult2,527,0.045499329232372682
hinges_regmult2,528,0.043530306705095001
hinges_regmult2,529,0.041723044186053736
hinges_regmult2,530,0.040378550909501001
hinges_regmult2,531,0.039120278911555902
hinges_regmult2,532,0.037651085744691115
hinges_regmult2,533,0.037037037037037035
hinges_regmult2,534,0.037037037037037035
hinges_regmult2,535,0.037037037037037035
hinges_regmult2,536,0.037037037037037035
hinges_regmult2,537,0.037037037037037035
hinges_regmult2,538,0.037037037037037035
hinges_regmult2,539,0.037037037037037035
hinges_regmult2,540,0.037037037037037035
hinges_regmult2,541,0.037037037037037035
hinges_regmult2,542,0.037037037037037035
hinges_regmult2,543,0.037037037037037035
hinges_regmult2,544,0.037037037037037035
hinges_regmult2,545,0.037037037037037035
hinges_regmult2,546,0.037037037037037035
hinges_regmult2,547,0.037037037037037035
hinges_regmult2,548,0.037037037037037035
hinges_regmult2,549,0.037037037037037035
hinges_regmult2,550,0.037037037037037035
hinges_regmult2,551,0.037037037037037035
hinges_regmult2,552,0.037037037037037035
hinges_regmult2,553,0.037037037037037035
hinges_regmult2,554,0.037037037037037035
hinges_regmult2,555,0.037037037037037035
hinges_regmult2,556,0.037037037037037035
hinges_regmult2,557,0.037037037037037035
hinges_regmult2,558,0.037851848370182593
hinges_regmult2,559,0.039379412192225925
hinges_regmult2,560,0.040730841747829698
hinges_regmult2,561,0.041982118652003707
hinges_regmult2,562,0.043043943366315396
hinges_regmult2,563,0.044067901168153976
hinges_regmult2,564,0.045177179318978231
hinges_regmult2,565,0.046085251669303412
hinges_regmult2,566,0.04698399037393116
hinges_regmult2,567,0.047869543676417714
hinges_regmult2,568,0.048699709115816239
hinges_regmult2,569,0.049521282257567481
hinges_regmult2,570,0.050216671385272797
hinges_regmult2,571,0.050627242249806172
hinges_regmult2,572,0.050903527094495971
hinges_regmult2,573,0.05112201853894497
hinges_regmult2,574,0.051324761317940101
hinges_regmult2,575,0.05151060112767062
hinges_regmult2,576,0.051617244201562593
hinges_regmult2,577,0.05177596623802222
hinges_regmult2,578,0.051962949322031424
hinges_regmult2,579,0.051658496161578443
hinges_regmult2,580,0.051047326064534257
hinges_regmult2,581,0.050300049002195091
hinges_regmult2,582,0.049612077945788029
hinges_regmult2,583,0.048978677409493791
hinges_regmult2,584,0.048395527038030385
hinges_regmult2,585,0.047858679825337952
hinges_regmult2,586,0.047194849849061034
hinges_regmult2,587,0.046298903314777214
hinges_regmult2,588,0.04535402773692461
hinges_regmult2,589,0.042710825378964076
hinges_regmult2,590,0.043316891139550576
hinges_regmult2,591,0.043960964154238245
hinges_regmult2,592,0.044645761036048857
hinges_regmult2,593,0.045345391384773601
hinges_regmult2,594,0.045861751409015959
hinges_regmult2,595,0.046426901415888608
hinges_regmult2,596,0.04686749324481862
hinges_regmult2,597,0.047220171566085281
hinges_regmult2,598,0.04747018371844141
hinges_regmult2,599,0.04778076805402752
hinges_regmult2,600,0.04808792204439289
hinges_regmult2,601,0.048322682527947775
hinges_regmult2,602,0.048531727952366134
hinges_regmult2,603,0.04864339944132224
hinges_regmult2,604,0.048560079967190702
hinges_regmult2,605,0.048324517298702657
hinges_regmult2,606,0.047834405112358841
hinges_regmult2,607,0.047232056194159183
hinges_regmult2,608,0.046534029509550899
hinges_regmult2,609,0.045815796499002248
hinges_regmult2,610,0.045106559547172152
hinges_regmult2,611,0.044420714387794324
hinges_regmult2,612,0.043779244349228023
hinges_regmult2,613,0.043086474519415378
hinges_regmult2,614,0.042268264100167825
hinges_regmult2,615,0.041560188324267618
hinges_regmult2,616,0.040825337181527865
hinges_regmult2,617,0.040015962878151172
hinges_regmult2,618,0.039213480199968759
hinges_regmult2,619,0.038382632986126493
hinges_regmult2,620,0.037561064871458529
hinges_regmult2,621,0.037037037037037035
hinges_regmult2,622,0.037037037037037035
hinges_regmult2,623,0.037037037037037035
hinges_regmult2,624,0.037037037037037035
hinges_regmult2,625,0.037037037037037035
hinges_regmult2,626,0.037037037037037035
hinges_regmult2,627,0.037037037037037035
hinges_regmult2,628,0.037037037037037035
hinges_regmult2,629,0.037037037037037035
hinges_regmult2,630,0.037037037037037035
hinges_regmult2,631,0.037037037037037035
hinges_regmult2,632,0.037037037037037035
hinges_regmult2,633,0.037037037037037035
hinges_regmult2,634,0.037037037037037035
hinges_regmult2,635,0.037037037037037035
hinges_regmult2,636,0.037037037037037035
hinges_regmult2,637,0.037037037037037035
hinges_regmult2,638,0.037037037037037042
hinges_regmult2,639,0.037037037037037042
hinges_regmult2,640,0.037037037037037042
hinges_regmult2,641,0.037037037037037035
hinges_regmult2,642,0.03763118046226524
hinges_regmult2,643,0.038788382231888442
hinges_regmult2,644,0.039936399854896616
hinges_regmult2,645,0.041282650977292501
hinges_regmult2,646,0.0427894271181695
hinges_regmult2,647,0.044412467828772242
hinges_regmult2,648,0.045918760840003701
hinges_regmult2,649,0.04732021332338196
hinges_regmult2,650,0.048634338291071194
hinges_regmult2,651,0.049830943346928461
hinges_regmult2,652,0.050854243764168271
hinges_regmult2,653,0.051798014609268445
hinges_regmult2,654,0.052526376704945629
hinges_regmult2,655,0.053277281684394738
hinges_regmult2,656,0.054004049775459556
hinges_regmult2,657,0.054750924676096324
hinges_regmult2,658,0.055529926591132699
hinges_regmult2,659,0.056272321454300299
hinges_regmult2,660,0.05698457285474326
hinges_regmult2,661,0.057423507472292662
hinges_regmult2,662,0.057541579311581693
hinges_regmult2,663,0.057719537755436257
hinges_regmult2,664,0.057622998673286845
hinges_regmult2,665,0.057256850143578654
hinges_regmult2,666,0.056787809842327536
hinges_regmult2,667,0.056176917909856225
hinges_regmult2,668,0.055574393452921131
hinges_regmult2,669,0.054907258721571629
hinges_regmult2,670,0.054189911635393669
hinges_regmult2,671,0.053321792399026506
hinges_regmult2,672,0.052457729420162406
hinges_regmult2,673,0.051673116716518697
hinges_regmult2,674,0.050960333726393067
hinges_regmult2,675,0.050312572543507926
hinges_regmult2,676,0.049723739160328476
hinges_regmult2,677,0.049188368753350191
hinges_regmult2,678,0.048701552647446841
hinges_regmult2,679,0.04825887505696666
hinges_regmult2,680,0.047568765899109841
hinges_regmult2,681,0.046852818110298365
hinges_regmult2,682,0.046180599828016825
hinges_regmult2,683,0.045496313990635646
hinges_regmult2,684,0.044528307309983826
hinges_regmult2,685,0.04360063424102583
hinges_regmult2,686,0.042710825378964076
hinges_regmult2,687,0.037037037037037035
hinges_regmult2,688,0.037037037037037035
hinges_regmult2,689,0.037037037037037035
hinges_regmult2,690,0.037037037037037035
hinges_regmult2,691,0.037037037037037035
hinges_regmult2,692,0.037037037037037035
hinges_regmult2,693,0.037037037037037035
hinges_regmult2,694,0.037287595479694097
hinges_regmult2,695,0.038197049027979317
hinges_regmult2,696,0.039151975253678792
hinges_regmult2,697,0.040155872055055178
hinges_regmult2,698,0.041212605530188205
hinges_regmult2,699,0.042326459733706814
hinges_regmult2,700,0.04331867196703458
hinges_regmult2,701,0.044267175087652849
hinges_regmult2,702,0.045100996600947546
hinges_regmult2,703,0.045748644798900728
hinges_regmult2,704,0.046439682526726013
hinges_regmult2,705,0.046735157608310339
hinges_regmult2,706,0.04652573688788323
hinges_regmult2,707,0.04593719892132285
hinges_regmult2,708,0.044949223614531873
hinges_regmult2,709,0.043820131666156774
hinges_regmult2,710,0.042551465797920907
hinges_regmult2,711,0.041324931911805605
hinges_regmult2,712,0.039930980946903276
hinges_regmult2,713,0.038392767953172598
hinges_regmult2,714,0.037037037037037035
hinges_regmult2,715,0.037037037037037035
hinges_regmult2,716,0.037037037037037035
hinges_regmult2,717,0.037037037037037035
hinges_regmult2,718,0.037037037037037035
hinges_regmult2,719,0.037037037037037035
hinges_regmult2,720,0.037037037037037035
hinges_regmult2,721,0.037037037037037035
hinges_regmult2,722,0.037037037037037035
hinges_regmult2,723,0.037037037037037035
hinges_regmult2,724,0.037037037037037035
hinges_regmult2,725,0.037037037037037035
hinges_regmult2,726,0.037037037037037035
hinges_regmult2,727,0.037037037037037035
hinges_regmult2,728,0.037037037037037035
hinges_regmult2,729,0.037037037037037035
hinges_regmult2,730,0.037037037037037035
hinges_regmult2,731,0.037037037037037035
hinges_regmult2,732,0.037037037037037035
hinges_regmult2,733,0.037037037037037035
hinges_regmult2,734,0.037037037037037035
hinges_regmult2,735,0.037037037037037035
hinges_regmult2,736,0.037037037037037035
hinges_regmult2,737,0.037037037037037035
hinges_regmult2,738,0.037037037037037035
hinges_regmult2,739,0.037037037037037035
hinges_regmult2,740,0.037037037037037035
hinges_regmult2,741,0.037037037037037035
hinges_regmult2,742,0.037037037037037035
hinges_regmult2,743,0.037037037037037035
hinges_regmult2,744,0.037037037037037035
hinges_regmult2,745,0.037037037037037035
hinges_regmult2,746,0.037037037037037035
hinges_regmult2,747,0.037037037037037035
hinges_regmult2,748,0.037037037037037035
hinges_regmult2,749,0.037037037037037035
hinges_regmult2,750,0.037037037037037035
hinges_regmult2,751,0.037037037037037035
hinges_regmult2,752,0.037037037037037035
hinges_regmult2,753,0.037037037037037035
hinges_regmult2,754,0.037037037037037035
hinges_regmult2,755,0.037037037037037035
hinges_regmult2,756,0.037037037037037035
hinges_regmult2,757,0.037037037037037035
hinges_regmult2,758,0.037037037037037035
hinges_regmult2,759,0.037037037037037035
hinges_regmult2,760,0.037037037037037035
hinges_regmult2,761,0.037037037037037035
hinges_regmult2,762,0.037037037037037035
hinges_regmult2,763,0.037037037037037035
hinges_regmult2,764,0.037037037037037035
hinges_regmult2,765,0.03775246044320444
hinges_regmult2,766,0.038578772375336072
hinges_regmult2,767,0.039197210832309572
hinges_regmult2,768,0.039600744291231435
hinges_regmult2,769,0.039968760925843692
hinges_regmult2,770,0.040378220952139894
hinges_regmult2,771,0.040557907106386563
hinges_regmult2,772,0.040732974721136232
hinges_regmult2,773,0.040656426391836697
hinges_regmult2,774,0.040024415904082768
hinges_regmult2,775,0.039151975253678799
hinges_regmult2,776,0.038197049027979317
hinges_regmult2,777,0.037287595479694097
hinges_regmult2,778,0.037037037037037035
hinges_regmult2,779,0.037037037037037035
hinges_regmult2,780,0.037037037037037035
hinges_regmult2,781,0.037037037037037035
hinges_regmult2,782,0.037037037037037035
hinges_regmult2,783,0.037037037037037035
hinges_regmult2,784,0.037037037037037035
hinges_regmult2,785,0.039344532367004387
hinges_regmult2,786,0.04016421012465031
hinges_regmult2,787,0.041018767786876915
hinges_regmult2,788,0.041910480130069885
hinges_regmult2,789,0.042841824132960331
hinges_regmult2,790,0.043815501954163984
hinges_regmult2,791,0.044834467115888725
hinges_regmult2,792,0.045901954428171778
hinges_regmult2,793,0.047021514292273532
hinges_regmult2,794,0.048197052149580373
hinges_regmult2,795,0.049432873999569617
hinges_regmult2,796,0.050590249298387922
hinges_regmult2,797,0.051436860108170813
hinges_regmult2,798,0.052153123975918599
hinges_regmult2,799,0.052404838984677994
hinges_regmult2,800,0.052720202060001498
hinges_regmult2,801,0.053108589957541898
hinges_regmult2,802,0.053580730588414914
hinges_regmult2,803,0.054148898896823033
hinges_regmult2,804,0.054398611052499365
hinges_regmult2,805,0.054606581051420133
hinges_regmult2,806,0.054715540202147563
hinges_regmult2,807,0.054519984219329888
hinges_regmult2,808,0.054210648096978752
hinges_regmult2,809,0.053579760204706339
hinges_regmult2,810,0.052700174794246164
hinges_regmult2,811,0.051865521320367168
hinges_regmult2,812,0.051022277016432027
hinges_regmult2,813,0.050134920617552606
hinges_regmult2,814,0.049399808492913776
hinges_regmult2,815,0.048644152913009726
hinges_regmult2,816,0.047849224180493095
hinges_regmult2,817,0.046948424372768721
hinges_regmult2,818,0.045860251969068212
hinges_regmult2,819,0.044632266538418244
hinges_regmult2,820,0.043330934035331357
hinges_regmult2,821,0.042209249241811117
hinges_regmult2,822,0.041276073272948459
hinges_regmult2,823,0.040303627673445946
hinges_regmult2,824,0.039301119348918279
hinges_regmult2,825,0.038484030118300525
hinges_regmult2,826,0.037769756814860091
hinges_regmult2,827,0.037177492020478535
hinges_regmult2,828,0.037037037037037042
hinges_regmult2,829,0.037037037037037042
hinges_regmult2,830,0.037037037037037042
hinges_regmult2,831,0.037037037037037042
hinges_regmult2,832,0.037037037037037042
hinges_regmult2,833,0.037037037037037042
hinges_regmult2,834,0.037037037037037035
hinges_regmult2,835,0.037037037037037035
hinges_regmult2,836,0.037037037037037035
hinges_regmult2,837,0.037037037037037035
hinges_regmult2,838,0.037037037037037035
hinges_regmult2,839,0.037037037037037035
hinges_regmult2,840,0.037037037037037035
hinges_regmult2,841,0.037037037037037035
hinges_regmult2,842,0.037037037037037035
hinges_regmult2,843,0.037037037037037035
hinges_regmult2,844,0.037037037037037035
hinges_regmult2,845,0.037037037037037035
hinges_regmult2,846,0.037037037037037035
hinges_regmult2,847,0.037037037037037035
hinges_regmult2,848,0.037037037037037035
hinges_regmult2,849,0.037037037037037035
hinges_regmult2,850,0.037037037037037035
hinges_regmult2,851,0.037037037037037035
hinges_regmult2,852,0.037037037037037035
hinges_regmult2,853,0.037037037037037035
hinges_regmult2,854,0.037037037037037035
hinges_regmult2,855,0.037037037037037035
hinges_regmult2,856,0.037037037037037035
hinges_regmult2,857,0.037037037037037035
hinges_regmult2,858,0.037037037037037035
hinges_regmult2,859,0.037948530450679328
hinges_regmult2,860,0.039345807052881716
hinges_regmult2,861,0.040665136112176821
hinges_regmult2,862,0.042000697857751873
hinges_regmult2,863,0.043142302296282929
hinges_regmult2,864,0.044098706026201542
hinges_regmult2,865,0.044778023052369879
hinges_regmult2,866,0.045132945036357855
hinges_regmult2,867,0.045253517693271302
hinges_regmult2,868,0.045283219844485523
hinges_regmult2,869,0.045387916205963073
hinges_regmult2,870,0.045383391180391579
hinges_regmult2,871,0.04510165880725605
hinges_regmult2,872,0.044689131535326138
hinges_regmult2,873,0.044338930745859824
hinges_regmult2,874,0.04383123710186073
hinges_regmult2,875,0.043329616314888894
hinges_regmult2,876,0.042859945152217561
hinges_regmult2,877,0.042171606418723064
hinges_regmult2,878,0.041528295081584295
hinges_regmult2,879,0.040926777042420016
hinges_regmult2,880,0.040364088152847158
hinges_regmult2,881,0.039837507237097315
hinges_regmult2,882,0.039344532367004387
hinges_regmult2,883,0.043798565853054493
hinges_regmult2,884,0.044552583263079405
hinges_regmult2,885,0.045197102634695958
hinges_regmult2,886,0.045881680795085276
hinges_regmult2,887,0.046609229542616468
hinges_regmult2,888,0.047382921315094473
hinges_regmult2,889,0.048043233507077163
hinges_regmult2,890,0.04836356848242656
hinges_regmult2,891,0.048731306822714822
hinges_regmult2,892,0.04903457222696414
hinges_regmult2,893,0.049241848003153607
hinges_regmult2,894,0.049504494627348454
hinges_regmult2,895,0.049829918876119574
hinges_regmult2,896,0.050226455868080021
hinges_regmult2,897,0.05049064800987027
hinges_regmult2,898,0.050807851746636976
hinges_regmult2,899,0.05122011734260707
hinges_regmult2,900,0.051741628898359933
hinges_regmult2,901,0.052345221653322949
hinges_regmult2,902,0.052748726204611227
hinges_regmult2,903,0.052992737204066477
hinges_regmult2,904,0.053124151521939618
hinges_regmult2,905,0.053023878257089103
hinges_regmult2,906,0.052623862562149806
hinges_regmult2,907,0.051967064905997541
hinges_regmult2,908,0.051113877244624024
hinges_regmult2,909,0.050290778391045593
hinges_regmult2,910,0.049374675752206665
hinges_regmult2,911,0.048449517259009409
hinges_regmult2,912,0.047571440739118426
hinges_regmult2,913,0.046780631243121429
hinges_regmult2,914,0.046134547040659175
hinges_regmult2,915,0.04542713481549511
hinges_regmult2,916,0.044748977126918832
hinges_regmult2,917,0.043952343577375132
hinges_regmult2,918,0.043006943855795628
hinges_regmult2,919,0.041990597514815396
hinges_regmult2,920,0.040913302676457201
hinges_regmult2,921,0.039802978044600534
hinges_regmult2,922,0.038723510865716064
hinges_regmult2,923,0.037810749545505284
hinges_regmult2,924,0.037267723896899398
hinges_regmult2,925,0.037037037037037035
hinges_regmult2,926,0.037037037037037042
hinges_regmult2,927,0.037037037037037042
hinges_regmult2,928,0.037037037037037042
hinges_regmult2,929,0.037037037037037042
hinges_regmult2,930,0.037037037037037042
hinges_regmult2,931,0.037037037037037042
hinges_regmult2,932,0.037037037037037035
hinges_regmult2,933,0.037037037037037035
hinges_regmult2,934,0.037037037037037035
hinges_regmult2,935,0.037037037037037035
hinges_regmult2,936,0.037037037037037035
hinges_regmult2,937,0.037037037037037035
hinges_regmult2,938,0.037037037037037035
hinges_regmult2,939,0.037042932323819125
hinges_regmult2,940,0.038785939798797062
hinges_regmult2,941,0.040552955403101422
hinges_regmult2,942,0.042325370211114426
hinges_regmult2,943,0.043999782148113925
hinges_regmult2,944,0.045541210909885103
hinges_regmult2,945,0.046822788301435506
hinges_regmult2,946,0.048077604185593661
hinges_regmult2,947,0.049294120968995915
hinges_regmult2,948,0.05045274429493956
hinges_regmult2,949,0.05150822519571157
hinges_regmult2,950,0.0522822260043347
hinges_regmult2,951,0.052866600605204053
hinges_regmult2,952,0.053349536524851505
hinges_regmult2,953,0.053581020150640334
hinges_regmult2,954,0.053523011663671745
hinges_regmult2,955,0.053265673201776248
hinges_regmult2,956,0.05291598953828152
hinges_regmult2,957,0.052762736039114799
hinges_regmult2,958,0.052572640593368421
hinges_regmult2,959,0.052480357298676616
hinges_regmult2,960,0.052505238593837288
hinges_regmult2,961,0.052624740973333944
hinges_regmult2,962,0.052820133336814581
hinges_regmult2,963,0.052673801433077122
hinges_regmult2,964,0.052471913225566116
hinges_regmult2,965,0.051947185081890349
hinges_regmult2,966,0.051337251893730111
hinges_regmult2,967,0.050804694767340446
hinges_regmult2,968,0.050341047804011704
hinges_regmult2,969,0.049938792528398265
hinges_regmult2,970,0.049591246794694815
hinges_regmult2,971,0.049292467857132691
hinges_regmult2,972,0.048951608450693004
hinges_regmult2,973,0.048424226882352824
hinges_regmult2,974,0.047702054023338769
hinges_regmult2,975,0.04694670889954658
hinges_regmult2,976,0.046237351630777364
hinges_regmult2,977,0.045570721805590214
hinges_regmult2,978,0.044943834866143603
hinges_regmult2,979,0.044353954071496983
hinges_regmult2,980,0.043798565853054493
hinges_regmult2,981,0.047019771150283447
hinges_regmult2,982,0.047999349715914352
hinges_regmult2,983,0.049020612475827424
hinges_regmult2,984,0.050086277964432373
hinges_regmult2,985,0.051073148369401571
hinges_regmult2,986,0.051947203385496757
hinges_regmult2,987,0.052862153149194097
hinges_regmult2,988,0.053569137689429669
hinges_regmult2,989,0.054157345502565235
hinges_regmult2,990,0.054707626150867848
hinges_regmult2,991,0.055319001441726301
hinges_regmult2,992,0.055955303007579747
hinges_regmult2,993,0.056448973646992633
hinges_regmult2,994,0.057016553024676106
hinges_regmult2,995,0.057666935690118104
hinges_regmult2,996,0.058410110858291078
hinges_regmult2,997,0.059232579112040516
hinges_regmult2,998,0.059793405981889002
hinges_regmult2,999,0.060035842968392358
hinges_regmult2,1000,0.060106139133651676
hinges_regmult2,1001,0.060283769131036079
hinges_regmult2,1002,0.060531467785411172
hinges_regmult2,1003,0.060628465663173446
hinges_regmult2,1004,0.060494291658638566
hinges_regmult2,1005,0.059925561981051395
hinges_regmult2,1006,0.059268226560937366
hinges_regmult2,1007,0.058461983251913666
hinges_regmult2,1008,0.057674859105907174
hinges_regmult2,1009,0.056859932935283103
hinges_regmult2,1010,0.055955056521487953
hinges_regmult2,1011,0.054932562820786936
hinges_regmult2,1012,0.053861838394634057
hinges_regmult2,1013,0.052649243740710013
hinges_regmult2,1014,0.051350063884375408
hinges_regmult2,1015,0.050054974140732685
hinges_regmult2,1016,0.048664596330344485
hinges_regmult2,1017,0.047166039203302521
hinges_regmult2,1018,0.045723083085743153
hinges_regmult2,1019,0.044292399940973622
hinges_regmult2,1020,0.042776814849882355
hinges_regmult2,1021,0.041165864901169927
hinges_regmult2,1022,0.039678079175229593
hinges_regmult2,1023,0.038155427603436577
hinges_regmult2,1024,0.037085088081813315
hinges_regmult2,1025,0.037037037037037042
hinges_regmult2,1026,0.037037037037037042
hinges_regmult2,1027,0.037037037037037042
hinges_regmult2,1028,0.037037037037037042
hinges_regmult2,1029,0.037037037037037042
hinges_regmult2,1030,0.037037037037037035
hinges_regmult2,1031,0.037037037037037035
hinges_regmult2,1032,0.037037037037037035
hinges_regmult2,1033,0.037037037037037035
hinges_regmult2,1034,0.037037037037037035
hinges_regmult2,1035,0.037037037037037035
hinges_regmult2,1036,0.037037037037037035
hinges_regmult2,1037,0.037037037037037035
hinges_regmult2,1038,0.037037037037037035
hinges_regmult2,1039,0.037037037037037035
hinges_regmult2,1040,0.037037037037037035
hinges_regmult2,1041,0.037037037037037035
hinges_regmult2,1042,0.037037037037037035
hinges_regmult2,1043,0.037957667945454666
hinges_regmult2,1044,0.03977305303249485
hinges_regmult2,1045,0.041399427294365083
hinges_regmult2,1046,0.042681640007192337
hinges_regmult2,1047,0.043723217293341457
hinges_regmult2,1048,0.044745793212162571
hinges_regmult2,1049,0.045915006364266861
hinges_regmult2,1050,0.047106947631366074
hinges_regmult2,1051,0.048107106319188096
hinges_regmult2,1052,0.048854467404971784
hinges_regmult2,1053,0.049218455017848162
hinges_regmult2,1054,0.04962456311205251
hinges_regmult2,1055,0.049969107715976825
hinges_regmult2,1056,0.050429211899120446
hinges_regmult2,1057,0.050893278852742599
hinges_regmult2,1058,0.051299378894463982
hinges_regmult2,1059,0.051604777409968904
hinges_regmult2,1060,0.051918745828183385
hinges_regmult2,1061,0.052116159196536824
hinges_regmult2,1062,0.052308687180212296
hinges_regmult2,1063,0.05255523695027231
hinges_regmult2,1064,0.052699180717664773
hinges_regmult2,1065,0.052783863640636815
hinges_regmult2,1066,0.052912859338386631
hinges_regmult2,1067,0.052927049671036501
hinges_regmult2,1068,0.052761702281955578
hinges_regmult2,1069,0.052500361909409939
hinges_regmult2,1070,0.052211549996057184
hinges_regmult2,1071,0.051778025755663967
hinges_regmult2,1072,0.051392480787203293
hinges_regmult2,1073,0.050805982453073363
hinges_regmult2,1074,0.049958027519001511
hinges_regmult2,1075,0.049158591012422266
hinges_regmult2,1076,0.048404377768509102
hinges_regmult2,1077,0.047692364208158672
hinges_regmult2,1078,0.047019771150283447
lq_regmult05,1,0.02984696828911616
lq_regmult05,2,0.026265025215808098
lq_regmult05,3,0.027125665560610319
lq_regmult05,4,0.030581071631683072
lq_regmult05,5,0.032193169430938785
lq_regmult05,6,0.031576527719398957
lq_regmult05,7,0.034188964372466796
lq_regmult05,8,0.026632370868145634
lq_regmult05,9,0.032467162586296838
lq_regmult05,10,0.030542195429369406
lq_regmult05,11,0.043374010005320339
lq_regmult05,12,0.48416397792140392
lq_regmult05,13,0.4486202711007693
lq_regmult05,14,0.42701605739469178
lq_regmult05,15,0.46988470939042815
lq_regmult05,16,0.46910638339232269
lq_regmult05,17,0.41840381830893653
lq_regmult05,18,0.42535315815446001
lq_regmult05,19,0.28903942227719215
lq_regmult05,20,0.29423201333807086
lq_regmult05,21,0.23688145436183336
lq_regmult05,22,0.28076058733401205
l_no_samples,1,0.062081694041361601
l_no_samples,2,0.054631252448880827
l_no_samples,3,0.056421384366069451
l_no_samples,4,0.063608628993900768
l_no_samples,5,0.066961792416352667
l_no_samples,6,0.065679177656349827
l_no_samples,7,0.071113045894730914
l_no_samples,8,0.055395331405742911
l_no_samples,9,0.067531698179497404
l_no_samples,10,0.063527766493088347
l_no_samples,11,0.09021794081106628
lqh_duplicate,1,0.059693936578232319
lqh_duplicate,2,0.052530050431616196
lqh_duplicate,3,0.054251331121220638
lqh_duplicate,4,0.061162143263366144
lqh_duplicate,5,0.064386338861877571
lqh_duplicate,6,0.063153055438797914
lqh_duplicate,7,0.068377928744933592
lqh_duplicate,8,0.053264741736291268
lqh_duplicate,9,0.064934325172593677
lqh_duplicate,10,0.061084390858738812
lqh_duplicate,11,0.086748020010640678
lqh_duplicate,12,0.96832795584280784
lqh_duplicate,13,0.89724054220153859
lqh_duplicate,14,0.85403211478938357
lqh_duplicate,15,0.93976941878085629
lqh_duplicate,16,0.93821276678464538
lqh_duplicate,17,0.83680763661787305
lqh_duplicate,18,0.85070631630892002
lqh_duplicate,19,0.5780788445543843
lqh_duplicate,20,0.58846402667614173
lqh_duplicate,21,0.47376290872366672
lqh_duplicate,22,0.56152117466802409
lqh_duplicate,23,0.018518518518518517
lqh_duplicate,24,0.018518518518518517
lqh_duplicate,25,0.018518518518518517
lqh_duplicate,26,0.018518518518518517
lqh_duplicate,27,0.018518518518518517
lqh_duplicate,28,0.018518518518518517
lqh_duplicate,29,0.01864909427705733
lqh_duplicate,30,0.019093120331272983
lqh_duplicate,31,0.019558806193011348
lqh_duplicate,32,0.020015609284566884
lqh_duplicate,33,0.020281936772856706
lqh_duplicate,34,0.02044219716844109
lqh_duplicate,35,0.020533424538239784
lqh_duplicate,36,0.020557456278695589
lqh_duplicate,37,0.020605171142144163
lqh_duplicate,38,0.020680509617724743
lqh_duplicate,39,0.02078800062205044
lqh_duplicate,40,0.02093284152859845
lqh_duplicate,41,0.020977273947998289
lqh_duplicate,42,0.020949370026880465
lqh_duplicate,43,0.020772784872689777
lqh_duplicate,44,0.020456935523805096
lqh_duplicate,45,0.020031380033158974
lqh_duplicate,46,0.019647335874386249
lqh_duplicate,47,0.019229135528353793
lqh_duplicate,48,0.018688502729033846
lqh_duplicate,49,0.018518518518518517
lqh_duplicate,50,0.018518518518518517
lqh_duplicate,51,0.018518518518518517
lqh_duplicate,52,0.018518518518518517
lqh_duplicate,53,0.018518518518518517
lqh_duplicate,54,0.018518518518518517
lqh_duplicate,55,0.018518518518518517
lqh_duplicate,56,0.018518518518518517
lqh_duplicate,57,0.018518518518518517
lqh_duplicate,58,0.018518518518518517
lqh_duplicate,59,0.018518518518518517
lqh_duplicate,60,0.018518518518518517
lqh_duplicate,61,0.018518518518518517
lqh_duplicate,62,0.018518518518518517
lqh_duplicate,63,0.018518518518518517
lqh_duplicate,64,0.018518518518518517
lqh_duplicate,65,0.018518518518518517
lqh_duplicate,66,0.018518518518518517
lqh_duplicate,67,0.018518518518518517
lqh_duplicate,68,0.018518518518518517
lqh_duplicate,69,0.018518518518518517
lqh_duplicate,70,0.018518518518518517
lqh_duplicate,71,0.018518518518518517
lqh_duplicate,72,0.018518518518518517
lqh_duplicate,73,0.018518518518518517
lqh_duplicate,74,0.018518518518518517
lqh_duplicate,75,0.018518518518518517
lqh_duplicate,76,0.018518518518518517
lqh_duplicate,77,0.018518518518518517
lqh_duplicate,78,0.018518518518518517
lqh_duplicate,79,0.018518518518518517
lqh_duplicate,80,0.018518518518518517
lqh_duplicate,81,0.018518518518518517
lqh_duplicate,82,0.018518518518518517
lqh_duplicate,83,0.018518518518518517
lqh_duplicate,84,0.018518518518518517
lqh_duplicate,85,0.018518518518518517
lqh_duplicate,86,0.018518518518518517
lqh_duplicate,87,0.018518518518518517
lqh_duplicate,88,0.018518518518518517
lqh_duplicate,89,0.018518518518518517
lqh_duplicate,90,0.018518518518518517
lqh_duplicate,91,0.018518518518518517
lqh_duplicate,92,0.018518518518518517
lqh_duplicate,93,0.018518518518518517
lqh_duplicate,94,0.018518518518518517
lqh_duplicate,95,0.018518518518518517
lqh_duplicate,96,0.019143446868121961
lqh_duplicate,97,0.019757065452688318
lqh_duplicate,98,0.020394831221429946
lqh_duplicate,99,0.0209712165290761
lqh_duplicate,100,0.021327676148380621
lqh_duplicate,101,0.021396781994596641
lqh_duplicate,102,0.021324565236937924
lqh_duplicate,103,0.021306163682145149
lqh_duplicate,104,0.021216281174951602
lqh_duplicate,105,0.021074286687568319
lqh_duplicate,106,0.020977208478200098
lqh_duplicate,107,0.020803582665415515
lqh_duplicate,108,0.020536764319752307
lqh_duplicate,109,0.020282746265104963
lqh_duplicate,110,0.020059495152838329
lqh_duplicate,111,0.019724726472244398
lqh_duplicate,112,0.019402880949438886
lqh_duplicate,113,0.019093120331272986
lqh_duplicate,114,0.01864909427705733
lqh_duplicate,115,0.018518518518518517
lqh_duplicate,116,0.018518518518518517
lqh_duplicate,117,0.018518518518518517
lqh_duplicate,118,0.018518518518518517
lqh_duplicate,119,0.018518518518518517
lqh_duplicate,120,0.018518518518518517
lqh_duplicate,121,0.018518518518518517
lqh_duplicate,122,0.018518518518518517
lqh_duplicate,123,0.018518518518518517
lqh_duplicate,124,0.018518518518518517
lqh_duplicate,125,0.018518518518518517
lqh_duplicate,126,0.018518518518518517
lqh_duplicate,127,0.018518518518518517
lqh_duplicate,128,0.018518518518518517
lqh_duplicate,129,0.018518518518518517
lqh_duplicate,130,0.018518518518518517
lqh_duplicate,131,0.018518518518518517
lqh_duplicate,132,0.018518518518518517
lqh_duplicate,133,0.018518518518518517
lqh_duplicate,134,0.018605096057889216
lqh_duplicate,135,0.019136670230971764
lqh_duplicate,136,0.01969951347305917
lqh_duplicate,137,0.020296468426788235
lqh_duplicate,138,0.02088502112869459
lqh_duplicate,139,0.021338290667123411
lqh_duplicate,140,0.021836856599388398
lqh_duplicate,141,0.022319043321005375
lqh_duplicate,142,0.022723710067923925
lqh_duplicate,143,0.023190241855649486
lqh_duplicate,144,0.023571510759367191
lqh_duplicate,145,0.023893262471372453
lqh_duplicate,146,0.024028155060367849
lqh_duplicate,147,0.023888865667257453
lqh_duplicate,148,0.023608580221180678
lqh_duplicate,149,0.023141344265131838
lqh_duplicate,150,0.022583144330244102
lqh_duplicate,151,0.021946145162872643
lqh_duplicate,152,0.0212699475535441
lqh_duplicate,153,0.020261911745578058
lqh_duplicate,154,0.018992397053267277
lqh_duplicate,155,0.018518518518518517
lqh_duplicate,156,0.018518518518518517
lqh_duplicate,157,0.018518518518518517
lqh_duplicate,158,0.018518518518518517
lqh_duplicate,159,0.018518518518518517
lqh_duplicate,160,0.018518518518518517
lqh_duplicate,161,0.018518518518518517
lqh_duplicate,162,0.018518518518518517
lqh_duplicate,163,0.018518518518518517
lqh_duplicate,164,0.018518518518518517
lqh_duplicate,165,0.018518518518518517
lqh_duplicate,166,0.018518518518518517
lqh_duplicate,167,0.018518518518518517
lqh_duplicate,168,0.018518518518518517
lqh_duplicate,169,0.018518518518518517
lqh_duplicate,170,0.018518518518518517
lqh_duplicate,171,0.018518518518518517
lqh_duplicate,172,0.018518518518518517
lqh_duplicate,173,0.018518518518518517
lqh_duplicate,174,0.018518518518518517
lqh_duplicate,175,0.018518518518518517
lqh_duplicate,176,0.018518518518518517
lqh_duplicate,177,0.018518518518518517
lqh_duplicate,178,0.018518518518518517
lqh_duplicate,179,0.018518518518518517
lqh_duplicate,180,0.018518518518518517
lqh_duplicate,181,0.018518518518518517
lqh_duplicate,182,0.018518518518518517
lqh_duplicate,183,0.018518518518518517
lqh_duplicate,184,0.018518518518518517
lqh_duplicate,185,0.018518518518518517
lqh_duplicate,186,0.018518518518518517
lqh_duplicate,187,0.018518518518518517
lqh_duplicate,188,0.018518518518518517
lqh_duplicate,189,0.018518518518518517
lqh_duplicate,190,0.018518518518518517
lqh_duplicate,191,0.018518518518518517
lqh_duplicate,192,0.018518518518518517
lqh_duplicate,193,0.018518518518518517
lqh_duplicate,194,0.018518518518518517
lqh_duplicate,195,0.018518518518518517
lqh_duplicate,196,0.018518518518518517
lqh_duplicate,197,0.018518518518518517
lqh_duplicate,198,0.018518518518518517
lqh_duplicate,199,0.018518518518518517
lqh_duplicate,200,0.018518518518518517
lqh_duplicate,201,0.018518518518518517
lqh_duplicate,202,0.018518518518518517
lqh_duplicate,203,0.018518518518518517
lqh_duplicate,204,0.018518518518518517
lqh_duplicate,205,0.018518518518518517
lqh_duplicate,206,0.018518518518518517
lqh_duplicate,207,0.018518518518518517
lqh_duplicate,208,0.018518518518518517
lqh_duplicate,209,0.018518518518518517
lqh_duplicate,210,0.018518518518518517
lqh_duplicate,211,0.018518518518518517
lqh_duplicate,212,0.018518518518518517
lqh_duplicate,213,0.018518518518518517
lqh_duplicate,214,0.018518518518518517
lqh_duplicate,215,0.018518518518518517
lqh_duplicate,216,0.018518518518518517
lqh_duplicate,217,0.018518518518518517
lqh_duplicate,218,0.018518518518518517
lqh_duplicate,219,0.018518518518518517
lqh_duplicate,220,0.018518518518518517
lqh_duplicate,221,0.018638110534036034
lqh_duplicate,222,0.019043286849993339
lqh_duplicate,223,0.019466471002215411
lqh_duplicate,224,0.019908890797720308
lqh_duplicate,225,0.020371888258132406
lqh_duplicate,226,0.020856933216659369
lqh_duplicate,227,0.021365638904870574
lqh_duplicate,228,0.02189977987749234
lqh_duplicate,229,0.022461312694863941
lqh_duplicate,230,0.023052399871044568
lqh_duplicate,231,0.023566898025616942
lqh_duplicate,232,0.023834487478866028
lqh_duplicate,233,0.024133113618501387
lqh_duplicate,234,0.024466297280784383
lqh_duplicate,235,0.02483800053122398
lqh_duplicate,236,0.025216375643311469
lqh_duplicate,237,0.025472727484449086
lqh_duplicate,238,0.025623837780455811
lqh_duplicate,239,0.025821083144028624
lqh_duplicate,240,0.02591290904932084
lqh_duplicate,241,0.026023621159608549
lqh_duplicate,242,0.02585002132982267
lqh_duplicate,243,0.025587128173527554
lqh_duplicate,244,0.025367676914820773
lqh_duplicate,245,0.025040060661279156
lqh_duplicate,246,0.024605417546250903
lqh_duplicate,247,0.024227381408095224
lqh_duplicate,248,0.023815124699759656
lqh_duplicate,249,0.023312239372287744
lqh_duplicate,250,0.022804083000981069
lqh_duplicate,251,0.022324004776938591
lqh_duplicate,252,0.021811124283951943
lqh_duplicate,253,0.021082448187798586
lqh_duplicate,254,0.020202739123273937
lqh_duplicate,255,0.019411847305439319
lqh_duplicate,256,0.018764616341453887
lqh_duplicate,257,0.018518518518518517
lqh_duplicate,258,0.018518518518518517
lqh_duplicate,259,0.018518518518518517
lqh_duplicate,260,0.018518518518518517
lqh_duplicate,261,0.018518518518518517
lqh_duplicate,262,0.018518518518518517
lqh_duplicate,263,0.018518518518518517
lqh_duplicate,264,0.018518518518518517
lqh_duplicate,265,0.018518518518518517
lqh_duplicate,266,0.018518518518518517
lqh_duplicate,267,0.018518518518518517
lqh_duplicate,268,0.018518518518518517
lqh_duplicate,269,0.018518518518518517
lqh_duplicate,270,0.018518518518518517
lqh_duplicate,271,0.018518518518518517
lqh_duplicate,272,0.018518518518518517
lqh_duplicate,273,0.018518518518518517
lqh_duplicate,274,0.018518518518518517
lqh_duplicate,275,0.018518518518518517
lqh_duplicate,276,0.018518518518518517
lqh_duplicate,277,0.018518518518518517
lqh_duplicate,278,0.018518518518518517
lqh_duplicate,279,0.018518518518518517
lqh_duplicate,280,0.018518518518518517
lqh_duplicate,281,0.018518518518518517
lqh_duplicate,282,0.018518518518518517
lqh_duplicate,283,0.018518518518518517
lqh_duplicate,284,0.018518518518518517
lqh_duplicate,285,0.018518518518518517
lqh_duplicate,286,0.018518518518518517
lqh_duplicate,287,0.018518518518518517
lqh_duplicate,288,0.018518518518518517
lqh_duplicate,289,0.018518518518518517
lqh_duplicate,290,0.018518518518518517
lqh_duplicate,291,0.018518518518518517
lqh_duplicate,292,0.018518518518518517
lqh_duplicate,293,0.018518518518518517
lqh_duplicate,294,0.018518518518518517
lqh_duplicate,295,0.018518518518518517
lqh_duplicate,296,0.018518518518518517
lqh_duplicate,297,0.018795809038457352
lqh_duplicate,298,0.019368549389840024
lqh_duplicate,299,0.019895724586263631
lqh_duplicate,300,0.020313072206949456
lqh_duplicate,301,0.020489594253853428
lqh_duplicate,302,0.020561994804668679
lqh_duplicate,303,0.020679553027061998
lqh_duplicate,304,0.020783579454766794
lqh_duplicate,305,0.020788295988230447
lqh_duplicate,306,0.02051179669305302
lqh_duplicate,307,0.020233432837280945
lqh_duplicate,308,0.019985667701901171
lqh_duplicate,309,0.019765710748635815
lqh_duplicate,310,0.019571022761174606
lqh_duplicate,311,0.019399292317002461
lqh_duplicate,312,0.019137044757520247
lqh_duplicate,313,0.018866072366836933
lqh_duplicate,314,0.018613889662264942
lqh_duplicate,315,0.018518518518518517
lqh_duplicate,316,0.018518518518518517
lqh_duplicate,317,0.019088802179634913
lqh_duplicate,318,0.019486485558377308
lqh_duplicate,319,0.019901091634087462
lqh_duplicate,320,0.020333724060915451
lqh_duplicate,321,0.020785584595602462
lqh_duplicate,322,0.021118869115573837
lqh_duplicate,323,0.021442756020470872
lqh_duplicate,324,0.021789643853581845
lqh_duplicate,325,0.022161391776107122
lqh_duplicate,326,0.022560041430145932
lqh_duplicate,327,0.022987839538388854
lqh_duplicate,328,0.023447264047489591
lqh_duplicate,329,0.023736066446372897
lqh_duplicate,330,0.023715190031692313
lqh_duplicate,331,0.023712108688827453
lqh_duplicate,332,0.023741054309724296
lqh_duplicate,333,0.023807818526692597
lqh_duplicate,334,0.023919086610810984
lqh_duplicate,335,0.024078694256440113
lqh_duplicate,336,0.024006403296763092
lqh_duplicate,337,0.023750250207060633
lqh_duplicate,338,0.023481322234684972
lqh_duplicate,339,0.023235624084788284
lqh_duplicate,340,0.022911011363095982
lqh_duplicate,341,0.022432389116822007
lqh_duplicate,342,0.021930564606841618
lqh_duplicate,343,0.021414820622804406
lqh_duplicate,344,0.020973928985591923
lqh_duplicate,345,0.020481461647418743
lqh_duplicate,346,0.019945136498448011
lqh_duplicate,347,0.019394741128702053
lqh_duplicate,348,0.018768047970907475
lqh_duplicate,349,0.018518518518518517
lqh_duplicate,350,0.018518518518518517
lqh_duplicate,351,0.018518518518518517
lqh_duplicate,352,0.018518518518518517
lqh_duplicate,353,0.018518518518518517
lqh_duplicate,354,0.018518518518518517
lqh_duplicate,355,0.018518518518518517
lqh_duplicate,356,0.018518518518518517
lqh_duplicate,357,0.018518518518518517
lqh_duplicate,358,0.018518518518518517
lqh_duplicate,359,0.018518518518518517
lqh_duplicate,360,0.018518518518518517
lqh_duplicate,361,0.018518518518518517
lqh_duplicate,362,0.018518518518518517
lqh_duplicate,363,0.018518518518518517
lqh_duplicate,364,0.018518518518518517
lqh_duplicate,365,0.018518518518518517
lqh_duplicate,366,0.018518518518518517
lqh_duplicate,367,0.018518518518518517
lqh_duplicate,368,0.018518518518518517
lqh_duplicate,369,0.018518518518518517
lqh_duplicate,370,0.018518518518518517
lqh_duplicate,371,0.018518518518518517
lqh_duplicate,372,0.018518518518518517
lqh_duplicate,373,0.018518518518518517
lqh_duplicate,374,0.018518518518518517
lqh_duplicate,375,0.018518518518518517
lqh_duplicate,376,0.018518518518518517
lqh_duplicate,377,0.018518518518518517
lqh_duplicate,378,0.018518518518518517
lqh_duplicate,379,0.018518518518518517
lqh_duplicate,380,0.018518518518518517
lqh_duplicate,381,0.018518518518518517
lqh_duplicate,382,0.018518518518518517
lqh_duplicate,383,0.018518518518518517
lqh_duplicate,384,0.018781382903423346
lqh_duplicate,385,0.019429836962554403
lqh_duplicate,386,0.020117320791668225
lqh_duplicate,387,0.020823393196295906
lqh_duplicate,388,0.021440197551231763
lqh_duplicate,389,0.021912671668667658
lqh_duplicate,390,0.022375376844909547
lqh_duplicate,391,0.022820597167946946
lqh_duplicate,392,0.023304847432093177
lqh_duplicate,393,0.023630796997437035
lqh_duplicate,394,0.023843085865045997
lqh_duplicate,395,0.023959631688671656
lqh_duplicate,396,0.023923469188488256
lqh_duplicate,397,0.023893915835980425
lqh_duplicate,398,0.023695128262732061
lqh_duplicate,399,0.02354160677389314
lqh_duplicate,400,0.023427266960204154
lqh_duplicate,401,0.023221745932610224
lqh_duplicate,402,0.022888937628491167
lqh_duplicate,403,0.022590221399926821
lqh_duplicate,404,0.02232233264562233
lqh_duplicate,405,0.022082335713483385
lqh_duplicate,406,0.021867587640355568
lqh_duplicate,407,0.021675706544559154
lqh_duplicate,408,0.021343683425605362
lqh_duplicate,409,0.021029183961321203
lqh_duplicate,410,0.020735488909996543
lqh_duplicate,411,0.020333724060915454
lqh_duplicate,412,0.019901091634087462
lqh_duplicate,413,0.019486485558377304
lqh_duplicate,414,0.019088802179634913
lqh_duplicate,415,0.019190296737883812
lqh_duplicate,416,0.019590094586589727
lqh_duplicate,417,0.020006905109708654
lqh_duplicate,418,0.02044183782948493
lqh_duplicate,419,0.020802911501882817
lqh_duplicate,420,0.021098507960846977
lqh_duplicate,421,0.021414979881417155
lqh_duplicate,422,0.021753997817411191
lqh_duplicate,423,0.02211739329310515
lqh_duplicate,424,0.022507178184819263
lqh_duplicate,425,0.022925567048407213
lqh_duplicate,426,0.023336053754967293
lqh_duplicate,427,0.023667561047981147
lqh_duplicate,428,0.024034729393053123
lqh_duplicate,429,0.024305784127014222
lqh_duplicate,430,0.024534233817202176
lqh_duplicate,431,0.024639484624425379
lqh_duplicate,432,0.024566347977189484
lqh_duplicate,433,0.024463462519344819
lqh_duplicate,434,0.024402768673230563
lqh_duplicate,435,0.024394287610291533
lqh_duplicate,436,0.024398190984336241
lqh_duplicate,437,0.024410293928731674
lqh_duplicate,438,0.024213899716184598
lqh_duplicate,439,0.024045037405202925
lqh_duplicate,440,0.023773742166888389
lqh_duplicate,441,0.023572767156047773
lqh_duplicate,442,0.023216683530175076
lqh_duplicate,443,0.022682517152240591
lqh_duplicate,444,0.022165143675627216
lqh_duplicate,445,0.021594009643970943
lqh_duplicate,446,0.020969527944589967
lqh_duplicate,447,0.020370984754437028
lqh_duplicate,448,0.019824008245086993
lqh_duplicate,449,0.019207525133901185
lqh_duplicate,450,0.018568230558140299
lqh_duplicate,451,0.018518518518518517
lqh_duplicate,452,0.018518518518518517
lqh_duplicate,453,0.018518518518518517
lqh_duplicate,454,0.018518518518518517
lqh_duplicate,455,0.018518518518518517
lqh_duplicate,456,0.018518518518518517
lqh_duplicate,457,0.018518518518518517
lqh_duplicate,458,0.018518518518518517
lqh_duplicate,459,0.018518518518518517
lqh_duplicate,460,0.018518518518518517
lqh_duplicate,461,0.018518518518518517
lqh_duplicate,462,0.018518518518518517
lqh_duplicate,463,0.018518518518518517
lqh_duplicate,464,0.018518518518518517
lqh_duplicate,465,0.018518518518518517
lqh_duplicate,466,0.018518518518518517
lqh_duplicate,467,0.018518518518518517
lqh_duplicate,468,0.018518518518518517
lqh_duplicate,469,0.018518518518518517
lqh_duplicate,470,0.018518518518518517
lqh_duplicate,471,0.018518518518518517
lqh_duplicate,472,0.018518518518518517
lqh_duplicate,473,0.018518518518518517
lqh_duplicate,474,0.018518518518518517
lqh_duplicate,475,0.018518518518518517
lqh_duplicate,476,0.018518518518518517
lqh_duplicate,477,0.018518518518518517
lqh_duplicate,478,0.018518518518518517
lqh_duplicate,479,0.018518518518518517
lqh_duplicate,480,0.018518518518518517
lqh_duplicate,481,0.018518518518518517
lqh_duplicate,482,0.018518518518518517
lqh_duplicate,483,0.018742472554327701
lqh_duplicate,484,0.019544462514243525
lqh_duplicate,485,0.020305732473229563
lqh_duplicate,486,0.020861745606179014
lqh_duplicate,487,0.021434617698258145
lqh_duplicate,488,0.021890301275314807
lqh_duplicate,489,0.022372527670145664
lqh_duplicate,490,0.022639929778315037
lqh_duplicate,491,0.022693382108332719
lqh_duplicate,492,0.02279699518135609
lqh_duplicate,493,0.022833574982080287
lqh_duplicate,494,0.022825361187031368
lqh_duplicate,495,0.022866916191146617
lqh_duplicate,496,0.022933402338034738
lqh_duplicate,497,0.022838554957422139
lqh_duplicate,498,0.02273331687470579
lqh_duplicate,499,0.022595738784110066
lqh_duplicate,500,0.022417765810640072
lqh_duplicate,501,0.022243063868590988
lqh_duplicate,502,0.021975559200158257
lqh_duplicate,503,0.021736386978858567
lqh_duplicate,504,0.021522858520482462
lqh_duplicate,505,0.021332549067831122
lqh_duplicate,506,0.021163270123297929
lqh_duplicate,507,0.021013045058132028
lqh_duplicate,508,0.020880087518994884
lqh_duplicate,509,0.02044183782948493
lqh_duplicate,510,0.020006905109708657
lqh_duplicate,511,0.019590094586589724
lqh_duplicate,512,0.019190296737883812
lqh_duplicate,513,0.022677013868462305
lqh_duplicate,514,0.023149451657388603
lqh_duplicate,515,0.023641993182013894
lqh_duplicate,516,0.024155949555535936
lqh_duplicate,517,0.024579147026444932
lqh_duplicate,518,0.024969426338316638
lqh_duplicate,519,0.025383996639489249
lqh_duplicate,520,0.025824717163293414
lqh_duplicate,521,0.02629362692094258
lqh_duplicate,522,0.026757609358953497
lqh_duplicate,523,0.027132418761670916
lqh_duplicate,524,0.027539835600211674
lqh_duplicate,525,0.027982950297171086
lqh_duplicate,526,0.02846519624780872
lqh_duplicate,527,0.028916150498576532
lqh_duplicate,528,0.029197761815243802
lqh_duplicate,529,0.029278274903871589
lqh_duplicate,530,0.029354686213433102
lqh_duplicate,531,0.029469305336247659
lqh_duplicate,532,0.029628947723082184
lqh_duplicate,533,0.029801140636757078
lqh_duplicate,534,0.029872311209819296
lqh_duplicate,535,0.029874186456126443
lqh_duplicate,536,0.029701301970797577
lqh_duplicate,537,0.029451445968829378
lqh_duplicate,538,0.029241935186977458
lqh_duplicate,539,0.028889502495846309
lqh_duplicate,540,0.028496545342354705
lqh_duplicate,541,0.028093457707146177
lqh_duplicate,542,0.027652602189082699
lqh_duplicate,543,0.027234715406600711
lqh_duplicate,544,0.026769828824207555
lqh_duplicate,545,0.026131737102670138
lqh_duplicate,546,0.025378513893500043
lqh_duplicate,547,0.024551911215865533
lqh_duplicate,548,0.023663350704493082
lqh_duplicate,549,0.022749664616186341
lqh_duplicate,550,0.0217651533525475
lqh_duplicate,551,0.020861522093026868
lqh_duplicate,552,0.020189275454750501
lqh_duplicate,553,0.019560139455777951
lqh_duplicate,554,0.018825542872345558
lqh_duplicate,555,0.018518518518518517
lqh_duplicate,556,0.018518518518518517
lqh_duplicate,557,0.018518518518518517
lqh_duplicate,558,0.018518518518518517
lqh_duplicate,559,0.018518518518518517
lqh_duplicate,560,0.018518518518518517
lqh_duplicate,561,0.018518518518518517
lqh_duplicate,562,0.018518518518518517
lqh_duplicate,563,0.018518518518518517
lqh_duplicate,564,0.018518518518518517
lqh_duplicate,565,0.018518518518518517
lqh_duplicate,566,0.018518518518518517
lqh_duplicate,567,0.018518518518518517
lqh_duplicate,568,0.018518518518518517
lqh_duplicate,569,0.018518518518518517
lqh_duplicate,570,0.018518518518518517
lqh_duplicate,571,0.018518518518518517
lqh_duplicate,572,0.018518518518518517
lqh_duplicate,573,0.018518518518518517
lqh_duplicate,574,0.018518518518518517
lqh_duplicate,575,0.018518518518518517
lqh_duplicate,576,0.018518518518518517
lqh_duplicate,577,0.018518518518518517
lqh_duplicate,578,0.018518518518518517
lqh_duplicate,579,0.018518518518518517
lqh_duplicate,580,0.018925924185091297
lqh_duplicate,581,0.019689706096112963
lqh_duplicate,582,0.020365420873914849
lqh_duplicate,583,0.020991059326001853
lqh_duplicate,584,0.021521971683157698
lqh_duplicate,585,0.022033950584076988
lqh_duplicate,586,0.022588589659489115
lqh_duplicate,587,0.023042625834651706
lqh_duplicate,588,0.02349199518696558
lqh_duplicate,589,0.023934771838208857
lqh_duplicate,590,0.02434985455790812
lqh_duplicate,591,0.024760641128783741
lqh_duplicate,592,0.025108335692636399
lqh_duplicate,593,0.025313621124903086
lqh_duplicate,594,0.025451763547247985
lqh_duplicate,595,0.025561009269472485
lqh_duplicate,596,0.025662380658970051
lqh_duplicate,597,0.02575530056383531
lqh_duplicate,598,0.025808622100781296
lqh_duplicate,599,0.02588798311901111
lqh_duplicate,600,0.025981474661015712
lqh_duplicate,601,0.025829248080789222
lqh_duplicate,602,0.025523663032267128
lqh_duplicate,603,0.025150024501097545
lqh_duplicate,604,0.024806038972894014
lqh_duplicate,605,0.024489338704746896
lqh_duplicate,606,0.024197763519015193
lqh_duplicate,607,0.023929339912668976
lqh_duplicate,608,0.023597424924530517
lqh_duplicate,609,0.023149451657388607
lqh_duplicate,610,0.022677013868462305
lqh_duplicate,611,0.021355412689482038
lqh_duplicate,612,0.021658445569775288
lqh_duplicate,613,0.021980482077119123
lqh_duplicate,614,0.022322880518024429
lqh_duplicate,615,0.0226726956923868
lqh_duplicate,616,0.02293087570450798
lqh_duplicate,617,0.023213450707944304
lqh_duplicate,618,0.02343374662240931
lqh_duplicate,619,0.023610085783042641
lqh_duplicate,620,0.023735091859220705
lqh_duplicate,621,0.02389038402701376
lqh_duplicate,622,0.024043961022196445
lqh_duplicate,623,0.024161341263973887
lqh_duplicate,624,0.024265863976183067
lqh_duplicate,625,0.02432169972066112
lqh_duplicate,626,0.024280039983595351
lqh_duplicate,627,0.024162258649351329
lqh_duplicate,628,0.02391720255617942
lqh_duplicate,629,0.023616028097079592
lqh_duplicate,630,0.02326701475477545
lqh_duplicate,631,0.022907898249501124
lqh_duplicate,632,0.022553279773586076
lqh_duplicate,633,0.022210357193897162
lqh_duplicate,634,0.021889622174614012
lqh_duplicate,635,0.021543237259707689
lqh_duplicate,636,0.021134132050083913
lqh_duplicate,637,0.020780094162133809
lqh_duplicate,638,0.020412668590763933
lqh_duplicate,639,0.020007981439075586
lqh_duplicate,640,0.019606740099984379
lqh_duplicate,641,0.019191316493063246
lqh_duplicate,642,0.018780532435729264
lqh_duplicate,643,0.018518518518518517
lqh_duplicate,644,0.018518518518518517
lqh_duplicate,645,0.018518518518518517
lqh_duplicate,646,0.018518518518518517
lqh_duplicate,647,0.018518518518518517
lqh_duplicate,648,0.018518518518518517
lqh_duplicate,649,0.018518518518518517
lqh_duplicate,650,0.018518518518518517
lqh_duplicate,651,0.018518518518518517
lqh_duplicate,652,0.018518518518518517
lqh_duplicate,653,0.018518518518518517
lqh_duplicate,654,0.018518518518518517
lqh_duplicate,655,0.018518518518518517
lqh_duplicate,656,0.018518518518518517
lqh_duplicate,657,0.018518518518518517
lqh_duplicate,658,0.018518518518518517
lqh_duplicate,659,0.018518518518518517
lqh_duplicate,660,0.018518518518518521
lqh_duplicate,661,0.018518518518518521
lqh_duplicate,662,0.018518518518518521
lqh_duplicate,663,0.018518518518518517
lqh_duplicate,664,0.01881559023113262
lqh_duplicate,665,0.019394191115944221
lqh_duplicate,666,0.019968199927448308
lqh_duplicate,667,0.02064132548864625
lqh_duplicate,668,0.02139471355908475
lqh_duplicate,669,0.022206233914386121
lqh_duplicate,670,0.022959380420001851
lqh_duplicate,671,0.02366010666169098
lqh_duplicate,672,0.024317169145535597
lqh_duplicate,673,0.02491547167346423
lqh_duplicate,674,0.025427121882084135
lqh_duplicate,675,0.025899007304634222
lqh_duplicate,676,0.026263188352472815
lqh_duplicate,677,0.026638640842197369
lqh_duplicate,678,0.027002024887729778
lqh_duplicate,679,0.027375462338048162
lqh_duplicate,680,0.027764963295566349
lqh_duplicate,681,0.028136160727150149
lqh_duplicate,682,0.02849228642737163
lqh_duplicate,683,0.028711753736146331
lqh_duplicate,684,0.028770789655790847
lqh_duplicate,685,0.028859768877718128
lqh_duplicate,686,0.028811499336643422
lqh_duplicate,687,0.028628425071789327
lqh_duplicate,688,0.028393904921163768
lqh_duplicate,689,0.028088458954928112
lqh_duplicate,690,0.027787196726460565
lqh_duplicate,691,0.027453629360785815
lqh_duplicate,692,0.027094955817696834
lqh_duplicate,693,0.026660896199513253
lqh_duplicate,694,0.026228864710081203
lqh_duplicate,695,0.025836558358259348
lqh_duplicate,696,0.025480166863196534
lqh_duplicate,697,0.025156286271753963
lqh_duplicate,698,0.024861869580164238
lqh_duplicate,699,0.024594184376675095
lqh_duplicate,700,0.024350776323723421
lqh_duplicate,701,0.02412943752848333
lqh_duplicate,702,0.023784382949554921
lqh_duplicate,703,0.023426409055149183
lqh_duplicate,704,0.023090299914008412
lqh_duplicate,705,0.022748156995317823
lqh_duplicate,706,0.022264153654991913
lqh_duplicate,707,0.021800317120512915
lqh_duplicate,708,0.021355412689482038
lqh_duplicate,709,0.018518518518518517
lqh_duplicate,710,0.018518518518518517
lqh_duplicate,711,0.018518518518518517
lqh_duplicate,712,0.018518518518518517
lqh_duplicate,713,0.018518518518518517
lqh_duplicate,714,0.018518518518518517
lqh_duplicate,715,0.018518518518518517
lqh_duplicate,716,0.018643797739847048
lqh_duplicate,717,0.019098524513989659
lqh_duplicate,718,0.019575987626839396
lqh_duplicate,719,0.020077936027527589
lqh_duplicate,720,0.020606302765094103
lqh_duplicate,721,0.021163229866853407
lqh_duplicate,722,0.02165933598351729
lqh_duplicate,723,0.022133587543826425
lqh_duplicate,724,0.022550498300473773
lqh_duplicate,725,0.022874322399450364
lqh_duplicate,726,0.023219841263363006
lqh_duplicate,727,0.023367578804155169
lqh_duplicate,728,0.023262868443941615
lqh_duplicate,729,0.022968599460661425
lqh_duplicate,730,0.022474611807265937
lqh_duplicate,731,0.021910065833078387
lqh_duplicate,732,0.021275732898960453
lqh_duplicate,733,0.020662465955902803
lqh_duplicate,734,0.019965490473451638
lqh_duplicate,735,0.019196383976586299
lqh_duplicate,736,0.018518518518518517
lqh_duplicate,737,0.018518518518518517
lqh_duplicate,738,0.018518518518518517
lqh_duplicate,739,0.018518518518518517
lqh_duplicate,740,0.018518518518518517
lqh_duplicate,741,0.018518518518518517
lqh_duplicate,742,0.018518518518518517
lqh_duplicate,743,0.018518518518518517
lqh_duplicate,744,0.018518518518518517
lqh_duplicate,745,0.018518518518518517
lqh_duplicate,746,0.018518518518518517
lqh_duplicate,747,0.018518518518518517
lqh_duplicate,748,0.018518518518518517
lqh_duplicate,749,0.018518518518518517
lqh_duplicate,750,0.018518518518518517
lqh_duplicate,751,0.018518518518518517
lqh_duplicate,752,0.018518518518518517
lqh_duplicate,753,0.018518518518518517
lqh_duplicate,754,0.018518518518518517
lqh_duplicate,755,0.018518518518518517
lqh_duplicate,756,0.018518518518518517
lqh_duplicate,757,0.018518518518518517
lqh_duplicate,758,0.018518518518518517
lqh_duplicate,759,0.018518518518518517
lqh_duplicate,760,0.018518518518518517
lqh_duplicate,761,0.018518518518518517
lqh_duplicate,762,0.018518518518518517
lqh_duplicate,763,0.018518518518518517
lqh_duplicate,764,0.018518518518518517
lqh_duplicate,765,0.018518518518518517
lqh_duplicate,766,0.018518518518518517
lqh_duplicate,767,0.018518518518518517
lqh_duplicate,768,0.018518518518518517
lqh_duplicate,769,0.018518518518518517
lqh_duplicate,770,0.018518518518518517
lqh_duplicate,771,0.018518518518518517
lqh_duplicate,772,0.018518518518518517
lqh_duplicate,773,0.018518518518518517
lqh_duplicate,774,0.018518518518518517
lqh_duplicate,775,0.018518518518518517
lqh_duplicate,776,0.018518518518518517
lqh_duplicate,777,0.018518518518518517
lqh_duplicate,778,0.018518518518518517
lqh_duplicate,779,0.018518518518518517
lqh_duplicate,780,0.018518518518518517
lqh_duplicate,781,0.018518518518518517
lqh_duplicate,782,0.018518518518518517
lqh_duplicate,783,0.018518518518518517
lqh_duplicate,784,0.018518518518518517
lqh_duplicate,785,0.018518518518518517
lqh_duplicate,786,0.018518518518518517
lqh_duplicate,787,0.01887623022160222
lqh_duplicate,788,0.019289386187668036
lqh_duplicate,789,0.019598605416154786
lqh_duplicate,790,0.019800372145615718
lqh_duplicate,791,0.019984380462921846
lqh_duplicate,792,0.020189110476069947
lqh_duplicate,793,0.020278953553193282
lqh_duplicate,794,0.020366487360568116
lqh_duplicate,795,0.020328213195918349
lqh_duplicate,796,0.020012207952041384
lqh_duplicate,797,0.019575987626839399
lqh_duplicate,798,0.019098524513989659
lqh_duplicate,799,0.018643797739847048
lqh_duplicate,800,0.018518518518518517
lqh_duplicate,801,0.018518518518518517
lqh_duplicate,802,0.018518518518518517
lqh_duplicate,803,0.018518518518518517
lqh_duplicate,804,0.018518518518518517
lqh_duplicate,805,0.018518518518518517
lqh_duplicate,806,0.018518518518518517
lqh_duplicate,807,0.019672266183502193
lqh_duplicate,808,0.020082105062325155
lqh_duplicate,809,0.020509383893438458
lqh_duplicate,810,0.020955240065034943
lqh_duplicate,811,0.021420912066480165
lqh_duplicate,812,0.021907750977081992
lqh_duplicate,813,0.022417233557944363
lqh_duplicate,814,0.022950977214085889
lqh_duplicate,815,0.023510757146136766
lqh_duplicate,816,0.024098526074790187
lqh_duplicate,817,0.024716436999784808
lqh_duplicate,818,0.025295124649193961
lqh_duplicate,819,0.025718430054085407
lqh_duplicate,820,0.026076561987959299
lqh_duplicate,821,0.026202419492338997
lqh_duplicate,822,0.026360101030000749
lqh_duplicate,823,0.026554294978770949
lqh_duplicate,824,0.026790365294207457
lqh_duplicate,825,0.027074449448411517
lqh_duplicate,826,0.027199305526249683
lqh_duplicate,827,0.027303290525710067
lqh_duplicate,828,0.027357770101073781
lqh_duplicate,829,0.027259992109664944
lqh_duplicate,830,0.027105324048489376
lqh_duplicate,831,0.02678988010235317
lqh_duplicate,832,0.026350087397123082
lqh_duplicate,833,0.025932760660183584
lqh_duplicate,834,0.025511138508216014
lqh_duplicate,835,0.025067460308776303
lqh_duplicate,836,0.024699904246456888
lqh_duplicate,837,0.024322076456504863
lqh_duplicate,838,0.023924612090246548
lqh_duplicate,839,0.023474212186384361
lqh_duplicate,840,0.022930125984534106
lqh_duplicate,841,0.022316133269209122
lqh_duplicate,842,0.021665467017665679
lqh_duplicate,843,0.021104624620905559
lqh_duplicate,844,0.020638036636474229
lqh_duplicate,845,0.020151813836722973
lqh_duplicate,846,0.019650559674459139
lqh_duplicate,847,0.019242015059150262
lqh_duplicate,848,0.018884878407430045
lqh_duplicate,849,0.018588746010239268
lqh_duplicate,850,0.018518518518518521
lqh_duplicate,851,0.018518518518518521
lqh_duplicate,852,0.018518518518518521
lqh_duplicate,853,0.018518518518518521
lqh_duplicate,854,0.018518518518518521
lqh_duplicate,855,0.018518518518518521
lqh_duplicate,856,0.018518518518518517
lqh_duplicate,857,0.018518518518518517
lqh_duplicate,858,0.018518518518518517
lqh_duplicate,859,0.018518518518518517
lqh_duplicate,860,0.018518518518518517
lqh_duplicate,861,0.018518518518518517
lqh_duplicate,862,0.018518518518518517
lqh_duplicate,863,0.018518518518518517
lqh_duplicate,864,0.018518518518518517
lqh_duplicate,865,0.018518518518518517
lqh_duplicate,866,0.018518518518518517
lqh_duplicate,867,0.018518518518518517
lqh_duplicate,868,0.018518518518518517
lqh_duplicate,869,0.018518518518518517
lqh_duplicate,870,0.018518518518518517
lqh_duplicate,871,0.018518518518518517
lqh_duplicate,872,0.018518518518518517
lqh_duplicate,873,0.018518518518518517
lqh_duplicate,874,0.018518518518518517
lqh_duplicate,875,0.018518518518518517
lqh_duplicate,876,0.018518518518518517
lqh_duplicate,877,0.018518518518518517
lqh_duplicate,878,0.018518518518518517
lqh_duplicate,879,0.018518518518518517
lqh_duplicate,880,0.018518518518518517
lqh_duplicate,881,0.018974265225339664
lqh_duplicate,882,0.019672903526440858
lqh_duplicate,883,0.02033256805608841
lqh_duplicate,884,0.021000348928875937
lqh_duplicate,885,0.021571151148141465
lqh_duplicate,886,0.022049353013100771
lqh_duplicate,887,0.02238901152618494
lqh_duplicate,888,0.022566472518178927
lqh_duplicate,889,0.022626758846635651
lqh_duplicate,890,0.022641609922242761
lqh_duplicate,891,0.022693958102981537
lqh_duplicate,892,0.022691695590195789
lqh_duplicate,893,0.022550829403628025
lqh_duplicate,894,0.022344565767663069
lqh_duplicate,895,0.022169465372929912
lqh_duplicate,896,0.021915618550930365
lqh_duplicate,897,0.021664808157444447
lqh_duplicate,898,0.021429972576108781
lqh_duplicate,899,0.021085803209361532
lqh_duplicate,900,0.020764147540792147
lqh_duplicate,901,0.020463388521210008
lqh_duplicate,902,0.020182044076423579
lqh_duplicate,903,0.019918753618548658
lqh_duplicate,904,0.019672266183502193
lqh_duplicate,905,0.021899282926527246
lqh_duplicate,906,0.022276291631539703
lqh_duplicate,907,0.022598551317347979
lqh_duplicate,908,0.022940840397542638
lqh_duplicate,909,0.023304614771308234
lqh_duplicate,910,0.023691460657547236
lqh_duplicate,911,0.024021616753538581
lqh_duplicate,912,0.02418178424121328
lqh_duplicate,913,0.024365653411357411
lqh_duplicate,914,0.02451728611348207
lqh_duplicate,915,0.024620924001576804
lqh_duplicate,916,0.024752247313674227
lqh_duplicate,917,0.024914959438059787
lqh_duplicate,918,0.02511322793404001
lqh_duplicate,919,0.025245324004935135
lqh_duplicate,920,0.025403925873318488
lqh_duplicate,921,0.025610058671303535
lqh_duplicate,922,0.025870814449179966
lqh_duplicate,923,0.026172610826661474
lqh_duplicate,924,0.026374363102305613
lqh_duplicate,925,0.026496368602033239
lqh_duplicate,926,0.026562075760969809
lqh_duplicate,927,0.026511939128544552
lqh_duplicate,928,0.026311931281074903
lqh_duplicate,929,0.025983532452998771
lqh_duplicate,930,0.025556938622312012
lqh_duplicate,931,0.025145389195522796
lqh_duplicate,932,0.024687337876103332
lqh_duplicate,933,0.024224758629504704
lqh_duplicate,934,0.023785720369559213
lqh_duplicate,935,0.023390315621560714
lqh_duplicate,936,0.023067273520329588
lqh_duplicate,937,0.022713567407747555
lqh_duplicate,938,0.022374488563459416
lqh_duplicate,939,0.021976171788687566
lqh_duplicate,940,0.021503471927897814
lqh_duplicate,941,0.020995298757407698
lqh_duplicate,942,0.020456651338228601
lqh_duplicate,943,0.019901489022300267
lqh_duplicate,944,0.019361755432858032
lqh_duplicate,945,0.018905374772752642
lqh_duplicate,946,0.018633861948449699
lqh_duplicate,947,0.018518518518518517
lqh_duplicate,948,0.018518518518518521
lqh_duplicate,949,0.018518518518518521
lqh_duplicate,950,0.018518518518518521
lqh_duplicate,951,0.018518518518518521
lqh_duplicate,952,0.018518518518518521
lqh_duplicate,953,0.018518518518518521
lqh_duplicate,954,0.018518518518518517
lqh_duplicate,955,0.018518518518518517
lqh_duplicate,956,0.018518518518518517
lqh_duplicate,957,0.018518518518518517
lqh_duplicate,958,0.018518518518518517
lqh_duplicate,959,0.018518518518518517
lqh_duplicate,960,0.018518518518518517
lqh_duplicate,961,0.018521466161909562
lqh_duplicate,962,0.019392969899398531
lqh_duplicate,963,0.020276477701550711
lqh_duplicate,964,0.021162685105557213
lqh_duplicate,965,0.021999891074056963
lqh_duplicate,966,0.022770605454942552
lqh_duplicate,967,0.023411394150717753
lqh_duplicate,968,0.024038802092796831
lqh_duplicate,969,0.024647060484497958
lqh_duplicate,970,0.02522637214746978
lqh_duplicate,971,0.025754112597855785
lqh_duplicate,972,0.02614111300216735
lqh_duplicate,973,0.026433300302602027
lqh_duplicate,974,0.026674768262425753
lqh_duplicate,975,0.026790510075320167
lqh_duplicate,976,0.026761505831835872
lqh_duplicate,977,0.026632836600888124
lqh_duplicate,978,0.02645799476914076
lqh_duplicate,979,0.0263813680195574
lqh_duplicate,980,0.02628632029668421
lqh_duplicate,981,0.026240178649338308
lqh_duplicate,982,0.026252619296918644
lqh_duplicate,983,0.026312370486666972
lqh_duplicate,984,0.026410066668407291
lqh_duplicate,985,0.026336900716538561
lqh_duplicate,986,0.026235956612783058
lqh_duplicate,987,0.025973592540945174
lqh_duplicate,988,0.025668625946865056
lqh_duplicate,989,0.025402347383670223
lqh_duplicate,990,0.025170523902005852
lqh_duplicate,991,0.024969396264199133
lqh_duplicate,992,0.024795623397347408
lqh_duplicate,993,0.024646233928566345
lqh_duplicate,994,0.024475804225346502
lqh_duplicate,995,0.024212113441176412
lqh_duplicate,996,0.023851027011669385
lqh_duplicate,997,0.02347335444977329
lqh_duplicate,998,0.023118675815388682
lqh_duplicate,999,0.022785360902795107
lqh_duplicate,1000,0.022471917433071802
lqh_duplicate,1001,0.022176977035748491
lqh_duplicate,1002,0.021899282926527246
lqh_duplicate,1003,0.023509885575141724
lqh_duplicate,1004,0.023999674857957176
lqh_duplicate,1005,0.024510306237913712
lqh_duplicate,1006,0.025043138982216186
lqh_duplicate,1007,0.025536574184700785
lqh_duplicate,1008,0.025973601692748378
lqh_duplicate,1009,0.026431076574597048
lqh_duplicate,1010,0.026784568844714834
lqh_duplicate,1011,0.027078672751282618
lqh_duplicate,1012,0.027353813075433924
lqh_duplicate,1013,0.02765950072086315
lqh_duplicate,1014,0.027977651503789874
lqh_duplicate,1015,0.028224486823496316
lqh_duplicate,1016,0.028508276512338053
lqh_duplicate,1017,0.028833467845059052
lqh_duplicate,1018,0.029205055429145539
lqh_duplicate,1019,0.029616289556020258
lqh_duplicate,1020,0.029896702990944501
lqh_duplicate,1021,0.030017921484196179
lqh_duplicate,1022,0.030053069566825838
lqh_duplicate,1023,0.030141884565518039
lqh_duplicate,1024,0.030265733892705586
lqh_duplicate,1025,0.030314232831586723
lqh_duplicate,1026,0.030247145829319283
lqh_duplicate,1027,0.029962780990525698
lqh_duplicate,1028,0.029634113280468683
lqh_duplicate,1029,0.029230991625956833
lqh_duplicate,1030,0.028837429552953587
lqh_duplicate,1031,0.028429966467641551
lqh_duplicate,1032,0.027977528260743977
lqh_duplicate,1033,0.027466281410393468
lqh_duplicate,1034,0.026930919197317028
lqh_duplicate,1035,0.026324621870355006
lqh_duplicate,1036,0.025675031942187704
lqh_duplicate,1037,0.025027487070366342
lqh_duplicate,1038,0.024332298165172243
lqh_duplicate,1039,0.02358301960165126
lqh_duplicate,1040,0.022861541542871577
lqh_duplicate,1041,0.022146199970486811
lqh_duplicate,1042,0.021388407424941178
lqh_duplicate,1043,0.020582932450584963
lqh_duplicate,1044,0.019839039587614796
lqh_duplicate,1045,0.019077713801718289
lqh_duplicate,1046,0.018542544040906658
lqh_duplicate,1047,0.018518518518518521
lqh_duplicate,1048,0.018518518518518521
lqh_duplicate,1049,0.018518518518518521
lqh_duplicate,1050,0.018518518518518521
lqh_duplicate,1051,0.018518518518518521
lqh_duplicate,1052,0.018518518518518517
lqh_duplicate,1053,0.018518518518518517
lqh_duplicate,1054,0.018518518518518517
lqh_duplicate,1055,0.018518518518518517
lqh_duplicate,1056,0.018518518518518517
lqh_duplicate,1057,0.018518518518518517
lqh_duplicate,1058,0.018518518518518517
lqh_duplicate,1059,0.018518518518518517
lqh_duplicate,1060,0.018518518518518517
lqh_duplicate,1061,0.018518518518518517
lqh_duplicate,1062,0.018518518518518517
lqh_duplicate,1063,0.018518518518518517
lqh_duplicate,1064,0.018518518518518517
lqh_duplicate,1065,0.018978833972727333
lqh_duplicate,1066,0.019886526516247425
lqh_duplicate,1067,0.020699713647182542
lqh_duplicate,1068,0.021340820003596168
lqh_duplicate,1069,0.021861608646670729
lqh_duplicate,1070,0.022372896606081286
lqh_duplicate,1071,0.02295750318213343
lqh_duplicate,1072,0.023553473815683037
lqh_duplicate,1073,0.024053553159594048
lqh_duplicate,1074,0.024427233702485892
lqh_duplicate,1075,0.024609227508924081
lqh_duplicate,1076,0.024812281556026255
lqh_duplicate,1077,0.024984553857988413
lqh_duplicate,1078,0.025214605949560223
lqh_duplicate,1079,0.025446639426371299
lqh_duplicate,1080,0.025649689447231991
lqh_duplicate,1081,0.025802388704984452
lqh_duplicate,1082,0.025959372914091693
lqh_duplicate,1083,0.026058079598268412
lqh_duplicate,1084,0.026154343590106148
lqh_duplicate,1085,0.026277618475136155
lqh_duplicate,1086,0.026349590358832387
lqh_duplicate,1087,0.026391931820318407
lqh_duplicate,1088,0.026456429669193315
lqh_duplicate,1089,0.02646352483551825
lqh_duplicate,1090,0.026380851140977789
lqh_duplicate,1091,0.026250180954704969
lqh_duplicate,1092,0.026105774998028592
lqh_duplicate,1093,0.025889012877831984
lqh_duplicate,1094,0.025696240393601646
lqh_duplicate,1095,0.025402991226536682
lqh_duplicate,1096,0.024979013759500755
lqh_duplicate,1097,0.024579295506211133
lqh_duplicate,1098,0.024202188884254551
lqh_duplicate,1099,0.023846182104079336
lqh_duplicate,1100,0.023509885575141724
absence_flat,1,0.059693936578232319
absence_flat,2,0.052530050431616196
absence_flat,3,0.054251331121220638
absence_flat,4,0.061162143263366144
absence_flat,5,0.064386338861877571
absence_flat,6,0.063153055438797914
absence_flat,7,0.068377928744933592
absence_flat,8,0.053264741736291268
absence_flat,9,0.064934325172593677
absence_flat,10,0.061084390858738812
absence_flat,11,0.086748020010640678
absence_flat,12,0.96832795584280784
absence_flat,13,0.89724054220153859
absence_flat,14,0.85403211478938357
absence_flat,15,0.93976941878085629
absence_flat,16,0.93821276678464538
absence_flat,17,0.83680763661787305
absence_flat,18,0.85070631630892002
absence_flat,19,0.5780788445543843
absence_flat,20,0.58846402667614173
absence_flat,21,0.47376290872366672
absence_flat,22,0.56152117466802409
absence_flat,23,0.018518518518518517
absence_flat,24,0.018518518518518517
absence_flat,25,0.018518518518518517
absence_flat,26,0.018518518518518517
absence_flat,27,0.018518518518518517
absence_flat,28,0.018518518518518517
absence_flat,29,0.01864909427705733
absence_flat,30,0.019093120331272983
absence_flat,31,0.019558806193011348
absence_flat,32,0.020015609284566884
absence_flat,33,0.020281936772856706
absence_flat,34,0.02044219716844109
absence_flat,35,0.020533424538239784
absence_flat,36,0.020557456278695589
absence_flat,37,0.020605171142144163
absence_flat,38,0.020680509617724743
absence_flat,39,0.02078800062205044
absence_flat,40,0.02093284152859845
absence_flat,41,0.020977273947998289
absence_flat,42,0.020949370026880465
absence_flat,43,0.020772784872689777
absence_flat,44,0.020456935523805096
absence_flat,45,0.020031380033158974
absence_flat,46,0.019647335874386249
absence_flat,47,0.019229135528353793
absence_flat,48,0.018688502729033846
absence_flat,49,0.018518518518518517
absence_flat,50,0.018518518518518517
absence_flat,51,0.018518518518518517
absence_flat,52,0.018518518518518517
absence_flat,53,0.018518518518518517
absence_flat,54,0.018518518518518517
absence_flat,55,0.018518518518518517
absence_flat,56,0.018518518518518517
absence_flat,57,0.018518518518518517
absence_flat,58,0.018518518518518517
absence_flat,59,0.018518518518518517
absence_flat,60,0.018518518518518517
absence_flat,61,0.018518518518518517
absence_flat,62,0.018518518518518517
absence_flat,63,0.018518518518518517
absence_flat,64,0.018518518518518517
absence_flat,65,0.018518518518518517
absence_flat,66,0.018518518518518517
absence_flat,67,0.018518518518518517
absence_flat,68,0.018518518518518517
absence_flat,69,0.018518518518518517
absence_flat,70,0.018518518518518517
absence_flat,71,0.018518518518518517
absence_flat,72,0.018518518518518517
absence_flat,73,0.018518518518518517
absence_flat,74,0.018518518518518517
absence_flat,75,0.018518518518518517
absence_flat,76,0.018518518518518517
absence_flat,77,0.018518518518518517
absence_flat,78,0.018518518518518517
absence_flat,79,0.018518518518518517
absence_flat,80,0.018518518518518517
absence_flat,81,0.018518518518518517
absence_flat,82,0.018518518518518517
absence_flat,83,0.018518518518518517
absence_flat,84,0.018518518518518517
absence_flat,85,0.018518518518518517
absence_flat,86,0.018518518518518517
absence_flat,87,0.018518518518518517
absence_flat,88,0.018518518518518517
absence_flat,89,0.018518518518518517
absence_flat,90,0.018518518518518517
absence_flat,91,0.018518518518518517
absence_flat,92,0.018518518518518517
absence_flat,93,0.018518518518518517
absence_flat,94,0.018518518518518517
absence_flat,95,0.018518518518518517
absence_flat,96,0.019143446868121961
absence_flat,97,0.019757065452688318
absence_flat,98,0.020394831221429946
absence_flat,99,0.0209712165290761
absence_flat,100,0.021327676148380621
absence_flat,101,0.021396781994596641
absence_flat,102,0.021324565236937924
absence_flat,103,0.021306163682145149
absence_flat,104,0.021216281174951602
absence_flat,105,0.021074286687568319
absence_flat,106,0.020977208478200098
absence_flat,107,0.020803582665415515
absence_flat,108,0.020536764319752307
absence_flat,109,0.020282746265104963
absence_flat,110,0.020059495152838329
absence_flat,111,0.019724726472244398
absence_flat,112,0.019402880949438886
absence_flat,113,0.019093120331272986
absence_flat,114,0.01864909427705733
absence_flat,115,0.018518518518518517
absence_flat,116,0.018518518518518517
absence_flat,117,0.018518518518518517
absence_flat,118,0.018518518518518517
absence_flat,119,0.018518518518518517
absence_flat,120,0.018518518518518517
absence_flat,121,0.018518518518518517
absence_flat,122,0.018518518518518517
absence_flat,123,0.018518518518518517
absence_flat,124,0.018518518518518517
absence_flat,125,0.018518518518518517
absence_flat,126,0.018518518518518517
absence_flat,127,0.018518518518518517
absence_flat,128,0.018518518518518517
absence_flat,129,0.018518518518518517
absence_flat,130,0.018518518518518517
absence_flat,131,0.018518518518518517
absence_flat,132,0.018518518518518517
absence_flat,133,0.018518518518518517
absence_flat,134,0.018605096057889216
absence_flat,135,0.019136670230971764
absence_flat,136,0.01969951347305917
absence_flat,137,0.020296468426788235
absence_flat,138,0.02088502112869459
absence_flat,139,0.021338290667123411
absence_flat,140,0.021836856599388398
absence_flat,141,0.022319043321005375
absence_flat,142,0.022723710067923925
absence_flat,143,0.023190241855649486
absence_flat,144,0.023571510759367191
absence_flat,145,0.023893262471372453
absence_flat,146,0.024028155060367849
absence_flat,147,0.023888865667257453
absence_flat,148,0.023608580221180678
absence_flat,149,0.023141344265131838
absence_flat,150,0.022583144330244102
absence_flat,151,0.021946145162872643
absence_flat,152,0.0212699475535441
absence_flat,153,0.020261911745578058
absence_flat,154,0.018992397053267277
absence_flat,155,0.018518518518518517
absence_flat,156,0.018518518518518517
absence_flat,157,0.018518518518518517
absence_flat,158,0.018518518518518517
absence_flat,159,0.018518518518518517
absence_flat,160,0.018518518518518517
absence_flat,161,0.018518518518518517
absence_flat,162,0.018518518518518517
absence_flat,163,0.018518518518518517
absence_flat,164,0.018518518518518517
absence_flat,165,0.018518518518518517
absence_flat,166,0.018518518518518517
absence_flat,167,0.018518518518518517
absence_flat,168,0.018518518518518517
absence_flat,169,0.018518518518518517
absence_flat,170,0.018518518518518517
absence_flat,171,0.018518518518518517
absence_flat,172,0.018518518518518517
absence_flat,173,0.018518518518518517
absence_flat,174,0.018518518518518517
absence_flat,175,0.018518518518518517
absence_flat,176,0.018518518518518517
absence_flat,177,0.018518518518518517
absence_flat,178,0.018518518518518517
absence_flat,179,0.018518518518518517
absence_flat,180,0.018518518518518517
absence_flat,181,0.018518518518518517
absence_flat,182,0.018518518518518517
absence_flat,183,0.018518518518518517
absence_flat,184,0.018518518518518517
absence_flat,185,0.018518518518518517
absence_flat,186,0.018518518518518517
absence_flat,187,0.018518518518518517
absence_flat,188,0.018518518518518517
absence_flat,189,0.018518518518518517
absence_flat,190,0.018518518518518517
absence_flat,191,0.018518518518518517
absence_flat,192,0.018518518518518517
absence_flat,193,0.018518518518518517
absence_flat,194,0.018518518518518517
absence_flat,195,0.018518518518518517
absence_flat,196,0.018518518518518517
absence_flat,197,0.018518518518518517
absence_flat,198,0.018518518518518517
absence_flat,199,0.018518518518518517
absence_flat,200,0.018518518518518517
absence_flat,201,0.018518518518518517
absence_flat,202,0.018518518518518517
absence_flat,203,0.018518518518518517
absence_flat,204,0.018518518518518517
absence_flat,205,0.018518518518518517
absence_flat,206,0.018518518518518517
absence_flat,207,0.018518518518518517
absence_flat,208,0.018518518518518517
absence_flat,209,0.018518518518518517
absence_flat,210,0.018518518518518517
absence_flat,211,0.018518518518518517
absence_flat,212,0.018518518518518517
absence_flat,213,0.018518518518518517
absence_flat,214,0.018518518518518517
absence_flat,215,0.018518518518518517
absence_flat,216,0.018518518518518517
absence_flat,217,0.018518518518518517
absence_flat,218,0.018518518518518517
absence_flat,219,0.018518518518518517
absence_flat,220,0.018518518518518517
absence_flat,221,0.018638110534036034
absence_flat,222,0.019043286849993339
absence_flat,223,0.019466471002215411
absence_flat,224,0.019908890797720308
absence_flat,225,0.020371888258132406
absence_flat,226,0.020856933216659369
absence_flat,227,0.021365638904870574
absence_flat,228,0.02189977987749234
absence_flat,229,0.022461312694863941
absence_flat,230,0.023052399871044568
absence_flat,231,0.023566898025616942
absence_flat,232,0.023834487478866028
absence_flat,233,0.024133113618501387
absence_flat,234,0.024466297280784383
absence_flat,235,0.02483800053122398
absence_flat,236,0.025216375643311469
absence_flat,237,0.025472727484449086
absence_flat,238,0.025623837780455811
absence_flat,239,0.025821083144028624
absence_flat,240,0.02591290904932084
absence_flat,241,0.026023621159608549
absence_flat,242,0.02585002132982267
absence_flat,243,0.025587128173527554
absence_flat,244,0.025367676914820773
absence_flat,245,0.025040060661279156
absence_flat,246,0.024605417546250903
absence_flat,247,0.024227381408095224
absence_flat,248,0.023815124699759656
absence_flat,249,0.023312239372287744
absence_flat,250,0.022804083000981069
absence_flat,251,0.022324004776938591
absence_flat,252,0.021811124283951943
absence_flat,253,0.021082448187798586
absence_flat,254,0.020202739123273937
absence_flat,255,0.019411847305439319
absence_flat,256,0.018764616341453887
absence_flat,257,0.018518518518518517
absence_flat,258,0.018518518518518517
absence_flat,259,0.018518518518518517
absence_flat,260,0.018518518518518517
absence_flat,261,0.018518518518518517
absence_flat,262,0.018518518518518517
absence_flat,263,0.018518518518518517
absence_flat,264,0.018518518518518517
absence_flat,265,0.018518518518518517
absence_flat,266,0.018518518518518517
absence_flat,267,0.018518518518518517
absence_flat,268,0.018518518518518517
absence_flat,269,0.018518518518518517
absence_flat,270,0.018518518518518517
absence_flat,271,0.018518518518518517
absence_flat,272,0.018518518518518517
absence_flat,273,0.018518518518518517
absence_flat,274,0.018518518518518517
absence_flat,275,0.018518518518518517
absence_flat,276,0.018518518518518517
absence_flat,277,0.018518518518518517
absence_flat,278,0.018518518518518517
absence_flat,279,0.018518518518518517
absence_flat,280,0.018518518518518517
absence_flat,281,0.018518518518518517
absence_flat,282,0.018518518518518517
absence_flat,283,0.018518518518518517
absence_flat,284,0.018518518518518517
absence_flat,285,0.018518518518518517
absence_flat,286,0.018518518518518517
absence_flat,287,0.018518518518518517
absence_flat,288,0.018518518518518517
absence_flat,289,0.018518518518518517
absence_flat,290,0.018518518518518517
absence_flat,291,0.018518518518518517
absence_flat,292,0.018518518518518517
absence_flat,293,0.018518518518518517
absence_flat,294,0.018518518518518517
absence_flat,295,0.018518518518518517
absence_flat,296,0.018518518518518517
absence_flat,297,0.018795809038457352
absence_flat,298,0.019368549389840024
absence_flat,299,0.019895724586263631
absence_flat,300,0.020313072206949456
absence_flat,301,0.020489594253853428
absence_flat,302,0.020561994804668679
absence_flat,303,0.020679553027061998
absence_flat,304,0.020783579454766794
absence_flat,305,0.020788295988230447
absence_flat,306,0.02051179669305302
absence_flat,307,0.020233432837280945
absence_flat,308,0.019985667701901171
absence_flat,309,0.019765710748635815
absence_flat,310,0.019571022761174606
absence_flat,311,0.019399292317002461
absence_flat,312,0.019137044757520247
absence_flat,313,0.018866072366836933
absence_flat,314,0.018613889662264942
absence_flat,315,0.018518518518518517
absence_flat,316,0.018518518518518517
absence_flat,317,0.019088802179634913
absence_flat,318,0.019486485558377308
absence_flat,319,0.019901091634087462
absence_flat,320,0.020333724060915451
absence_flat,321,0.020785584595602462
absence_flat,322,0.021118869115573837
absence_flat,323,0.021442756020470872
absence_flat,324,0.021789643853581845
absence_flat,325,0.022161391776107122
absence_flat,326,0.022560041430145932
absence_flat,327,0.022987839538388854
absence_flat,328,0.023447264047489591
absence_flat,329,0.023736066446372897
absence_flat,330,0.023715190031692313
absence_flat,331,0.023712108688827453
absence_flat,332,0.023741054309724296
absence_flat,333,0.023807818526692597
absence_flat,334,0.023919086610810984
absence_flat,335,0.024078694256440113
absence_flat,336,0.024006403296763092
absence_flat,337,0.023750250207060633
absence_flat,338,0.023481322234684972
absence_flat,339,0.023235624084788284
absence_flat,340,0.022911011363095982
absence_flat,341,0.022432389116822007
absence_flat,342,0.021930564606841618
absence_flat,343,0.021414820622804406
absence_flat,344,0.020973928985591923
absence_flat,345,0.020481461647418743
absence_flat,346,0.019945136498448011
absence_flat,347,0.019394741128702053
absence_flat,348,0.018768047970907475
absence_flat,349,0.018518518518518517
absence_flat,350,0.018518518518518517
absence_flat,351,0.018518518518518517
absence_flat,352,0.018518518518518517
absence_flat,353,0.018518518518518517
absence_flat,354,0.018518518518518517
absence_flat,355,0.018518518518518517
absence_flat,356,0.018518518518518517
absence_flat,357,0.018518518518518517
absence_flat,358,0.018518518518518517
absence_flat,359,0.018518518518518517
absence_flat,360,0.018518518518518517
absence_flat,361,0.018518518518518517
absence_flat,362,0.018518518518518517
absence_flat,363,0.018518518518518517
absence_flat,364,0.018518518518518517
absence_flat,365,0.018518518518518517
absence_flat,366,0.018518518518518517
absence_flat,367,0.018518518518518517
absence_flat,368,0.018518518518518517
absence_flat,369,0.018518518518518517
absence_flat,370,0.018518518518518517
absence_flat,371,0.018518518518518517
absence_flat,372,0.018518518518518517
absence_flat,373,0.018518518518518517
absence_flat,374,0.018518518518518517
absence_flat,375,0.018518518518518517
absence_flat,376,0.018518518518518517
absence_flat,377,0.018518518518518517
absence_flat,378,0.018518518518518517
absence_flat,379,0.018518518518518517
absence_flat,380,0.018518518518518517
absence_flat,381,0.018518518518518517
absence_flat,382,0.018518518518518517
absence_flat,383,0.018518518518518517
absence_flat,384,0.018781382903423346
absence_flat,385,0.019429836962554403
absence_flat,386,0.020117320791668225
absence_flat,387,0.020823393196295906
absence_flat,388,0.021440197551231763
absence_flat,389,0.021912671668667658
absence_flat,390,0.022375376844909547
absence_flat,391,0.022820597167946946
absence_flat,392,0.023304847432093177
absence_flat,393,0.023630796997437035
absence_flat,394,0.023843085865045997
absence_flat,395,0.023959631688671656
absence_flat,396,0.023923469188488256
absence_flat,397,0.023893915835980425
absence_flat,398,0.023695128262732061
absence_flat,399,0.02354160677389314
absence_flat,400,0.023427266960204154
absence_flat,401,0.023221745932610224
absence_flat,402,0.022888937628491167
absence_flat,403,0.022590221399926821
absence_flat,404,0.02232233264562233
absence_flat,405,0.022082335713483385
absence_flat,406,0.021867587640355568
absence_flat,407,0.021675706544559154
absence_flat,408,0.021343683425605362
absence_flat,409,0.021029183961321203
absence_flat,410,0.020735488909996543
absence_flat,411,0.020333724060915454
absence_flat,412,0.019901091634087462
absence_flat,413,0.019486485558377304
absence_flat,414,0.019088802179634913
absence_flat,415,0.019190296737883812
absence_flat,416,0.019590094586589727
absence_flat,417,0.020006905109708654
absence_flat,418,0.02044183782948493
absence_flat,419,0.020802911501882817
absence_flat,420,0.021098507960846977
absence_flat,421,0.021414979881417155
absence_flat,422,0.021753997817411191
absence_flat,423,0.02211739329310515
absence_flat,424,0.022507178184819263
absence_flat,425,0.022925567048407213
absence_flat,426,0.023336053754967293
absence_flat,427,0.023667561047981147
absence_flat,428,0.024034729393053123
absence_flat,429,0.024305784127014222
absence_flat,430,0.024534233817202176
absence_flat,431,0.024639484624425379
absence_flat,432,0.024566347977189484
absence_flat,433,0.024463462519344819
absence_flat,434,0.024402768673230563
absence_flat,435,0.024394287610291533
absence_flat,436,0.024398190984336241
absence_flat,437,0.024410293928731674
absence_flat,438,0.024213899716184598
absence_flat,439,0.024045037405202925
absence_flat,440,0.023773742166888389
absence_flat,441,0.023572767156047773
absence_flat,442,0.023216683530175076
absence_flat,443,0.022682517152240591
absence_flat,444,0.022165143675627216
absence_flat,445,0.021594009643970943
absence_flat,446,0.020969527944589967
absence_flat,447,0.020370984754437028
absence_flat,448,0.019824008245086993
absence_flat,449,0.019207525133901185
absence_flat,450,0.018568230558140299
absence_flat,451,0.018518518518518517
absence_flat,452,0.018518518518518517
absence_flat,453,0.018518518518518517
absence_flat,454,0.018518518518518517
absence_flat,455,0.018518518518518517
absence_flat,456,0.018518518518518517
absence_flat,457,0.018518518518518517
absence_flat,458,0.018518518518518517
absence_flat,459,0.018518518518518517
absence_flat,460,0.018518518518518517
absence_flat,461,0.018518518518518517
absence_flat,462,0.018518518518518517
absence_flat,463,0.018518518518518517
absence_flat,464,0.018518518518518517
absence_flat,465,0.018518518518518517
absence_flat,466,0.018518518518518517
absence_flat,467,0.018518518518518517
absence_flat,468,0.018518518518518517
absence_flat,469,0.018518518518518517
absence_flat,470,0.018518518518518517
absence_flat,471,0.018518518518518517
absence_flat,472,0.018518518518518517
absence_flat,473,0.018518518518518517
absence_flat,474,0.018518518518518517
absence_flat,475,0.018518518518518517
absence_flat,476,0.018518518518518517
absence_flat,477,0.018518518518518517
absence_flat,478,0.018518518518518517
absence_flat,479,0.018518518518518517
absence_flat,480,0.018518518518518517
absence_flat,481,0.018518518518518517
absence_flat,482,0.018518518518518517
absence_flat,483,0.018742472554327701
absence_flat,484,0.019544462514243525
absence_flat,485,0.020305732473229563
absence_flat,486,0.020861745606179014
absence_flat,487,0.021434617698258145
absence_flat,488,0.021890301275314807
absence_flat,489,0.022372527670145664
absence_flat,490,0.022639929778315037
absence_flat,491,0.022693382108332719
absence_flat,492,0.02279699518135609
absence_flat,493,0.022833574982080287
absence_flat,494,0.022825361187031368
absence_flat,495,0.022866916191146617
absence_flat,496,0.022933402338034738
absence_flat,497,0.022838554957422139
absence_flat,498,0.02273331687470579
absence_flat,499,0.022595738784110066
absence_flat,500,0.022417765810640072
absence_flat,501,0.022243063868590988
absence_flat,502,0.021975559200158257
absence_flat,503,0.021736386978858567
absence_flat,504,0.021522858520482462
absence_flat,505,0.021332549067831122
absence_flat,506,0.021163270123297929
absence_flat,507,0.021013045058132028
absence_flat,508,0.020880087518994884
absence_flat,509,0.02044183782948493
absence_flat,510,0.020006905109708657
absence_flat,511,0.019590094586589724
absence_flat,512,0.019190296737883812
absence_flat,513,0.022677013868462305
absence_flat,514,0.023149451657388603
absence_flat,515,0.023641993182013894
absence_flat,516,0.024155949555535936
absence_flat,517,0.024579147026444932
absence_flat,518,0.024969426338316638
absence_flat,519,0.025383996639489249
absence_flat,520,0.025824717163293414
absence_flat,521,0.02629362692094258
absence_flat,522,0.026757609358953497
absence_flat,523,0.027132418761670916
absence_flat,524,0.027539835600211674
absence_flat,525,0.027982950297171086
absence_flat,526,0.02846519624780872
absence_flat,527,0.028916150498576532
absence_flat,528,0.029197761815243802
absence_flat,529,0.029278274903871589
absence_flat,530,0.029354686213433102
absence_flat,531,0.029469305336247659
absence_flat,532,0.029628947723082184
absence_flat,533,0.029801140636757078
absence_flat,534,0.029872311209819296
absence_flat,535,0.029874186456126443
absence_flat,536,0.029701301970797577
absence_flat,537,0.029451445968829378
absence_flat,538,0.029241935186977458
absence_flat,539,0.028889502495846309
absence_flat,540,0.028496545342354705
absence_flat,541,0.028093457707146177
absence_flat,542,0.027652602189082699
absence_flat,543,0.027234715406600711
absence_flat,544,0.026769828824207555
absence_flat,545,0.026131737102670138
absence_flat,546,0.025378513893500043
absence_flat,547,0.024551911215865533
absence_flat,548,0.023663350704493082
absence_flat,549,0.022749664616186341
absence_flat,550,0.0217651533525475
absence_flat,551,0.020861522093026868
absence_flat,552,0.020189275454750501
absence_flat,553,0.019560139455777951
absence_flat,554,0.018825542872345558
absence_flat,555,0.018518518518518517
absence_flat,556,0.018518518518518517
absence_flat,557,0.018518518518518517
absence_flat,558,0.018518518518518517
absence_flat,559,0.018518518518518517
absence_flat,560,0.018518518518518517
absence_flat,561,0.018518518518518517
absence_flat,562,0.018518518518518517
absence_flat,563,0.018518518518518517
absence_flat,564,0.018518518518518517
absence_flat,565,0.018518518518518517
absence_flat,566,0.018518518518518517
absence_flat,567,0.018518518518518517
absence_flat,568,0.018518518518518517
absence_flat,569,0.018518518518518517
absence_flat,570,0.018518518518518517
absence_flat,571,0.018518518518518517
absence_flat,572,0.018518518518518517
absence_flat,573,0.018518518518518517
absence_flat,574,0.018518518518518517
absence_flat,575,0.018518518518518517
absence_flat,576,0.018518518518518517
absence_flat,577,0.018518518518518517
absence_flat,578,0.018518518518518517
absence_flat,579,0.018518518518518517
absence_flat,580,0.018925924185091297
absence_flat,581,0.019689706096112963
absence_flat,582,0.020365420873914849
absence_flat,583,0.020991059326001853
absence_flat,584,0.021521971683157698
absence_flat,585,0.022033950584076988
absence_flat,586,0.022588589659489115
absence_flat,587,0.023042625834651706
absence_flat,588,0.02349199518696558
absence_flat,589,0.023934771838208857
absence_flat,590,0.02434985455790812
absence_flat,591,0.024760641128783741
absence_flat,592,0.025108335692636399
absence_flat,593,0.025313621124903086
absence_flat,594,0.025451763547247985
absence_flat,595,0.025561009269472485
absence_flat,596,0.025662380658970051
absence_flat,597,0.02575530056383531
absence_flat,598,0.025808622100781296
absence_flat,599,0.02588798311901111
absence_flat,600,0.025981474661015712
absence_flat,601,0.025829248080789222
absence_flat,602,0.025523663032267128
absence_flat,603,0.025150024501097545
absence_flat,604,0.024806038972894014
absence_flat,605,0.024489338704746896
absence_flat,606,0.024197763519015193
absence_flat,607,0.023929339912668976
absence_flat,608,0.023597424924530517
absence_flat,609,0.023149451657388607
absence_flat,610,0.022677013868462305
absence_flat,611,0.021355412689482038
absence_flat,612,0.021658445569775288
absence_flat,613,0.021980482077119123
absence_flat,614,0.022322880518024429
absence_flat,615,0.0226726956923868
absence_flat,616,0.02293087570450798
absence_flat,617,0.023213450707944304
absence_flat,618,0.02343374662240931
absence_flat,619,0.023610085783042641
absence_flat,620,0.023735091859220705
absence_flat,621,0.02389038402701376
absence_flat,622,0.024043961022196445
absence_flat,623,0.024161341263973887
absence_flat,624,0.024265863976183067
absence_flat,625,0.02432169972066112
absence_flat,626,0.024280039983595351
absence_flat,627,0.024162258649351329
absence_flat,628,0.02391720255617942
absence_flat,629,0.023616028097079592
absence_flat,630,0.02326701475477545
absence_flat,631,0.022907898249501124
absence_flat,632,0.022553279773586076
absence_flat,633,0.022210357193897162
absence_flat,634,0.021889622174614012
absence_flat,635,0.021543237259707689
absence_flat,636,0.021134132050083913
absence_flat,637,0.020780094162133809
absence_flat,638,0.020412668590763933
absence_flat,639,0.020007981439075586
absence_flat,640,0.019606740099984379
absence_flat,641,0.019191316493063246
absence_flat,642,0.018780532435729264
absence_flat,643,0.018518518518518517
absence_flat,644,0.018518518518518517
absence_flat,645,0.018518518518518517
absence_flat,646,0.018518518518518517
absence_flat,647,0.018518518518518517
absence_flat,648,0.018518518518518517
absence_flat,649,0.018518518518518517
absence_flat,650,0.018518518518518517
absence_flat,651,0.018518518518518517
absence_flat,652,0.018518518518518517
absence_flat,653,0.018518518518518517
absence_flat,654,0.018518518518518517
absence_flat,655,0.018518518518518517
absence_flat,656,0.018518518518518517
absence_flat,657,0.018518518518518517
absence_flat,658,0.018518518518518517
absence_flat,659,0.018518518518518517
absence_flat,660,0.018518518518518521
absence_flat,661,0.018518518518518521
absence_flat,662,0.018518518518518521
absence_flat,663,0.018518518518518517
absence_flat,664,0.01881559023113262
absence_flat,665,0.019394191115944221
absence_flat,666,0.019968199927448308
absence_flat,667,0.02064132548864625
absence_flat,668,0.02139471355908475
absence_flat,669,0.022206233914386121
absence_flat,670,0.022959380420001851
absence_flat,671,0.02366010666169098
absence_flat,672,0.024317169145535597
absence_flat,673,0.02491547167346423
absence_flat,674,0.025427121882084135
absence_flat,675,0.025899007304634222
absence_flat,676,0.026263188352472815
absence_flat,677,0.026638640842197369
absence_flat,678,0.027002024887729778
absence_flat,679,0.027375462338048162
absence_flat,680,0.027764963295566349
absence_flat,681,0.028136160727150149
absence_flat,682,0.02849228642737163
absence_flat,683,0.028711753736146331
absence_flat,684,0.028770789655790847
absence_flat,685,0.028859768877718128
absence_flat,686,0.028811499336643422
absence_flat,687,0.028628425071789327
absence_flat,688,0.028393904921163768
absence_flat,689,0.028088458954928112
absence_flat,690,0.027787196726460565
absence_flat,691,0.027453629360785815
absence_flat,692,0.027094955817696834
absence_flat,693,0.026660896199513253
absence_flat,694,0.026228864710081203
absence_flat,695,0.025836558358259348
absence_flat,696,0.025480166863196534
absence_flat,697,0.025156286271753963
absence_flat,698,0.024861869580164238
absence_flat,699,0.024594184376675095
absence_flat,700,0.024350776323723421
absence_flat,701,0.02412943752848333
absence_flat,702,0.023784382949554921
absence_flat,703,0.023426409055149183
absence_flat,704,0.023090299914008412
absence_flat,705,0.022748156995317823
absence_flat,706,0.022264153654991913
absence_flat,707,0.021800317120512915
absence_flat,708,0.021355412689482038
absence_flat,709,0.018518518518518517
absence_flat,710,0.018518518518518517
absence_flat,711,0.018518518518518517
absence_flat,712,0.018518518518518517
absence_flat,713,0.018518518518518517
absence_flat,714,0.018518518518518517
absence_flat,715,0.018518518518518517
absence_flat,716,0.018643797739847048
absence_flat,717,0.019098524513989659
absence_flat,718,0.019575987626839396
absence_flat,719,0.020077936027527589
absence_flat,720,0.020606302765094103
absence_flat,721,0.021163229866853407
absence_flat,722,0.02165933598351729
absence_flat,723,0.022133587543826425
absence_flat,724,0.022550498300473773
absence_flat,725,0.022874322399450364
absence_flat,726,0.023219841263363006
absence_flat,727,0.023367578804155169
absence_flat,728,0.023262868443941615
absence_flat,729,0.022968599460661425
absence_flat,730,0.022474611807265937
absence_flat,731,0.021910065833078387
absence_flat,732,0.021275732898960453
absence_flat,733,0.020662465955902803
absence_flat,734,0.019965490473451638
absence_flat,735,0.019196383976586299
absence_flat,736,0.018518518518518517
absence_flat,737,0.018518518518518517
absence_flat,738,0.018518518518518517
absence_flat,739,0.018518518518518517
absence_flat,740,0.018518518518518517
absence_flat,741,0.018518518518518517
absence_flat,742,0.018518518518518517
absence_flat,743,0.018518518518518517
absence_flat,744,0.018518518518518517
absence_flat,745,0.018518518518518517
absence_flat,746,0.018518518518518517
absence_flat,747,0.018518518518518517
absence_flat,748,0.018518518518518517
absence_flat,749,0.018518518518518517
absence_flat,750,0.018518518518518517
absence_flat,751,0.018518518518518517
absence_flat,752,0.018518518518518517
absence_flat,753,0.018518518518518517
absence_flat,754,0.018518518518518517
absence_flat,755,0.018518518518518517
absence_flat,756,0.018518518518518517
absence_flat,757,0.018518518518518517
absence_flat,758,0.018518518518518517
absence_flat,759,0.018518518518518517
absence_flat,760,0.018518518518518517
absence_flat,761,0.018518518518518517
absence_flat,762,0.018518518518518517
absence_flat,763,0.018518518518518517
absence_flat,764,0.018518518518518517
absence_flat,765,0.018518518518518517
absence_flat,766,0.018518518518518517
absence_flat,767,0.018518518518518517
absence_flat,768,0.018518518518518517
absence_flat,769,0.018518518518518517
absence_flat,770,0.018518518518518517
absence_flat,771,0.018518518518518517
absence_flat,772,0.018518518518518517
absence_flat,773,0.018518518518518517
absence_flat,774,0.018518518518518517
absence_flat,775,0.018518518518518517
absence_flat,776,0.018518518518518517
absence_flat,777,0.018518518518518517
absence_flat,778,0.018518518518518517
absence_flat,779,0.018518518518518517
absence_flat,780,0.018518518518518517
absence_flat,781,0.018518518518518517
absence_flat,782,0.018518518518518517
absence_flat,783,0.018518518518518517
absence_flat,784,0.018518518518518517
absence_flat,785,0.018518518518518517
absence_flat,786,0.018518518518518517
absence_flat,787,0.01887623022160222
absence_flat,788,0.019289386187668036
absence_flat,789,0.019598605416154786
absence_flat,790,0.019800372145615718
absence_flat,791,0.019984380462921846
absence_flat,792,0.020189110476069947
absence_flat,793,0.020278953553193282
absence_flat,794,0.020366487360568116
absence_flat,795,0.020328213195918349
absence_flat,796,0.020012207952041384
absence_flat,797,0.019575987626839399
absence_flat,798,0.019098524513989659
absence_flat,799,0.018643797739847048
absence_flat,800,0.018518518518518517
absence_flat,801,0.018518518518518517
absence_flat,802,0.018518518518518517
absence_flat,803,0.018518518518518517
absence_flat,804,0.018518518518518517
absence_flat,805,0.018518518518518517
absence_flat,806,0.018518518518518517
absence_flat,807,0.019672266183502193
absence_flat,808,0.020082105062325155
absence_flat,809,0.020509383893438458
absence_flat,810,0.020955240065034943
absence_flat,811,0.021420912066480165
absence_flat,812,0.021907750977081992
absence_flat,813,0.022417233557944363
absence_flat,814,0.022950977214085889
absence_flat,815,0.023510757146136766
absence_flat,816,0.024098526074790187
absence_flat,817,0.024716436999784808
absence_flat,818,0.025295124649193961
absence_flat,819,0.025718430054085407
absence_flat,820,0.026076561987959299
absence_flat,821,0.026202419492338997
absence_flat,822,0.026360101030000749
absence_flat,823,0.026554294978770949
absence_flat,824,0.026790365294207457
absence_flat,825,0.027074449448411517
absence_flat,826,0.027199305526249683
absence_flat,827,0.027303290525710067
absence_flat,828,0.027357770101073781
absence_flat,829,0.027259992109664944
absence_flat,830,0.027105324048489376
absence_flat,831,0.02678988010235317
absence_flat,832,0.026350087397123082
absence_flat,833,0.025932760660183584
absence_flat,834,0.025511138508216014
absence_flat,835,0.025067460308776303
absence_flat,836,0.024699904246456888
absence_flat,837,0.024322076456504863
absence_flat,838,0.023924612090246548
absence_flat,839,0.023474212186384361
absence_flat,840,0.022930125984534106
absence_flat,841,0.022316133269209122
absence_flat,842,0.021665467017665679
absence_flat,843,0.021104624620905559
absence_flat,844,0.020638036636474229
absence_flat,845,0.020151813836722973
absence_flat,846,0.019650559674459139
absence_flat,847,0.019242015059150262
absence_flat,848,0.018884878407430045
absence_flat,849,0.018588746010239268
absence_flat,850,0.018518518518518521
absence_flat,851,0.018518518518518521
absence_flat,852,0.018518518518518521
absence_flat,853,0.018518518518518521
absence_flat,854,0.018518518518518521
absence_flat,855,0.018518518518518521
absence_flat,856,0.018518518518518517
absence_flat,857,0.018518518518518517
absence_flat,858,0.018518518518518517
absence_flat,859,0.018518518518518517
absence_flat,860,0.018518518518518517
absence_flat,861,0.018518518518518517
absence_flat,862,0.018518518518518517
absence_flat,863,0.018518518518518517
absence_flat,864,0.018518518518518517
absence_flat,865,0.018518518518518517
absence_flat,866,0.018518518518518517
absence_flat,867,0.018518518518518517
absence_flat,868,0.018518518518518517
absence_flat,869,0.018518518518518517
absence_flat,870,0.018518518518518517
absence_flat,871,0.018518518518518517
absence_flat,872,0.018518518518518517
absence_flat,873,0.018518518518518517
absence_flat,874,0.018518518518518517
absence_flat,875,0.018518518518518517
absence_flat,876,0.018518518518518517
absence_flat,877,0.018518518518518517
absence_flat,878,0.018518518518518517
absence_flat,879,0.018518518518518517
absence_flat,880,0.018518518518518517
absence_flat,881,0.018974265225339664
absence_flat,882,0.019672903526440858
absence_flat,883,0.02033256805608841
absence_flat,884,0.021000348928875937
absence_flat,885,0.021571151148141465
absence_flat,886,0.022049353013100771
absence_flat,887,0.02238901152618494
absence_flat,888,0.022566472518178927
absence_flat,889,0.022626758846635651
absence_flat,890,0.022641609922242761
absence_flat,891,0.022693958102981537
absence_flat,892,0.022691695590195789
absence_flat,893,0.022550829403628025
absence_flat,894,0.022344565767663069
absence_flat,895,0.022169465372929912
absence_flat,896,0.021915618550930365
absence_flat,897,0.021664808157444447
absence_flat,898,0.021429972576108781
absence_flat,899,0.021085803209361532
absence_flat,900,0.020764147540792147
absence_flat,901,0.020463388521210008
absence_flat,902,0.020182044076423579
absence_flat,903,0.019918753618548658
absence_flat,904,0.019672266183502193
absence_flat,905,0.021899282926527246
absence_flat,906,0.022276291631539703
absence_flat,907,0.022598551317347979
absence_flat,908,0.022940840397542638
absence_flat,909,0.023304614771308234
absence_flat,910,0.023691460657547236
absence_flat,911,0.024021616753538581
absence_flat,912,0.02418178424121328
absence_flat,913,0.024365653411357411
absence_flat,914,0.02451728611348207
absence_flat,915,0.024620924001576804
absence_flat,916,0.024752247313674227
absence_flat,917,0.024914959438059787
absence_flat,918,0.02511322793404001
absence_flat,919,0.025245324004935135
absence_flat,920,0.025403925873318488
absence_flat,921,0.025610058671303535
absence_flat,922,0.025870814449179966
absence_flat,923,0.026172610826661474
absence_flat,924,0.026374363102305613
absence_flat,925,0.026496368602033239
absence_flat,926,0.026562075760969809
absence_flat,927,0.026511939128544552
absence_flat,928,0.026311931281074903
absence_flat,929,0.025983532452998771
absence_flat,930,0.025556938622312012
absence_flat,931,0.025145389195522796
absence_flat,932,0.024687337876103332
absence_flat,933,0.024224758629504704
absence_flat,934,0.023785720369559213
absence_flat,935,0.023390315621560714
absence_flat,936,0.023067273520329588
absence_flat,937,0.022713567407747555
absence_flat,938,0.022374488563459416
absence_flat,939,0.021976171788687566
absence_flat,940,0.021503471927897814
absence_flat,941,0.020995298757407698
absence_flat,942,0.020456651338228601
absence_flat,943,0.019901489022300267
absence_flat,944,0.019361755432858032
absence_flat,945,0.018905374772752642
absence_flat,946,0.018633861948449699
absence_flat,947,0.018518518518518517
absence_flat,948,0.018518518518518521
absence_flat,949,0.018518518518518521
absence_flat,950,0.018518518518518521
absence_flat,951,0.018518518518518521
absence_flat,952,0.018518518518518521
absence_flat,953,0.018518518518518521
absence_flat,954,0.018518518518518517
absence_flat,955,0.018518518518518517
absence_flat,956,0.018518518518518517
absence_flat,957,0.018518518518518517
absence_flat,958,0.018518518518518517
absence_flat,959,0.018518518518518517
absence_flat,960,0.018518518518518517
absence_flat,961,0.018521466161909562
absence_flat,962,0.019392969899398531
absence_flat,963,0.020276477701550711
absence_flat,964,0.021162685105557213
absence_flat,965,0.021999891074056963
absence_flat,966,0.022770605454942552
absence_flat,967,0.023411394150717753
absence_flat,968,0.024038802092796831
absence_flat,969,0.024647060484497958
absence_flat,970,0.02522637214746978
absence_flat,971,0.025754112597855785
absence_flat,972,0.02614111300216735
absence_flat,973,0.026433300302602027
absence_flat,974,0.026674768262425753
absence_flat,975,0.026790510075320167
absence_flat,976,0.026761505831835872
absence_flat,977,0.026632836600888124
absence_flat,978,0.02645799476914076
absence_flat,979,0.0263813680195574
absence_flat,980,0.02628632029668421
absence_flat,981,0.026240178649338308
absence_flat,982,0.026252619296918644
absence_flat,983,0.026312370486666972
absence_flat,984,0.026410066668407291
absence_flat,985,0.026336900716538561
absence_flat,986,0.026235956612783058
absence_flat,987,0.025973592540945174
absence_flat,988,0.025668625946865056
absence_flat,989,0.025402347383670223
absence_flat,990,0.025170523902005852
absence_flat,991,0.024969396264199133
absence_flat,992,0.024795623397347408
absence_flat,993,0.024646233928566345
absence_flat,994,0.024475804225346502
absence_flat,995,0.024212113441176412
absence_flat,996,0.023851027011669385
absence_flat,997,0.02347335444977329
absence_flat,998,0.023118675815388682
absence_flat,999,0.022785360902795107
absence_flat,1000,0.022471917433071802
absence_flat,1001,0.022176977035748491
absence_flat,1002,0.021899282926527246
absence_flat,1003,0.023509885575141724
absence_flat,1004,0.023999674857957176
absence_flat,1005,0.024510306237913712
absence_flat,1006,0.025043138982216186
absence_flat,1007,0.025536574184700785
absence_flat,1008,0.025973601692748378
absence_flat,1009,0.026431076574597048
absence_flat,1010,0.026784568844714834
absence_flat,1011,0.027078672751282618
absence_flat,1012,0.027353813075433924
absence_flat,1013,0.02765950072086315
absence_flat,1014,0.027977651503789874
absence_flat,1015,0.028224486823496316
absence_flat,1016,0.028508276512338053
absence_flat,1017,0.028833467845059052
absence_flat,1018,0.029205055429145539
absence_flat,1019,0.029616289556020258
absence_flat,1020,0.029896702990944501
absence_flat,1021,0.030017921484196179
absence_flat,1022,0.030053069566825838
absence_flat,1023,0.030141884565518039
absence_flat,1024,0.030265733892705586
absence_flat,1025,0.030314232831586723
absence_flat,1026,0.030247145829319283
absence_flat,1027,0.029962780990525698
absence_flat,1028,0.029634113280468683
absence_flat,1029,0.029230991625956833
absence_flat,1030,0.028837429552953587
absence_flat,1031,0.028429966467641551
absence_flat,1032,0.027977528260743977
absence_flat,1033,0.027466281410393468
absence_flat,1034,0.026930919197317028
absence_flat,1035,0.026324621870355006
absence_flat,1036,0.025675031942187704
absence_flat,1037,0.025027487070366342
absence_flat,1038,0.024332298165172243
absence_flat,1039,0.02358301960165126
absence_flat,1040,0.022861541542871577
absence_flat,1041,0.022146199970486811
absence_flat,1042,0.021388407424941178
absence_flat,1043,0.020582932450584963
absence_flat,1044,0.019839039587614796
absence_flat,1045,0.019077713801718289
absence_flat,1046,0.018542544040906658
absence_flat,1047,0.018518518518518521
absence_flat,1048,0.018518518518518521
absence_flat,1049,0.018518518518518521
absence_flat,1050,0.018518518518518521
absence_flat,1051,0.018518518518518521
absence_flat,1052,0.018518518518518517
absence_flat,1053,0.018518518518518517
absence_flat,1054,0.018518518518518517
absence_flat,1055,0.018518518518518517
absence_flat,1056,0.018518518518518517
absence_flat,1057,0.018518518518518517
absence_flat,1058,0.018518518518518517
absence_flat,1059,0.018518518518518517
absence_flat,1060,0.018518518518518517
absence_flat,1061,0.018518518518518517
absence_flat,1062,0.018518518518518517
absence_flat,1063,0.018518518518518517
absence_flat,1064,0.018518518518518517
absence_flat,1065,0.018978833972727333
absence_flat,1066,0.019886526516247425
absence_flat,1067,0.020699713647182542
absence_flat,1068,0.021340820003596168
absence_flat,1069,0.021861608646670729
absence_flat,1070,0.022372896606081286
absence_flat,1071,0.02295750318213343
absence_flat,1072,0.023553473815683037
absence_flat,1073,0.024053553159594048
absence_flat,1074,0.024427233702485892
absence_flat,1075,0.024609227508924081
absence_flat,1076,0.024812281556026255
absence_flat,1077,0.024984553857988413
absence_flat,1078,0.025214605949560223
absence_flat,1079,0.025446639426371299
absence_flat,1080,0.025649689447231991
absence_flat,1081,0.025802388704984452
absence_flat,1082,0.025959372914091693
absence_flat,1083,0.026058079598268412
absence_flat,1084,0.026154343590106148
absence_flat,1085,0.026277618475136155
absence_flat,1086,0.026349590358832387
absence_flat,1087,0.026391931820318407
absence_flat,1088,0.026456429669193315
absence_flat,1089,0.02646352483551825
absence_flat,1090,0.026380851140977789
absence_flat,1091,0.026250180954704969
absence_flat,1092,0.026105774998028592
absence_flat,1093,0.025889012877831984
absence_flat,1094,0.025696240393601646
absence_flat,1095,0.025402991226536682
absence_flat,1096,0.024979013759500755
absence_flat,1097,0.024579295506211133
absence_flat,1098,0.024202188884254551
absence_flat,1099,0.023846182104079336
absence_flat,1100,0.023509885575141724
absence_weighted,1,0.059693936578232319
absence_weighted,2,0.052530050431616196
absence_weighted,3,0.054251331121220638
absence_weighted,4,0.061162143263366144
absence_weighted,5,0.064386338861877571
absence_weighted,6,0.063153055438797914
absence_weighted,7,0.068377928744933592
absence_weighted,8,0.053264741736291268
absence_weighted,9,0.064934325172593677
absence_weighted,10,0.061084390858738812
absence_weighted,11,0.086748020010640678
absence_weighted,12,0.96832795584280784
absence_weighted,13,0.89724054220153859
absence_weighted,14,0.85403211478938357
absence_weighted,15,0.93976941878085629
absence_weighted,16,0.93821276678464538
absence_weighted,17,0.83680763661787305
absence_weighted,18,0.85070631630892002
absence_weighted,19,0.5780788445543843
absence_weighted,20,0.58846402667614173
absence_weighted,21,0.47376290872366672
absence_weighted,22,0.56152117466802409
absence_weighted,23,0.018518518518518517
absence_weighted,24,0.018518518518518517
absence_weighted,25,0.018518518518518517
absence_weighted,26,0.018518518518518517
absence_weighted,27,0.018518518518518517
absence_weighted,28,0.018518518518518517
absence_weighted,29,0.01864909427705733
absence_weighted,30,0.019093120331272983
absence_weighted,31,0.019558806193011348
absence_weighted,32,0.020015609284566884
absence_weighted,33,0.020281936772856706
absence_weighted,34,0.02044219716844109
absence_weighted,35,0.020533424538239784
absence_weighted,36,0.020557456278695589
absence_weighted,37,0.020605171142144163
absence_weighted,38,0.020680509617724743
absence_weighted,39,0.02078800062205044
absence_weighted,40,0.02093284152859845
absence_weighted,41,0.020977273947998289
absence_weighted,42,0.020949370026880465
absence_weighted,43,0.020772784872689777
absence_weighted,44,0.020456935523805096
absence_weighted,45,0.020031380033158974
absence_weighted,46,0.019647335874386249
absence_weighted,47,0.019229135528353793
absence_weighted,48,0.018688502729033846
absence_weighted,49,0.018518518518518517
absence_weighted,50,0.018518518518518517
absence_weighted,51,0.018518518518518517
absence_weighted,52,0.018518518518518517
absence_weighted,53,0.018518518518518517
absence_weighted,54,0.018518518518518517
absence_weighted,55,0.018518518518518517
absence_weighted,56,0.018518518518518517
absence_weighted,57,0.018518518518518517
absence_weighted,58,0.018518518518518517
absence_weighted,59,0.018518518518518517
absence_weighted,60,0.018518518518518517
absence_weighted,61,0.018518518518518517
absence_weighted,62,0.018518518518518517
absence_weighted,63,0.018518518518518517
absence_weighted,64,0.018518518518518517
absence_weighted,65,0.018518518518518517
absence_weighted,66,0.018518518518518517
absence_weighted,67,0.018518518518518517
absence_weighted,68,0.018518518518518517
absence_weighted,69,0.018518518518518517
absence_weighted,70,0.018518518518518517
absence_weighted,71,0.018518518518518517
absence_weighted,72,0.018518518518518517
absence_weighted,73,0.018518518518518517
absence_weighted,74,0.018518518518518517
absence_weighted,75,0.018518518518518517
absence_weighted,76,0.018518518518518517
absence_weighted,77,0.018518518518518517
absence_weighted,78,0.018518518518518517
absence_weighted,79,0.018518518518518517
absence_weighted,80,0.018518518518518517
absence_weighted,81,0.018518518518518517
absence_weighted,82,0.018518518518518517
absence_weighted,83,0.018518518518518517
absence_weighted,84,0.018518518518518517
absence_weighted,85,0.018518518518518517
absence_weighted,86,0.018518518518518517
absence_weighted,87,0.018518518518518517
absence_weighted,88,0.018518518518518517
absence_weighted,89,0.018518518518518517
absence_weighted,90,0.018518518518518517
absence_weighted,91,0.018518518518518517
absence_weighted,92,0.018518518518518517
absence_weighted,93,0.018518518518518517
absence_weighted,94,0.018518518518518517
absence_weighted,95,0.018518518518518517
absence_weighted,96,0.019143446868121961
absence_weighted,97,0.019757065452688318
absence_weighted,98,0.020394831221429946
absence_weighted,99,0.0209712165290761
absence_weighted,100,0.021327676148380621
absence_weighted,101,0.021396781994596641
absence_weighted,102,0.021324565236937924
absence_weighted,103,0.021306163682145149
absence_weighted,104,0.021216281174951602
absence_weighted,105,0.021074286687568319
absence_weighted,106,0.020977208478200098
absence_weighted,107,0.020803582665415515
absence_weighted,108,0.020536764319752307
absence_weighted,109,0.020282746265104963
absence_weighted,110,0.020059495152838329
absence_weighted,111,0.019724726472244398
absence_weighted,112,0.019402880949438886
absence_weighted,113,0.019093120331272986
absence_weighted,114,0.01864909427705733
absence_weighted,115,0.018518518518518517
absence_weighted,116,0.018518518518518517
absence_weighted,117,0.018518518518518517
absence_weighted,118,0.018518518518518517
absence_weighted,119,0.018518518518518517
absence_weighted,120,0.018518518518518517
absence_weighted,121,0.018518518518518517
absence_weighted,122,0.018518518518518517
absence_weighted,123,0.018518518518518517
absence_weighted,124,0.018518518518518517
absence_weighted,125,0.018518518518518517
absence_weighted,126,0.018518518518518517
absence_weighted,127,0.018518518518518517
absence_weighted,128,0.018518518518518517
absence_weighted,129,0.018518518518518517
absence_weighted,130,0.018518518518518517
absence_weighted,131,0.018518518518518517
absence_weighted,132,0.018518518518518517
absence_weighted,133,0.018518518518518517
absence_weighted,134,0.018605096057889216
absence_weighted,135,0.019136670230971764
absence_weighted,136,0.01969951347305917
absence_weighted,137,0.020296468426788235
absence_weighted,138,0.02088502112869459
absence_weighted,139,0.021338290667123411
absence_weighted,140,0.021836856599388398
absence_weighted,141,0.022319043321005375
absence_weighted,142,0.022723710067923925
absence_weighted,143,0.023190241855649486
absence_weighted,144,0.023571510759367191
absence_weighted,145,0.023893262471372453
absence_weighted,146,0.024028155060367849
absence_weighted,147,0.023888865667257453
absence_weighted,148,0.023608580221180678
absence_weighted,149,0.023141344265131838
absence_weighted,150,0.022583144330244102
absence_weighted,151,0.021946145162872643
absence_weighted,152,0.0212699475535441
absence_weighted,153,0.020261911745578058
absence_weighted,154,0.018992397053267277
absence_weighted,155,0.018518518518518517
absence_weighted,156,0.018518518518518517
absence_weighted,157,0.018518518518518517
absence_weighted,158,0.018518518518518517
absence_weighted,159,0.018518518518518517
absence_weighted,160,0.018518518518518517
absence_weighted,161,0.018518518518518517
absence_weighted,162,0.018518518518518517
absence_weighted,163,0.018518518518518517
absence_weighted,164,0.018518518518518517
absence_weighted,165,0.018518518518518517
absence_weighted,166,0.018518518518518517
absence_weighted,167,0.018518518518518517
absence_weighted,168,0.018518518518518517
absence_weighted,169,0.018518518518518517
absence_weighted,170,0.018518518518518517
absence_weighted,171,0.018518518518518517
absence_weighted,172,0.018518518518518517
absence_weighted,173,0.018518518518518517
absence_weighted,174,0.018518518518518517
absence_weighted,175,0.018518518518518517
absence_weighted,176,0.018518518518518517
absence_weighted,177,0.018518518518518517
absence_weighted,178,0.018518518518518517
absence_weighted,179,0.018518518518518517
absence_weighted,180,0.018518518518518517
absence_weighted,181,0.018518518518518517
absence_weighted,182,0.018518518518518517
absence_weighted,183,0.018518518518518517
absence_weighted,184,0.018518518518518517
absence_weighted,185,0.018518518518518517
absence_weighted,186,0.018518518518518517
absence_weighted,187,0.018518518518518517
absence_weighted,188,0.018518518518518517
absence_weighted,189,0.018518518518518517
absence_weighted,190,0.018518518518518517
absence_weighted,191,0.018518518518518517
absence_weighted,192,0.018518518518518517
absence_weighted,193,0.018518518518518517
absence_weighted,194,0.018518518518518517
absence_weighted,195,0.018518518518518517
absence_weighted,196,0.018518518518518517
absence_weighted,197,0.018518518518518517
absence_weighted,198,0.018518518518518517
absence_weighted,199,0.018518518518518517
absence_weighted,200,0.018518518518518517
absence_weighted,201,0.018518518518518517
absence_weighted,202,0.018518518518518517
absence_weighted,203,0.018518518518518517
absence_weighted,204,0.018518518518518517
absence_weighted,205,0.018518518518518517
absence_weighted,206,0.018518518518518517
absence_weighted,207,0.018518518518518517
absence_weighted,208,0.018518518518518517
absence_weighted,209,0.018518518518518517
absence_weighted,210,0.018518518518518517
absence_weighted,211,0.018518518518518517
absence_weighted,212,0.018518518518518517
absence_weighted,213,0.018518518518518517
absence_weighted,214,0.018518518518518517
absence_weighted,215,0.018518518518518517
absence_weighted,216,0.018518518518518517
absence_weighted,217,0.018518518518518517
absence_weighted,218,0.018518518518518517
absence_weighted,219,0.018518518518518517
absence_weighted,220,0.018518518518518517
absence_weighted,221,0.018638110534036034
absence_weighted,222,0.019043286849993339
absence_weighted,223,0.019466471002215411
absence_weighted,224,0.019908890797720308
absence_weighted,225,0.020371888258132406
absence_weighted,226,0.020856933216659369
absence_weighted,227,0.021365638904870574
absence_weighted,228,0.02189977987749234
absence_weighted,229,0.022461312694863941
absence_weighted,230,0.023052399871044568
absence_weighted,231,0.023566898025616942
absence_weighted,232,0.023834487478866028
absence_weighted,233,0.024133113618501387
absence_weighted,234,0.024466297280784383
absence_weighted,235,0.02483800053122398
absence_weighted,236,0.025216375643311469
absence_weighted,237,0.025472727484449086
absence_weighted,238,0.025623837780455811
absence_weighted,239,0.025821083144028624
absence_weighted,240,0.02591290904932084
absence_weighted,241,0.026023621159608549
absence_weighted,242,0.02585002132982267
absence_weighted,243,0.025587128173527554
absence_weighted,244,0.025367676914820773
absence_weighted,245,0.025040060661279156
absence_weighted,246,0.024605417546250903
absence_weighted,247,0.024227381408095224
absence_weighted,248,0.023815124699759656
absence_weighted,249,0.023312239372287744
absence_weighted,250,0.022804083000981069
absence_weighted,251,0.022324004776938591
absence_weighted,252,0.021811124283951943
absence_weighted,253,0.021082448187798586
absence_weighted,254,0.020202739123273937
absence_weighted,255,0.019411847305439319
absence_weighted,256,0.018764616341453887
absence_weighted,257,0.018518518518518517
absence_weighted,258,0.018518518518518517
absence_weighted,259,0.018518518518518517
absence_weighted,260,0.018518518518518517
absence_weighted,261,0.018518518518518517
absence_weighted,262,0.018518518518518517
absence_weighted,263,0.018518518518518517
absence_weighted,264,0.018518518518518517
absence_weighted,265,0.018518518518518517
absence_weighted,266,0.018518518518518517
absence_weighted,267,0.018518518518518517
absence_weighted,268,0.018518518518518517
absence_weighted,269,0.018518518518518517
absence_weighted,270,0.018518518518518517
absence_weighted,271,0.018518518518518517
absence_weighted,272,0.018518518518518517
absence_weighted,273,0.018518518518518517
absence_weighted,274,0.018518518518518517
absence_weighted,275,0.018518518518518517
absence_weighted,276,0.018518518518518517
absence_weighted,277,0.018518518518518517
absence_weighted,278,0.018518518518518517
absence_weighted,279,0.018518518518518517
absence_weighted,280,0.018518518518518517
absence_weighted,281,0.018518518518518517
absence_weighted,282,0.018518518518518517
absence_weighted,283,0.018518518518518517
absence_weighted,284,0.018518518518518517
absence_weighted,285,0.018518518518518517
absence_weighted,286,0.018518518518518517
absence_weighted,287,0.018518518518518517
absence_weighted,288,0.018518518518518517
absence_weighted,289,0.018518518518518517
absence_weighted,290,0.018518518518518517
absence_weighted,291,0.018518518518518517
absence_weighted,292,0.018518518518518517
absence_weighted,293,0.018518518518518517
absence_weighted,294,0.018518518518518517
absence_weighted,295,0.018518518518518517
absence_weighted,296,0.018518518518518517
absence_weighted,297,0.018795809038457352
absence_weighted,298,0.019368549389840024
absence_weighted,299,0.019895724586263631
absence_weighted,300,0.020313072206949456
absence_weighted,301,0.020489594253853428
absence_weighted,302,0.020561994804668679
absence_weighted,303,0.020679553027061998
absence_weighted,304,0.020783579454766794
absence_weighted,305,0.020788295988230447
absence_weighted,306,0.02051179669305302
absence_weighted,307,0.020233432837280945
absence_weighted,308,0.019985667701901171
absence_weighted,309,0.019765710748635815
absence_weighted,310,0.019571022761174606
absence_weighted,311,0.019399292317002461
absence_weighted,312,0.019137044757520247
absence_weighted,313,0.018866072366836933
absence_weighted,314,0.018613889662264942
absence_weighted,315,0.018518518518518517
absence_weighted,316,0.018518518518518517
absence_weighted,317,0.019088802179634913
absence_weighted,318,0.019486485558377308
absence_weighted,319,0.019901091634087462
absence_weighted,320,0.020333724060915451
absence_weighted,321,0.020785584595602462
absence_weighted,322,0.021118869115573837
absence_weighted,323,0.021442756020470872
absence_weighted,324,0.021789643853581845
absence_weighted,325,0.022161391776107122
absence_weighted,326,0.022560041430145932
absence_weighted,327,0.022987839538388854
absence_weighted,328,0.023447264047489591
absence_weighted,329,0.023736066446372897
absence_weighted,330,0.023715190031692313
absence_weighted,331,0.023712108688827453
absence_weighted,332,0.023741054309724296
absence_weighted,333,0.023807818526692597
absence_weighted,334,0.023919086610810984
absence_weighted,335,0.024078694256440113
absence_weighted,336,0.024006403296763092
absence_weighted,337,0.023750250207060633
absence_weighted,338,0.023481322234684972
absence_weighted,339,0.023235624084788284
absence_weighted,340,0.022911011363095982
absence_weighted,341,0.022432389116822007
absence_weighted,342,0.021930564606841618
absence_weighted,343,0.021414820622804406
absence_weighted,344,0.020973928985591923
absence_weighted,345,0.020481461647418743
absence_weighted,346,0.019945136498448011
absence_weighted,347,0.019394741128702053
absence_weighted,348,0.018768047970907475
absence_weighted,349,0.018518518518518517
absence_weighted,350,0.018518518518518517
absence_weighted,351,0.018518518518518517
absence_weighted,352,0.018518518518518517
absence_weighted,353,0.018518518518518517
absence_weighted,354,0.018518518518518517
absence_weighted,355,0.018518518518518517
absence_weighted,356,0.018518518518518517
absence_weighted,357,0.018518518518518517
absence_weighted,358,0.018518518518518517
absence_weighted,359,0.018518518518518517
absence_weighted,360,0.018518518518518517
absence_weighted,361,0.018518518518518517
absence_weighted,362,0.018518518518518517
absence_weighted,363,0.018518518518518517
absence_weighted,364,0.018518518518518517
absence_weighted,365,0.018518518518518517
absence_weighted,366,0.018518518518518517
absence_weighted,367,0.018518518518518517
absence_weighted,368,0.018518518518518517
absence_weighted,369,0.018518518518518517
absence_weighted,370,0.018518518518518517
absence_weighted,371,0.018518518518518517
absence_weighted,372,0.018518518518518517
absence_weighted,373,0.018518518518518517
absence_weighted,374,0.018518518518518517
absence_weighted,375,0.018518518518518517
absence_weighted,376,0.018518518518518517
absence_weighted,377,0.018518518518518517
absence_weighted,378,0.018518518518518517
absence_weighted,379,0.018518518518518517
absence_weighted,380,0.018518518518518517
absence_weighted,381,0.018518518518518517
absence_weighted,382,0.018518518518518517
absence_weighted,383,0.018518518518518517
absence_weighted,384,0.018781382903423346
absence_weighted,385,0.019429836962554403
absence_weighted,386,0.020117320791668225
absence_weighted,387,0.020823393196295906
absence_weighted,388,0.021440197551231763
absence_weighted,389,0.021912671668667658
absence_weighted,390,0.022375376844909547
absence_weighted,391,0.022820597167946946
absence_weighted,392,0.023304847432093177
absence_weighted,393,0.023630796997437035
absence_weighted,394,0.023843085865045997
absence_weighted,395,0.023959631688671656
absence_weighted,396,0.023923469188488256
absence_weighted,397,0.023893915835980425
absence_weighted,398,0.023695128262732061
absence_weighted,399,0.02354160677389314
absence_weighted,400,0.023427266960204154
absence_weighted,401,0.023221745932610224
absence_weighted,402,0.022888937628491167
absence_weighted,403,0.022590221399926821
absence_weighted,404,0.02232233264562233
absence_weighted,405,0.022082335713483385
absence_weighted,406,0.021867587640355568
absence_weighted,407,0.021675706544559154
absence_weighted,408,0.021343683425605362
absence_weighted,409,0.021029183961321203
absence_weighted,410,0.020735488909996543
absence_weighted,411,0.020333724060915454
absence_weighted,412,0.019901091634087462
absence_weighted,413,0.019486485558377304
absence_weighted,414,0.019088802179634913
absence_weighted,415,0.019190296737883812
absence_weighted,416,0.019590094586589727
absence_weighted,417,0.020006905109708654
absence_weighted,418,0.02044183782948493
absence_weighted,419,0.020802911501882817
absence_weighted,420,0.021098507960846977
absence_weighted,421,0.021414979881417155
absence_weighted,422,0.021753997817411191
absence_weighted,423,0.02211739329310515
absence_weighted,424,0.022507178184819263
absence_weighted,425,0.022925567048407213
absence_weighted,426,0.023336053754967293
absence_weighted,427,0.023667561047981147
absence_weighted,428,0.024034729393053123
absence_weighted,429,0.024305784127014222
absence_weighted,430,0.024534233817202176
absence_weighted,431,0.024639484624425379
absence_weighted,432,0.024566347977189484
absence_weighted,433,0.024463462519344819
absence_weighted,434,0.024402768673230563
absence_weighted,435,0.024394287610291533
absence_weighted,436,0.024398190984336241
absence_weighted,437,0.024410293928731674
absence_weighted,438,0.024213899716184598
absence_weighted,439,0.024045037405202925
absence_weighted,440,0.023773742166888389
absence_weighted,441,0.023572767156047773
absence_weighted,442,0.023216683530175076
absence_weighted,443,0.022682517152240591
absence_weighted,444,0.022165143675627216
absence_weighted,445,0.021594009643970943
absence_weighted,446,0.020969527944589967
absence_weighted,447,0.020370984754437028
absence_weighted,448,0.019824008245086993
absence_weighted,449,0.019207525133901185
absence_weighted,450,0.018568230558140299
absence_weighted,451,0.018518518518518517
absence_weighted,452,0.018518518518518517
absence_weighted,453,0.018518518518518517
absence_weighted,454,0.018518518518518517
absence_weighted,455,0.018518518518518517
absence_weighted,456,0.018518518518518517
absence_weighted,457,0.018518518518518517
absence_weighted,458,0.018518518518518517
absence_weighted,459,0.018518518518518517
absence_weighted,460,0.018518518518518517
absence_weighted,461,0.018518518518518517
absence_weighted,462,0.018518518518518517
absence_weighted,463,0.018518518518518517
absence_weighted,464,0.018518518518518517
absence_weighted,465,0.018518518518518517
absence_weighted,466,0.018518518518518517
absence_weighted,467,0.018518518518518517
absence_weighted,468,0.018518518518518517
absence_weighted,469,0.018518518518518517
absence_weighted,470,0.018518518518518517
absence_weighted,471,0.018518518518518517
absence_weighted,472,0.018518518518518517
absence_weighted,473,0.018518518518518517
absence_weighted,474,0.018518518518518517
absence_weighted,475,0.018518518518518517
absence_weighted,476,0.018518518518518517
absence_weighted,477,0.018518518518518517
absence_weighted,478,0.018518518518518517
absence_weighted,479,0.018518518518518517
absence_weighted,480,0.018518518518518517
absence_weighted,481,0.018518518518518517
absence_weighted,482,0.018518518518518517
absence_weighted,483,0.018742472554327701
absence_weighted,484,0.019544462514243525
absence_weighted,485,0.020305732473229563
absence_weighted,486,0.020861745606179014
absence_weighted,487,0.021434617698258145
absence_weighted,488,0.021890301275314807
absence_weighted,489,0.022372527670145664
absence_weighted,490,0.022639929778315037
absence_weighted,491,0.022693382108332719
absence_weighted,492,0.02279699518135609
absence_weighted,493,0.022833574982080287
absence_weighted,494,0.022825361187031368
absence_weighted,495,0.022866916191146617
absence_weighted,496,0.022933402338034738
absence_weighted,497,0.022838554957422139
absence_weighted,498,0.02273331687470579
absence_weighted,499,0.022595738784110066
absence_weighted,500,0.022417765810640072
absence_weighted,501,0.022243063868590988
absence_weighted,502,0.021975559200158257
absence_weighted,503,0.021736386978858567
absence_weighted,504,0.021522858520482462
absence_weighted,505,0.021332549067831122
absence_weighted,506,0.021163270123297929
absence_weighted,507,0.021013045058132028
absence_weighted,508,0.020880087518994884
absence_weighted,509,0.02044183782948493
absence_weighted,510,0.020006905109708657
absence_weighted,511,0.019590094586589724
absence_weighted,512,0.019190296737883812
absence_weighted,513,0.022677013868462305
absence_weighted,514,0.023149451657388603
absence_weighted,515,0.023641993182013894
absence_weighted,516,0.024155949555535936
absence_weighted,517,0.024579147026444932
absence_weighted,518,0.024969426338316638
absence_weighted,519,0.025383996639489249
absence_weighted,520,0.025824717163293414
absence_weighted,521,0.02629362692094258
absence_weighted,522,0.026757609358953497
absence_weighted,523,0.027132418761670916
absence_weighted,524,0.027539835600211674
absence_weighted,525,0.027982950297171086
absence_weighted,526,0.02846519624780872
absence_weighted,527,0.028916150498576532
absence_weighted,528,0.029197761815243802
absence_weighted,529,0.029278274903871589
absence_weighted,530,0.029354686213433102
absence_weighted,531,0.029469305336247659
absence_weighted,532,0.029628947723082184
absence_weighted,533,0.029801140636757078
absence_weighted,534,0.029872311209819296
absence_weighted,535,0.029874186456126443
absence_weighted,536,0.029701301970797577
absence_weighted,537,0.029451445968829378
absence_weighted,538,0.029241935186977458
absence_weighted,539,0.028889502495846309
absence_weighted,540,0.028496545342354705
absence_weighted,541,0.028093457707146177
absence_weighted,542,0.027652602189082699
absence_weighted,543,0.027234715406600711
absence_weighted,544,0.026769828824207555
absence_weighted,545,0.026131737102670138
absence_weighted,546,0.025378513893500043
absence_weighted,547,0.024551911215865533
absence_weighted,548,0.023663350704493082
absence_weighted,549,0.022749664616186341
absence_weighted,550,0.0217651533525475
absence_weighted,551,0.020861522093026868
absence_weighted,552,0.020189275454750501
absence_weighted,553,0.019560139455777951
absence_weighted,554,0.018825542872345558
absence_weighted,555,0.018518518518518517
absence_weighted,556,0.018518518518518517
absence_weighted,557,0.018518518518518517
absence_weighted,558,0.018518518518518517
absence_weighted,559,0.018518518518518517
absence_weighted,560,0.018518518518518517
absence_weighted,561,0.018518518518518517
absence_weighted,562,0.018518518518518517
absence_weighted,563,0.018518518518518517
absence_weighted,564,0.018518518518518517
absence_weighted,565,0.018518518518518517
absence_weighted,566,0.018518518518518517
absence_weighted,567,0.018518518518518517
absence_weighted,568,0.018518518518518517
absence_weighted,569,0.018518518518518517
absence_weighted,570,0.018518518518518517
absence_weighted,571,0.018518518518518517
absence_weighted,572,0.018518518518518517
absence_weighted,573,0.018518518518518517
absence_weighted,574,0.018518518518518517
absence_weighted,575,0.018518518518518517
absence_weighted,576,0.018518518518518517
absence_weighted,577,0.018518518518518517
absence_weighted,578,0.018518518518518517
absence_weighted,579,0.018518518518518517
absence_weighted,580,0.018925924185091297
absence_weighted,581,0.019689706096112963
absence_weighted,582,0.020365420873914849
absence_weighted,583,0.020991059326001853
absence_weighted,584,0.021521971683157698
absence_weighted,585,0.022033950584076988
absence_weighted,586,0.022588589659489115
absence_weighted,587,0.023042625834651706
absence_weighted,588,0.02349199518696558
absence_weighted,589,0.023934771838208857
absence_weighted,590,0.02434985455790812
absence_weighted,591,0.024760641128783741
absence_weighted,592,0.025108335692636399
absence_weighted,593,0.025313621124903086
absence_weighted,594,0.025451763547247985
absence_weighted,595,0.025561009269472485
absence_weighted,596,0.025662380658970051
absence_weighted,597,0.02575530056383531
absence_weighted,598,0.025808622100781296
absence_weighted,599,0.02588798311901111
absence_weighted,600,0.025981474661015712
absence_weighted,601,0.025829248080789222
absence_weighted,602,0.025523663032267128
absence_weighted,603,0.025150024501097545
absence_weighted,604,0.024806038972894014
absence_weighted,605,0.024489338704746896
absence_weighted,606,0.024197763519015193
absence_weighted,607,0.023929339912668976
absence_weighted,608,0.023597424924530517
absence_weighted,609,0.023149451657388607
absence_weighted,610,0.022677013868462305
absence_weighted,611,0.021355412689482038
absence_weighted,612,0.021658445569775288
absence_weighted,613,0.021980482077119123
absence_weighted,614,0.022322880518024429
absence_weighted,615,0.0226726956923868
absence_weighted,616,0.02293087570450798
absence_weighted,617,0.023213450707944304
absence_weighted,618,0.02343374662240931
absence_weighted,619,0.023610085783042641
absence_weighted,620,0.023735091859220705
absence_weighted,621,0.02389038402701376
absence_weighted,622,0.024043961022196445
absence_weighted,623,0.024161341263973887
absence_weighted,624,0.024265863976183067
absence_weighted,625,0.02432169972066112
absence_weighted,626,0.024280039983595351
absence_weighted,627,0.024162258649351329
absence_weighted,628,0.02391720255617942
absence_weighted,629,0.023616028097079592
absence_weighted,630,0.02326701475477545
absence_weighted,631,0.022907898249501124
absence_weighted,632,0.022553279773586076
absence_weighted,633,0.022210357193897162
absence_weighted,634,0.021889622174614012
absence_weighted,635,0.021543237259707689
absence_weighted,636,0.021134132050083913
absence_weighted,637,0.020780094162133809
absence_weighted,638,0.020412668590763933
absence_weighted,639,0.020007981439075586
absence_weighted,640,0.019606740099984379
absence_weighted,641,0.019191316493063246
absence_weighted,642,0.018780532435729264
absence_weighted,643,0.018518518518518517
absence_weighted,644,0.018518518518518517
absence_weighted,645,0.018518518518518517
absence_weighted,646,0.018518518518518517
absence_weighted,647,0.018518518518518517
absence_weighted,648,0.018518518518518517
absence_weighted,649,0.018518518518518517
absence_weighted,650,0.018518518518518517
absence_weighted,651,0.018518518518518517
absence_weighted,652,0.018518518518518517
absence_weighted,653,0.018518518518518517
absence_weighted,654,0.018518518518518517
absence_weighted,655,0.018518518518518517
absence_weighted,656,0.018518518518518517
absence_weighted,657,0.018518518518518517
absence_weighted,658,0.018518518518518517
absence_weighted,659,0.018518518518518517
absence_weighted,660,0.018518518518518521
absence_weighted,661,0.018518518518518521
absence_weighted,662,0.018518518518518521
absence_weighted,663,0.018518518518518517
absence_weighted,664,0.01881559023113262
absence_weighted,665,0.019394191115944221
absence_weighted,666,0.019968199927448308
absence_weighted,667,0.02064132548864625
absence_weighted,668,0.02139471355908475
absence_weighted,669,0.022206233914386121
absence_weighted,670,0.022959380420001851
absence_weighted,671,0.02366010666169098
absence_weighted,672,0.024317169145535597
absence_weighted,673,0.02491547167346423
absence_weighted,674,0.025427121882084135
absence_weighted,675,0.025899007304634222
absence_weighted,676,0.026263188352472815
absence_weighted,677,0.026638640842197369
absence_weighted,678,0.027002024887729778
absence_weighted,679,0.027375462338048162
absence_weighted,680,0.027764963295566349
absence_weighted,681,0.028136160727150149
absence_weighted,682,0.02849228642737163
absence_weighted,683,0.028711753736146331
absence_weighted,684,0.028770789655790847
absence_weighted,685,0.028859768877718128
absence_weighted,686,0.028811499336643422
absence_weighted,687,0.028628425071789327
absence_weighted,688,0.028393904921163768
absence_weighted,689,0.028088458954928112
absence_weighted,690,0.027787196726460565
absence_weighted,691,0.027453629360785815
absence_weighted,692,0.027094955817696834
absence_weighted,693,0.026660896199513253
absence_weighted,694,0.026228864710081203
absence_weighted,695,0.025836558358259348
absence_weighted,696,0.025480166863196534
absence_weighted,697,0.025156286271753963
absence_weighted,698,0.024861869580164238
absence_weighted,699,0.024594184376675095
absence_weighted,700,0.024350776323723421
absence_weighted,701,0.02412943752848333
absence_weighted,702,0.023784382949554921
absence_weighted,703,0.023426409055149183
absence_weighted,704,0.023090299914008412
absence_weighted,705,0.022748156995317823
absence_weighted,706,0.022264153654991913
absence_weighted,707,0.021800317120512915
absence_weighted,708,0.021355412689482038
absence_weighted,709,0.018518518518518517
absence_weighted,710,0.018518518518518517
absence_weighted,711,0.018518518518518517
absence_weighted,712,0.018518518518518517
absence_weighted,713,0.018518518518518517
absence_weighted,714,0.018518518518518517
absence_weighted,715,0.018518518518518517
absence_weighted,716,0.018643797739847048
absence_weighted,717,0.019098524513989659
absence_weighted,718,0.019575987626839396
absence_weighted,719,0.020077936027527589
absence_weighted,720,0.020606302765094103
absence_weighted,721,0.021163229866853407
absence_weighted,722,0.02165933598351729
absence_weighted,723,0.022133587543826425
absence_weighted,724,0.022550498300473773
absence_weighted,725,0.022874322399450364
absence_weighted,726,0.023219841263363006
absence_weighted,727,0.023367578804155169
absence_weighted,728,0.023262868443941615
absence_weighted,729,0.022968599460661425
absence_weighted,730,0.022474611807265937
absence_weighted,731,0.021910065833078387
absence_weighted,732,0.021275732898960453
absence_weighted,733,0.020662465955902803
absence_weighted,734,0.019965490473451638
absence_weighted,735,0.019196383976586299
absence_weighted,736,0.018518518518518517
absence_weighted,737,0.018518518518518517
absence_weighted,738,0.018518518518518517
absence_weighted,739,0.018518518518518517
absence_weighted,740,0.018518518518518517
absence_weighted,741,0.018518518518518517
absence_weighted,742,0.018518518518518517
absence_weighted,743,0.018518518518518517
absence_weighted,744,0.018518518518518517
absence_weighted,745,0.018518518518518517
absence_weighted,746,0.018518518518518517
absence_weighted,747,0.018518518518518517
absence_weighted,748,0.018518518518518517
absence_weighted,749,0.018518518518518517
absence_weighted,750,0.018518518518518517
absence_weighted,751,0.018518518518518517
absence_weighted,752,0.018518518518518517
absence_weighted,753,0.018518518518518517
absence_weighted,754,0.018518518518518517
absence_weighted,755,0.018518518518518517
absence_weighted,756,0.018518518518518517
absence_weighted,757,0.018518518518518517
absence_weighted,758,0.018518518518518517
absence_weighted,759,0.018518518518518517
absence_weighted,760,0.018518518518518517
absence_weighted,761,0.018518518518518517
absence_weighted,762,0.018518518518518517
absence_weighted,763,0.018518518518518517
absence_weighted,764,0.018518518518518517
absence_weighted,765,0.018518518518518517
absence_weighted,766,0.018518518518518517
absence_weighted,767,0.018518518518518517
absence_weighted,768,0.018518518518518517
absence_weighted,769,0.018518518518518517
absence_weighted,770,0.018518518518518517
absence_weighted,771,0.018518518518518517
absence_weighted,772,0.018518518518518517
absence_weighted,773,0.018518518518518517
absence_weighted,774,0.018518518518518517
absence_weighted,775,0.018518518518518517
absence_weighted,776,0.018518518518518517
absence_weighted,777,0.018518518518518517
absence_weighted,778,0.018518518518518517
absence_weighted,779,0.018518518518518517
absence_weighted,780,0.018518518518518517
absence_weighted,781,0.018518518518518517
absence_weighted,782,0.018518518518518517
absence_weighted,783,0.018518518518518517
absence_weighted,784,0.018518518518518517
absence_weighted,785,0.018518518518518517
absence_weighted,786,0.018518518518518517
absence_weighted,787,0.01887623022160222
absence_weighted,788,0.019289386187668036
absence_weighted,789,0.019598605416154786
absence_weighted,790,0.019800372145615718
absence_weighted,791,0.019984380462921846
absence_weighted,792,0.020189110476069947
absence_weighted,793,0.020278953553193282
absence_weighted,794,0.020366487360568116
absence_weighted,795,0.020328213195918349
absence_weighted,796,0.020012207952041384
absence_weighted,797,0.019575987626839399
absence_weighted,798,0.019098524513989659
absence_weighted,799,0.018643797739847048
absence_weighted,800,0.018518518518518517
absence_weighted,801,0.018518518518518517
absence_weighted,802,0.018518518518518517
absence_weighted,803,0.018518518518518517
absence_weighted,804,0.018518518518518517
absence_weighted,805,0.018518518518518517
absence_weighted,806,0.018518518518518517
absence_weighted,807,0.019672266183502193
absence_weighted,808,0.020082105062325155
absence_weighted,809,0.020509383893438458
absence_weighted,810,0.020955240065034943
absence_weighted,811,0.021420912066480165
absence_weighted,812,0.021907750977081992
absence_weighted,813,0.022417233557944363
absence_weighted,814,0.022950977214085889
absence_weighted,815,0.023510757146136766
absence_weighted,816,0.024098526074790187
absence_weighted,817,0.024716436999784808
absence_weighted,818,0.025295124649193961
absence_weighted,819,0.025718430054085407
absence_weighted,820,0.026076561987959299
absence_weighted,821,0.026202419492338997
absence_weighted,822,0.026360101030000749
absence_weighted,823,0.026554294978770949
absence_weighted,824,0.026790365294207457
absence_weighted,825,0.027074449448411517
absence_weighted,826,0.027199305526249683
absence_weighted,827,0.027303290525710067
absence_weighted,828,0.027357770101073781
absence_weighted,829,0.027259992109664944
absence_weighted,830,0.027105324048489376
absence_weighted,831,0.02678988010235317
absence_weighted,832,0.026350087397123082
absence_weighted,833,0.025932760660183584
absence_weighted,834,0.025511138508216014
absence_weighted,835,0.025067460308776303
absence_weighted,836,0.024699904246456888
absence_weighted,837,0.024322076456504863
absence_weighted,838,0.023924612090246548
absence_weighted,839,0.023474212186384361
absence_weighted,840,0.022930125984534106
absence_weighted,841,0.022316133269209122
absence_weighted,842,0.021665467017665679
absence_weighted,843,0.021104624620905559
absence_weighted,844,0.020638036636474229
absence_weighted,845,0.020151813836722973
absence_weighted,846,0.019650559674459139
absence_weighted,847,0.019242015059150262
absence_weighted,848,0.018884878407430045
absence_weighted,849,0.018588746010239268
absence_weighted,850,0.018518518518518521
absence_weighted,851,0.018518518518518521
absence_weighted,852,0.018518518518518521
absence_weighted,853,0.018518518518518521
absence_weighted,854,0.018518518518518521
absence_weighted,855,0.018518518518518521
absence_weighted,856,0.018518518518518517
absence_weighted,857,0.018518518518518517
absence_weighted,858,0.018518518518518517
absence_weighted,859,0.018518518518518517
absence_weighted,860,0.018518518518518517
absence_weighted,861,0.018518518518518517
absence_weighted,862,0.018518518518518517
absence_weighted,863,0.018518518518518517
absence_weighted,864,0.018518518518518517
absence_weighted,865,0.018518518518518517
absence_weighted,866,0.018518518518518517
absence_weighted,867,0.018518518518518517
absence_weighted,868,0.018518518518518517
absence_weighted,869,0.018518518518518517
absence_weighted,870,0.018518518518518517
absence_weighted,871,0.018518518518518517
absence_weighted,872,0.018518518518518517
absence_weighted,873,0.018518518518518517
absence_weighted,874,0.018518518518518517
absence_weighted,875,0.018518518518518517
absence_weighted,876,0.018518518518518517
absence_weighted,877,0.018518518518518517
absence_weighted,878,0.018518518518518517
absence_weighted,879,0.018518518518518517
absence_weighted,880,0.018518518518518517
absence_weighted,881,0.018974265225339664
absence_weighted,882,0.019672903526440858
absence_weighted,883,0.02033256805608841
absence_weighted,884,0.021000348928875937
absence_weighted,885,0.021571151148141465
absence_weighted,886,0.022049353013100771
absence_weighted,887,0.02238901152618494
absence_weighted,888,0.022566472518178927
absence_weighted,889,0.022626758846635651
absence_weighted,890,0.022641609922242761
absence_weighted,891,0.022693958102981537
absence_weighted,892,0.022691695590195789
absence_weighted,893,0.022550829403628025
absence_weighted,894,0.022344565767663069
absence_weighted,895,0.022169465372929912
absence_weighted,896,0.021915618550930365
absence_weighted,897,0.021664808157444447
absence_weighted,898,0.021429972576108781
absence_weighted,899,0.021085803209361532
absence_weighted,900,0.020764147540792147
absence_weighted,901,0.020463388521210008
absence_weighted,902,0.020182044076423579
absence_weighted,903,0.019918753618548658
absence_weighted,904,0.019672266183502193
absence_weighted,905,0.021899282926527246
absence_weighted,906,0.022276291631539703
absence_weighted,907,0.022598551317347979
absence_weighted,908,0.022940840397542638
absence_weighted,909,0.023304614771308234
absence_weighted,910,0.023691460657547236
absence_weighted,911,0.024021616753538581
absence_weighted,912,0.02418178424121328
absence_weighted,913,0.024365653411357411
absence_weighted,914,0.02451728611348207
absence_weighted,915,0.024620924001576804
absence_weighted,916,0.024752247313674227
absence_weighted,917,0.024914959438059787
absence_weighted,918,0.02511322793404001
absence_weighted,919,0.025245324004935135
absence_weighted,920,0.025403925873318488
absence_weighted,921,0.025610058671303535
absence_weighted,922,0.025870814449179966
absence_weighted,923,0.026172610826661474
absence_weighted,924,0.026374363102305613
absence_weighted,925,0.026496368602033239
absence_weighted,926,0.026562075760969809
absence_weighted,927,0.026511939128544552
absence_weighted,928,0.026311931281074903
absence_weighted,929,0.025983532452998771
absence_weighted,930,0.025556938622312012
absence_weighted,931,0.025145389195522796
absence_weighted,932,0.024687337876103332
absence_weighted,933,0.024224758629504704
absence_weighted,934,0.023785720369559213
absence_weighted,935,0.023390315621560714
absence_weighted,936,0.023067273520329588
absence_weighted,937,0.022713567407747555
absence_weighted,938,0.022374488563459416
absence_weighted,939,0.021976171788687566
absence_weighted,940,0.021503471927897814
absence_weighted,941,0.020995298757407698
absence_weighted,942,0.020456651338228601
absence_weighted,943,0.019901489022300267
absence_weighted,944,0.019361755432858032
absence_weighted,945,0.018905374772752642
absence_weighted,946,0.018633861948449699
absence_weighted,947,0.018518518518518517
absence_weighted,948,0.018518518518518521
absence_weighted,949,0.018518518518518521
absence_weighted,950,0.018518518518518521
absence_weighted,951,0.018518518518518521
absence_weighted,952,0.018518518518518521
absence_weighted,953,0.018518518518518521
absence_weighted,954,0.018518518518518517
absence_weighted,955,0.018518518518518517
absence_weighted,956,0.018518518518518517
absence_weighted,957,0.018518518518518517
absence_weighted,958,0.018518518518518517
absence_weighted,959,0.018518518518518517
absence_weighted,960,0.018518518518518517
absence_weighted,961,0.018521466161909562
absence_weighted,962,0.019392969899398531
absence_weighted,963,0.020276477701550711
absence_weighted,964,0.021162685105557213
absence_weighted,965,0.021999891074056963
absence_weighted,966,0.022770605454942552
absence_weighted,967,0.023411394150717753
absence_weighted,968,0.024038802092796831
absence_weighted,969,0.024647060484497958
absence_weighted,970,0.02522637214746978
absence_weighted,971,0.025754112597855785
absence_weighted,972,0.02614111300216735
absence_weighted,973,0.026433300302602027
absence_weighted,974,0.026674768262425753
absence_weighted,975,0.026790510075320167
absence_weighted,976,0.026761505831835872
absence_weighted,977,0.026632836600888124
absence_weighted,978,0.02645799476914076
absence_weighted,979,0.0263813680195574
absence_weighted,980,0.02628632029668421
absence_weighted,981,0.026240178649338308
absence_weighted,982,0.026252619296918644
absence_weighted,983,0.026312370486666972
absence_weighted,984,0.026410066668407291
absence_weighted,985,0.026336900716538561
absence_weighted,986,0.026235956612783058
absence_weighted,987,0.025973592540945174
absence_weighted,988,0.025668625946865056
absence_weighted,989,0.025402347383670223
absence_weighted,990,0.025170523902005852
absence_weighted,991,0.024969396264199133
absence_weighted,992,0.024795623397347408
absence_weighted,993,0.024646233928566345
absence_weighted,994,0.024475804225346502
absence_weighted,995,0.024212113441176412
absence_weighted,996,0.023851027011669385
absence_weighted,997,0.02347335444977329
absence_weighted,998,0.023118675815388682
absence_weighted,999,0.022785360902795107
absence_weighted,1000,0.022471917433071802
absence_weighted,1001,0.022176977035748491
absence_weighted,1002,0.021899282926527246
absence_weighted,1003,0.023509885575141724
absence_weighted,1004,0.023999674857957176
absence_weighted,1005,0.024510306237913712
absence_weighted,1006,0.025043138982216186
absence_weighted,1007,0.025536574184700785
absence_weighted,1008,0.025973601692748378
absence_weighted,1009,0.026431076574597048
absence_weighted,1010,0.026784568844714834
absence_weighted,1011,0.027078672751282618
absence_weighted,1012,0.027353813075433924
absence_weighted,1013,0.02765950072086315
absence_weighted,1014,0.027977651503789874
absence_weighted,1015,0.028224486823496316
absence_weighted,1016,0.028508276512338053
absence_weighted,1017,0.028833467845059052
absence_weighted,1018,0.029205055429145539
absence_weighted,1019,0.029616289556020258
absence_weighted,1020,0.029896702990944501
absence_weighted,1021,0.030017921484196179
absence_weighted,1022,0.030053069566825838
absence_weighted,1023,0.030141884565518039
absence_weighted,1024,0.030265733892705586
absence_weighted,1025,0.030314232831586723
absence_weighted,1026,0.030247145829319283
absence_weighted,1027,0.029962780990525698
absence_weighted,1028,0.029634113280468683
absence_weighted,1029,0.029230991625956833
absence_weighted,1030,0.028837429552953587
absence_weighted,1031,0.028429966467641551
absence_weighted,1032,0.027977528260743977
absence_weighted,1033,0.027466281410393468
absence_weighted,1034,0.026930919197317028
absence_weighted,1035,0.026324621870355006
absence_weighted,1036,0.025675031942187704
absence_weighted,1037,0.025027487070366342
absence_weighted,1038,0.024332298165172243
absence_weighted,1039,0.02358301960165126
absence_weighted,1040,0.022861541542871577
absence_weighted,1041,0.022146199970486811
absence_weighted,1042,0.021388407424941178
absence_weighted,1043,0.020582932450584963
absence_weighted,1044,0.019839039587614796
absence_weighted,1045,0.019077713801718289
absence_weighted,1046,0.018542544040906658
absence_weighted,1047,0.018518518518518521
absence_weighted,1048,0.018518518518518521
absence_weighted,1049,0.018518518518518521
absence_weighted,1050,0.018518518518518521
absence_weighted,1051,0.018518518518518521
absence_weighted,1052,0.018518518518518517
absence_weighted,1053,0.018518518518518517
absence_weighted,1054,0.018518518518518517
absence_weighted,1055,0.018518518518518517
absence_weighted,1056,0.018518518518518517
absence_weighted,1057,0.018518518518518517
absence_weighted,1058,0.018518518518518517
absence_weighted,1059,0.018518518518518517
absence_weighted,1060,0.018518518518518517
absence_weighted,1061,0.018518518518518517
absence_weighted,1062,0.018518518518518517
absence_weighted,1063,0.018518518518518517
absence_weighted,1064,0.018518518518518517
absence_weighted,1065,0.018978833972727333
absence_weighted,1066,0.019886526516247425
absence_weighted,1067,0.020699713647182542
absence_weighted,1068,0.021340820003596168
absence_weighted,1069,0.021861608646670729
absence_weighted,1070,0.022372896606081286
absence_weighted,1071,0.02295750318213343
absence_weighted,1072,0.023553473815683037
absence_weighted,1073,0.024053553159594048
absence_weighted,1074,0.024427233702485892
absence_weighted,1075,0.024609227508924081
absence_weighted,1076,0.024812281556026255
absence_weighted,1077,0.024984553857988413
absence_weighted,1078,0.025214605949560223
absence_weighted,1079,0.025446639426371299
absence_weighted,1080,0.025649689447231991
absence_weighted,1081,0.025802388704984452
absence_weighted,1082,0.025959372914091693
absence_weighted,1083,0.026058079598268412
absence_weighted,1084,0.026154343590106148
absence_weighted,1085,0.026277618475136155
absence_weighted,1086,0.026349590358832387
absence_weighted,1087,0.026391931820318407
absence_weighted,1088,0.026456429669193315
absence_weighted,1089,0.02646352483551825
absence_weighted,1090,0.026380851140977789
absence_weighted,1091,0.026250180954704969
absence_weighted,1092,0.026105774998028592
absence_weighted,1093,0.025889012877831984
absence_weighted,1094,0.025696240393601646
absence_weighted,1095,0.025402991226536682
absence_weighted,1096,0.024979013759500755
absence_weighted,1097,0.024579295506211133
absence_weighted,1098,0.024202188884254551
absence_weighted,1099,0.023846182104079336
absence_weighted,1100,0.023509885575141724
