id,time,value
a1,2021-09-01T00:00:00Z,-5.865578
a1,2021-09-01T01:00:00Z,-5.526391
a1,2021-09-01T02:00:00Z,-5.529292
a1,2021-09-01T03:00:00Z,-3.930231
a1,2021-09-01T04:00:00Z,-3.951469
a1,2021-09-01T05:00:00Z,-4.152306
a1,2021-09-01T06:00:00Z,-3.616457
a1,2021-09-01T07:00:00Z,-5.262137
a1,2021-09-01T08:00:00Z,-5.590069
a1,2021-09-01T09:00:00Z,-5.065051
a1,2021-09-01T10:00:00Z,-5.992376
a1,2021-09-01T11:00:00Z,-7.792074
a1,2021-09-01T12:00:00Z,-7.646249
a1,2021-09-01T13:00:00Z,-8.395862
a1,2021-09-01T14:00:00Z,-9.162227
a1,2021-09-01T15:00:00Z,-9.185309
a1,2021-09-01T16:00:00Z,-9.934573
a1,2021-09-01T17:00:00Z,-9.679295
a1,2021-09-01T18:00:00Z,-9.184812
a1,2021-09-01T19:00:00Z,-9.578703
a1,2021-09-01T20:00:00Z,-8.075036
a1,2021-09-01T21:00:00Z,-8.707127
a1,2021-09-01T22:00:00Z,-7.769830
a1,2021-09-01T23:00:00Z,-5.964168
a1,2021-09-02T00:00:00Z,-6.545434
a1,2021-09-02T01:00:00Z,-5.442825
a1,2021-09-02T02:00:00Z,-4.665176
a1,2021-09-02T03:00:00Z,-4.021857
a1,2021-09-02T04:00:00Z,-4.400588
a1,2021-09-02T05:00:00Z,-3.410621
a1,2021-09-02T06:00:00Z,-4.233308
a1,2021-09-02T07:00:00Z,-4.703541
a1,2021-09-02T08:00:00Z,-5.277251
a1,2021-09-02T09:00:00Z,-5.313369
a1,2021-09-02T10:00:00Z,-6.553719
a1,2021-09-02T11:00:00Z,-7.642850
a1,2021-09-02T12:00:00Z,-7.092137
a1,2021-09-02T13:00:00Z,-8.562104
a1,2021-09-02T14:00:00Z,-9.214283
a1,2021-09-02T15:00:00Z,-10.091807
a1,2021-09-02T16:00:00Z,-9.652593
a1,2021-09-02T17:00:00Z,-10.325255
a1,2021-09-02T18:00:00Z,-10.634282
a1,2021-09-02T19:00:00Z,-10.763591
a1,2021-09-02T20:00:00Z,-8.915541
a1,2021-09-02T21:00:00Z,-7.930418
a1,2021-09-02T22:00:00Z,-7.897472
a1,2021-09-02T23:00:00Z,-7.292518
a1,2021-09-03T00:00:00Z,-5.653710
a1,2021-09-03T01:00:00Z,-5.697102
a1,2021-09-03T02:00:00Z,-4.879215
a1,2021-09-03T03:00:00Z,-4.563150
a1,2021-09-03T04:00:00Z,-2.701107
a1,2021-09-03T05:00:00Z,-3.301256
a1,2021-09-03T06:00:00Z,-4.745031
a1,2021-09-03T07:00:00Z,-4.791864
a1,2021-09-03T08:00:00Z,-4.969571
a1,2021-09-03T09:00:00Z,-4.813671
a1,2021-09-03T10:00:00Z,-6.319617
a1,2021-09-03T11:00:00Z,-7.245254
a1,2021-09-03T12:00:00Z,-6.681780
a1,2021-09-03T13:00:00Z,-8.801180
a1,2021-09-03T14:00:00Z,-8.920812
a1,2021-09-03T15:00:00Z,-10.114414
a1,2021-09-03T16:00:00Z,-11.191145
a1,2021-09-03T17:00:00Z,-9.490503
a1,2021-09-03T18:00:00Z,-10.045727
a1,2021-09-03T19:00:00Z,-9.536854
a1,2021-09-03T20:00:00Z,-8.495782
a1,2021-09-03T21:00:00Z,-8.567734
a1,2021-09-03T22:00:00Z,-7.366913
a1,2021-09-03T23:00:00Z,-7.262052
a1,2021-09-04T00:00:00Z,-6.150280
a1,2021-09-04T01:00:00Z,-5.073158
a1,2021-09-04T02:00:00Z,-5.387323
a1,2021-09-04T03:00:00Z,-4.307274
a1,2021-09-04T04:00:00Z,-3.588399
a1,2021-09-04T05:00:00Z,-4.257876
a1,2021-09-04T06:00:00Z,-4.424255
a1,2021-09-04T07:00:00Z,-4.899221
a1,2021-09-04T08:00:00Z,-4.771976
a1,2021-09-04T09:00:00Z,-5.000295
a1,2021-09-04T10:00:00Z,-6.134644
a1,2021-09-04T11:00:00Z,-7.436424
a1,2021-09-04T12:00:00Z,-7.462241
a1,2021-09-04T13:00:00Z,-8.922281
a1,2021-09-04T14:00:00Z,-9.629040
a1,2021-09-04T15:00:00Z,-9.361008
a1,2021-09-04T16:00:00Z,-10.452690
a1,2021-09-04T17:00:00Z,-9.500237
a1,2021-09-04T18:00:00Z,-8.928470
a1,2021-09-04T19:00:00Z,-9.751255
a1,2021-09-04T20:00:00Z,-9.057804
a1,2021-09-04T21:00:00Z,-8.993262
a1,2021-09-04T22:00:00Z,-8.173942
a1,2021-09-04T23:00:00Z,-6.630651
a1,2021-09-05T00:00:00Z,-5.639891
a1,2021-09-05T01:00:00Z,-5.356125
a1,2021-09-05T02:00:00Z,-5.964358
a1,2021-09-05T03:00:00Z,-4.808476
a1,2021-09-05T04:00:00Z,-4.826183
a1,2021-09-05T05:00:00Z,-3.742975
a1,2021-09-05T06:00:00Z,-4.285553
a1,2021-09-05T07:00:00Z,-5.004680
a1,2021-09-05T08:00:00Z,-5.048287
a1,2021-09-05T09:00:00Z,-6.028922
a1,2021-09-05T10:00:00Z,-6.063648
a1,2021-09-05T11:00:00Z,-6.956108
a1,2021-09-05T12:00:00Z,-7.728184
a1,2021-09-05T13:00:00Z,-8.322714
a1,2021-09-05T14:00:00Z,-9.484526
a1,2021-09-05T15:00:00Z,-9.822388
a1,2021-09-05T16:00:00Z,-9.879174
a1,2021-09-05T17:00:00Z,-10.228757
a1,2021-09-05T18:00:00Z,-10.492400
a1,2021-09-05T19:00:00Z,-10.137970
a1,2021-09-05T20:00:00Z,-10.140464
a1,2021-09-05T21:00:00Z,-7.980902
a1,2021-09-05T22:00:00Z,-6.602304
a1,2021-09-05T23:00:00Z,-6.709053
a1,2021-09-06T00:00:00Z,-5.972684
a1,2021-09-06T01:00:00Z,-5.504022
a1,2021-09-06T02:00:00Z,-4.253693
a1,2021-09-06T03:00:00Z,-4.718037
a1,2021-09-06T04:00:00Z,-4.495138
a1,2021-09-06T05:00:00Z,-4.007663
a1,2021-09-06T06:00:00Z,-4.329496
a1,2021-09-06T07:00:00Z,-4.509553
a1,2021-09-06T08:00:00Z,-5.471036
a1,2021-09-06T09:00:00Z,-5.152306
a1,2021-09-06T10:00:00Z,-6.361998
a1,2021-09-06T11:00:00Z,-6.222279
a1,2021-09-06T12:00:00Z,-7.814438
a1,2021-09-06T13:00:00Z,-8.859645
a1,2021-09-06T14:00:00Z,-9.888807
a1,2021-09-06T15:00:00Z,-9.648628
a1,2021-09-06T16:00:00Z,-9.829390
a1,2021-09-06T17:00:00Z,-9.688293
a1,2021-09-06T18:00:00Z,-8.872761
a1,2021-09-06T19:00:00Z,-10.311498
a1,2021-09-06T20:00:00Z,-9.887735
a1,2021-09-06T21:00:00Z,-8.061337
a1,2021-09-06T22:00:00Z,-7.756887
a1,2021-09-06T23:00:00Z,-5.992358
a1,2021-09-07T00:00:00Z,-5.845022
a1,2021-09-07T01:00:00Z,-5.596233
a1,2021-09-07T02:00:00Z,-6.145805
a1,2021-09-07T03:00:00Z,-3.693776
a1,2021-09-07T04:00:00Z,-3.981488
a1,2021-09-07T05:00:00Z,-5.212795
a1,2021-09-07T06:00:00Z,-4.423809
a1,2021-09-07T07:00:00Z,-4.686572
a1,2021-09-07T08:00:00Z,-4.793278
a1,2021-09-07T09:00:00Z,-5.853979
a1,2021-09-07T10:00:00Z,-6.375620
a1,2021-09-07T11:00:00Z,-6.063641
a1,2021-09-07T12:00:00Z,-7.869074
a1,2021-09-07T13:00:00Z,-8.313885
a1,2021-09-07T14:00:00Z,-8.859154
a1,2021-09-07T15:00:00Z,-9.151543
a1,2021-09-07T16:00:00Z,-9.203787
a1,2021-09-07T17:00:00Z,-9.776535
a1,2021-09-07T18:00:00Z,-9.136964
a1,2021-09-07T19:00:00Z,-9.637880
a1,2021-09-07T20:00:00Z,-9.648244
a1,2021-09-07T21:00:00Z,-7.716103
a1,2021-09-07T22:00:00Z,-7.427555
a1,2021-09-07T23:00:00Z,-6.430234
a1,2021-09-08T00:00:00Z,-6.235983
a1,2021-09-08T01:00:00Z,-5.430376
a1,2021-09-08T02:00:00Z,-4.516505
a1,2021-09-08T03:00:00Z,-4.400122
a1,2021-09-08T04:00:00Z,-3.855094
a1,2021-09-08T05:00:00Z,-4.022602
a1,2021-09-08T06:00:00Z,-3.665124
a1,2021-09-08T07:00:00Z,-3.767189
a1,2021-09-08T08:00:00Z,-5.767388
a1,2021-09-08T09:00:00Z,-5.124624
a1,2021-09-08T10:00:00Z,-5.899671
a1,2021-09-08T11:00:00Z,-6.807573
a1,2021-09-08T12:00:00Z,-7.294511
a1,2021-09-08T13:00:00Z,-8.435275
a1,2021-09-08T14:00:00Z,-8.987711
a1,2021-09-08T15:00:00Z,-8.757346
a1,2021-09-08T16:00:00Z,-8.961743
a1,2021-09-08T17:00:00Z,-8.766288
a1,2021-09-08T18:00:00Z,-9.474881
a1,2021-09-08T19:00:00Z,-9.345249
a1,2021-09-08T20:00:00Z,-8.867404
a1,2021-09-08T21:00:00Z,-7.923011
a1,2021-09-08T22:00:00Z,-7.584546
a1,2021-09-08T23:00:00Z,-7.143555
a1,2021-09-09T00:00:00Z,-6.018620
a1,2021-09-09T01:00:00Z,-4.166603
a1,2021-09-09T02:00:00Z,-4.192782
a1,2021-09-09T03:00:00Z,-4.405809
a1,2021-09-09T04:00:00Z,-4.717042
a1,2021-09-09T05:00:00Z,-4.007047
a1,2021-09-09T06:00:00Z,-3.658583
a1,2021-09-09T07:00:00Z,-3.989247
a1,2021-09-09T08:00:00Z,-4.793908
a1,2021-09-09T09:00:00Z,-5.603067
a1,2021-09-09T10:00:00Z,-6.245720
a1,2021-09-09T11:00:00Z,-7.013808
a1,2021-09-09T12:00:00Z,-8.831518
a1,2021-09-09T13:00:00Z,-8.748800
a1,2021-09-09T14:00:00Z,-9.244415
a1,2021-09-09T15:00:00Z,-9.745170
a1,2021-09-09T16:00:00Z,-9.716177
a1,2021-09-09T17:00:00Z,-10.123808
a1,2021-09-09T18:00:00Z,-9.692075
a1,2021-09-09T19:00:00Z,-9.964606
a1,2021-09-09T20:00:00Z,-8.629936
a1,2021-09-09T21:00:00Z,-8.289309
a1,2021-09-09T22:00:00Z,-7.937667
a1,2021-09-09T23:00:00Z,-6.592054
a1,2021-09-10T00:00:00Z,-5.271495
a1,2021-09-10T01:00:00Z,-4.452026
a1,2021-09-10T02:00:00Z,-4.380232
a1,2021-09-10T03:00:00Z,-4.103668
a1,2021-09-10T04:00:00Z,-3.429179
a1,2021-09-10T05:00:00Z,-4.488073
a1,2021-09-10T06:00:00Z,-3.747939
a1,2021-09-10T07:00:00Z,-4.824293
a1,2021-09-10T08:00:00Z,-4.053608
a1,2021-09-10T09:00:00Z,-5.722187
a1,2021-09-10T10:00:00Z,-6.925957
a1,2021-09-10T11:00:00Z,-6.943569
a1,2021-09-10T12:00:00Z,-8.318620
a1,2021-09-10T13:00:00Z,-8.913825
a1,2021-09-10T14:00:00Z,-9.301725
a1,2021-09-10T15:00:00Z,-8.532191
a1,2021-09-10T16:00:00Z,-9.182306
a1,2021-09-10T17:00:00Z,-9.630977
a1,2021-09-10T18:00:00Z,-9.392312
a1,2021-09-10T19:00:00Z,-9.430768
a1,2021-09-10T20:00:00Z,-8.669232
a1,2021-09-10T21:00:00Z,-7.929527
a1,2021-09-10T22:00:00Z,-8.280129
a1,2021-09-10T23:00:00Z,-8.189692
a1,2021-09-11T00:00:00Z,-5.655339
a1,2021-09-11T01:00:00Z,-6.269024
a1,2021-09-11T02:00:00Z,-5.166727
a1,2021-09-11T03:00:00Z,-4.076129
a1,2021-09-11T04:00:00Z,-4.318089
a1,2021-09-11T05:00:00Z,-3.207558
a1,2021-09-11T06:00:00Z,-4.743752
a1,2021-09-11T07:00:00Z,-3.972706
a1,2021-09-11T08:00:00Z,-5.740510
a1,2021-09-11T09:00:00Z,-5.837482
a1,2021-09-11T10:00:00Z,-5.543828
a1,2021-09-11T11:00:00Z,-7.457266
a1,2021-09-11T12:00:00Z,-8.197232
a1,2021-09-11T13:00:00Z,-8.138816
a1,2021-09-11T14:00:00Z,-8.785077
a1,2021-09-11T15:00:00Z,-9.361072
a1,2021-09-11T16:00:00Z,-9.703820
a1,2021-09-11T17:00:00Z,-9.579051
a1,2021-09-11T18:00:00Z,-9.270444
a1,2021-09-11T19:00:00Z,-9.039928
a1,2021-09-11T20:00:00Z,-8.334085
a1,2021-09-11T21:00:00Z,-7.184463
a1,2021-09-11T22:00:00Z,-6.994982
a1,2021-09-11T23:00:00Z,-7.297942
a1,2021-09-12T00:00:00Z,-6.134846
a1,2021-09-12T01:00:00Z,-5.158285
a1,2021-09-12T02:00:00Z,-5.459438
a1,2021-09-12T03:00:00Z,-4.190686
a1,2021-09-12T04:00:00Z,-3.015555
a1,2021-09-12T05:00:00Z,-4.038873
a1,2021-09-12T06:00:00Z,-4.126006
a1,2021-09-12T07:00:00Z,-4.166352
a1,2021-09-12T08:00:00Z,-5.130589
a1,2021-09-12T09:00:00Z,-5.210078
a1,2021-09-12T10:00:00Z,-5.019741
a1,2021-09-12T11:00:00Z,-6.536784
a1,2021-09-12T12:00:00Z,-7.474872
a1,2021-09-12T13:00:00Z,-9.290767
a1,2021-09-12T14:00:00Z,-9.692444
a1,2021-09-12T15:00:00Z,-9.224896
a1,2021-09-12T16:00:00Z,-10.429991
a1,2021-09-12T17:00:00Z,-9.872756
a1,2021-09-12T18:00:00Z,-9.586820
a1,2021-09-12T19:00:00Z,-10.224946
a1,2021-09-12T20:00:00Z,-9.046096
a1,2021-09-12T21:00:00Z,-8.650763
a1,2021-09-12T22:00:00Z,-7.949553
a1,2021-09-12T23:00:00Z,-6.360957
a1,2021-09-13T00:00:00Z,-6.688853
a1,2021-09-13T01:00:00Z,-6.272639
a1,2021-09-13T02:00:00Z,-4.631417
a1,2021-09-13T03:00:00Z,-4.798076
a1,2021-09-13T04:00:00Z,-4.281551
a1,2021-09-13T05:00:00Z,-3.579107
a1,2021-09-13T06:00:00Z,-4.098100
a1,2021-09-13T07:00:00Z,-4.433053
a1,2021-09-13T08:00:00Z,-4.254512
a1,2021-09-13T09:00:00Z,-4.999665
a1,2021-09-13T10:00:00Z,-5.669865
a1,2021-09-13T11:00:00Z,-6.950613
a1,2021-09-13T12:00:00Z,-7.074225
a1,2021-09-13T13:00:00Z,-8.430771
a1,2021-09-13T14:00:00Z,-8.752189
a1,2021-09-13T15:00:00Z,-10.006009
a1,2021-09-13T16:00:00Z,-10.385678
a1,2021-09-13T17:00:00Z,-10.172029
a1,2021-09-13T18:00:00Z,-10.522773
a1,2021-09-13T19:00:00Z,-10.087214
a1,2021-09-13T20:00:00Z,-9.580375
a1,2021-09-13T21:00:00Z,-8.026492
a1,2021-09-13T22:00:00Z,-8.005181
a1,2021-09-13T23:00:00Z,-6.874427
a1,2021-09-14T00:00:00Z,-6.107244
a1,2021-09-14T01:00:00Z,-5.577750
a1,2021-09-14T02:00:00Z,-4.786072
a1,2021-09-14T03:00:00Z,-4.484591
a1,2021-09-14T04:00:00Z,-4.118091
a1,2021-09-14T05:00:00Z,-3.157983
a1,2021-09-14T06:00:00Z,-4.464627
a1,2021-09-14T07:00:00Z,-3.220421
a1,2021-09-14T08:00:00Z,-4.009839
a1,2021-09-14T09:00:00Z,-5.359637
a1,2021-09-14T10:00:00Z,-5.509485
a1,2021-09-14T11:00:00Z,-6.789873
a1,2021-09-14T12:00:00Z,-7.723156
a1,2021-09-14T13:00:00Z,-8.426235
a1,2021-09-14T14:00:00Z,-8.921692
a1,2021-09-14T15:00:00Z,-8.986981
a1,2021-09-14T16:00:00Z,-9.568769
a1,2021-09-14T17:00:00Z,-10.102946
a1,2021-09-14T18:00:00Z,-9.130902
a1,2021-09-14T19:00:00Z,-9.724897
a1,2021-09-14T20:00:00Z,-9.270526
a1,2021-09-14T21:00:00Z,-8.416975
a1,2021-09-14T22:00:00Z,-7.675958
a1,2021-09-14T23:00:00Z,-7.050529
a1,2021-09-15T00:00:00Z,-6.225544
a1,2021-09-15T01:00:00Z,-5.208480
a1,2021-09-15T02:00:00Z,-4.729933
a1,2021-09-15T03:00:00Z,-4.388608
a1,2021-09-15T04:00:00Z,-4.143071
a1,2021-09-15T05:00:00Z,-2.726001
a1,2021-09-15T06:00:00Z,-4.531947
a1,2021-09-15T07:00:00Z,-4.862765
a1,2021-09-15T08:00:00Z,-3.849204
a1,2021-09-15T09:00:00Z,-4.984022
a1,2021-09-15T10:00:00Z,-5.615499
a1,2021-09-15T11:00:00Z,-7.282552
a1,2021-09-15T12:00:00Z,-7.565705
a1,2021-09-15T13:00:00Z,-7.747008
a1,2021-09-15T14:00:00Z,-8.872216
a1,2021-09-15T15:00:00Z,-9.381334
a1,2021-09-15T16:00:00Z,-9.967110
a1,2021-09-15T17:00:00Z,-10.047114
a1,2021-09-15T18:00:00Z,-9.257856
a1,2021-09-15T19:00:00Z,-9.022296
a1,2021-09-15T20:00:00Z,-8.953236
a1,2021-09-15T21:00:00Z,-7.754527
a1,2021-09-15T22:00:00Z,-7.512933
a1,2021-09-15T23:00:00Z,-7.189203
a1,2021-09-16T00:00:00Z,-6.094649
a1,2021-09-16T01:00:00Z,-5.981845
a1,2021-09-16T02:00:00Z,-5.132139
a1,2021-09-16T03:00:00Z,-4.673938
a1,2021-09-16T04:00:00Z,-3.536929
a1,2021-09-16T05:00:00Z,-3.330165
a1,2021-09-16T06:00:00Z,-4.305706
a1,2021-09-16T07:00:00Z,-5.030948
a1,2021-09-16T08:00:00Z,-4.553775
a1,2021-09-16T09:00:00Z,-5.069764
a1,2021-09-16T10:00:00Z,-6.452846
a1,2021-09-16T11:00:00Z,-7.495846
a1,2021-09-16T12:00:00Z,-7.331782
a1,2021-09-16T13:00:00Z,-7.279925
a1,2021-09-16T14:00:00Z,-8.016406
a1,2021-09-16T15:00:00Z,-9.586695
a1,2021-09-16T16:00:00Z,-8.283884
a1,2021-09-16T17:00:00Z,-9.071011
a1,2021-09-16T18:00:00Z,-9.353048
a1,2021-09-16T19:00:00Z,-9.992600
a1,2021-09-16T20:00:00Z,-8.646873
a1,2021-09-16T21:00:00Z,-7.462189
a1,2021-09-16T22:00:00Z,-7.757547
a1,2021-09-16T23:00:00Z,-7.248095
a1,2021-09-17T00:00:00Z,-6.097398
a1,2021-09-17T01:00:00Z,-6.038742
a1,2021-09-17T02:00:00Z,-4.185085
a1,2021-09-17T03:00:00Z,-4.450036
a1,2021-09-17T04:00:00Z,-4.553643
a1,2021-09-17T05:00:00Z,-3.454910
a1,2021-09-17T06:00:00Z,-3.334441
a1,2021-09-17T07:00:00Z,-3.907253
a1,2021-09-17T08:00:00Z,-4.631207
a1,2021-09-17T09:00:00Z,-5.544860
a1,2021-09-17T10:00:00Z,-5.515092
a1,2021-09-17T11:00:00Z,-7.126935
a1,2021-09-17T12:00:00Z,-7.466005
a1,2021-09-17T13:00:00Z,-8.530911
a1,2021-09-17T14:00:00Z,-9.330863
a1,2021-09-17T15:00:00Z,-9.306485
a1,2021-09-17T16:00:00Z,-9.493404
a1,2021-09-17T17:00:00Z,-9.632530
a1,2021-09-17T18:00:00Z,-9.600728
a1,2021-09-17T19:00:00Z,-9.182058
a1,2021-09-17T20:00:00Z,-8.750182
a1,2021-09-17T21:00:00Z,-8.797765
a1,2021-09-17T22:00:00Z,-8.013507
a1,2021-09-17T23:00:00Z,-7.073285
a1,2021-09-18T00:00:00Z,-5.701747
a1,2021-09-18T01:00:00Z,-5.397919
a1,2021-09-18T02:00:00Z,-4.704004
a1,2021-09-18T03:00:00Z,-3.796938
a1,2021-09-18T04:00:00Z,-4.068044
a1,2021-09-18T05:00:00Z,-3.191744
a1,2021-09-18T06:00:00Z,-4.202552
a1,2021-09-18T07:00:00Z,-3.762505
a1,2021-09-18T08:00:00Z,-3.425522
a1,2021-09-18T09:00:00Z,-5.158222
a1,2021-09-18T10:00:00Z,-5.894182
a1,2021-09-18T11:00:00Z,-6.627241
a1,2021-09-18T12:00:00Z,-8.609817
a1,2021-09-18T13:00:00Z,-7.691153
a1,2021-09-18T14:00:00Z,-9.953601
a1,2021-09-18T15:00:00Z,-9.103041
a1,2021-09-18T16:00:00Z,-8.881841
a1,2021-09-18T17:00:00Z,-10.288132
a1,2021-09-18T18:00:00Z,-9.640455
a1,2021-09-18T19:00:00Z,-8.581762
a1,2021-09-18T20:00:00Z,-8.353012
a1,2021-09-18T21:00:00Z,-8.342613
a1,2021-09-18T22:00:00Z,-7.607734
a1,2021-09-18T23:00:00Z,-6.586514
a1,2021-09-19T00:00:00Z,-6.512023
a1,2021-09-19T01:00:00Z,-5.696393
a1,2021-09-19T02:00:00Z,-5.352449
a1,2021-09-19T03:00:00Z,-5.219125
a1,2021-09-19T04:00:00Z,-3.558593
a1,2021-09-19T05:00:00Z,-3.761583
a1,2021-09-19T06:00:00Z,-3.899126
a1,2021-09-19T07:00:00Z,-4.246647
a1,2021-09-19T08:00:00Z,-4.476202
a1,2021-09-19T09:00:00Z,-4.669384
a1,2021-09-19T10:00:00Z,-5.530753
a1,2021-09-19T11:00:00Z,-6.767917
a1,2021-09-19T12:00:00Z,-7.302674
a1,2021-09-19T13:00:00Z,-7.840126
a1,2021-09-19T14:00:00Z,-8.345789
a1,2021-09-19T15:00:00Z,-9.315417
a1,2021-09-19T16:00:00Z,-9.834192
a1,2021-09-19T17:00:00Z,-9.532760
a1,2021-09-19T18:00:00Z,-8.766517
a1,2021-09-19T19:00:00Z,-9.850215
a1,2021-09-19T20:00:00Z,-8.032243
a1,2021-09-19T21:00:00Z,-7.685398
a1,2021-09-19T22:00:00Z,-7.997619
a1,2021-09-19T23:00:00Z,-6.796723
a1,2021-09-20T00:00:00Z,-6.055476
a1,2021-09-20T01:00:00Z,-5.079993
a1,2021-09-20T02:00:00Z,-4.081731
a1,2021-09-20T03:00:00Z,-4.509627
a1,2021-09-20T04:00:00Z,-3.515839
a1,2021-09-20T05:00:00Z,-3.338406
a1,2021-09-20T06:00:00Z,-3.397743
a1,2021-09-20T07:00:00Z,-3.931083
a1,2021-09-20T08:00:00Z,-3.835205
a1,2021-09-20T09:00:00Z,-4.837436
a1,2021-09-20T10:00:00Z,-6.014005
a1,2021-09-20T11:00:00Z,-6.697712
a1,2021-09-20T12:00:00Z,-8.009622
a1,2021-09-20T13:00:00Z,-7.255317
a1,2021-09-20T14:00:00Z,-8.042175
a1,2021-09-20T15:00:00Z,-8.864545
a1,2021-09-20T16:00:00Z,-8.660428
a1,2021-09-20T17:00:00Z,-9.109770
a1,2021-09-20T18:00:00Z,-9.437896
a1,2021-09-20T19:00:00Z,-8.850998
a1,2021-09-20T20:00:00Z,-9.170214
a1,2021-09-20T21:00:00Z,-7.821564
a1,2021-09-20T22:00:00Z,-8.087214
a1,2021-09-20T23:00:00Z,-7.540069
a1,2021-09-21T00:00:00Z,-5.912209
a1,2021-09-21T01:00:00Z,-4.677898
a1,2021-09-21T02:00:00Z,-4.715401
a1,2021-09-21T03:00:00Z,-4.046306
a1,2021-09-21T04:00:00Z,-3.517878
a1,2021-09-21T05:00:00Z,-2.706234
a1,2021-09-21T06:00:00Z,-3.969065
a1,2021-09-21T07:00:00Z,-3.998946
a1,2021-09-21T08:00:00Z,-3.749771
a1,2021-09-21T09:00:00Z,-5.829936
a1,2021-09-21T10:00:00Z,-5.404598
a1,2021-09-21T11:00:00Z,-6.710964
a1,2021-09-21T12:00:00Z,-7.891309
a1,2021-09-21T13:00:00Z,-8.395174
a1,2021-09-21T14:00:00Z,-9.123411
a1,2021-09-21T15:00:00Z,-8.917181
a1,2021-09-21T16:00:00Z,-9.781142
a1,2021-09-21T17:00:00Z,-9.589840
a1,2021-09-21T18:00:00Z,-9.410402
a1,2021-09-21T19:00:00Z,-8.683354
a1,2021-09-21T20:00:00Z,-8.550799
a1,2021-09-21T21:00:00Z,-8.070281
a1,2021-09-21T22:00:00Z,-7.323640
a1,2021-09-21T23:00:00Z,-5.777980
a1,2021-09-22T00:00:00Z,-6.065344
a1,2021-09-22T01:00:00Z,-4.560656
a1,2021-09-22T02:00:00Z,-4.299804
a1,2021-09-22T03:00:00Z,-3.238824
a1,2021-09-22T04:00:00Z,-3.725859
a1,2021-09-22T05:00:00Z,-3.225422
a1,2021-09-22T06:00:00Z,-3.141963
a1,2021-09-22T07:00:00Z,-3.813630
a1,2021-09-22T08:00:00Z,-4.625053
a1,2021-09-22T09:00:00Z,-5.857391
a1,2021-09-22T10:00:00Z,-5.651898
a1,2021-09-22T11:00:00Z,-7.193627
a1,2021-09-22T12:00:00Z,-7.483866
a1,2021-09-22T13:00:00Z,-8.192210
a1,2021-09-22T14:00:00Z,-7.922711
a1,2021-09-22T15:00:00Z,-8.779818
a1,2021-09-22T16:00:00Z,-9.618607
a1,2021-09-22T17:00:00Z,-9.568598
a1,2021-09-22T18:00:00Z,-9.427039
a1,2021-09-22T19:00:00Z,-10.028165
a1,2021-09-22T20:00:00Z,-8.402781
a1,2021-09-22T21:00:00Z,-7.864655
a1,2021-09-22T22:00:00Z,-7.063585
a1,2021-09-22T23:00:00Z,-6.639544
a1,2021-09-23T00:00:00Z,-5.613266
a1,2021-09-23T01:00:00Z,-5.128096
a1,2021-09-23T02:00:00Z,-3.786511
a1,2021-09-23T03:00:00Z,-3.551702
a1,2021-09-23T04:00:00Z,-3.836298
a1,2021-09-23T05:00:00Z,-3.109567
a1,2021-09-23T06:00:00Z,-4.696104
a1,2021-09-23T07:00:00Z,-3.363728
a1,2021-09-23T08:00:00Z,-3.903228
a1,2021-09-23T09:00:00Z,-5.478296
a1,2021-09-23T10:00:00Z,-5.216509
a1,2021-09-23T11:00:00Z,-7.482207
a1,2021-09-23T12:00:00Z,-7.888895
a1,2021-09-23T13:00:00Z,-7.942290
a1,2021-09-23T14:00:00Z,-7.956790
a1,2021-09-23T15:00:00Z,-9.584845
a1,2021-09-23T16:00:00Z,-10.413939
a1,2021-09-23T17:00:00Z,-8.905231
a1,2021-09-23T18:00:00Z,-10.078821
a1,2021-09-23T19:00:00Z,-8.771412
a1,2021-09-23T20:00:00Z,-8.517871
a1,2021-09-23T21:00:00Z,-7.438066
a1,2021-09-23T22:00:00Z,-6.054054
a1,2021-09-23T23:00:00Z,-5.317120
a1,2021-09-24T00:00:00Z,-5.904788
a1,2021-09-24T01:00:00Z,-5.288993
a1,2021-09-24T02:00:00Z,-3.294884
a1,2021-09-24T03:00:00Z,-2.704844
a1,2021-09-24T04:00:00Z,-2.900613
a1,2021-09-24T05:00:00Z,-4.376142
a1,2021-09-24T06:00:00Z,-2.855740
a1,2021-09-24T07:00:00Z,-4.010937
a1,2021-09-24T08:00:00Z,-4.280235
a1,2021-09-24T09:00:00Z,-5.087552
a1,2021-09-24T10:00:00Z,-5.465074
a1,2021-09-24T11:00:00Z,-6.228778
a1,2021-09-24T12:00:00Z,-8.142499
a1,2021-09-24T13:00:00Z,-8.625904
a1,2021-09-24T14:00:00Z,-8.592684
a1,2021-09-24T15:00:00Z,-8.837308
a1,2021-09-24T16:00:00Z,-9.345187
a1,2021-09-24T17:00:00Z,-10.121822
a1,2021-09-24T18:00:00Z,-9.573788
a1,2021-09-24T19:00:00Z,-9.171829
a1,2021-09-24T20:00:00Z,-8.338743
a1,2021-09-24T21:00:00Z,-7.508558
a1,2021-09-24T22:00:00Z,-8.081245
a1,2021-09-24T23:00:00Z,-5.654238
a1,2021-09-25T00:00:00Z,-4.142869
a1,2021-09-25T01:00:00Z,-4.568422
a1,2021-09-25T02:00:00Z,-4.446098
a1,2021-09-25T03:00:00Z,-3.917446
a1,2021-09-25T04:00:00Z,-2.941756
a1,2021-09-25T05:00:00Z,-2.785311
a1,2021-09-25T06:00:00Z,-3.399651
a1,2021-09-25T07:00:00Z,-3.894723
a1,2021-09-25T08:00:00Z,-3.837686
a1,2021-09-25T09:00:00Z,-4.745058
a1,2021-09-25T10:00:00Z,-5.691806
a1,2021-09-25T11:00:00Z,-6.265150
a1,2021-09-25T12:00:00Z,-6.167263
a1,2021-09-25T13:00:00Z,-7.826499
a1,2021-09-25T14:00:00Z,-8.136416
a1,2021-09-25T15:00:00Z,-8.810867
a1,2021-09-25T16:00:00Z,-9.420654
a1,2021-09-25T17:00:00Z,-9.151830
a1,2021-09-25T18:00:00Z,-9.004014
a1,2021-09-25T19:00:00Z,-9.313288
a1,2021-09-25T20:00:00Z,-8.212741
a1,2021-09-25T21:00:00Z,-7.963895
a1,2021-09-25T22:00:00Z,-6.781427
a1,2021-09-25T23:00:00Z,-6.953607
a1,2021-09-26T00:00:00Z,-6.494996
a1,2021-09-26T01:00:00Z,-4.682697
a1,2021-09-26T02:00:00Z,-5.200720
a1,2021-09-26T03:00:00Z,-4.628471
a1,2021-09-26T04:00:00Z,-3.515751
a1,2021-09-26T05:00:00Z,-3.067087
a1,2021-09-26T06:00:00Z,-2.699990
a1,2021-09-26T07:00:00Z,-2.909914
a1,2021-09-26T08:00:00Z,-4.250862
a1,2021-09-26T09:00:00Z,-4.757559
a1,2021-09-26T10:00:00Z,-5.323136
a1,2021-09-26T11:00:00Z,-6.186906
a1,2021-09-26T12:00:00Z,-7.199580
a1,2021-09-26T13:00:00Z,-7.367072
a1,2021-09-26T14:00:00Z,-7.939145
a1,2021-09-26T15:00:00Z,-8.133383
a1,2021-09-26T16:00:00Z,-9.295331
a1,2021-09-26T17:00:00Z,-9.459194
a1,2021-09-26T18:00:00Z,-8.691770
a1,2021-09-26T19:00:00Z,-9.062272
a1,2021-09-26T20:00:00Z,-7.992479
a1,2021-09-26T21:00:00Z,-7.496687
a1,2021-09-26T22:00:00Z,-6.962824
a1,2021-09-26T23:00:00Z,-7.001416
a1,2021-09-27T00:00:00Z,-5.269343
a1,2021-09-27T01:00:00Z,-5.799578
a1,2021-09-27T02:00:00Z,-3.681346
a1,2021-09-27T03:00:00Z,-3.371560
a1,2021-09-27T04:00:00Z,-4.330786
a1,2021-09-27T05:00:00Z,-2.689184
a1,2021-09-27T06:00:00Z,-2.949787
a1,2021-09-27T07:00:00Z,-3.821392
a1,2021-09-27T08:00:00Z,-4.179190
a1,2021-09-27T09:00:00Z,-4.861565
a1,2021-09-27T10:00:00Z,-5.919613
a1,2021-09-27T11:00:00Z,-5.636241
a1,2021-09-27T12:00:00Z,-6.616332
a1,2021-09-27T13:00:00Z,-8.340310
a1,2021-09-27T14:00:00Z,-7.753116
a1,2021-09-27T15:00:00Z,-8.301681
a1,2021-09-27T16:00:00Z,-9.757766
a1,2021-09-27T17:00:00Z,-8.684344
a1,2021-09-27T18:00:00Z,-8.812497
a1,2021-09-27T19:00:00Z,-9.823948
a1,2021-09-27T20:00:00Z,-7.657679
a1,2021-09-27T21:00:00Z,-8.013945
a1,2021-09-27T22:00:00Z,-7.311166
a1,2021-09-27T23:00:00Z,-6.251113
a1,2021-09-28T00:00:00Z,-5.780977
a1,2021-09-28T01:00:00Z,-4.809154
a1,2021-09-28T02:00:00Z,-4.111468
a1,2021-09-28T03:00:00Z,-3.641566
a1,2021-09-28T04:00:00Z,-3.500593
a1,2021-09-28T05:00:00Z,-3.060030
a1,2021-09-28T06:00:00Z,-2.908296
a1,2021-09-28T07:00:00Z,-4.072547
a1,2021-09-28T08:00:00Z,-3.941478
a1,2021-09-28T09:00:00Z,-5.021502
a1,2021-09-28T10:00:00Z,-4.352346
a1,2021-09-28T11:00:00Z,-6.166980
a1,2021-09-28T12:00:00Z,-6.501850
a1,2021-09-28T13:00:00Z,-7.596008
a1,2021-09-28T14:00:00Z,-8.452844
a1,2021-09-28T15:00:00Z,-7.744437
a1,2021-09-28T16:00:00Z,-9.431648
a1,2021-09-28T17:00:00Z,-9.662290
a1,2021-09-28T18:00:00Z,-9.335488
a1,2021-09-28T19:00:00Z,-8.793872
a1,2021-09-28T20:00:00Z,-8.388368
a1,2021-09-28T21:00:00Z,-8.425147
a1,2021-09-28T22:00:00Z,-6.208407
a1,2021-09-28T23:00:00Z,-6.728865
a1,2021-09-29T00:00:00Z,-6.062277
a1,2021-09-29T01:00:00Z,-4.520934
a1,2021-09-29T02:00:00Z,-3.396980
a1,2021-09-29T03:00:00Z,-3.424193
a1,2021-09-29T04:00:00Z,-2.786502
a1,2021-09-29T05:00:00Z,-2.791972
a1,2021-09-29T06:00:00Z,-3.054186
a1,2021-09-29T07:00:00Z,-3.243123
a1,2021-09-29T08:00:00Z,-4.279378
a1,2021-09-29T09:00:00Z,-4.529121
a1,2021-09-29T10:00:00Z,-5.164226
a1,2021-09-29T11:00:00Z,-5.579393
a1,2021-09-29T12:00:00Z,-6.475864
a1,2021-09-29T13:00:00Z,-7.750027
a1,2021-09-29T14:00:00Z,-8.280983
a1,2021-09-29T15:00:00Z,-8.495551
a1,2021-09-29T16:00:00Z,-9.335055
a1,2021-09-29T17:00:00Z,-8.990758
a1,2021-09-29T18:00:00Z,-8.171642
a1,2021-09-29T19:00:00Z,-8.145782
a1,2021-09-29T20:00:00Z,-8.294664
a1,2021-09-29T21:00:00Z,-6.665907
a1,2021-09-29T22:00:00Z,-6.835914
a1,2021-09-29T23:00:00Z,-5.851985
a1,2021-09-30T00:00:00Z,-4.605075
a1,2021-09-30T01:00:00Z,-4.640941
a1,2021-09-30T02:00:00Z,-4.842691
a1,2021-09-30T03:00:00Z,-3.831613
a1,2021-09-30T04:00:00Z,-2.899390
a1,2021-09-30T05:00:00Z,-2.599365
a1,2021-09-30T06:00:00Z,-3.226536
a1,2021-09-30T07:00:00Z,-3.052581
a1,2021-09-30T08:00:00Z,-3.324572
a1,2021-09-30T09:00:00Z,-4.876059
a1,2021-09-30T10:00:00Z,-6.000330
a1,2021-09-30T11:00:00Z,-5.700000
a1,2021-09-30T12:00:00Z,-6.709188
a1,2021-09-30T13:00:00Z,-6.442355
a1,2021-09-30T14:00:00Z,-8.641733
a1,2021-09-30T15:00:00Z,-7.629785
a1,2021-09-30T16:00:00Z,-8.725073
a1,2021-09-30T17:00:00Z,-8.429956
a1,2021-09-30T18:00:00Z,-8.824156
a1,2021-09-30T19:00:00Z,-8.231778
a1,2021-09-30T20:00:00Z,-7.873040
a1,2021-09-30T21:00:00Z,-8.062907
a1,2021-09-30T22:00:00Z,-6.904421
a1,2021-09-30T23:00:00Z,-6.173271
P9,2021-09-01T00:00:00Z,-5.127329
P9,2021-09-01T01:00:00Z,-4.337789
P9,2021-09-01T02:00:00Z,-3.700467
P9,2021-09-01T03:00:00Z,-2.497178
P9,2021-09-01T04:00:00Z,-2.771330
P9,2021-09-01T05:00:00Z,-3.262839
P9,2021-09-01T06:00:00Z,-3.493302
P9,2021-09-01T07:00:00Z,-2.969609
P9,2021-09-01T08:00:00Z,-3.965050
P9,2021-09-01T09:00:00Z,-4.584535
P9,2021-09-01T10:00:00Z,-4.784010
P9,2021-09-01T11:00:00Z,-5.713627
P9,2021-09-01T12:00:00Z,-6.018801
P9,2021-09-01T13:00:00Z,-6.896956
P9,2021-09-01T14:00:00Z,-7.499742
P9,2021-09-01T15:00:00Z,-9.354951
P9,2021-09-01T16:00:00Z,-8.782931
P9,2021-09-01T17:00:00Z,-8.339739
P9,2021-09-01T18:00:00Z,-9.279403
P9,2021-09-01T19:00:00Z,-7.911404
P9,2021-09-01T20:00:00Z,-8.084446
P9,2021-09-01T21:00:00Z,-5.830498
P9,2021-09-01T22:00:00Z,-6.978744
P9,2021-09-01T23:00:00Z,-6.545031
P9,2021-09-02T00:00:00Z,-5.714093
P9,2021-09-02T01:00:00Z,-4.958808
P9,2021-09-02T02:00:00Z,-3.576588
P9,2021-09-02T03:00:00Z,-3.946720
P9,2021-09-02T04:00:00Z,-3.350001
P9,2021-09-02T05:00:00Z,-2.012141
P9,2021-09-02T06:00:00Z,-2.902465
P9,2021-09-02T07:00:00Z,-3.157849
P9,2021-09-02T08:00:00Z,-4.365132
P9,2021-09-02T09:00:00Z,-3.757392
P9,2021-09-02T10:00:00Z,-5.387437
P9,2021-09-02T11:00:00Z,-6.424057
P9,2021-09-02T12:00:00Z,-7.031570
P9,2021-09-02T13:00:00Z,-7.050256
P9,2021-09-02T14:00:00Z,-8.431897
P9,2021-09-02T15:00:00Z,-8.816510
P9,2021-09-02T16:00:00Z,-9.242172
P9,2021-09-02T17:00:00Z,-8.730596
P9,2021-09-02T18:00:00Z,-8.714402
P9,2021-09-02T19:00:00Z,-9.566802
P9,2021-09-02T20:00:00Z,-6.978102
P9,2021-09-02T21:00:00Z,-7.368440
P9,2021-09-02T22:00:00Z,-6.417876
P9,2021-09-02T23:00:00Z,-6.542135
P9,2021-09-03T00:00:00Z,-5.332267
P9,2021-09-03T01:00:00Z,-4.920603
P9,2021-09-03T02:00:00Z,-3.860599
P9,2021-09-03T03:00:00Z,-3.540415
P9,2021-09-03T04:00:00Z,-2.857354
P9,2021-09-03T05:00:00Z,-2.942418
P9,2021-09-03T06:00:00Z,-3.050969
P9,2021-09-03T07:00:00Z,-3.665142
P9,2021-09-03T08:00:00Z,-3.540704
P9,2021-09-03T09:00:00Z,-4.843329
P9,2021-09-03T10:00:00Z,-4.825034
P9,2021-09-03T11:00:00Z,-6.096178
P9,2021-09-03T12:00:00Z,-7.004892
P9,2021-09-03T13:00:00Z,-7.556042
P9,2021-09-03T14:00:00Z,-7.831313
P9,2021-09-03T15:00:00Z,-8.845514
P9,2021-09-03T16:00:00Z,-8.317785
P9,2021-09-03T17:00:00Z,-9.261775
P9,2021-09-03T18:00:00Z,-9.397612
P9,2021-09-03T19:00:00Z,-9.355529
P9,2021-09-03T20:00:00Z,-7.063320
P9,2021-09-03T21:00:00Z,-7.306504
P9,2021-09-03T22:00:00Z,-6.843006
P9,2021-09-03T23:00:00Z,-5.066528
P9,2021-09-04T00:00:00Z,-4.789568
P9,2021-09-04T01:00:00Z,-4.372096
P9,2021-09-04T02:00:00Z,-4.097306
P9,2021-09-04T03:00:00Z,-3.436735
P9,2021-09-04T04:00:00Z,-3.025760
P9,2021-09-04T05:00:00Z,-3.001534
P9,2021-09-04T06:00:00Z,-3.587763
P9,2021-09-04T07:00:00Z,-3.947852
P9,2021-09-04T08:00:00Z,-4.415616
P9,2021-09-04T09:00:00Z,-4.370384
P9,2021-09-04T10:00:00Z,-4.701811
P9,2021-09-04T11:00:00Z,-5.607787
P9,2021-09-04T12:00:00Z,-6.285805
P9,2021-09-04T13:00:00Z,-7.036556
P9,2021-09-04T14:00:00Z,-8.080507
P9,2021-09-04T15:00:00Z,-9.874260
P9,2021-09-04T16:00:00Z,-9.801169
P9,2021-09-04T17:00:00Z,-8.928935
P9,2021-09-04T18:00:00Z,-9.156653
P9,2021-09-04T19:00:00Z,-8.557838
P9,2021-09-04T20:00:00Z,-8.071730
P9,2021-09-04T21:00:00Z,-8.654357
P9,2021-09-04T22:00:00Z,-6.487067
P9,2021-09-04T23:00:00Z,-5.659544
P9,2021-09-05T00:00:00Z,-6.112196
P9,2021-09-05T01:00:00Z,-5.170904
P9,2021-09-05T02:00:00Z,-2.884514
P9,2021-09-05T03:00:00Z,-3.736026
P9,2021-09-05T04:00:00Z,-3.400868
P9,2021-09-05T05:00:00Z,-3.470480
P9,2021-09-05T06:00:00Z,-3.536779
P9,2021-09-05T07:00:00Z,-3.547317
P9,2021-09-05T08:00:00Z,-3.942102
P9,2021-09-05T09:00:00Z,-5.203646
P9,2021-09-05T10:00:00Z,-5.129654
P9,2021-09-05T11:00:00Z,-5.744279
P9,2021-09-05T12:00:00Z,-6.510104
P9,2021-09-05T13:00:00Z,-7.658572
P9,2021-09-05T14:00:00Z,-8.385620
P9,2021-09-05T15:00:00Z,-9.018032
P9,2021-09-05T16:00:00Z,-8.903570
P9,2021-09-05T17:00:00Z,-9.581182
P9,2021-09-05T18:00:00Z,-8.486226
P9,2021-09-05T19:00:00Z,-8.870089
P9,2021-09-05T20:00:00Z,-6.958800
P9,2021-09-05T21:00:00Z,-6.884759
P9,2021-09-05T22:00:00Z,-7.001267
P9,2021-09-05T23:00:00Z,-5.837207
P9,2021-09-06T00:00:00Z,-6.071208
P9,2021-09-06T01:00:00Z,-4.803759
P9,2021-09-06T02:00:00Z,-3.580114
P9,2021-09-06T03:00:00Z,-3.012601
P9,2021-09-06T04:00:00Z,-3.120328
P9,2021-09-06T05:00:00Z,-3.000024
P9,2021-09-06T06:00:00Z,-2.630353
P9,2021-09-06T07:00:00Z,-3.834136
P9,2021-09-06T08:00:00Z,-3.596124
P9,2021-09-06T09:00:00Z,-4.810086
P9,2021-09-06T10:00:00Z,-4.633745
P9,2021-09-06T11:00:00Z,-6.341996
P9,2021-09-06T12:00:00Z,-7.688329
P9,2021-09-06T13:00:00Z,-7.684999
P9,2021-09-06T14:00:00Z,-8.284681
P9,2021-09-06T15:00:00Z,-8.676418
P9,2021-09-06T16:00:00Z,-9.061229
P9,2021-09-06T17:00:00Z,-8.874423
P9,2021-09-06T18:00:00Z,-8.872270
P9,2021-09-06T19:00:00Z,-8.851088
P9,2021-09-06T20:00:00Z,-8.469630
P9,2021-09-06T21:00:00Z,-7.439244
P9,2021-09-06T22:00:00Z,-7.027181
P9,2021-09-06T23:00:00Z,-6.327156
P9,2021-09-07T00:00:00Z,-4.948077
P9,2021-09-07T01:00:00Z,-3.913116
P9,2021-09-07T02:00:00Z,-4.034147
P9,2021-09-07T03:00:00Z,-3.341389
P9,2021-09-07T04:00:00Z,-3.685592
P9,2021-09-07T05:00:00Z,-2.987456
P9,2021-09-07T06:00:00Z,-3.649451
P9,2021-09-07T07:00:00Z,-2.950356
P9,2021-09-07T08:00:00Z,-4.144062
P9,2021-09-07T09:00:00Z,-3.490109
P9,2021-09-07T10:00:00Z,-4.312490
P9,2021-09-07T11:00:00Z,-6.350833
P9,2021-09-07T12:00:00Z,-6.308099
P9,2021-09-07T13:00:00Z,-6.953299
P9,2021-09-07T14:00:00Z,-7.392668
P9,2021-09-07T15:00:00Z,-8.347171
P9,2021-09-07T16:00:00Z,-9.028737
P9,2021-09-07T17:00:00Z,-9.708040
P9,2021-09-07T18:00:00Z,-9.786953
P9,2021-09-07T19:00:00Z,-8.938259
P9,2021-09-07T20:00:00Z,-9.159297
P9,2021-09-07T21:00:00Z,-8.300071
P9,2021-09-07T22:00:00Z,-6.317720
P9,2021-09-07T23:00:00Z,-5.502333
P9,2021-09-08T00:00:00Z,-5.965978
P9,2021-09-08T01:00:00Z,-4.106967
P9,2021-09-08T02:00:00Z,-4.084776
P9,2021-09-08T03:00:00Z,-3.758369
P9,2021-09-08T04:00:00Z,-3.678514
P9,2021-09-08T05:00:00Z,-3.299608
P9,2021-09-08T06:00:00Z,-2.378715
P9,2021-09-08T07:00:00Z,-4.651973
P9,2021-09-08T08:00:00Z,-4.620462
P9,2021-09-08T09:00:00Z,-4.278397
P9,2021-09-08T10:00:00Z,-5.151042
P9,2021-09-08T11:00:00Z,-5.502457
P9,2021-09-08T12:00:00Z,-7.064454
P9,2021-09-08T13:00:00Z,-7.938402
P9,2021-09-08T14:00:00Z,-8.421747
P9,2021-09-08T15:00:00Z,-7.959576
P9,2021-09-08T16:00:00Z,-8.927128
P9,2021-09-08T17:00:00Z,-9.165752
P9,2021-09-08T18:00:00Z,-8.907388
P9,2021-09-08T19:00:00Z,-8.671232
P9,2021-09-08T20:00:00Z,-8.152421
P9,2021-09-08T21:00:00Z,-7.448978
P9,2021-09-08T22:00:00Z,-6.191567
P9,2021-09-08T23:00:00Z,-6.381335
P9,2021-09-09T00:00:00Z,-4.830924
P9,2021-09-09T01:00:00Z,-5.009872
P9,2021-09-09T02:00:00Z,-3.242166
P9,2021-09-09T03:00:00Z,-3.165570
P9,2021-09-09T04:00:00Z,-3.635600
P9,2021-09-09T05:00:00Z,-2.043584
P9,2021-09-09T06:00:00Z,-2.817481
P9,2021-09-09T07:00:00Z,-2.995410
P9,2021-09-09T08:00:00Z,-3.493522
P9,2021-09-09T09:00:00Z,-3.647513
P9,2021-09-09T10:00:00Z,-5.150578
P9,2021-09-09T11:00:00Z,-5.114116
P9,2021-09-09T12:00:00Z,-7.010326
P9,2021-09-09T13:00:00Z,-7.909159
P9,2021-09-09T14:00:00Z,-7.239426
P9,2021-09-09T15:00:00Z,-8.888154
P9,2021-09-09T16:00:00Z,-8.461788
P9,2021-09-09T17:00:00Z,-9.046741
P9,2021-09-09T18:00:00Z,-8.948999
P9,2021-09-09T19:00:00Z,-8.116961
P9,2021-09-09T20:00:00Z,-7.862735
P9,2021-09-09T21:00:00Z,-7.606223
P9,2021-09-09T22:00:00Z,-6.958466
P9,2021-09-09T23:00:00Z,-5.625825
P9,2021-09-10T00:00:00Z,-4.755488
P9,2021-09-10T01:00:00Z,-4.636387
P9,2021-09-10T02:00:00Z,-4.215381
P9,2021-09-10T03:00:00Z,-3.522098
P9,2021-09-10T04:00:00Z,-3.413095
P9,2021-09-10T05:00:00Z,-2.708508
P9,2021-09-10T06:00:00Z,-3.327032
P9,2021-09-10T07:00:00Z,-2.432707
P9,2021-09-10T08:00:00Z,-4.148603
P9,2021-09-10T09:00:00Z,-5.319406
P9,2021-09-10T10:00:00Z,-5.023691
P9,2021-09-10T11:00:00Z,-6.256483
P9,2021-09-10T12:00:00Z,-7.353672
P9,2021-09-10T13:00:00Z,-6.902770
P9,2021-09-10T14:00:00Z,-7.704576
P9,2021-09-10T15:00:00Z,-8.981029
P9,2021-09-10T16:00:00Z,-8.456809
P9,2021-09-10T17:00:00Z,-8.330133
P9,2021-09-10T18:00:00Z,-9.261087
P9,2021-09-10T19:00:00Z,-8.266742
P9,2021-09-10T20:00:00Z,-8.624185
P9,2021-09-10T21:00:00Z,-7.036287
P9,2021-09-10T22:00:00Z,-5.959361
P9,2021-09-10T23:00:00Z,-5.866776
P9,2021-09-11T00:00:00Z,-5.894340
P9,2021-09-11T01:00:00Z,-4.374293
P9,2021-09-11T02:00:00Z,-3.693018
P9,2021-09-11T03:00:00Z,-3.472552
P9,2021-09-11T04:00:00Z,-3.586442
P9,2021-09-11T05:00:00Z,-2.451957
P9,2021-09-11T06:00:00Z,-2.313952
P9,2021-09-11T07:00:00Z,-2.640786
P9,2021-09-11T08:00:00Z,-2.902921
P9,2021-09-11T09:00:00Z,-4.258442
P9,2021-09-11T10:00:00Z,-5.295782
P9,2021-09-11T11:00:00Z,-6.363220
P9,2021-09-11T12:00:00Z,-5.842360
P9,2021-09-11T13:00:00Z,-7.187406
P9,2021-09-11T14:00:00Z,-8.363760
P9,2021-09-11T15:00:00Z,-7.669303
P9,2021-09-11T16:00:00Z,-8.358875
P9,2021-09-11T17:00:00Z,-9.633681
P9,2021-09-11T18:00:00Z,-8.678460
P9,2021-09-11T19:00:00Z,-8.479223
P9,2021-09-11T20:00:00Z,-8.191342
P9,2021-09-11T21:00:00Z,-7.369132
P9,2021-09-11T22:00:00Z,-6.170799
P9,2021-09-11T23:00:00Z,-4.575195
P9,2021-09-12T00:00:00Z,-5.119601
P9,2021-09-12T01:00:00Z,-3.059288
P9,2021-09-12T02:00:00Z,-3.498925
P9,2021-09-12T03:00:00Z,-2.488572
P9,2021-09-12T04:00:00Z,-2.757653
P9,2021-09-12T05:00:00Z,-2.407660
P9,2021-09-12T06:00:00Z,-2.915079
P9,2021-09-12T07:00:00Z,-2.575055
P9,2021-09-12T08:00:00Z,-4.429740
P9,2021-09-12T09:00:00Z,-5.012241
P9,2021-09-12T10:00:00Z,-5.547404
P9,2021-09-12T11:00:00Z,-4.922991
P9,2021-09-12T12:00:00Z,-6.019257
P9,2021-09-12T13:00:00Z,-7.173896
P9,2021-09-12T14:00:00Z,-8.109873
P9,2021-09-12T15:00:00Z,-7.953991
P9,2021-09-12T16:00:00Z,-7.739288
P9,2021-09-12T17:00:00Z,-9.261566
P9,2021-09-12T18:00:00Z,-8.742440
P9,2021-09-12T19:00:00Z,-8.425273
P9,2021-09-12T20:00:00Z,-7.811794
P9,2021-09-12T21:00:00Z,-6.764631
P9,2021-09-12T22:00:00Z,-6.425972
P9,2021-09-12T23:00:00Z,-6.049905
P9,2021-09-13T00:00:00Z,-4.690319
P9,2021-09-13T01:00:00Z,-4.249039
P9,2021-09-13T02:00:00Z,-3.977252
P9,2021-09-13T03:00:00Z,-2.476521
P9,2021-09-13T04:00:00Z,-2.397824
P9,2021-09-13T05:00:00Z,-2.495761
P9,2021-09-13T06:00:00Z,-2.145520
P9,2021-09-13T07:00:00Z,-3.551233
P9,2021-09-13T08:00:00Z,-3.859323
P9,2021-09-13T09:00:00Z,-4.354041
P9,2021-09-13T10:00:00Z,-4.685726
P9,2021-09-13T11:00:00Z,-5.097734
P9,2021-09-13T12:00:00Z,-6.424945
P9,2021-09-13T13:00:00Z,-7.371885
P9,2021-09-13T14:00:00Z,-8.145170
P9,2021-09-13T15:00:00Z,-8.465286
P9,2021-09-13T16:00:00Z,-8.179976
P9,2021-09-13T17:00:00Z,-8.719244
P9,2021-09-13T18:00:00Z,-8.739700
P9,2021-09-13T19:00:00Z,-8.648365
P9,2021-09-13T20:00:00Z,-7.427045
P9,2021-09-13T21:00:00Z,-6.674344
P9,2021-09-13T22:00:00Z,-7.150190
P9,2021-09-13T23:00:00Z,-6.085385
P9,2021-09-14T00:00:00Z,-5.124180
P9,2021-09-14T01:00:00Z,-4.382753
P9,2021-09-14T02:00:00Z,-2.819221
P9,2021-09-14T03:00:00Z,-2.925989
P9,2021-09-14T04:00:00Z,-3.413714
P9,2021-09-14T05:00:00Z,-2.925371
P9,2021-09-14T06:00:00Z,-2.516632
P9,2021-09-14T07:00:00Z,-3.173869
P9,2021-09-14T08:00:00Z,-3.991499
P9,2021-09-14T09:00:00Z,-3.782330
P9,2021-09-14T10:00:00Z,-6.144274
P9,2021-09-14T11:00:00Z,-6.006069
P9,2021-09-14T12:00:00Z,-6.007524
P9,2021-09-14T13:00:00Z,-6.602246
P9,2021-09-14T14:00:00Z,-7.974972
P9,2021-09-14T15:00:00Z,-8.455550
P9,2021-09-14T16:00:00Z,-9.857106
P9,2021-09-14T17:00:00Z,-8.655714
P9,2021-09-14T18:00:00Z,-8.060839
P9,2021-09-14T19:00:00Z,-8.888387
P9,2021-09-14T20:00:00Z,-7.321684
P9,2021-09-14T21:00:00Z,-6.680841
P9,2021-09-14T22:00:00Z,-6.469151
P9,2021-09-14T23:00:00Z,-4.804349
P9,2021-09-15T00:00:00Z,-4.759553
P9,2021-09-15T01:00:00Z,-5.492622
P9,2021-09-15T02:00:00Z,-3.347646
P9,2021-09-15T03:00:00Z,-2.803766
P9,2021-09-15T04:00:00Z,-3.358551
P9,2021-09-15T05:00:00Z,-3.141155
P9,2021-09-15T06:00:00Z,-3.231504
P9,2021-09-15T07:00:00Z,-3.872469
P9,2021-09-15T08:00:00Z,-3.800264
P9,2021-09-15T09:00:00Z,-4.333601
P9,2021-09-15T10:00:00Z,-5.063193
P9,2021-09-15T11:00:00Z,-5.567156
P9,2021-09-15T12:00:00Z,-6.971195
P9,2021-09-15T13:00:00Z,-8.047913
P9,2021-09-15T14:00:00Z,-7.766650
P9,2021-09-15T15:00:00Z,-8.094425
P9,2021-09-15T16:00:00Z,-7.929464
P9,2021-09-15T17:00:00Z,-8.839154
P9,2021-09-15T18:00:00Z,-9.111760
P9,2021-09-15T19:00:00Z,-8.443490
P9,2021-09-15T20:00:00Z,-8.734792
P9,2021-09-15T21:00:00Z,-7.452614
P9,2021-09-15T22:00:00Z,-5.992696
P9,2021-09-15T23:00:00Z,-6.080955
P9,2021-09-16T00:00:00Z,-4.352833
P9,2021-09-16T01:00:00Z,-3.558691
P9,2021-09-16T02:00:00Z,-4.031895
P9,2021-09-16T03:00:00Z,-2.967562
P9,2021-09-16T04:00:00Z,-2.954090
P9,2021-09-16T05:00:00Z,-2.802643
P9,2021-09-16T06:00:00Z,-2.909353
P9,2021-09-16T07:00:00Z,-3.549041
P9,2021-09-16T08:00:00Z,-4.190322
P9,2021-09-16T09:00:00Z,-3.717636
P9,2021-09-16T10:00:00Z,-5.234363
P9,2021-09-16T11:00:00Z,-5.515298
P9,2021-09-16T12:00:00Z,-6.185652
P9,2021-09-16T13:00:00Z,-6.353937
P9,2021-09-16T14:00:00Z,-7.215326
P9,2021-09-16T15:00:00Z,-8.189472
P9,2021-09-16T16:00:00Z,-8.254768
P9,2021-09-16T17:00:00Z,-9.216669
P9,2021-09-16T18:00:00Z,-8.402659
P9,2021-09-16T19:00:00Z,-8.168461
P9,2021-09-16T20:00:00Z,-8.095926
P9,2021-09-16T21:00:00Z,-7.523128
P9,2021-09-16T22:00:00Z,-5.760730
P9,2021-09-16T23:00:00Z,-5.822270
P9,2021-09-17T00:00:00Z,-4.523297
P9,2021-09-17T01:00:00Z,-4.501070
P9,2021-09-17T02:00:00Z,-3.608402
P9,2021-09-17T03:00:00Z,-3.066235
P9,2021-09-17T04:00:00Z,-3.399547
P9,2021-09-17T05:00:00Z,-2.093465
P9,2021-09-17T06:00:00Z,-3.472107
P9,2021-09-17T07:00:00Z,-3.162145
P9,2021-09-17T08:00:00Z,-2.929174
P9,2021-09-17T09:00:00Z,-3.410508
P9,2021-09-17T10:00:00Z,-5.860133
P9,2021-09-17T11:00:00Z,-5.627223
P9,2021-09-17T12:00:00Z,-5.934523
P9,2021-09-17T13:00:00Z,-7.796469
P9,2021-09-17T14:00:00Z,-8.122745
P9,2021-09-17T15:00:00Z,-8.287597
P9,2021-09-17T16:00:00Z,-8.392402
P9,2021-09-17T17:00:00Z,-8.698425
P9,2021-09-17T18:00:00Z,-8.691541
P9,2021-09-17T19:00:00Z,-8.814182
P9,2021-09-17T20:00:00Z,-6.906620
P9,2021-09-17T21:00:00Z,-7.995545
P9,2021-09-17T22:00:00Z,-6.094160
P9,2021-09-17T23:00:00Z,-5.421439
P9,2021-09-18T00:00:00Z,-5.930412
P9,2021-09-18T01:00:00Z,-4.097926
P9,2021-09-18T02:00:00Z,-4.047643
P9,2021-09-18T03:00:00Z,-2.813571
P9,2021-09-18T04:00:00Z,-2.898920
P9,2021-09-18T05:00:00Z,-2.793596
P9,2021-09-18T06:00:00Z,-2.486125
P9,2021-09-18T07:00:00Z,-2.888289
P9,2021-09-18T08:00:00Z,-3.741969
P9,2021-09-18T09:00:00Z,-3.368456
P9,2021-09-18T10:00:00Z,-4.420413
P9,2021-09-18T11:00:00Z,-5.304434
P9,2021-09-18T12:00:00Z,-7.315874
P9,2021-09-18T13:00:00Z,-7.452372
P9,2021-09-18T14:00:00Z,-7.667604
P9,2021-09-18T15:00:00Z,-7.976876
P9,2021-09-18T16:00:00Z,-8.875879
P9,2021-09-18T17:00:00Z,-8.455952
P9,2021-09-18T18:00:00Z,-8.061397
P9,2021-09-18T19:00:00Z,-7.834474
P9,2021-09-18T20:00:00Z,-6.406501
P9,2021-09-18T21:00:00Z,-6.302091
P9,2021-09-18T22:00:00Z,-6.742787
P9,2021-09-18T23:00:00Z,-5.904439
P9,2021-09-19T00:00:00Z,-4.645963
P9,2021-09-19T01:00:00Z,-3.615954
P9,2021-09-19T02:00:00Z,-3.734353
P9,2021-09-19T03:00:00Z,-3.152127
P9,2021-09-19T04:00:00Z,-2.247185
P9,2021-09-19T05:00:00Z,-2.681887
P9,2021-09-19T06:00:00Z,-3.096834
P9,2021-09-19T07:00:00Z,-3.061444
P9,2021-09-19T08:00:00Z,-4.519028
P9,2021-09-19T09:00:00Z,-4.571876
P9,2021-09-19T10:00:00Z,-4.932541
P9,2021-09-19T11:00:00Z,-5.725292
P9,2021-09-19T12:00:00Z,-6.183728
P9,2021-09-19T13:00:00Z,-6.453995
P9,2021-09-19T14:00:00Z,-7.251514
P9,2021-09-19T15:00:00Z,-8.299297
P9,2021-09-19T16:00:00Z,-8.817695
P9,2021-09-19T17:00:00Z,-9.059655
P9,2021-09-19T18:00:00Z,-8.534796
P9,2021-09-19T19:00:00Z,-7.207634
P9,2021-09-19T20:00:00Z,-7.705088
P9,2021-09-19T21:00:00Z,-7.071012
P9,2021-09-19T22:00:00Z,-6.098815
P9,2021-09-19T23:00:00Z,-6.108759
P9,2021-09-20T00:00:00Z,-5.758003
P9,2021-09-20T01:00:00Z,-4.262754
P9,2021-09-20T02:00:00Z,-3.164505
P9,2021-09-20T03:00:00Z,-1.997681
P9,2021-09-20T04:00:00Z,-2.914017
P9,2021-09-20T05:00:00Z,-2.748440
P9,2021-09-20T06:00:00Z,-2.528935
P9,2021-09-20T07:00:00Z,-2.815633
P9,2021-09-20T08:00:00Z,-3.182778
P9,2021-09-20T09:00:00Z,-3.470573
P9,2021-09-20T10:00:00Z,-4.377641
P9,2021-09-20T11:00:00Z,-4.861889
P9,2021-09-20T12:00:00Z,-6.718405
P9,2021-09-20T13:00:00Z,-7.874195
P9,2021-09-20T14:00:00Z,-7.407630
P9,2021-09-20T15:00:00Z,-8.534610
P9,2021-09-20T16:00:00Z,-7.429098
P9,2021-09-20T17:00:00Z,-9.015484
P9,2021-09-20T18:00:00Z,-8.711828
P9,2021-09-20T19:00:00Z,-7.951637
P9,2021-09-20T20:00:00Z,-7.137929
P9,2021-09-20T21:00:00Z,-8.106105
P9,2021-09-20T22:00:00Z,-5.653709
P9,2021-09-20T23:00:00Z,-5.563470
P9,2021-09-21T00:00:00Z,-4.803317
P9,2021-09-21T01:00:00Z,-4.112121
P9,2021-09-21T02:00:00Z,-3.968614
P9,2021-09-21T03:00:00Z,-2.436546
P9,2021-09-21T04:00:00Z,-2.449589
P9,2021-09-21T05:00:00Z,-2.485074
P9,2021-09-21T06:00:00Z,-1.885212
P9,2021-09-21T07:00:00Z,-3.003027
P9,2021-09-21T08:00:00Z,-3.550462
P9,2021-09-21T09:00:00Z,-3.284530
P9,2021-09-21T10:00:00Z,-4.984891
P9,2021-09-21T11:00:00Z,-4.802840
P9,2021-09-21T12:00:00Z,-6.425314
P9,2021-09-21T13:00:00Z,-6.910607
P9,2021-09-21T14:00:00Z,-7.658220
P9,2021-09-21T15:00:00Z,-7.908206
P9,2021-09-21T16:00:00Z,-8.388278
P9,2021-09-21T17:00:00Z,-8.537714
P9,2021-09-21T18:00:00Z,-7.341200
P9,2021-09-21T19:00:00Z,-8.415707
P9,2021-09-21T20:00:00Z,-7.531093
P9,2021-09-21T21:00:00Z,-7.449886
P9,2021-09-21T22:00:00Z,-7.351896
P9,2021-09-21T23:00:00Z,-4.819159
P9,2021-09-22T00:00:00Z,-4.787782
P9,2021-09-22T01:00:00Z,-4.310146
P9,2021-09-22T02:00:00Z,-3.494815
P9,2021-09-22T03:00:00Z,-4.112282
P9,2021-09-22T04:00:00Z,-2.017796
P9,2021-09-22T05:00:00Z,-2.112596
P9,2021-09-22T06:00:00Z,-2.750729
P9,2021-09-22T07:00:00Z,-2.757722
P9,2021-09-22T08:00:00Z,-3.519990
P9,2021-09-22T09:00:00Z,-3.695191
P9,2021-09-22T10:00:00Z,-5.135955
P9,2021-09-22T11:00:00Z,-6.513258
P9,2021-09-22T12:00:00Z,-6.674251
P9,2021-09-22T13:00:00Z,-7.581937
P9,2021-09-22T14:00:00Z,-7.697900
P9,2021-09-22T15:00:00Z,-7.320040
P9,2021-09-22T16:00:00Z,-8.089363
P9,2021-09-22T17:00:00Z,-7.940226
P9,2021-09-22T18:00:00Z,-7.801676
P9,2021-09-22T19:00:00Z,-8.144553
P9,2021-09-22T20:00:00Z,-7.028500
P9,2021-09-22T21:00:00Z,-6.468022
P9,2021-09-22T22:00:00Z,-5.425778
P9,2021-09-22T23:00:00Z,-4.290896
P9,2021-09-23T00:00:00Z,-4.924177
P9,2021-09-23T01:00:00Z,-5.053662
P9,2021-09-23T02:00:00Z,-2.378948
P9,2021-09-23T03:00:00Z,-2.720098
P9,2021-09-23T04:00:00Z,-2.080514
P9,2021-09-23T05:00:00Z,-2.419940
P9,2021-09-23T06:00:00Z,-2.733353
P9,2021-09-23T07:00:00Z,-2.149555
P9,2021-09-23T08:00:00Z,-4.032319
P9,2021-09-23T09:00:00Z,-4.412884
P9,2021-09-23T10:00:00Z,-4.566418
P9,2021-09-23T11:00:00Z,-4.470637
P9,2021-09-23T12:00:00Z,-6.471338
P9,2021-09-23T13:00:00Z,-7.221280
P9,2021-09-23T14:00:00Z,-8.106271
P9,2021-09-23T15:00:00Z,-7.817341
P9,2021-09-23T16:00:00Z,-8.050017
P9,2021-09-23T17:00:00Z,-8.968944
P9,2021-09-23T18:00:00Z,-8.177106
P9,2021-09-23T19:00:00Z,-8.347988
P9,2021-09-23T20:00:00Z,-7.219370
P9,2021-09-23T21:00:00Z,-7.252642
P9,2021-09-23T22:00:00Z,-6.405707
P9,2021-09-23T23:00:00Z,-6.094872
P9,2021-09-24T00:00:00Z,-3.892209
P9,2021-09-24T01:00:00Z,-3.827710
P9,2021-09-24T02:00:00Z,-3.356968
P9,2021-09-24T03:00:00Z,-3.391968
P9,2021-09-24T04:00:00Z,-2.231483
P9,2021-09-24T05:00:00Z,-2.200356
P9,2021-09-24T06:00:00Z,-2.902832
P9,2021-09-24T07:00:00Z,-2.419719
P9,2021-09-24T08:00:00Z,-3.387368
P9,2021-09-24T09:00:00Z,-4.013895
P9,2021-09-24T10:00:00Z,-4.563074
P9,2021-09-24T11:00:00Z,-5.752481
P9,2021-09-24T12:00:00Z,-5.813313
P9,2021-09-24T13:00:00Z,-6.140206
P9,2021-09-24T14:00:00Z,-8.067405
P9,2021-09-24T15:00:00Z,-7.534899
P9,2021-09-24T16:00:00Z,-7.992697
P9,2021-09-24T17:00:00Z,-8.420182
P9,2021-09-24T18:00:00Z,-7.431055
P9,2021-09-24T19:00:00Z,-8.317987
P9,2021-09-24T20:00:00Z,-7.975452
P9,2021-09-24T21:00:00Z,-6.583092
P9,2021-09-24T22:00:00Z,-6.528095
P9,2021-09-24T23:00:00Z,-6.352033
P9,2021-09-25T00:00:00Z,-4.435836
P9,2021-09-25T01:00:00Z,-3.117250
P9,2021-09-25T02:00:00Z,-2.853893
P9,2021-09-25T03:00:00Z,-3.162761
P9,2021-09-25T04:00:00Z,-2.619959
P9,2021-09-25T05:00:00Z,-0.836629
P9,2021-09-25T06:00:00Z,-2.970785
P9,2021-09-25T07:00:00Z,-2.351559
P9,2021-09-25T08:00:00Z,-3.841287
P9,2021-09-25T09:00:00Z,-2.908846
P9,2021-09-25T10:00:00Z,-3.975157
P9,2021-09-25T11:00:00Z,-5.330902
P9,2021-09-25T12:00:00Z,-6.353138
P9,2021-09-25T13:00:00Z,-6.729737
P9,2021-09-25T14:00:00Z,-7.380755
P9,2021-09-25T15:00:00Z,-7.662452
P9,2021-09-25T16:00:00Z,-8.094283
P9,2021-09-25T17:00:00Z,-8.429714
P9,2021-09-25T18:00:00Z,-8.695449
P9,2021-09-25T19:00:00Z,-7.879584
P9,2021-09-25T20:00:00Z,-6.711405
P9,2021-09-25T21:00:00Z,-6.784288
P9,2021-09-25T22:00:00Z,-6.076285
P9,2021-09-25T23:00:00Z,-5.590486
P9,2021-09-26T00:00:00Z,-4.223709
P9,2021-09-26T01:00:00Z,-3.687682
P9,2021-09-26T02:00:00Z,-2.607210
P9,2021-09-26T03:00:00Z,-2.877427
P9,2021-09-26T04:00:00Z,-2.215245
P9,2021-09-26T05:00:00Z,-3.111956
P9,2021-09-26T06:00:00Z,-1.942321
P9,2021-09-26T07:00:00Z,-2.632638
P9,2021-09-26T08:00:00Z,-2.670592
P9,2021-09-26T09:00:00Z,-4.073240
P9,2021-09-26T10:00:00Z,-4.220797
P9,2021-09-26T11:00:00Z,-5.263845
P9,2021-09-26T12:00:00Z,-5.410759
P9,2021-09-26T13:00:00Z,-7.960874
P9,2021-09-26T14:00:00Z,-7.458805
P9,2021-09-26T15:00:00Z,-7.859887
P9,2021-09-26T16:00:00Z,-8.549370
P9,2021-09-26T17:00:00Z,-8.183122
P9,2021-09-26T18:00:00Z,-7.857837
P9,2021-09-26T19:00:00Z,-8.127714
P9,2021-09-26T20:00:00Z,-7.493463
P9,2021-09-26T21:00:00Z,-6.835548
P9,2021-09-26T22:00:00Z,-6.047629
P9,2021-09-26T23:00:00Z,-4.642999
P9,2021-09-27T00:00:00Z,-3.458843
P9,2021-09-27T01:00:00Z,-4.521977
P9,2021-09-27T02:00:00Z,-2.970309
P9,2021-09-27T03:00:00Z,-2.459499
P9,2021-09-27T04:00:00Z,-2.678999
P9,2021-09-27T05:00:00Z,-2.098667
P9,2021-09-27T06:00:00Z,-2.502398
P9,2021-09-27T07:00:00Z,-2.962156
P9,2021-09-27T08:00:00Z,-2.977529
P9,2021-09-27T09:00:00Z,-3.340513
P9,2021-09-27T10:00:00Z,-4.363316
P9,2021-09-27T11:00:00Z,-5.411480
P9,2021-09-27T12:00:00Z,-5.060279
P9,2021-09-27T13:00:00Z,-7.116745
P9,2021-09-27T14:00:00Z,-7.218114
P9,2021-09-27T15:00:00Z,-7.250376
P9,2021-09-27T16:00:00Z,-8.106706
P9,2021-09-27T17:00:00Z,-8.147843
P9,2021-09-27T18:00:00Z,-8.551686
P9,2021-09-27T19:00:00Z,-7.347245
P9,2021-09-27T20:00:00Z,-6.586638
P9,2021-09-27T21:00:00Z,-6.591880
P9,2021-09-27T22:00:00Z,-5.898804
P9,2021-09-27T23:00:00Z,-4.794634
P9,2021-09-28T00:00:00Z,-3.732567
P9,2021-09-28T01:00:00Z,-4.647014
P9,2021-09-28T02:00:00Z,-3.538237
P9,2021-09-28T03:00:00Z,-3.410154
P9,2021-09-28T04:00:00Z,-2.412335
P9,2021-09-28T05:00:00Z,-2.507435
P9,2021-09-28T06:00:00Z,-2.385455
P9,2021-09-28T07:00:00Z,-2.549285
P9,2021-09-28T08:00:00Z,-3.373742
P9,2021-09-28T09:00:00Z,-3.700823
P9,2021-09-28T10:00:00Z,-4.165895
P9,2021-09-28T11:00:00Z,-5.443348
P9,2021-09-28T12:00:00Z,-5.549262
P9,2021-09-28T13:00:00Z,-6.518116
P9,2021-09-28T14:00:00Z,-7.492335
P9,2021-09-28T15:00:00Z,-7.388955
P9,2021-09-28T16:00:00Z,-7.747096
P9,2021-09-28T17:00:00Z,-6.963191
P9,2021-09-28T18:00:00Z,-6.818956
P9,2021-09-28T19:00:00Z,-7.299825
P9,2021-09-28T20:00:00Z,-7.756385
P9,2021-09-28T21:00:00Z,-6.086521
P9,2021-09-28T22:00:00Z,-5.628939
P9,2021-09-28T23:00:00Z,-4.966820
P9,2021-09-29T00:00:00Z,-3.493170
P9,2021-09-29T01:00:00Z,-3.853032
P9,2021-09-29T02:00:00Z,-3.463878
P9,2021-09-29T03:00:00Z,-2.613329
P9,2021-09-29T04:00:00Z,-1.480547
P9,2021-09-29T05:00:00Z,-1.672533
P9,2021-09-29T06:00:00Z,-2.684739
P9,2021-09-29T07:00:00Z,-2.521007
P9,2021-09-29T08:00:00Z,-2.865594
P9,2021-09-29T09:00:00Z,-3.870437
P9,2021-09-29T10:00:00Z,-3.814189
P9,2021-09-29T11:00:00Z,-6.345102
P9,2021-09-29T12:00:00Z,-5.747172
P9,2021-09-29T13:00:00Z,-7.210010
P9,2021-09-29T14:00:00Z,-6.587575
P9,2021-09-29T15:00:00Z,-7.287115
P9,2021-09-29T16:00:00Z,-7.250525
P9,2021-09-29T17:00:00Z,-8.348029
P9,2021-09-29T18:00:00Z,-7.844936
P9,2021-09-29T19:00:00Z,-7.719419
P9,2021-09-29T20:00:00Z,-7.168557
P9,2021-09-29T21:00:00Z,-7.670164
P9,2021-09-29T22:00:00Z,-5.213874
P9,2021-09-29T23:00:00Z,-6.198876
P9,2021-09-30T00:00:00Z,-4.037573
P9,2021-09-30T01:00:00Z,-3.157848
P9,2021-09-30T02:00:00Z,-2.197112
P9,2021-09-30T03:00:00Z,-2.341952
P9,2021-09-30T04:00:00Z,-1.594970
P9,2021-09-30T05:00:00Z,-1.337026
P9,2021-09-30T06:00:00Z,-1.620023
P9,2021-09-30T07:00:00Z,-2.266532
P9,2021-09-30T08:00:00Z,-2.942727
P9,2021-09-30T09:00:00Z,-3.393237
P9,2021-09-30T10:00:00Z,-4.703954
P9,2021-09-30T11:00:00Z,-4.490284
P9,2021-09-30T12:00:00Z,-5.938377
P9,2021-09-30T13:00:00Z,-6.331481
P9,2021-09-30T14:00:00Z,-6.332464
P9,2021-09-30T15:00:00Z,-7.978952
P9,2021-09-30T16:00:00Z,-7.806264
P9,2021-09-30T17:00:00Z,-7.295541
P9,2021-09-30T18:00:00Z,-7.468725
P9,2021-09-30T19:00:00Z,-7.715460
P9,2021-09-30T20:00:00Z,-7.955442
P9,2021-09-30T21:00:00Z,-6.489078
P9,2021-09-30T22:00:00Z,-5.945254
P9,2021-09-30T23:00:00Z,-4.800156
_x,2021-09-01T00:00:00Z,-4.799977
_x,2021-09-01T01:00:00Z,-4.242269
_x,2021-09-01T02:00:00Z,-3.152486
_x,2021-09-01T03:00:00Z,-2.355791
_x,2021-09-01T04:00:00Z,-2.004322
_x,2021-09-01T05:00:00Z,-1.861124
_x,2021-09-01T06:00:00Z,-3.010019
_x,2021-09-01T07:00:00Z,-1.974096
_x,2021-09-01T08:00:00Z,-2.881045
_x,2021-09-01T09:00:00Z,-3.632441
_x,2021-09-01T10:00:00Z,-4.362258
_x,2021-09-01T11:00:00Z,-6.044210
_x,2021-09-01T12:00:00Z,-5.579688
_x,2021-09-01T13:00:00Z,-6.558335
_x,2021-09-01T14:00:00Z,-6.706711
_x,2021-09-01T15:00:00Z,-7.611071
_x,2021-09-01T16:00:00Z,-7.911226
_x,2021-09-01T17:00:00Z,-8.144745
_x,2021-09-01T18:00:00Z,-8.459792
_x,2021-09-01T19:00:00Z,-8.321335
_x,2021-09-01T20:00:00Z,-7.012939
_x,2021-09-01T21:00:00Z,-6.818675
_x,2021-09-01T22:00:00Z,-5.056062
_x,2021-09-01T23:00:00Z,-5.056277
_x,2021-09-02T00:00:00Z,-4.922143
_x,2021-09-02T01:00:00Z,-4.253764
_x,2021-09-02T02:00:00Z,-3.016627
_x,2021-09-02T03:00:00Z,-1.836645
_x,2021-09-02T04:00:00Z,-1.712956
_x,2021-09-02T05:00:00Z,-2.066189
_x,2021-09-02T06:00:00Z,-2.098238
_x,2021-09-02T07:00:00Z,-1.994656
_x,2021-09-02T08:00:00Z,-2.669338
_x,2021-09-02T09:00:00Z,-3.877567
_x,2021-09-02T10:00:00Z,-4.495774
_x,2021-09-02T11:00:00Z,-5.419337
_x,2021-09-02T12:00:00Z,-6.029367
_x,2021-09-02T13:00:00Z,-6.528091
_x,2021-09-02T14:00:00Z,-7.161678
_x,2021-09-02T15:00:00Z,-8.000861
_x,2021-09-02T16:00:00Z,-7.281280
_x,2021-09-02T17:00:00Z,-8.722633
_x,2021-09-02T18:00:00Z,-7.444632
_x,2021-09-02T19:00:00Z,-7.579144
_x,2021-09-02T20:00:00Z,-7.090720
_x,2021-09-02T21:00:00Z,-6.309572
_x,2021-09-02T22:00:00Z,-5.163569
_x,2021-09-02T23:00:00Z,-4.572820
_x,2021-09-03T00:00:00Z,-4.379539
_x,2021-09-03T01:00:00Z,-3.179980
_x,2021-09-03T02:00:00Z,-3.012794
_x,2021-09-03T03:00:00Z,-2.156132
_x,2021-09-03T04:00:00Z,-2.189287
_x,2021-09-03T05:00:00Z,-1.796185
_x,2021-09-03T06:00:00Z,-1.864934
_x,2021-09-03T07:00:00Z,-2.380370
_x,2021-09-03T08:00:00Z,-2.888516
_x,2021-09-03T09:00:00Z,-3.405964
_x,2021-09-03T10:00:00Z,-3.610453
_x,2021-09-03T11:00:00Z,-5.012001
_x,2021-09-03T12:00:00Z,-6.197554
_x,2021-09-03T13:00:00Z,-6.736068
_x,2021-09-03T14:00:00Z,-7.117053
_x,2021-09-03T15:00:00Z,-8.337249
_x,2021-09-03T16:00:00Z,-8.009244
_x,2021-09-03T17:00:00Z,-8.229057
_x,2021-09-03T18:00:00Z,-8.619633
_x,2021-09-03T19:00:00Z,-7.863430
_x,2021-09-03T20:00:00Z,-8.224807
_x,2021-09-03T21:00:00Z,-5.762520
_x,2021-09-03T22:00:00Z,-5.556436
_x,2021-09-03T23:00:00Z,-4.914764
_x,2021-09-04T00:00:00Z,-4.219692
_x,2021-09-04T01:00:00Z,-3.614384
_x,2021-09-04T02:00:00Z,-2.908595
_x,2021-09-04T03:00:00Z,-2.618062
_x,2021-09-04T04:00:00Z,-0.751796
_x,2021-09-04T05:00:00Z,-1.971189
_x,2021-09-04T06:00:00Z,-2.491146
_x,2021-09-04T07:00:00Z,-2.290545
_x,2021-09-04T08:00:00Z,-3.610926
_x,2021-09-04T09:00:00Z,-3.722589
_x,2021-09-04T10:00:00Z,-3.543343
_x,2021-09-04T11:00:00Z,-5.072058
_x,2021-09-04T12:00:00Z,-5.271395
_x,2021-09-04T13:00:00Z,-6.065467
_x,2021-09-04T14:00:00Z,-7.740930
_x,2021-09-04T15:00:00Z,-7.878326
_x,2021-09-04T16:00:00Z,-7.322810
_x,2021-09-04T17:00:00Z,-8.164778
_x,2021-09-04T18:00:00Z,-9.122845
_x,2021-09-04T19:00:00Z,-7.702131
_x,2021-09-04T20:00:00Z,-7.590478
_x,2021-09-04T21:00:00Z,-6.468119
_x,2021-09-04T22:00:00Z,-5.864693
_x,2021-09-04T23:00:00Z,-3.954206
_x,2021-09-05T00:00:00Z,-4.213007
_x,2021-09-05T01:00:00Z,-4.088404
_x,2021-09-05T02:00:00Z,-3.207909
_x,2021-09-05T03:00:00Z,-2.524350
_x,2021-09-05T04:00:00Z,-1.654578
_x,2021-09-05T05:00:00Z,-2.331104
_x,2021-09-05T06:00:00Z,-1.462322
_x,2021-09-05T07:00:00Z,-1.421175
_x,2021-09-05T08:00:00Z,-3.090257
_x,2021-09-05T09:00:00Z,-3.597456
_x,2021-09-05T10:00:00Z,-4.834381
_x,2021-09-05T11:00:00Z,-5.615787
_x,2021-09-05T12:00:00Z,-6.293829
_x,2021-09-05T13:00:00Z,-6.197716
_x,2021-09-05T14:00:00Z,-5.757709
_x,2021-09-05T15:00:00Z,-7.960670
_x,2021-09-05T16:00:00Z,-6.992810
_x,2021-09-05T17:00:00Z,-7.555869
_x,2021-09-05T18:00:00Z,-7.928107
_x,2021-09-05T19:00:00Z,-7.928033
_x,2021-09-05T20:00:00Z,-6.472037
_x,2021-09-05T21:00:00Z,-7.346467
_x,2021-09-05T22:00:00Z,-5.717981
_x,2021-09-05T23:00:00Z,-5.147027
_x,2021-09-06T00:00:00Z,-5.124217
_x,2021-09-06T01:00:00Z,-2.940871
_x,2021-09-06T02:00:00Z,-3.201559
_x,2021-09-06T03:00:00Z,-2.389103
_x,2021-09-06T04:00:00Z,-1.584112
_x,2021-09-06T05:00:00Z,-1.553875
_x,2021-09-06T06:00:00Z,-1.751686
_x,2021-09-06T07:00:00Z,-2.352232
_x,2021-09-06T08:00:00Z,-3.290928
_x,2021-09-06T09:00:00Z,-4.167465
_x,2021-09-06T10:00:00Z,-3.583787
_x,2021-09-06T11:00:00Z,-5.380239
_x,2021-09-06T12:00:00Z,-5.541036
_x,2021-09-06T13:00:00Z,-5.724687
_x,2021-09-06T14:00:00Z,-7.494021
_x,2021-09-06T15:00:00Z,-7.222157
_x,2021-09-06T16:00:00Z,-7.924670
_x,2021-09-06T17:00:00Z,-8.458152
_x,2021-09-06T18:00:00Z,-8.671597
_x,2021-09-06T19:00:00Z,-7.647946
_x,2021-09-06T20:00:00Z,-7.393250
_x,2021-09-06T21:00:00Z,-6.836825
_x,2021-09-06T22:00:00Z,-4.612818
_x,2021-09-06T23:00:00Z,-4.487446
_x,2021-09-07T00:00:00Z,-2.634051
_x,2021-09-07T01:00:00Z,-2.726847
_x,2021-09-07T02:00:00Z,-2.142845
_x,2021-09-07T03:00:00Z,-2.114441
_x,2021-09-07T04:00:00Z,-1.937894
_x,2021-09-07T05:00:00Z,-2.627620
_x,2021-09-07T06:00:00Z,-2.366668
_x,2021-09-07T07:00:00Z,-1.972809
_x,2021-09-07T08:00:00Z,-2.815995
_x,2021-09-07T09:00:00Z,-2.662948
_x,2021-09-07T10:00:00Z,-4.446498
_x,2021-09-07T11:00:00Z,-5.456303
_x,2021-09-07T12:00:00Z,-5.709772
_x,2021-09-07T13:00:00Z,-6.207670
_x,2021-09-07T14:00:00Z,-6.940852
_x,2021-09-07T15:00:00Z,-7.420299
_x,2021-09-07T16:00:00Z,-7.655878
_x,2021-09-07T17:00:00Z,-7.185730
_x,2021-09-07T18:00:00Z,-7.109747
_x,2021-09-07T19:00:00Z,-7.608855
_x,2021-09-07T20:00:00Z,-7.016288
_x,2021-09-07T21:00:00Z,-6.898299
_x,2021-09-07T22:00:00Z,-5.980037
_x,2021-09-07T23:00:00Z,-5.552914
_x,2021-09-08T00:00:00Z,-3.970683
_x,2021-09-08T01:00:00Z,-3.125574
_x,2021-09-08T02:00:00Z,-3.302200
_x,2021-09-08T03:00:00Z,-2.304924
_x,2021-09-08T04:00:00Z,-1.279329
_x,2021-09-08T05:00:00Z,-2.160635
_x,2021-09-08T06:00:00Z,-1.245046
_x,2021-09-08T07:00:00Z,-2.902786
_x,2021-09-08T08:00:00Z,-3.528865
_x,2021-09-08T09:00:00Z,-3.271322
_x,2021-09-08T10:00:00Z,-3.998039
_x,2021-09-08T11:00:00Z,-4.498943
_x,2021-09-08T12:00:00Z,-5.834483
_x,2021-09-08T13:00:00Z,-7.368228
_x,2021-09-08T14:00:00Z,-6.430681
_x,2021-09-08T15:00:00Z,-6.842727
_x,2021-09-08T16:00:00Z,-7.637930
_x,2021-09-08T17:00:00Z,-7.555426
_x,2021-09-08T18:00:00Z,-8.090063
_x,2021-09-08T19:00:00Z,-6.466778
_x,2021-09-08T20:00:00Z,-6.900086
_x,2021-09-08T21:00:00Z,-6.376778
_x,2021-09-08T22:00:00Z,-5.184565
_x,2021-09-08T23:00:00Z,-4.801721
_x,2021-09-09T00:00:00Z,-3.417967
_x,2021-09-09T01:00:00Z,-3.012459
_x,2021-09-09T02:00:00Z,-2.727943
_x,2021-09-09T03:00:00Z,-2.634828
_x,2021-09-09T04:00:00Z,-1.422687
_x,2021-09-09T05:00:00Z,-2.588652
_x,2021-09-09T06:00:00Z,-2.159231
_x,2021-09-09T07:00:00Z,-2.418256
_x,2021-09-09T08:00:00Z,-2.624412
_x,2021-09-09T09:00:00Z,-3.620163
_x,2021-09-09T10:00:00Z,-4.299573
_x,2021-09-09T11:00:00Z,-5.085541
_x,2021-09-09T12:00:00Z,-5.976060
_x,2021-09-09T13:00:00Z,-6.638097
_x,2021-09-09T14:00:00Z,-5.986279
_x,2021-09-09T15:00:00Z,-7.816024
_x,2021-09-09T16:00:00Z,-7.135768
_x,2021-09-09T17:00:00Z,-7.580963
_x,2021-09-09T18:00:00Z,-8.032460
_x,2021-09-09T19:00:00Z,-6.294227
_x,2021-09-09T20:00:00Z,-7.534937
_x,2021-09-09T21:00:00Z,-7.093359
_x,2021-09-09T22:00:00Z,-5.538096
_x,2021-09-09T23:00:00Z,-5.171897
_x,2021-09-10T00:00:00Z,-3.844716
_x,2021-09-10T01:00:00Z,-4.526223
_x,2021-09-10T02:00:00Z,-3.055651
_x,2021-09-10T03:00:00Z,-2.726706
_x,2021-09-10T04:00:00Z,-2.040986
_x,2021-09-10T05:00:00Z,-2.305550
_x,2021-09-10T06:00:00Z,-2.497948
_x,2021-09-10T07:00:00Z,-2.729070
_x,2021-09-10T08:00:00Z,-3.285603
_x,2021-09-10T09:00:00Z,-2.933588
_x,2021-09-10T10:00:00Z,-4.344947
_x,2021-09-10T11:00:00Z,-5.057443
_x,2021-09-10T12:00:00Z,-5.161116
_x,2021-09-10T13:00:00Z,-6.634053
_x,2021-09-10T14:00:00Z,-6.473685
_x,2021-09-10T15:00:00Z,-6.316318
_x,2021-09-10T16:00:00Z,-7.419167
_x,2021-09-10T17:00:00Z,-8.102017
_x,2021-09-10T18:00:00Z,-7.428481
_x,2021-09-10T19:00:00Z,-6.909939
_x,2021-09-10T20:00:00Z,-6.949246
_x,2021-09-10T21:00:00Z,-6.209074
_x,2021-09-10T22:00:00Z,-5.331311
_x,2021-09-10T23:00:00Z,-5.439144
_x,2021-09-11T00:00:00Z,-4.196286
_x,2021-09-11T01:00:00Z,-3.142302
_x,2021-09-11T02:00:00Z,-3.575098
_x,2021-09-11T03:00:00Z,-2.525049
_x,2021-09-11T04:00:00Z,-2.520909
_x,2021-09-11T05:00:00Z,-1.828211
_x,2021-09-11T06:00:00Z,-2.692589
_x,2021-09-11T07:00:00Z,-1.882094
_x,2021-09-11T08:00:00Z,-3.027400
_x,2021-09-11T09:00:00Z,-3.463717
_x,2021-09-11T10:00:00Z,-3.302880
_x,2021-09-11T11:00:00Z,-4.908384
_x,2021-09-11T12:00:00Z,-5.165829
_x,2021-09-11T13:00:00Z,-5.844567
_x,2021-09-11T14:00:00Z,-7.334028
_x,2021-09-11T15:00:00Z,-7.528961
_x,2021-09-11T16:00:00Z,-8.124628
_x,2021-09-11T17:00:00Z,-8.072992
_x,2021-09-11T18:00:00Z,-7.277035
_x,2021-09-11T19:00:00Z,-7.775531
_x,2021-09-11T20:00:00Z,-7.560161
_x,2021-09-11T21:00:00Z,-7.136947
_x,2021-09-11T22:00:00Z,-5.459437
_x,2021-09-11T23:00:00Z,-5.603193
_x,2021-09-12T00:00:00Z,-4.961064
_x,2021-09-12T01:00:00Z,-3.161339
_x,2021-09-12T02:00:00Z,-2.464280
_x,2021-09-12T03:00:00Z,-2.412681
_x,2021-09-12T04:00:00Z,-1.627521
_x,2021-09-12T05:00:00Z,-1.352976
_x,2021-09-12T06:00:00Z,-1.409521
_x,2021-09-12T07:00:00Z,-2.159876
_x,2021-09-12T08:00:00Z,-2.919967
_x,2021-09-12T09:00:00Z,-3.503200
_x,2021-09-12T10:00:00Z,-4.037342
_x,2021-09-12T11:00:00Z,-4.365810
_x,2021-09-12T12:00:00Z,-5.979222
_x,2021-09-12T13:00:00Z,-5.514020
_x,2021-09-12T14:00:00Z,-6.569886
_x,2021-09-12T15:00:00Z,-7.151640
_x,2021-09-12T16:00:00Z,-7.741363
_x,2021-09-12T17:00:00Z,-7.161354
_x,2021-09-12T18:00:00Z,-8.225541
_x,2021-09-12T19:00:00Z,-7.330200
_x,2021-09-12T20:00:00Z,-6.907172
_x,2021-09-12T21:00:00Z,-6.459475
_x,2021-09-12T22:00:00Z,-5.375309
_x,2021-09-12T23:00:00Z,-5.734721
_x,2021-09-13T00:00:00Z,-5.057495
_x,2021-09-13T01:00:00Z,-3.441340
_x,2021-09-13T02:00:00Z,-2.181993
_x,2021-09-13T03:00:00Z,-2.062524
_x,2021-09-13T04:00:00Z,-1.885311
_x,2021-09-13T05:00:00Z,-3.063516
_x,2021-09-13T06:00:00Z,-1.857936
_x,2021-09-13T07:00:00Z,-2.157107
_x,2021-09-13T08:00:00Z,-2.859890
_x,2021-09-13T09:00:00Z,-2.819066
_x,2021-09-13T10:00:00Z,-3.494745
_x,2021-09-13T11:00:00Z,-4.986588
_x,2021-09-13T12:00:00Z,-5.148239
_x,2021-09-13T13:00:00Z,-7.288037
_x,2021-09-13T14:00:00Z,-7.689759
_x,2021-09-13T15:00:00Z,-7.528575
_x,2021-09-13T16:00:00Z,-8.540398
_x,2021-09-13T17:00:00Z,-8.296461
_x,2021-09-13T18:00:00Z,-6.973030
_x,2021-09-13T19:00:00Z,-8.038236
_x,2021-09-13T20:00:00Z,-6.415631
_x,2021-09-13T21:00:00Z,-6.890698
_x,2021-09-13T22:00:00Z,-5.738625
_x,2021-09-13T23:00:00Z,-5.015088
_x,2021-09-14T00:00:00Z,-4.907386
_x,2021-09-14T01:00:00Z,-3.091733
_x,2021-09-14T02:00:00Z,-3.540785
_x,2021-09-14T03:00:00Z,-3.615612
_x,2021-09-14T04:00:00Z,-2.348005
_x,2021-09-14T05:00:00Z,-1.146043
_x,2021-09-14T06:00:00Z,-1.275758
_x,2021-09-14T07:00:00Z,-1.210654
_x,2021-09-14T08:00:00Z,-2.787873
_x,2021-09-14T09:00:00Z,-3.086265
_x,2021-09-14T10:00:00Z,-3.042621
_x,2021-09-14T11:00:00Z,-5.661505
_x,2021-09-14T12:00:00Z,-5.933580
_x,2021-09-14T13:00:00Z,-6.301990
_x,2021-09-14T14:00:00Z,-7.670506
_x,2021-09-14T15:00:00Z,-7.392108
_x,2021-09-14T16:00:00Z,-8.452252
_x,2021-09-14T17:00:00Z,-7.250893
_x,2021-09-14T18:00:00Z,-7.438794
_x,2021-09-14T19:00:00Z,-6.974612
_x,2021-09-14T20:00:00Z,-6.487361
_x,2021-09-14T21:00:00Z,-6.675746
_x,2021-09-14T22:00:00Z,-5.431800
_x,2021-09-14T23:00:00Z,-4.254393
_x,2021-09-15T00:00:00Z,-3.418725
_x,2021-09-15T01:00:00Z,-3.159739
_x,2021-09-15T02:00:00Z,-2.703762
_x,2021-09-15T03:00:00Z,-2.404972
_x,2021-09-15T04:00:00Z,-1.904335
_x,2021-09-15T05:00:00Z,-2.089083
_x,2021-09-15T06:00:00Z,-2.282451
_x,2021-09-15T07:00:00Z,-2.522055
_x,2021-09-15T08:00:00Z,-2.569897
_x,2021-09-15T09:00:00Z,-3.440514
_x,2021-09-15T10:00:00Z,-3.191858
_x,2021-09-15T11:00:00Z,-5.118843
_x,2021-09-15T12:00:00Z,-4.723304
_x,2021-09-15T13:00:00Z,-7.442091
_x,2021-09-15T14:00:00Z,-6.206400
_x,2021-09-15T15:00:00Z,-7.169231
_x,2021-09-15T16:00:00Z,-7.124582
_x,2021-09-15T17:00:00Z,-8.180352
_x,2021-09-15T18:00:00Z,-7.617044
_x,2021-09-15T19:00:00Z,-7.424971
_x,2021-09-15T20:00:00Z,-7.115215
_x,2021-09-15T21:00:00Z,-7.013361
_x,2021-09-15T22:00:00Z,-6.295521
_x,2021-09-15T23:00:00Z,-4.907347
_x,2021-09-16T00:00:00Z,-3.801992
_x,2021-09-16T01:00:00Z,-3.292045
_x,2021-09-16T02:00:00Z,-1.808129
_x,2021-09-16T03:00:00Z,-2.269944
_x,2021-09-16T04:00:00Z,-2.026020
_x,2021-09-16T05:00:00Z,-0.682589
_x,2021-09-16T06:00:00Z,-1.441068
_x,2021-09-16T07:00:00Z,-2.028711
_x,2021-09-16T08:00:00Z,-2.543048
_x,2021-09-16T09:00:00Z,-3.074029
_x,2021-09-16T10:00:00Z,-4.685134
_x,2021-09-16T11:00:00Z,-4.249947
_x,2021-09-16T12:00:00Z,-5.513917
_x,2021-09-16T13:00:00Z,-6.765008
_x,2021-09-16T14:00:00Z,-6.483407
_x,2021-09-16T15:00:00Z,-7.409134
_x,2021-09-16T16:00:00Z,-8.117999
_x,2021-09-16T17:00:00Z,-7.458869
_x,2021-09-16T18:00:00Z,-7.885690
_x,2021-09-16T19:00:00Z,-6.832881
_x,2021-09-16T20:00:00Z,-7.394032
_x,2021-09-16T21:00:00Z,-5.573260
_x,2021-09-16T22:00:00Z,-5.299961
_x,2021-09-16T23:00:00Z,-5.290731
_x,2021-09-17T00:00:00Z,-3.758070
_x,2021-09-17T01:00:00Z,-3.150895
_x,2021-09-17T02:00:00Z,-2.603496
_x,2021-09-17T03:00:00Z,-3.246927
_x,2021-09-17T04:00:00Z,-0.469872
_x,2021-09-17T05:00:00Z,-2.094223
_x,2021-09-17T06:00:00Z,-1.133139
_x,2021-09-17T07:00:00Z,-2.148315
_x,2021-09-17T08:00:00Z,-2.317244
_x,2021-09-17T09:00:00Z,-3.178920
_x,2021-09-17T10:00:00Z,-3.675325
_x,2021-09-17T11:00:00Z,-4.449530
_x,2021-09-17T12:00:00Z,-5.564061
_x,2021-09-17T13:00:00Z,-6.393440
_x,2021-09-17T14:00:00Z,-8.046585
_x,2021-09-17T15:00:00Z,-7.597463
_x,2021-09-17T16:00:00Z,-8.330319
_x,2021-09-17T17:00:00Z,-8.702155
_x,2021-09-17T18:00:00Z,-7.450760
_x,2021-09-17T19:00:00Z,-6.670633
_x,2021-09-17T20:00:00Z,-6.168495
_x,2021-09-17T21:00:00Z,-6.808163
_x,2021-09-17T22:00:00Z,-4.636644
_x,2021-09-17T23:00:00Z,-4.177650
_x,2021-09-18T00:00:00Z,-3.614410
_x,2021-09-18T01:00:00Z,-2.594579
_x,2021-09-18T02:00:00Z,-2.783448
_x,2021-09-18T03:00:00Z,-2.397220
_x,2021-09-18T04:00:00Z,-1.190156
_x,2021-09-18T05:00:00Z,-1.734798
_x,2021-09-18T06:00:00Z,-1.035924
_x,2021-09-18T07:00:00Z,-2.069722
_x,2021-09-18T08:00:00Z,-2.125200
_x,2021-09-18T09:00:00Z,-3.328594
_x,2021-09-18T10:00:00Z,-3.680252
_x,2021-09-18T11:00:00Z,-5.236754
_x,2021-09-18T12:00:00Z,-5.609841
_x,2021-09-18T13:00:00Z,-6.169423
_x,2021-09-18T14:00:00Z,-7.532432
_x,2021-09-18T15:00:00Z,-7.257488
_x,2021-09-18T16:00:00Z,-8.306863
_x,2021-09-18T17:00:00Z,-8.229105
_x,2021-09-18T18:00:00Z,-7.594023
_x,2021-09-18T19:00:00Z,-6.775771
_x,2021-09-18T20:00:00Z,-6.388944
_x,2021-09-18T21:00:00Z,-5.986106
_x,2021-09-18T22:00:00Z,-5.471898
_x,2021-09-18T23:00:00Z,-5.562065
_x,2021-09-19T00:00:00Z,-3.682193
_x,2021-09-19T01:00:00Z,-3.766013
_x,2021-09-19T02:00:00Z,-2.184247
_x,2021-09-19T03:00:00Z,-2.468008
_x,2021-09-19T04:00:00Z,-1.258991
_x,2021-09-19T05:00:00Z,-1.171586
_x,2021-09-19T06:00:00Z,-2.287420
_x,2021-09-19T07:00:00Z,-1.733939
_x,2021-09-19T08:00:00Z,-1.947563
_x,2021-09-19T09:00:00Z,-2.851984
_x,2021-09-19T10:00:00Z,-4.260413
_x,2021-09-19T11:00:00Z,-5.078003
_x,2021-09-19T12:00:00Z,-5.918212
_x,2021-09-19T13:00:00Z,-5.856653
_x,2021-09-19T14:00:00Z,-7.087123
_x,2021-09-19T15:00:00Z,-6.730466
_x,2021-09-19T16:00:00Z,-8.240892
_x,2021-09-19T17:00:00Z,-7.806106
_x,2021-09-19T18:00:00Z,-6.783856
_x,2021-09-19T19:00:00Z,-7.770197
_x,2021-09-19T20:00:00Z,-7.723427
_x,2021-09-19T21:00:00Z,-5.856547
_x,2021-09-19T22:00:00Z,-4.736726
_x,2021-09-19T23:00:00Z,-5.197593
_x,2021-09-20T00:00:00Z,-3.890469
_x,2021-09-20T01:00:00Z,-3.534775
_x,2021-09-20T02:00:00Z,-2.385171
_x,2021-09-20T03:00:00Z,-1.468051
_x,2021-09-20T04:00:00Z,-1.685100
_x,2021-09-20T05:00:00Z,-0.847820
_x,2021-09-20T06:00:00Z,-1.730757
_x,2021-09-20T07:00:00Z,-2.175508
_x,2021-09-20T08:00:00Z,-2.101228
_x,2021-09-20T09:00:00Z,-3.516534
_x,2021-09-20T10:00:00Z,-4.117962
_x,2021-09-20T11:00:00Z,-4.371050
_x,2021-09-20T12:00:00Z,-5.732714
_x,2021-09-20T13:00:00Z,-5.387279
_x,2021-09-20T14:00:00Z,-6.259841
_x,2021-09-20T15:00:00Z,-7.726623
_x,2021-09-20T16:00:00Z,-7.551918
_x,2021-09-20T17:00:00Z,-6.742457
_x,2021-09-20T18:00:00Z,-7.343983
_x,2021-09-20T19:00:00Z,-7.827623
_x,2021-09-20T20:00:00Z,-7.383197
_x,2021-09-20T21:00:00Z,-6.911357
_x,2021-09-20T22:00:00Z,-5.022406
_x,2021-09-20T23:00:00Z,-4.748023
_x,2021-09-21T00:00:00Z,-4.070530
_x,2021-09-21T01:00:00Z,-2.831875
_x,2021-09-21T02:00:00Z,-2.168170
_x,2021-09-21T03:00:00Z,-1.822428
_x,2021-09-21T04:00:00Z,-1.514268
_x,2021-09-21T05:00:00Z,-0.946405
_x,2021-09-21T06:00:00Z,-1.760482
_x,2021-09-21T07:00:00Z,-2.146388
_x,2021-09-21T08:00:00Z,-2.339944
_x,2021-09-21T09:00:00Z,-1.518478
_x,2021-09-21T10:00:00Z,-3.497232
_x,2021-09-21T11:00:00Z,-3.993900
_x,2021-09-21T12:00:00Z,-5.285184
_x,2021-09-21T13:00:00Z,-7.119011
_x,2021-09-21T14:00:00Z,-6.126196
_x,2021-09-21T15:00:00Z,-7.244028
_x,2021-09-21T16:00:00Z,-7.402448
_x,2021-09-21T17:00:00Z,-7.525805
_x,2021-09-21T18:00:00Z,-7.658069
_x,2021-09-21T19:00:00Z,-6.834380
_x,2021-09-21T20:00:00Z,-6.400805
_x,2021-09-21T21:00:00Z,-5.929126
_x,2021-09-21T22:00:00Z,-5.834294
_x,2021-09-21T23:00:00Z,-4.092026
_x,2021-09-22T00:00:00Z,-3.830774
_x,2021-09-22T01:00:00Z,-2.861562
_x,2021-09-22T02:00:00Z,-2.956787
_x,2021-09-22T03:00:00Z,-1.932624
_x,2021-09-22T04:00:00Z,-2.152674
_x,2021-09-22T05:00:00Z,-1.586768
_x,2021-09-22T06:00:00Z,-2.044790
_x,2021-09-22T07:00:00Z,-1.826885
_x,2021-09-22T08:00:00Z,-2.462509
_x,2021-09-22T09:00:00Z,-3.682571
_x,2021-09-22T10:00:00Z,-3.990012
_x,2021-09-22T11:00:00Z,-4.869860
_x,2021-09-22T12:00:00Z,-5.228067
_x,2021-09-22T13:00:00Z,-5.698805
_x,2021-09-22T14:00:00Z,-6.231315
_x,2021-09-22T15:00:00Z,-6.111743
_x,2021-09-22T16:00:00Z,-7.266268
_x,2021-09-22T17:00:00Z,-8.310192
_x,2021-09-22T18:00:00Z,-6.348869
_x,2021-09-22T19:00:00Z,-6.931183
_x,2021-09-22T20:00:00Z,-6.307780
_x,2021-09-22T21:00:00Z,-5.939620
_x,2021-09-22T22:00:00Z,-4.854344
_x,2021-09-22T23:00:00Z,-4.521942
_x,2021-09-23T00:00:00Z,-3.017531
_x,2021-09-23T01:00:00Z,-2.258994
_x,2021-09-23T02:00:00Z,-2.342626
_x,2021-09-23T03:00:00Z,-1.875973
_x,2021-09-23T04:00:00Z,-0.733549
_x,2021-09-23T05:00:00Z,-1.076162
_x,2021-09-23T06:00:00Z,-1.594604
_x,2021-09-23T07:00:00Z,-1.905227
_x,2021-09-23T08:00:00Z,-2.398935
_x,2021-09-23T09:00:00Z,-2.792217
_x,2021-09-23T10:00:00Z,-3.181922
_x,2021-09-23T11:00:00Z,-4.963026
_x,2021-09-23T12:00:00Z,-5.231294
_x,2021-09-23T13:00:00Z,-6.218830
_x,2021-09-23T14:00:00Z,-6.557155
_x,2021-09-23T15:00:00Z,-7.292628
_x,2021-09-23T16:00:00Z,-6.584021
_x,2021-09-23T17:00:00Z,-7.876433
_x,2021-09-23T18:00:00Z,-6.703973
_x,2021-09-23T19:00:00Z,-7.531865
_x,2021-09-23T20:00:00Z,-7.577777
_x,2021-09-23T21:00:00Z,-6.320562
_x,2021-09-23T22:00:00Z,-5.542273
_x,2021-09-23T23:00:00Z,-4.631469
_x,2021-09-24T00:00:00Z,-3.324572
_x,2021-09-24T01:00:00Z,-3.629163
_x,2021-09-24T02:00:00Z,-2.226296
_x,2021-09-24T03:00:00Z,-1.957136
_x,2021-09-24T04:00:00Z,-1.681685
_x,2021-09-24T05:00:00Z,-0.880602
_x,2021-09-24T06:00:00Z,-2.573498
_x,2021-09-24T07:00:00Z,-1.043173
_x,2021-09-24T08:00:00Z,-1.861777
_x,2021-09-24T09:00:00Z,-3.178998
_x,2021-09-24T10:00:00Z,-3.451453
_x,2021-09-24T11:00:00Z,-3.829827
_x,2021-09-24T12:00:00Z,-5.819490
_x,2021-09-24T13:00:00Z,-5.450830
_x,2021-09-24T14:00:00Z,-5.969078
_x,2021-09-24T15:00:00Z,-7.285365
_x,2021-09-24T16:00:00Z,-6.345471
_x,2021-09-24T17:00:00Z,-8.214566
_x,2021-09-24T18:00:00Z,-8.167691
_x,2021-09-24T19:00:00Z,-6.595031
_x,2021-09-24T20:00:00Z,-6.080471
_x,2021-09-24T21:00:00Z,-6.234370
_x,2021-09-24T22:00:00Z,-4.104692
_x,2021-09-24T23:00:00Z,-4.406293
_x,2021-09-25T00:00:00Z,-3.410990
_x,2021-09-25T01:00:00Z,-2.667664
_x,2021-09-25T02:00:00Z,-2.312304
_x,2021-09-25T03:00:00Z,-2.051284
_x,2021-09-25T04:00:00Z,-1.316503
_x,2021-09-25T05:00:00Z,-1.960715
_x,2021-09-25T06:00:00Z,-1.365670
_x,2021-09-25T07:00:00Z,-1.391717
_x,2021-09-25T08:00:00Z,-3.477302
_x,2021-09-25T09:00:00Z,-3.222826
_x,2021-09-25T10:00:00Z,-3.614893
_x,2021-09-25T11:00:00Z,-4.653098
_x,2021-09-25T12:00:00Z,-5.238183
_x,2021-09-25T13:00:00Z,-5.452191
_x,2021-09-25T14:00:00Z,-7.012849
_x,2021-09-25T15:00:00Z,-7.391238
_x,2021-09-25T16:00:00Z,-7.146639
_x,2021-09-25T17:00:00Z,-7.222014
_x,2021-09-25T18:00:00Z,-7.117512
_x,2021-09-25T19:00:00Z,-6.940563
_x,2021-09-25T20:00:00Z,-6.107662
_x,2021-09-25T21:00:00Z,-6.199343
_x,2021-09-25T22:00:00Z,-4.774481
_x,2021-09-25T23:00:00Z,-5.008763
_x,2021-09-26T00:00:00Z,-3.707495
_x,2021-09-26T01:00:00Z,-1.910824
_x,2021-09-26T02:00:00Z,-2.186242
_x,2021-09-26T03:00:00Z,-1.744779
_x,2021-09-26T04:00:00Z,-0.241691
_x,2021-09-26T05:00:00Z,-0.611405
_x,2021-09-26T06:00:00Z,-0.479092
_x,2021-09-26T07:00:00Z,-2.533673
_x,2021-09-26T08:00:00Z,-2.461885
_x,2021-09-26T09:00:00Z,-2.794144
_x,2021-09-26T10:00:00Z,-3.612628
_x,2021-09-26T11:00:00Z,-3.567636
_x,2021-09-26T12:00:00Z,-4.167005
_x,2021-09-26T13:00:00Z,-6.152284
_x,2021-09-26T14:00:00Z,-6.399768
_x,2021-09-26T15:00:00Z,-6.245814
_x,2021-09-26T16:00:00Z,-6.764527
_x,2021-09-26T17:00:00Z,-7.769352
_x,2021-09-26T18:00:00Z,-8.130936
_x,2021-09-26T19:00:00Z,-6.692860
_x,2021-09-26T20:00:00Z,-6.299110
_x,2021-09-26T21:00:00Z,-6.197656
_x,2021-09-26T22:00:00Z,-4.984372
_x,2021-09-26T23:00:00Z,-4.316670
_x,2021-09-27T00:00:00Z,-3.032200
_x,2021-09-27T01:00:00Z,-2.586763
_x,2021-09-27T02:00:00Z,-2.746544
_x,2021-09-27T03:00:00Z,-1.055727
_x,2021-09-27T04:00:00Z,-1.665090
_x,2021-09-27T05:00:00Z,-1.534322
_x,2021-09-27T06:00:00Z,-1.087268
_x,2021-09-27T07:00:00Z,-1.171905
_x,2021-09-27T08:00:00Z,-2.502610
_x,2021-09-27T09:00:00Z,-1.727547
_x,2021-09-27T10:00:00Z,-3.274690
_x,2021-09-27T11:00:00Z,-4.544713
_x,2021-09-27T12:00:00Z,-5.302748
_x,2021-09-27T13:00:00Z,-5.438738
_x,2021-09-27T14:00:00Z,-6.300506
_x,2021-09-27T15:00:00Z,-6.694646
_x,2021-09-27T16:00:00Z,-7.187056
_x,2021-09-27T17:00:00Z,-8.022875
_x,2021-09-27T18:00:00Z,-6.597305
_x,2021-09-27T19:00:00Z,-7.315088
_x,2021-09-27T20:00:00Z,-6.155242
_x,2021-09-27T21:00:00Z,-6.403452
_x,2021-09-27T22:00:00Z,-4.893454
_x,2021-09-27T23:00:00Z,-3.943909
_x,2021-09-28T00:00:00Z,-4.677837
_x,2021-09-28T01:00:00Z,-2.308753
_x,2021-09-28T02:00:00Z,-1.872383
_x,2021-09-28T03:00:00Z,-1.472484
_x,2021-09-28T04:00:00Z,-1.361515
_x,2021-09-28T05:00:00Z,-0.698909
_x,2021-09-28T06:00:00Z,-1.468107
_x,2021-09-28T07:00:00Z,-0.995386
_x,2021-09-28T08:00:00Z,-2.318985
_x,2021-09-28T09:00:00Z,-3.412153
_x,2021-09-28T10:00:00Z,-3.436882
_x,2021-09-28T11:00:00Z,-4.417941
_x,2021-09-28T12:00:00Z,-5.246052
_x,2021-09-28T13:00:00Z,-5.089718
_x,2021-09-28T14:00:00Z,-6.874219
_x,2021-09-28T15:00:00Z,-6.958681
_x,2021-09-28T16:00:00Z,-6.634542
_x,2021-09-28T17:00:00Z,-7.134512
_x,2021-09-28T18:00:00Z,-7.622844
_x,2021-09-28T19:00:00Z,-6.130064
_x,2021-09-28T20:00:00Z,-6.637387
_x,2021-09-28T21:00:00Z,-5.542541
_x,2021-09-28T22:00:00Z,-4.494923
_x,2021-09-28T23:00:00Z,-3.246571
_x,2021-09-29T00:00:00Z,-3.225298
_x,2021-09-29T01:00:00Z,-2.548536
_x,2021-09-29T02:00:00Z,-2.572661
_x,2021-09-29T03:00:00Z,-1.516100
_x,2021-09-29T04:00:00Z,-1.037957
_x,2021-09-29T05:00:00Z,-0.597194
_x,2021-09-29T06:00:00Z,-1.699590
_x,2021-09-29T07:00:00Z,-1.990949
_x,2021-09-29T08:00:00Z,-1.269041
_x,2021-09-29T09:00:00Z,-1.792599
_x,2021-09-29T10:00:00Z,-2.039584
_x,2021-09-29T11:00:00Z,-4.450550
_x,2021-09-29T12:00:00Z,-4.569233
_x,2021-09-29T13:00:00Z,-6.132588
_x,2021-09-29T14:00:00Z,-6.790530
_x,2021-09-29T15:00:00Z,-6.341687
_x,2021-09-29T16:00:00Z,-6.838601
_x,2021-09-29T17:00:00Z,-7.454559
_x,2021-09-29T18:00:00Z,-7.601421
_x,2021-09-29T19:00:00Z,-6.701902
_x,2021-09-29T20:00:00Z,-6.596517
_x,2021-09-29T21:00:00Z,-5.624894
_x,2021-09-29T22:00:00Z,-5.116019
_x,2021-09-29T23:00:00Z,-4.337653
_x,2021-09-30T00:00:00Z,-3.239856
_x,2021-09-30T01:00:00Z,-2.011368
_x,2021-09-30T02:00:00Z,-1.604944
_x,2021-09-30T03:00:00Z,-0.439681
_x,2021-09-30T04:00:00Z,-1.180511
_x,2021-09-30T05:00:00Z,-0.893971
_x,2021-09-30T06:00:00Z,-1.501904
_x,2021-09-30T07:00:00Z,-1.182852
_x,2021-09-30T08:00:00Z,-2.555078
_x,2021-09-30T09:00:00Z,-2.646804
_x,2021-09-30T10:00:00Z,-3.673420
_x,2021-09-30T11:00:00Z,-4.476805
_x,2021-09-30T12:00:00Z,-4.581476
_x,2021-09-30T13:00:00Z,-4.564502
_x,2021-09-30T14:00:00Z,-5.737054
_x,2021-09-30T15:00:00Z,-6.279698
_x,2021-09-30T16:00:00Z,-7.084139
_x,2021-09-30T17:00:00Z,-7.377154
_x,2021-09-30T18:00:00Z,-7.364960
_x,2021-09-30T19:00:00Z,-7.001024
_x,2021-09-30T20:00:00Z,-6.002522
_x,2021-09-30T21:00:00Z,-6.147279
_x,2021-09-30T22:00:00Z,-4.680267
_x,2021-09-30T23:00:00Z,-4.752954
A1,2021-09-01T00:00:00Z,-3.925047
A1,2021-09-01T01:00:00Z,-1.924717
A1,2021-09-01T02:00:00Z,-2.059738
A1,2021-09-01T03:00:00Z,-2.096961
A1,2021-09-01T04:00:00Z,-2.088303
A1,2021-09-01T05:00:00Z,-1.280860
A1,2021-09-01T06:00:00Z,-1.308518
A1,2021-09-01T07:00:00Z,-2.030237
A1,2021-09-01T08:00:00Z,-1.667590
A1,2021-09-01T09:00:00Z,-1.716784
A1,2021-09-01T10:00:00Z,-3.509953
A1,2021-09-01T11:00:00Z,-3.572623
A1,2021-09-01T12:00:00Z,-4.826377
A1,2021-09-01T13:00:00Z,-5.288106
A1,2021-09-01T14:00:00Z,-6.477014
A1,2021-09-01T15:00:00Z,-6.917221
A1,2021-09-01T16:00:00Z,-7.024220
A1,2021-09-01T17:00:00Z,-7.498719
A1,2021-09-01T18:00:00Z,-7.194296
A1,2021-09-01T19:00:00Z,-6.587845
A1,2021-09-01T20:00:00Z,-6.625653
A1,2021-09-01T21:00:00Z,-4.927658
A1,2021-09-01T22:00:00Z,-3.675063
A1,2021-09-01T23:00:00Z,-4.105182
A1,2021-09-02T00:00:00Z,-3.965372
A1,2021-09-02T01:00:00Z,-2.987543
A1,2021-09-02T02:00:00Z,-0.945249
A1,2021-09-02T03:00:00Z,-1.446236
A1,2021-09-02T04:00:00Z,-1.665458
A1,2021-09-02T05:00:00Z,-0.984738
A1,2021-09-02T06:00:00Z,-0.850263
A1,2021-09-02T07:00:00Z,-1.290609
A1,2021-09-02T08:00:00Z,-2.417341
A1,2021-09-02T09:00:00Z,-2.065920
A1,2021-09-02T10:00:00Z,-2.293986
A1,2021-09-02T11:00:00Z,-3.131777
A1,2021-09-02T12:00:00Z,-4.281126
A1,2021-09-02T13:00:00Z,-5.722546
A1,2021-09-02T14:00:00Z,-7.018878
A1,2021-09-02T15:00:00Z,-6.419341
A1,2021-09-02T16:00:00Z,-7.282988
A1,2021-09-02T17:00:00Z,-6.623334
A1,2021-09-02T18:00:00Z,-6.847085
A1,2021-09-02T19:00:00Z,-5.609257
A1,2021-09-02T20:00:00Z,-5.927438
A1,2021-09-02T21:00:00Z,-5.447834
A1,2021-09-02T22:00:00Z,-3.324865
A1,2021-09-02T23:00:00Z,-5.056643
A1,2021-09-03T00:00:00Z,-3.471837
A1,2021-09-03T01:00:00Z,-1.857957
A1,2021-09-03T02:00:00Z,-1.593437
A1,2021-09-03T03:00:00Z,-1.823037
A1,2021-09-03T04:00:00Z,0.006735
A1,2021-09-03T05:00:00Z,-0.826353
A1,2021-09-03T06:00:00Z,-0.568558
A1,2021-09-03T07:00:00Z,-0.620339
A1,2021-09-03T08:00:00Z,-1.652146
A1,2021-09-03T09:00:00Z,-3.128200
A1,2021-09-03T10:00:00Z,-3.414012
A1,2021-09-03T11:00:00Z,-3.706729
A1,2021-09-03T12:00:00Z,-5.448428
A1,2021-09-03T13:00:00Z,-5.009006
A1,2021-09-03T14:00:00Z,-7.042286
A1,2021-09-03T15:00:00Z,-7.605721
A1,2021-09-03T16:00:00Z,-6.258537
A1,2021-09-03T17:00:00Z,-6.999705
A1,2021-09-03T18:00:00Z,-7.174037
A1,2021-09-03T19:00:00Z,-6.363867
A1,2021-09-03T20:00:00Z,-6.033682
A1,2021-09-03T21:00:00Z,-6.111306
A1,2021-09-03T22:00:00Z,-4.421895
A1,2021-09-03T23:00:00Z,-4.166362
A1,2021-09-04T00:00:00Z,-3.025338
A1,2021-09-04T01:00:00Z,-2.335396
A1,2021-09-04T02:00:00Z,-1.516473
A1,2021-09-04T03:00:00Z,-1.774693
A1,2021-09-04T04:00:00Z,-0.995834
A1,2021-09-04T05:00:00Z,-0.486385
A1,2021-09-04T06:00:00Z,-2.146086
A1,2021-09-04T07:00:00Z,-1.487030
A1,2021-09-04T08:00:00Z,-2.525426
A1,2021-09-04T09:00:00Z,-2.581983
A1,2021-09-04T10:00:00Z,-2.943819
A1,2021-09-04T11:00:00Z,-3.953870
A1,2021-09-04T12:00:00Z,-4.846171
A1,2021-09-04T13:00:00Z,-5.010352
A1,2021-09-04T14:00:00Z,-6.762607
A1,2021-09-04T15:00:00Z,-5.433720
A1,2021-09-04T16:00:00Z,-6.747331
A1,2021-09-04T17:00:00Z,-7.345948
A1,2021-09-04T18:00:00Z,-6.919327
A1,2021-09-04T19:00:00Z,-6.815190
A1,2021-09-04T20:00:00Z,-5.134694
A1,2021-09-04T21:00:00Z,-5.415935
A1,2021-09-04T22:00:00Z,-5.453461
A1,2021-09-04T23:00:00Z,-3.685690
A1,2021-09-05T00:00:00Z,-3.318361
A1,2021-09-05T01:00:00Z,-2.196856
A1,2021-09-05T02:00:00Z,-0.834653
A1,2021-09-05T03:00:00Z,-2.536263
A1,2021-09-05T04:00:00Z,-0.792262
A1,2021-09-05T05:00:00Z,-0.581742
A1,2021-09-05T06:00:00Z,-2.403288
A1,2021-09-05T07:00:00Z,-1.529485
A1,2021-09-05T08:00:00Z,-1.700817
A1,2021-09-05T09:00:00Z,-3.000723
A1,2021-09-05T10:00:00Z,-3.164767
A1,2021-09-05T11:00:00Z,-3.858456
A1,2021-09-05T12:00:00Z,-4.872751
A1,2021-09-05T13:00:00Z,-5.382967
A1,2021-09-05T14:00:00Z,-5.484997
A1,2021-09-05T15:00:00Z,-6.579348
A1,2021-09-05T16:00:00Z,-6.682657
A1,2021-09-05T17:00:00Z,-7.297000
A1,2021-09-05T18:00:00Z,-5.579397
A1,2021-09-05T19:00:00Z,-7.173792
A1,2021-09-05T20:00:00Z,-5.678408
A1,2021-09-05T21:00:00Z,-6.368998
A1,2021-09-05T22:00:00Z,-4.135939
A1,2021-09-05T23:00:00Z,-4.561549
A1,2021-09-06T00:00:00Z,-2.543324
A1,2021-09-06T01:00:00Z,-2.412536
A1,2021-09-06T02:00:00Z,-1.784318
A1,2021-09-06T03:00:00Z,-1.429666
A1,2021-09-06T04:00:00Z,-1.526059
A1,2021-09-06T05:00:00Z,-0.762438
A1,2021-09-06T06:00:00Z,-1.513642
A1,2021-09-06T07:00:00Z,-0.464844
A1,2021-09-06T08:00:00Z,-2.519813
A1,2021-09-06T09:00:00Z,-2.752098
A1,2021-09-06T10:00:00Z,-3.577885
A1,2021-09-06T11:00:00Z,-4.082077
A1,2021-09-06T12:00:00Z,-4.509799
A1,2021-09-06T13:00:00Z,-5.499588
A1,2021-09-06T14:00:00Z,-5.628674
A1,2021-09-06T15:00:00Z,-6.863670
A1,2021-09-06T16:00:00Z,-7.114818
A1,2021-09-06T17:00:00Z,-7.038464
A1,2021-09-06T18:00:00Z,-6.588600
A1,2021-09-06T19:00:00Z,-7.930334
A1,2021-09-06T20:00:00Z,-6.535682
A1,2021-09-06T21:00:00Z,-5.635551
A1,2021-09-06T22:00:00Z,-4.369231
A1,2021-09-06T23:00:00Z,-3.025977
A1,2021-09-07T00:00:00Z,-3.598342
A1,2021-09-07T01:00:00Z,-2.207515
A1,2021-09-07T02:00:00Z,-2.606988
A1,2021-09-07T03:00:00Z,-2.178930
A1,2021-09-07T04:00:00Z,-0.582349
A1,2021-09-07T05:00:00Z,-0.282906
A1,2021-09-07T06:00:00Z,-0.687515
A1,2021-09-07T07:00:00Z,-1.209901
A1,2021-09-07T08:00:00Z,-2.341785
A1,2021-09-07T09:00:00Z,-2.842331
A1,2021-09-07T10:00:00Z,-3.320525
A1,2021-09-07T11:00:00Z,-3.637739
A1,2021-09-07T12:00:00Z,-5.171941
A1,2021-09-07T13:00:00Z,-5.319574
A1,2021-09-07T14:00:00Z,-6.175987
A1,2021-09-07T15:00:00Z,-6.271272
A1,2021-09-07T16:00:00Z,-6.777134
A1,2021-09-07T17:00:00Z,-7.481940
A1,2021-09-07T18:00:00Z,-6.165123
A1,2021-09-07T19:00:00Z,-7.477804
A1,2021-09-07T20:00:00Z,-6.354435
A1,2021-09-07T21:00:00Z,-5.717083
A1,2021-09-07T22:00:00Z,-5.386851
A1,2021-09-07T23:00:00Z,-2.803899
A1,2021-09-08T00:00:00Z,-4.051427
A1,2021-09-08T01:00:00Z,-2.386098
A1,2021-09-08T02:00:00Z,-1.505677
A1,2021-09-08T03:00:00Z,-0.744073
A1,2021-09-08T04:00:00Z,-0.741176
A1,2021-09-08T05:00:00Z,-1.028429
A1,2021-09-08T06:00:00Z,-0.884948
A1,2021-09-08T07:00:00Z,-1.023290
A1,2021-09-08T08:00:00Z,-1.122757
A1,2021-09-08T09:00:00Z,-2.029647
A1,2021-09-08T10:00:00Z,-3.050446
A1,2021-09-08T11:00:00Z,-5.261335
A1,2021-09-08T12:00:00Z,-5.104630
A1,2021-09-08T13:00:00Z,-5.815794
A1,2021-09-08T14:00:00Z,-5.795938
A1,2021-09-08T15:00:00Z,-6.159203
A1,2021-09-08T16:00:00Z,-7.006269
A1,2021-09-08T17:00:00Z,-7.149515
A1,2021-09-08T18:00:00Z,-6.751680
A1,2021-09-08T19:00:00Z,-6.920896
A1,2021-09-08T20:00:00Z,-6.006431
A1,2021-09-08T21:00:00Z,-5.960619
A1,2021-09-08T22:00:00Z,-4.673839
A1,2021-09-08T23:00:00Z,-4.186694
A1,2021-09-09T00:00:00Z,-3.329761
A1,2021-09-09T01:00:00Z,-2.099641
A1,2021-09-09T02:00:00Z,-2.056722
A1,2021-09-09T03:00:00Z,-0.729898
A1,2021-09-09T04:00:00Z,-1.133129
A1,2021-09-09T05:00:00Z,-0.473338
A1,2021-09-09T06:00:00Z,-0.516727
A1,2021-09-09T07:00:00Z,-0.696192
A1,2021-09-09T08:00:00Z,-1.016012
A1,2021-09-09T09:00:00Z,-2.093397
A1,2021-09-09T10:00:00Z,-3.604321
A1,2021-09-09T11:00:00Z,-4.278156
A1,2021-09-09T12:00:00Z,-4.270401
A1,2021-09-09T13:00:00Z,-6.429755
A1,2021-09-09T14:00:00Z,-6.351161
A1,2021-09-09T15:00:00Z,-6.165273
A1,2021-09-09T16:00:00Z,-7.412761
A1,2021-09-09T17:00:00Z,-7.508994
A1,2021-09-09T18:00:00Z,-6.270701
A1,2021-09-09T19:00:00Z,-6.674476
A1,2021-09-09T20:00:00Z,-5.211233
A1,2021-09-09T21:00:00Z,-5.999373
A1,2021-09-09T22:00:00Z,-4.928067
A1,2021-09-09T23:00:00Z,-3.492062
A1,2021-09-10T00:00:00Z,-3.185897
A1,2021-09-10T01:00:00Z,-2.054052
A1,2021-09-10T02:00:00Z,-2.701892
A1,2021-09-10T03:00:00Z,-1.850934
A1,2021-09-10T04:00:00Z,-1.334148
A1,2021-09-10T05:00:00Z,-0.472844
A1,2021-09-10T06:00:00Z,0.012029
A1,2021-09-10T07:00:00Z,-0.887637
A1,2021-09-10T08:00:00Z,-2.151675
A1,2021-09-10T09:00:00Z,-2.399567
A1,2021-09-10T10:00:00Z,-3.344345
A1,2021-09-10T11:00:00Z,-3.954380
A1,2021-09-10T12:00:00Z,-5.713833
A1,2021-09-10T13:00:00Z,-5.702647
A1,2021-09-10T14:00:00Z,-6.768093
A1,2021-09-10T15:00:00Z,-6.728201
A1,2021-09-10T16:00:00Z,-6.259836
A1,2021-09-10T17:00:00Z,-7.297966
A1,2021-09-10T18:00:00Z,-6.416580
A1,2021-09-10T19:00:00Z,-6.498624
A1,2021-09-10T20:00:00Z,-6.805227
A1,2021-09-10T21:00:00Z,-4.817888
A1,2021-09-10T22:00:00Z,-4.513535
A1,2021-09-10T23:00:00Z,-3.833298
A1,2021-09-11T00:00:00Z,-2.848848
A1,2021-09-11T01:00:00Z,-2.033626
A1,2021-09-11T02:00:00Z,-1.478605
A1,2021-09-11T03:00:00Z,-1.762171
A1,2021-09-11T04:00:00Z,-1.161315
A1,2021-09-11T05:00:00Z,-1.276035
A1,2021-09-11T06:00:00Z,-0.893771
A1,2021-09-11T07:00:00Z,-1.820441
A1,2021-09-11T08:00:00Z,-1.972603
A1,2021-09-11T09:00:00Z,-2.604126
A1,2021-09-11T10:00:00Z,-2.490863
A1,2021-09-11T11:00:00Z,-4.082831
A1,2021-09-11T12:00:00Z,-4.292521
A1,2021-09-11T13:00:00Z,-6.155950
A1,2021-09-11T14:00:00Z,-5.267173
A1,2021-09-11T15:00:00Z,-6.708732
A1,2021-09-11T16:00:00Z,-6.951836
A1,2021-09-11T17:00:00Z,-7.585392
A1,2021-09-11T18:00:00Z,-6.500743
A1,2021-09-11T19:00:00Z,-6.356623
A1,2021-09-11T20:00:00Z,-5.612759
A1,2021-09-11T21:00:00Z,-5.259113
A1,2021-09-11T22:00:00Z,-5.814753
A1,2021-09-11T23:00:00Z,-4.279417
A1,2021-09-12T00:00:00Z,-3.474241
A1,2021-09-12T01:00:00Z,-2.258856
A1,2021-09-12T02:00:00Z,-1.228368
A1,2021-09-12T03:00:00Z,-0.667428
A1,2021-09-12T04:00:00Z,-0.673298
A1,2021-09-12T05:00:00Z,-0.651327
A1,2021-09-12T06:00:00Z,-0.636587
A1,2021-09-12T07:00:00Z,-0.211582
A1,2021-09-12T08:00:00Z,-1.148760
A1,2021-09-12T09:00:00Z,-2.374133
A1,2021-09-12T10:00:00Z,-2.830284
A1,2021-09-12T11:00:00Z,-3.350999
A1,2021-09-12T12:00:00Z,-4.854133
A1,2021-09-12T13:00:00Z,-5.051820
A1,2021-09-12T14:00:00Z,-6.124055
A1,2021-09-12T15:00:00Z,-6.511926
A1,2021-09-12T16:00:00Z,-6.877886
A1,2021-09-12T17:00:00Z,-6.938436
A1,2021-09-12T18:00:00Z,-6.962345
A1,2021-09-12T19:00:00Z,-6.233059
A1,2021-09-12T20:00:00Z,-6.509625
A1,2021-09-12T21:00:00Z,-5.033817
A1,2021-09-12T22:00:00Z,-4.338295
A1,2021-09-12T23:00:00Z,-4.220159
A1,2021-09-13T00:00:00Z,-2.991340
A1,2021-09-13T01:00:00Z,-2.339739
A1,2021-09-13T02:00:00Z,-1.901211
A1,2021-09-13T03:00:00Z,-0.915939
A1,2021-09-13T04:00:00Z,-0.119731
A1,2021-09-13T05:00:00Z,-0.780093
A1,2021-09-13T06:00:00Z,-2.118454
A1,2021-09-13T07:00:00Z,-0.697759
A1,2021-09-13T08:00:00Z,-2.754115
A1,2021-09-13T09:00:00Z,-1.781168
A1,2021-09-13T10:00:00Z,-3.730404
A1,2021-09-13T11:00:00Z,-3.807628
A1,2021-09-13T12:00:00Z,-4.778452
A1,2021-09-13T13:00:00Z,-6.037093
A1,2021-09-13T14:00:00Z,-6.469341
A1,2021-09-13T15:00:00Z,-6.466933
A1,2021-09-13T16:00:00Z,-7.250161
A1,2021-09-13T17:00:00Z,-6.392370
A1,2021-09-13T18:00:00Z,-6.880482
A1,2021-09-13T19:00:00Z,-6.740583
A1,2021-09-13T20:00:00Z,-5.858177
A1,2021-09-13T21:00:00Z,-5.264343
A1,2021-09-13T22:00:00Z,-5.204956
A1,2021-09-13T23:00:00Z,-4.320975
A1,2021-09-14T00:00:00Z,-2.805911
A1,2021-09-14T01:00:00Z,-2.420882
A1,2021-09-14T02:00:00Z,-1.541674
A1,2021-09-14T03:00:00Z,-0.204020
A1,2021-09-14T04:00:00Z,-0.675288
A1,2021-09-14T05:00:00Z,-0.688130
A1,2021-09-14T06:00:00Z,-1.604681
A1,2021-09-14T07:00:00Z,-2.214790
A1,2021-09-14T08:00:00Z,-1.857638
A1,2021-09-14T09:00:00Z,-2.174462
A1,2021-09-14T10:00:00Z,-2.852459
A1,2021-09-14T11:00:00Z,-3.465903
A1,2021-09-14T12:00:00Z,-3.945699
A1,2021-09-14T13:00:00Z,-5.631151
A1,2021-09-14T14:00:00Z,-5.607027
A1,2021-09-14T15:00:00Z,-6.233468
A1,2021-09-14T16:00:00Z,-6.573717
A1,2021-09-14T17:00:00Z,-5.596928
A1,2021-09-14T18:00:00Z,-7.603344
A1,2021-09-14T19:00:00Z,-5.602871
A1,2021-09-14T20:00:00Z,-6.304848
A1,2021-09-14T21:00:00Z,-3.945097
A1,2021-09-14T22:00:00Z,-4.089284
A1,2021-09-14T23:00:00Z,-3.927895
A1,2021-09-15T00:00:00Z,-3.243702
A1,2021-09-15T01:00:00Z,-2.147238
A1,2021-09-15T02:00:00Z,-1.503241
A1,2021-09-15T03:00:00Z,-0.892884
A1,2021-09-15T04:00:00Z,0.159570
A1,2021-09-15T05:00:00Z,-0.217078
A1,2021-09-15T06:00:00Z,-1.062253
A1,2021-09-15T07:00:00Z,-0.312673
A1,2021-09-15T08:00:00Z,-0.545621
A1,2021-09-15T09:00:00Z,-1.605188
A1,2021-09-15T10:00:00Z,-2.263039
A1,2021-09-15T11:00:00Z,-4.881897
A1,2021-09-15T12:00:00Z,-3.209918
A1,2021-09-15T13:00:00Z,-5.627194
A1,2021-09-15T14:00:00Z,-5.692646
A1,2021-09-15T15:00:00Z,-6.474581
A1,2021-09-15T16:00:00Z,-6.330873
A1,2021-09-15T17:00:00Z,-6.450329
A1,2021-09-15T18:00:00Z,-5.713748
A1,2021-09-15T19:00:00Z,-6.370362
A1,2021-09-15T20:00:00Z,-6.382565
A1,2021-09-15T21:00:00Z,-4.551710
A1,2021-09-15T22:00:00Z,-4.073670
A1,2021-09-15T23:00:00Z,-3.673471
A1,2021-09-16T00:00:00Z,-2.535240
A1,2021-09-16T01:00:00Z,-2.686336
A1,2021-09-16T02:00:00Z,-1.933781
A1,2021-09-16T03:00:00Z,-1.125244
A1,2021-09-16T04:00:00Z,-0.474051
A1,2021-09-16T05:00:00Z,0.116862
A1,2021-09-16T06:00:00Z,0.377309
A1,2021-09-16T07:00:00Z,-0.816950
A1,2021-09-16T08:00:00Z,-1.064904
A1,2021-09-16T09:00:00Z,-2.871179
A1,2021-09-16T10:00:00Z,-2.506117
A1,2021-09-16T11:00:00Z,-3.938385
A1,2021-09-16T12:00:00Z,-5.143926
A1,2021-09-16T13:00:00Z,-5.517992
A1,2021-09-16T14:00:00Z,-5.030662
A1,2021-09-16T15:00:00Z,-6.769876
A1,2021-09-16T16:00:00Z,-6.470665
A1,2021-09-16T17:00:00Z,-7.021042
A1,2021-09-16T18:00:00Z,-5.970035
A1,2021-09-16T19:00:00Z,-6.038121
A1,2021-09-16T20:00:00Z,-5.893873
A1,2021-09-16T21:00:00Z,-4.202186
A1,2021-09-16T22:00:00Z,-4.772784
A1,2021-09-16T23:00:00Z,-4.090641
A1,2021-09-17T00:00:00Z,-3.179019
A1,2021-09-17T01:00:00Z,-2.575057
A1,2021-09-17T02:00:00Z,-2.328735
A1,2021-09-17T03:00:00Z,-0.286643
A1,2021-09-17T04:00:00Z,0.031574
A1,2021-09-17T05:00:00Z,-0.875143
A1,2021-09-17T06:00:00Z,-0.792463
A1,2021-09-17T07:00:00Z,-1.023421
A1,2021-09-17T08:00:00Z,-1.285815
A1,2021-09-17T09:00:00Z,-1.679410
A1,2021-09-17T10:00:00Z,-3.075023
A1,2021-09-17T11:00:00Z,-3.749175
A1,2021-09-17T12:00:00Z,-4.763342
A1,2021-09-17T13:00:00Z,-5.100620
A1,2021-09-17T14:00:00Z,-6.492852
A1,2021-09-17T15:00:00Z,-5.313348
A1,2021-09-17T16:00:00Z,-6.830522
A1,2021-09-17T17:00:00Z,-6.901195
A1,2021-09-17T18:00:00Z,-6.291280
A1,2021-09-17T19:00:00Z,-6.004991
A1,2021-09-17T20:00:00Z,-5.236631
A1,2021-09-17T21:00:00Z,-5.545834
A1,2021-09-17T22:00:00Z,-4.856163
A1,2021-09-17T23:00:00Z,-4.795490
A1,2021-09-18T00:00:00Z,-3.287541
A1,2021-09-18T01:00:00Z,-2.047879
A1,2021-09-18T02:00:00Z,-2.290954
A1,2021-09-18T03:00:00Z,-0.619213
A1,2021-09-18T04:00:00Z,-0.356766
A1,2021-09-18T05:00:00Z,-0.893302
A1,2021-09-18T06:00:00Z,-1.250917
A1,2021-09-18T07:00:00Z,-1.476752
A1,2021-09-18T08:00:00Z,-1.019042
A1,2021-09-18T09:00:00Z,-3.006043
A1,2021-09-18T10:00:00Z,-3.397509
A1,2021-09-18T11:00:00Z,-4.023117
A1,2021-09-18T12:00:00Z,-4.934988
A1,2021-09-18T13:00:00Z,-4.529932
A1,2021-09-18T14:00:00Z,-5.700309
A1,2021-09-18T15:00:00Z,-6.962473
A1,2021-09-18T16:00:00Z,-6.190695
A1,2021-09-18T17:00:00Z,-6.896428
A1,2021-09-18T18:00:00Z,-6.273495
A1,2021-09-18T19:00:00Z,-5.949466
A1,2021-09-18T20:00:00Z,-6.052962
A1,2021-09-18T21:00:00Z,-4.783508
A1,2021-09-18T22:00:00Z,-4.560600
A1,2021-09-18T23:00:00Z,-5.401312
A1,2021-09-19T00:00:00Z,-2.386550
A1,2021-09-19T01:00:00Z,-2.357460
A1,2021-09-19T02:00:00Z,-1.628604
A1,2021-09-19T03:00:00Z,-1.600579
A1,2021-09-19T04:00:00Z,-0.771504
A1,2021-09-19T05:00:00Z,-0.979646
A1,2021-09-19T06:00:00Z,-0.138925
A1,2021-09-19T07:00:00Z,0.413268
A1,2021-09-19T08:00:00Z,-1.408591
A1,2021-09-19T09:00:00Z,-2.052012
A1,2021-09-19T10:00:00Z,-2.525253
A1,2021-09-19T11:00:00Z,-2.672118
A1,2021-09-19T12:00:00Z,-4.285901
A1,2021-09-19T13:00:00Z,-4.471028
A1,2021-09-19T14:00:00Z,-5.729670
A1,2021-09-19T15:00:00Z,-5.707714
A1,2021-09-19T16:00:00Z,-6.613697
A1,2021-09-19T17:00:00Z,-5.788265
A1,2021-09-19T18:00:00Z,-6.857440
A1,2021-09-19T19:00:00Z,-5.996543
A1,2021-09-19T20:00:00Z,-5.363276
A1,2021-09-19T21:00:00Z,-4.959987
A1,2021-09-19T22:00:00Z,-4.669498
A1,2021-09-19T23:00:00Z,-3.993175
A1,2021-09-20T00:00:00Z,-2.718488
A1,2021-09-20T01:00:00Z,-1.534756
A1,2021-09-20T02:00:00Z,-1.447863
A1,2021-09-20T03:00:00Z,-0.167775
A1,2021-09-20T04:00:00Z,-1.096048
A1,2021-09-20T05:00:00Z,-0.692086
A1,2021-09-20T06:00:00Z,-1.578912
A1,2021-09-20T07:00:00Z,-1.116424
A1,2021-09-20T08:00:00Z,-1.992163
A1,2021-09-20T09:00:00Z,-2.215102
A1,2021-09-20T10:00:00Z,-2.369433
A1,2021-09-20T11:00:00Z,-4.215884
A1,2021-09-20T12:00:00Z,-3.551754
A1,2021-09-20T13:00:00Z,-5.251952
A1,2021-09-20T14:00:00Z,-5.998885
A1,2021-09-20T15:00:00Z,-6.681672
A1,2021-09-20T16:00:00Z,-6.881853
A1,2021-09-20T17:00:00Z,-6.573709
A1,2021-09-20T18:00:00Z,-6.465388
A1,2021-09-20T19:00:00Z,-5.755861
A1,2021-09-20T20:00:00Z,-5.638461
A1,2021-09-20T21:00:00Z,-4.801988
A1,2021-09-20T22:00:00Z,-4.249209
A1,2021-09-20T23:00:00Z,-2.788637
A1,2021-09-21T00:00:00Z,-2.672812
A1,2021-09-21T01:00:00Z,-2.311171
A1,2021-09-21T02:00:00Z,-1.888787
A1,2021-09-21T03:00:00Z,-1.110652
A1,2021-09-21T04:00:00Z,-1.109689
A1,2021-09-21T05:00:00Z,-0.955134
A1,2021-09-21T06:00:00Z,-0.561437
A1,2021-09-21T07:00:00Z,-0.449595
A1,2021-09-21T08:00:00Z,-1.337906
A1,2021-09-21T09:00:00Z,-2.112076
A1,2021-09-21T10:00:00Z,-2.693458
A1,2021-09-21T11:00:00Z,-3.783193
A1,2021-09-21T12:00:00Z,-4.141015
A1,2021-09-21T13:00:00Z,-4.847687
A1,2021-09-21T14:00:00Z,-5.445259
A1,2021-09-21T15:00:00Z,-5.202220
A1,2021-09-21T16:00:00Z,-5.785320
A1,2021-09-21T17:00:00Z,-5.723685
A1,2021-09-21T18:00:00Z,-6.137174
A1,2021-09-21T19:00:00Z,-6.202197
A1,2021-09-21T20:00:00Z,-4.949647
A1,2021-09-21T21:00:00Z,-4.699978
A1,2021-09-21T22:00:00Z,-4.310361
A1,2021-09-21T23:00:00Z,-3.104059
A1,2021-09-22T00:00:00Z,-2.531549
A1,2021-09-22T01:00:00Z,-2.240652
A1,2021-09-22T02:00:00Z,-1.510749
A1,2021-09-22T03:00:00Z,-0.052351
A1,2021-09-22T04:00:00Z,-0.167124
A1,2021-09-22T05:00:00Z,-1.334170
A1,2021-09-22T06:00:00Z,-0.161580
A1,2021-09-22T07:00:00Z,-1.299574
A1,2021-09-22T08:00:00Z,-1.394225
A1,2021-09-22T09:00:00Z,-2.598212
A1,2021-09-22T10:00:00Z,-3.347861
A1,2021-09-22T11:00:00Z,-3.529746
A1,2021-09-22T12:00:00Z,-3.374666
A1,2021-09-22T13:00:00Z,-4.473851
A1,2021-09-22T14:00:00Z,-4.804074
A1,2021-09-22T15:00:00Z,-5.460974
A1,2021-09-22T16:00:00Z,-6.694061
A1,2021-09-22T17:00:00Z,-6.459606
A1,2021-09-22T18:00:00Z,-6.006379
A1,2021-09-22T19:00:00Z,-5.771660
A1,2021-09-22T20:00:00Z,-5.889365
A1,2021-09-22T21:00:00Z,-6.237277
A1,2021-09-22T22:00:00Z,-4.081813
A1,2021-09-22T23:00:00Z,-3.383168
A1,2021-09-23T00:00:00Z,-2.388526
A1,2021-09-23T01:00:00Z,-1.626141
A1,2021-09-23T02:00:00Z,-0.184284
A1,2021-09-23T03:00:00Z,-1.759403
A1,2021-09-23T04:00:00Z,-0.745160
A1,2021-09-23T05:00:00Z,0.009931
A1,2021-09-23T06:00:00Z,-0.067594
A1,2021-09-23T07:00:00Z,-1.175549
A1,2021-09-23T08:00:00Z,-0.837746
A1,2021-09-23T09:00:00Z,-0.879690
A1,2021-09-23T10:00:00Z,-2.802806
A1,2021-09-23T11:00:00Z,-3.698681
A1,2021-09-23T12:00:00Z,-4.218867
A1,2021-09-23T13:00:00Z,-5.046218
A1,2021-09-23T14:00:00Z,-6.283823
A1,2021-09-23T15:00:00Z,-5.484495
A1,2021-09-23T16:00:00Z,-5.405031
A1,2021-09-23T17:00:00Z,-6.054914
A1,2021-09-23T18:00:00Z,-5.742342
A1,2021-09-23T19:00:00Z,-5.006930
A1,2021-09-23T20:00:00Z,-6.012447
A1,2021-09-23T21:00:00Z,-4.466643
A1,2021-09-23T22:00:00Z,-4.089694
A1,2021-09-23T23:00:00Z,-2.662774
A1,2021-09-24T00:00:00Z,-2.651269
A1,2021-09-24T01:00:00Z,-1.213805
A1,2021-09-24T02:00:00Z,-1.730645
A1,2021-09-24T03:00:00Z,-1.827903
A1,2021-09-24T04:00:00Z,-0.528276
A1,2021-09-24T05:00:00Z,-0.168427
A1,2021-09-24T06:00:00Z,-0.367548
A1,2021-09-24T07:00:00Z,-0.949389
A1,2021-09-24T08:00:00Z,-0.240023
A1,2021-09-24T09:00:00Z,-1.300295
A1,2021-09-24T10:00:00Z,-1.717413
A1,2021-09-24T11:00:00Z,-3.750856
A1,2021-09-24T12:00:00Z,-2.991452
A1,2021-09-24T13:00:00Z,-4.430171
A1,2021-09-24T14:00:00Z,-5.647204
A1,2021-09-24T15:00:00Z,-6.261257
A1,2021-09-24T16:00:00Z,-5.945198
A1,2021-09-24T17:00:00Z,-6.662034
A1,2021-09-24T18:00:00Z,-6.519900
A1,2021-09-24T19:00:00Z,-5.566013
A1,2021-09-24T20:00:00Z,-5.603207
A1,2021-09-24T21:00:00Z,-3.896598
A1,2021-09-24T22:00:00Z,-3.587073
A1,2021-09-24T23:00:00Z,-2.721002
A1,2021-09-25T00:00:00Z,-2.469554
A1,2021-09-25T01:00:00Z,-1.522186
A1,2021-09-25T02:00:00Z,-1.112941
A1,2021-09-25T03:00:00Z,-0.883274
A1,2021-09-25T04:00:00Z,-0.493100
A1,2021-09-25T05:00:00Z,0.065399
A1,2021-09-25T06:00:00Z,-0.797057
A1,2021-09-25T07:00:00Z,-0.294584
A1,2021-09-25T08:00:00Z,-1.587977
A1,2021-09-25T09:00:00Z,-1.517719
A1,2021-09-25T10:00:00Z,-3.188472
A1,2021-09-25T11:00:00Z,-4.029717
A1,2021-09-25T12:00:00Z,-3.967586
A1,2021-09-25T13:00:00Z,-4.467710
A1,2021-09-25T14:00:00Z,-5.477909
A1,2021-09-25T15:00:00Z,-5.387517
A1,2021-09-25T16:00:00Z,-6.378306
A1,2021-09-25T17:00:00Z,-7.036847
A1,2021-09-25T18:00:00Z,-5.676428
A1,2021-09-25T19:00:00Z,-5.714521
A1,2021-09-25T20:00:00Z,-5.405852
A1,2021-09-25T21:00:00Z,-5.238457
A1,2021-09-25T22:00:00Z,-4.507196
A1,2021-09-25T23:00:00Z,-3.038633
A1,2021-09-26T00:00:00Z,-2.756481
A1,2021-09-26T01:00:00Z,-1.739242
A1,2021-09-26T02:00:00Z,-1.288485
A1,2021-09-26T03:00:00Z,-0.477285
A1,2021-09-26T04:00:00Z,-0.889552
A1,2021-09-26T05:00:00Z,0.480778
A1,2021-09-26T06:00:00Z,-0.228909
A1,2021-09-26T07:00:00Z,0.175464
A1,2021-09-26T08:00:00Z,-1.302907
A1,2021-09-26T09:00:00Z,-2.534521
A1,2021-09-26T10:00:00Z,-3.251920
A1,2021-09-26T11:00:00Z,-3.531751
A1,2021-09-26T12:00:00Z,-4.261339
A1,2021-09-26T13:00:00Z,-4.087620
A1,2021-09-26T14:00:00Z,-5.071644
A1,2021-09-26T15:00:00Z,-6.503984
A1,2021-09-26T16:00:00Z,-6.069435
A1,2021-09-26T17:00:00Z,-5.945892
A1,2021-09-26T18:00:00Z,-6.104963
A1,2021-09-26T19:00:00Z,-6.298726
A1,2021-09-26T20:00:00Z,-6.003879
A1,2021-09-26T21:00:00Z,-5.163839
A1,2021-09-26T22:00:00Z,-4.492958
A1,2021-09-26T23:00:00Z,-2.683723
A1,2021-09-27T00:00:00Z,-2.244539
A1,2021-09-27T01:00:00Z,-2.591637
A1,2021-09-27T02:00:00Z,-1.477543
A1,2021-09-27T03:00:00Z,-0.573296
A1,2021-09-27T04:00:00Z,-0.421433
A1,2021-09-27T05:00:00Z,-0.646761
A1,2021-09-27T06:00:00Z,-0.104453
A1,2021-09-27T07:00:00Z,0.053031
A1,2021-09-27T08:00:00Z,-1.238472
A1,2021-09-27T09:00:00Z,-0.935428
A1,2021-09-27T10:00:00Z,-2.682565
A1,2021-09-27T11:00:00Z,-3.230646
A1,2021-09-27T12:00:00Z,-3.409709
A1,2021-09-27T13:00:00Z,-5.077141
A1,2021-09-27T14:00:00Z,-5.363344
A1,2021-09-27T15:00:00Z,-5.101889
A1,2021-09-27T16:00:00Z,-6.260532
A1,2021-09-27T17:00:00Z,-6.497322
A1,2021-09-27T18:00:00Z,-6.625705
A1,2021-09-27T19:00:00Z,-6.141821
A1,2021-09-27T20:00:00Z,-5.595981
A1,2021-09-27T21:00:00Z,-4.499458
A1,2021-09-27T22:00:00Z,-3.717975
A1,2021-09-27T23:00:00Z,-2.779498
A1,2021-09-28T00:00:00Z,-2.404089
A1,2021-09-28T01:00:00Z,-1.552824
A1,2021-09-28T02:00:00Z,-2.004645
A1,2021-09-28T03:00:00Z,-0.701411
A1,2021-09-28T04:00:00Z,0.066841
A1,2021-09-28T05:00:00Z,-0.304780
A1,2021-09-28T06:00:00Z,0.812235
A1,2021-09-28T07:00:00Z,-0.663973
A1,2021-09-28T08:00:00Z,-0.796045
A1,2021-09-28T09:00:00Z,-1.380911
A1,2021-09-28T10:00:00Z,-2.475635
A1,2021-09-28T11:00:00Z,-2.634072
A1,2021-09-28T12:00:00Z,-3.065914
A1,2021-09-28T13:00:00Z,-4.592737
A1,2021-09-28T14:00:00Z,-5.280883
A1,2021-09-28T15:00:00Z,-5.816433
A1,2021-09-28T16:00:00Z,-5.559521
A1,2021-09-28T17:00:00Z,-5.955871
A1,2021-09-28T18:00:00Z,-5.556943
A1,2021-09-28T19:00:00Z,-6.312348
A1,2021-09-28T20:00:00Z,-4.772197
A1,2021-09-28T21:00:00Z,-4.899042
A1,2021-09-28T22:00:00Z,-4.001989
A1,2021-09-28T23:00:00Z,-2.759257
A1,2021-09-29T00:00:00Z,-2.106929
A1,2021-09-29T01:00:00Z,-1.761763
A1,2021-09-29T02:00:00Z,-0.028311
A1,2021-09-29T03:00:00Z,-0.684944
A1,2021-09-29T04:00:00Z,0.226659
A1,2021-09-29T05:00:00Z,0.278781
A1,2021-09-29T06:00:00Z,0.313415
A1,2021-09-29T07:00:00Z,-0.220928
A1,2021-09-29T08:00:00Z,-0.424730
A1,2021-09-29T09:00:00Z,-1.057944
A1,2021-09-29T10:00:00Z,-2.007399
A1,2021-09-29T11:00:00Z,-2.345023
A1,2021-09-29T12:00:00Z,-3.858874
A1,2021-09-29T13:00:00Z,-4.095931
A1,2021-09-29T14:00:00Z,-5.546831
A1,2021-09-29T15:00:00Z,-5.851785
A1,2021-09-29T16:00:00Z,-5.200592
A1,2021-09-29T17:00:00Z,-6.310836
A1,2021-09-29T18:00:00Z,-5.551030
A1,2021-09-29T19:00:00Z,-4.799579
A1,2021-09-29T20:00:00Z,-4.406882
A1,2021-09-29T21:00:00Z,-4.536913
A1,2021-09-29T22:00:00Z,-3.576307
A1,2021-09-29T23:00:00Z,-3.413932
A1,2021-09-30T00:00:00Z,-1.375674
A1,2021-09-30T01:00:00Z,-1.369757
A1,2021-09-30T02:00:00Z,-0.388706
A1,2021-09-30T03:00:00Z,-0.617792
A1,2021-09-30T04:00:00Z,0.199874
A1,2021-09-30T05:00:00Z,0.459175
A1,2021-09-30T06:00:00Z,-0.173741
A1,2021-09-30T07:00:00Z,0.030221
A1,2021-09-30T08:00:00Z,-1.132509
A1,2021-09-30T09:00:00Z,-1.429981
A1,2021-09-30T10:00:00Z,-2.017108
A1,2021-09-30T11:00:00Z,-3.345924
A1,2021-09-30T12:00:00Z,-3.677884
A1,2021-09-30T13:00:00Z,-4.892176
A1,2021-09-30T14:00:00Z,-5.308167
A1,2021-09-30T15:00:00Z,-5.169832
A1,2021-09-30T16:00:00Z,-5.666701
A1,2021-09-30T17:00:00Z,-6.135821
A1,2021-09-30T18:00:00Z,-4.979327
A1,2021-09-30T19:00:00Z,-5.241497
A1,2021-09-30T20:00:00Z,-5.235377
A1,2021-09-30T21:00:00Z,-5.226128
A1,2021-09-30T22:00:00Z,-3.243734
A1,2021-09-30T23:00:00Z,-3.501413
P10,2021-09-01T00:00:00Z,-2.087021
P10,2021-09-01T01:00:00Z,-2.058491
P10,2021-09-01T02:00:00Z,-1.325552
P10,2021-09-01T03:00:00Z,-0.894487
P10,2021-09-01T04:00:00Z,0.816966
P10,2021-09-01T05:00:00Z,0.321865
P10,2021-09-01T06:00:00Z,-0.158806
P10,2021-09-01T07:00:00Z,-0.201676
P10,2021-09-01T08:00:00Z,-0.615368
P10,2021-09-01T09:00:00Z,-0.833459
P10,2021-09-01T10:00:00Z,-2.968243
P10,2021-09-01T11:00:00Z,-2.164534
P10,2021-09-01T12:00:00Z,-3.453116
P10,2021-09-01T13:00:00Z,-4.475348
P10,2021-09-01T14:00:00Z,-6.258313
P10,2021-09-01T15:00:00Z,-5.409608
P10,2021-09-01T16:00:00Z,-5.717887
P10,2021-09-01T17:00:00Z,-5.628576
P10,2021-09-01T18:00:00Z,-5.992435
P10,2021-09-01T19:00:00Z,-5.857498
P10,2021-09-01T20:00:00Z,-5.684856
P10,2021-09-01T21:00:00Z,-5.351329
P10,2021-09-01T22:00:00Z,-3.510829
P10,2021-09-01T23:00:00Z,-2.993992
P10,2021-09-02T00:00:00Z,-2.714955
P10,2021-09-02T01:00:00Z,-1.127560
P10,2021-09-02T02:00:00Z,-0.840149
P10,2021-09-02T03:00:00Z,-0.249890
P10,2021-09-02T04:00:00Z,0.045415
P10,2021-09-02T05:00:00Z,-1.286323
P10,2021-09-02T06:00:00Z,-0.160204
P10,2021-09-02T07:00:00Z,-0.167292
P10,2021-09-02T08:00:00Z,-0.875297
P10,2021-09-02T09:00:00Z,-1.490060
P10,2021-09-02T10:00:00Z,-3.163981
P10,2021-09-02T11:00:00Z,-3.449724
P10,2021-09-02T12:00:00Z,-4.000680
P10,2021-09-02T13:00:00Z,-4.406503
P10,2021-09-02T14:00:00Z,-5.166640
P10,2021-09-02T15:00:00Z,-5.495957
P10,2021-09-02T16:00:00Z,-5.861762
P10,2021-09-02T17:00:00Z,-6.138902
P10,2021-09-02T18:00:00Z,-6.160773
P10,2021-09-02T19:00:00Z,-5.935614
P10,2021-09-02T20:00:00Z,-3.958233
P10,2021-09-02T21:00:00Z,-4.565208
P10,2021-09-02T22:00:00Z,-3.875080
P10,2021-09-02T23:00:00Z,-2.634695
P10,2021-09-03T00:00:00Z,-1.365308
P10,2021-09-03T01:00:00Z,-1.415484
P10,2021-09-03T02:00:00Z,-0.670398
P10,2021-09-03T03:00:00Z,0.201062
P10,2021-09-03T04:00:00Z,-0.190052
P10,2021-09-03T05:00:00Z,-0.310032
P10,2021-09-03T06:00:00Z,0.227717
P10,2021-09-03T07:00:00Z,-1.224348
P10,2021-09-03T08:00:00Z,-1.114060
P10,2021-09-03T09:00:00Z,-1.771715
P10,2021-09-03T10:00:00Z,-2.848817
P10,2021-09-03T11:00:00Z,-3.084346
P10,2021-09-03T12:00:00Z,-2.997943
P10,2021-09-03T13:00:00Z,-3.680592
P10,2021-09-03T14:00:00Z,-4.465857
P10,2021-09-03T15:00:00Z,-5.301609
P10,2021-09-03T16:00:00Z,-6.335732
P10,2021-09-03T17:00:00Z,-6.420691
P10,2021-09-03T18:00:00Z,-6.342941
P10,2021-09-03T19:00:00Z,-5.952564
P10,2021-09-03T20:00:00Z,-4.762754
P10,2021-09-03T21:00:00Z,-4.953685
P10,2021-09-03T22:00:00Z,-4.239177
P10,2021-09-03T23:00:00Z,-2.844287
P10,2021-09-04T00:00:00Z,-2.761423
P10,2021-09-04T01:00:00Z,-1.377741
P10,2021-09-04T02:00:00Z,-0.816315
P10,2021-09-04T03:00:00Z,0.003807
P10,2021-09-04T04:00:00Z,-0.430051
P10,2021-09-04T05:00:00Z,0.835047
P10,2021-09-04T06:00:00Z,0.209539
P10,2021-09-04T07:00:00Z,0.489864
P10,2021-09-04T08:00:00Z,-0.588144
P10,2021-09-04T09:00:00Z,-1.887242
P10,2021-09-04T10:00:00Z,-2.081896
P10,2021-09-04T11:00:00Z,-2.454221
P10,2021-09-04T12:00:00Z,-3.355471
P10,2021-09-04T13:00:00Z,-5.543092
P10,2021-09-04T14:00:00Z,-5.386699
P10,2021-09-04T15:00:00Z,-5.522453
P10,2021-09-04T16:00:00Z,-5.571540
P10,2021-09-04T17:00:00Z,-5.477868
P10,2021-09-04T18:00:00Z,-4.526244
P10,2021-09-04T19:00:00Z,-6.012447
P10,2021-09-04T20:00:00Z,-5.288716
P10,2021-09-04T21:00:00Z,-4.479621
P10,2021-09-04T22:00:00Z,-3.291539
P10,2021-09-04T23:00:00Z,-3.058497
P10,2021-09-05T00:00:00Z,-2.014772
P10,2021-09-05T01:00:00Z,-2.699983
P10,2021-09-05T02:00:00Z,-0.778841
P10,2021-09-05T03:00:00Z,-0.309165
P10,2021-09-05T04:00:00Z,0.700163
P10,2021-09-05T05:00:00Z,-0.797227
P10,2021-09-05T06:00:00Z,-0.052948
P10,2021-09-05T07:00:00Z,-0.842728
P10,2021-09-05T08:00:00Z,-1.406276
P10,2021-09-05T09:00:00Z,-1.358350
P10,2021-09-05T10:00:00Z,-1.749735
P10,2021-09-05T11:00:00Z,-2.708092
P10,2021-09-05T12:00:00Z,-3.225802
P10,2021-09-05T13:00:00Z,-4.921352
P10,2021-09-05T14:00:00Z,-4.718745
P10,2021-09-05T15:00:00Z,-4.224268
P10,2021-09-05T16:00:00Z,-4.627298
P10,2021-09-05T17:00:00Z,-6.331734
P10,2021-09-05T18:00:00Z,-6.097994
P10,2021-09-05T19:00:00Z,-5.585660
P10,2021-09-05T20:00:00Z,-5.003007
P10,2021-09-05T21:00:00Z,-4.481993
P10,2021-09-05T22:00:00Z,-3.723201
P10,2021-09-05T23:00:00Z,-3.224675
P10,2021-09-06T00:00:00Z,-2.499336
P10,2021-09-06T01:00:00Z,-1.500530
P10,2021-09-06T02:00:00Z,-0.867364
P10,2021-09-06T03:00:00Z,0.273621
P10,2021-09-06T04:00:00Z,-0.596498
P10,2021-09-06T05:00:00Z,0.573271
P10,2021-09-06T06:00:00Z,-0.435577
P10,2021-09-06T07:00:00Z,-0.601543
P10,2021-09-06T08:00:00Z,-0.205761
P10,2021-09-06T09:00:00Z,-0.614307
P10,2021-09-06T10:00:00Z,-2.146788
P10,2021-09-06T11:00:00Z,-3.801176
P10,2021-09-06T12:00:00Z,-3.447572
P10,2021-09-06T13:00:00Z,-4.625023
P10,2021-09-06T14:00:00Z,-5.431669
P10,2021-09-06T15:00:00Z,-5.102967
P10,2021-09-06T16:00:00Z,-6.170590
P10,2021-09-06T17:00:00Z,-5.918080
P10,2021-09-06T18:00:00Z,-6.065290
P10,2021-09-06T19:00:00Z,-5.549724
P10,2021-09-06T20:00:00Z,-5.060279
P10,2021-09-06T21:00:00Z,-4.337229
P10,2021-09-06T22:00:00Z,-4.065483
P10,2021-09-06T23:00:00Z,-2.816477
P10,2021-09-07T00:00:00Z,-2.428670
P10,2021-09-07T01:00:00Z,-0.729058
P10,2021-09-07T02:00:00Z,-1.543246
P10,2021-09-07T03:00:00Z,-1.105455
P10,2021-09-07T04:00:00Z,0.070970
P10,2021-09-07T05:00:00Z,-0.418201
P10,2021-09-07T06:00:00Z,-0.128681
P10,2021-09-07T07:00:00Z,-0.353664
P10,2021-09-07T08:00:00Z,-1.150567
P10,2021-09-07T09:00:00Z,-1.300770
P10,2021-09-07T10:00:00Z,-2.354554
P10,2021-09-07T11:00:00Z,-3.333532
P10,2021-09-07T12:00:00Z,-3.500522
P10,2021-09-07T13:00:00Z,-4.504482
P10,2021-09-07T14:00:00Z,-5.252369
P10,2021-09-07T15:00:00Z,-5.460332
P10,2021-09-07T16:00:00Z,-5.247188
P10,2021-09-07T17:00:00Z,-6.024972
P10,2021-09-07T18:00:00Z,-6.148389
P10,2021-09-07T19:00:00Z,-5.286763
P10,2021-09-07T20:00:00Z,-5.155148
P10,2021-09-07T21:00:00Z,-5.016566
P10,2021-09-07T22:00:00Z,-4.005794
P10,2021-09-07T23:00:00Z,-2.637547
P10,2021-09-08T00:00:00Z,-1.428456
P10,2021-09-08T01:00:00Z,-1.787046
P10,2021-09-08T02:00:00Z,-0.841121
P10,2021-09-08T03:00:00Z,-0.237948
P10,2021-09-08T04:00:00Z,-0.594644
P10,2021-09-08T05:00:00Z,0.185782
P10,2021-09-08T06:00:00Z,0.459123
P10,2021-09-08T07:00:00Z,-0.646060
P10,2021-09-08T08:00:00Z,-0.712090
P10,2021-09-08T09:00:00Z,-0.903495
P10,2021-09-08T10:00:00Z,-2.921448
P10,2021-09-08T11:00:00Z,-3.310301
P10,2021-09-08T12:00:00Z,-3.240186
P10,2021-09-08T13:00:00Z,-5.082147
P10,2021-09-08T14:00:00Z,-5.132138
P10,2021-09-08T15:00:00Z,-4.482343
P10,2021-09-08T16:00:00Z,-5.554253
P10,2021-09-08T17:00:00Z,-5.683972
P10,2021-09-08T18:00:00Z,-6.289906
P10,2021-09-08T19:00:00Z,-6.371286
P10,2021-09-08T20:00:00Z,-5.125438
P10,2021-09-08T21:00:00Z,-4.801368
P10,2021-09-08T22:00:00Z,-4.277989
P10,2021-09-08T23:00:00Z,-2.645743
P10,2021-09-09T00:00:00Z,-2.748032
P10,2021-09-09T01:00:00Z,-1.798246
P10,2021-09-09T02:00:00Z,-0.415881
P10,2021-09-09T03:00:00Z,-0.206871
P10,2021-09-09T04:00:00Z,-0.122292
P10,2021-09-09T05:00:00Z,0.112699
P10,2021-09-09T06:00:00Z,0.203007
P10,2021-09-09T07:00:00Z,0.270044
P10,2021-09-09T08:00:00Z,-0.734204
P10,2021-09-09T09:00:00Z,-0.950103
P10,2021-09-09T10:00:00Z,-1.754654
P10,2021-09-09T11:00:00Z,-3.537953
P10,2021-09-09T12:00:00Z,-3.701164
P10,2021-09-09T13:00:00Z,-4.650047
P10,2021-09-09T14:00:00Z,-4.347212
P10,2021-09-09T15:00:00Z,-5.465927
P10,2021-09-09T16:00:00Z,-5.207399
P10,2021-09-09T17:00:00Z,-5.684833
P10,2021-09-09T18:00:00Z,-5.360962
P10,2021-09-09T19:00:00Z,-5.948112
P10,2021-09-09T20:00:00Z,-5.962904
P10,2021-09-09T21:00:00Z,-3.861682
P10,2021-09-09T22:00:00Z,-3.387873
P10,2021-09-09T23:00:00Z,-2.098017
P10,2021-09-10T00:00:00Z,-2.667555
P10,2021-09-10T01:00:00Z,-1.662647
P10,2021-09-10T02:00:00Z,0.458916
P10,2021-09-10T03:00:00Z,-1.584554
P10,2021-09-10T04:00:00Z,0.182669
P10,2021-09-10T05:00:00Z,0.187302
P10,2021-09-10T06:00:00Z,0.125976
P10,2021-09-10T07:00:00Z,-0.583873
P10,2021-09-10T08:00:00Z,-1.938284
P10,2021-09-10T09:00:00Z,-0.734117
P10,2021-09-10T10:00:00Z,-1.962656
P10,2021-09-10T11:00:00Z,-3.246530
P10,2021-09-10T12:00:00Z,-3.664088
P10,2021-09-10T13:00:00Z,-3.671379
P10,2021-09-10T14:00:00Z,-4.927250
P10,2021-09-10T15:00:00Z,-5.563035
P10,2021-09-10T16:00:00Z,-5.966330
P10,2021-09-10T17:00:00Z,-5.546977
P10,2021-09-10T18:00:00Z,-5.479360
P10,2021-09-10T19:00:00Z,-6.044569
P10,2021-09-10T20:00:00Z,-5.277115
P10,2021-09-10T21:00:00Z,-4.609410
P10,2021-09-10T22:00:00Z,-3.742419
P10,2021-09-10T23:00:00Z,-2.913528
P10,2021-09-11T00:00:00Z,-2.208592
P10,2021-09-11T01:00:00Z,-1.205748
P10,2021-09-11T02:00:00Z,-1.439775
P10,2021-09-11T03:00:00Z,-0.397269
P10,2021-09-11T04:00:00Z,0.843059
P10,2021-09-11T05:00:00Z,0.550763
P10,2021-09-11T06:00:00Z,0.877231
P10,2021-09-11T07:00:00Z,-0.156432
P10,2021-09-11T08:00:00Z,-1.441796
P10,2021-09-11T09:00:00Z,-1.348465
P10,2021-09-11T10:00:00Z,-3.068454
P10,2021-09-11T11:00:00Z,-3.259553
P10,2021-09-11T12:00:00Z,-4.066379
P10,2021-09-11T13:00:00Z,-4.608052
P10,2021-09-11T14:00:00Z,-4.177845
P10,2021-09-11T15:00:00Z,-5.634873
P10,2021-09-11T16:00:00Z,-5.770263
P10,2021-09-11T17:00:00Z,-6.116239
P10,2021-09-11T18:00:00Z,-5.956735
P10,2021-09-11T19:00:00Z,-5.588172
P10,2021-09-11T20:00:00Z,-5.725826
P10,2021-09-11T21:00:00Z,-3.983702
P10,2021-09-11T22:00:00Z,-4.160896
P10,2021-09-11T23:00:00Z,-2.406088
P10,2021-09-12T00:00:00Z,-1.931863
P10,2021-09-12T01:00:00Z,-0.133786
P10,2021-09-12T02:00:00Z,-1.458415
P10,2021-09-12T03:00:00Z,-0.992783
P10,2021-09-12T04:00:00Z,-0.461486
P10,2021-09-12T05:00:00Z,1.721160
P10,2021-09-12T06:00:00Z,0.726080
P10,2021-09-12T07:00:00Z,-0.347420
P10,2021-09-12T08:00:00Z,-0.204990
P10,2021-09-12T09:00:00Z,-0.608029
P10,2021-09-12T10:00:00Z,-1.844034
P10,2021-09-12T11:00:00Z,-3.104033
P10,2021-09-12T12:00:00Z,-3.497775
P10,2021-09-12T13:00:00Z,-3.941670
P10,2021-09-12T14:00:00Z,-5.400283
P10,2021-09-12T15:00:00Z,-5.798411
P10,2021-09-12T16:00:00Z,-5.828002
P10,2021-09-12T17:00:00Z,-6.196414
P10,2021-09-12T18:00:00Z,-6.012401
P10,2021-09-12T19:00:00Z,-6.226461
P10,2021-09-12T20:00:00Z,-5.548474
P10,2021-09-12T21:00:00Z,-4.566459
P10,2021-09-12T22:00:00Z,-3.942235
P10,2021-09-12T23:00:00Z,-1.806427
P10,2021-09-13T00:00:00Z,-2.099526
P10,2021-09-13T01:00:00Z,-1.206583
P10,2021-09-13T02:00:00Z,-0.509339
P10,2021-09-13T03:00:00Z,0.575242
P10,2021-09-13T04:00:00Z,0.115423
P10,2021-09-13T05:00:00Z,-0.446296
P10,2021-09-13T06:00:00Z,0.046269
P10,2021-09-13T07:00:00Z,-0.279286
P10,2021-09-13T08:00:00Z,-0.303731
P10,2021-09-13T09:00:00Z,-1.645853
P10,2021-09-13T10:00:00Z,-1.265862
P10,2021-09-13T11:00:00Z,-2.805018
P10,2021-09-13T12:00:00Z,-3.371090
P10,2021-09-13T13:00:00Z,-3.951744
P10,2021-09-13T14:00:00Z,-4.831721
P10,2021-09-13T15:00:00Z,-5.882212
P10,2021-09-13T16:00:00Z,-5.345936
P10,2021-09-13T17:00:00Z,-5.500146
P10,2021-09-13T18:00:00Z,-5.216331
P10,2021-09-13T19:00:00Z,-4.654067
P10,2021-09-13T20:00:00Z,-5.483617
P10,2021-09-13T21:00:00Z,-3.327056
P10,2021-09-13T22:00:00Z,-3.435009
P10,2021-09-13T23:00:00Z,-1.908091
P10,2021-09-14T00:00:00Z,-1.981430
P10,2021-09-14T01:00:00Z,-1.703834
P10,2021-09-14T02:00:00Z,-1.107612
P10,2021-09-14T03:00:00Z,-0.054437
P10,2021-09-14T04:00:00Z,0.689293
P10,2021-09-14T05:00:00Z,0.195880
P10,2021-09-14T06:00:00Z,0.416372
P10,2021-09-14T07:00:00Z,-0.310301
P10,2021-09-14T08:00:00Z,-0.634256
P10,2021-09-14T09:00:00Z,-0.503626
P10,2021-09-14T10:00:00Z,-2.181319
P10,2021-09-14T11:00:00Z,-2.441291
P10,2021-09-14T12:00:00Z,-3.328906
P10,2021-09-14T13:00:00Z,-4.719149
P10,2021-09-14T14:00:00Z,-4.475996
P10,2021-09-14T15:00:00Z,-5.102758
P10,2021-09-14T16:00:00Z,-5.917612
P10,2021-09-14T17:00:00Z,-4.742126
P10,2021-09-14T18:00:00Z,-5.008774
P10,2021-09-14T19:00:00Z,-5.973038
P10,2021-09-14T20:00:00Z,-5.060796
P10,2021-09-14T21:00:00Z,-4.399064
P10,2021-09-14T22:00:00Z,-4.026847
P10,2021-09-14T23:00:00Z,-3.406414
P10,2021-09-15T00:00:00Z,-2.354842
P10,2021-09-15T01:00:00Z,-1.385957
P10,2021-09-15T02:00:00Z,-0.309665
P10,2021-09-15T03:00:00Z,-0.096665
P10,2021-09-15T04:00:00Z,0.200881
P10,2021-09-15T05:00:00Z,1.130982
P10,2021-09-15T06:00:00Z,-0.060223
P10,2021-09-15T07:00:00Z,-0.143729
P10,2021-09-15T08:00:00Z,-0.202558
P10,2021-09-15T09:00:00Z,-1.692642
P10,2021-09-15T10:00:00Z,-1.849759
P10,2021-09-15T11:00:00Z,-3.002257
P10,2021-09-15T12:00:00Z,-3.066892
P10,2021-09-15T13:00:00Z,-4.614085
P10,2021-09-15T14:00:00Z,-5.865780
P10,2021-09-15T15:00:00Z,-4.944587
P10,2021-09-15T16:00:00Z,-5.599409
P10,2021-09-15T17:00:00Z,-6.563907
P10,2021-09-15T18:00:00Z,-4.990056
P10,2021-09-15T19:00:00Z,-5.214729
P10,2021-09-15T20:00:00Z,-4.647240
P10,2021-09-15T21:00:00Z,-4.198359
P10,2021-09-15T22:00:00Z,-3.960506
P10,2021-09-15T23:00:00Z,-2.826799
P10,2021-09-16T00:00:00Z,-2.059368
P10,2021-09-16T01:00:00Z,-1.264613
P10,2021-09-16T02:00:00Z,-0.206477
P10,2021-09-16T03:00:00Z,-0.164685
P10,2021-09-16T04:00:00Z,0.017440
P10,2021-09-16T05:00:00Z,0.493747
P10,2021-09-16T06:00:00Z,0.288968
P10,2021-09-16T07:00:00Z,0.012576
P10,2021-09-16T08:00:00Z,-0.836325
P10,2021-09-16T09:00:00Z,-0.894804
P10,2021-09-16T10:00:00Z,-2.071183
P10,2021-09-16T11:00:00Z,-3.310008
P10,2021-09-16T12:00:00Z,-2.954791
P10,2021-09-16T13:00:00Z,-4.104640
P10,2021-09-16T14:00:00Z,-5.061875
P10,2021-09-16T15:00:00Z,-4.857501
P10,2021-09-16T16:00:00Z,-5.468240
P10,2021-09-16T17:00:00Z,-5.697538
P10,2021-09-16T18:00:00Z,-5.252823
P10,2021-09-16T19:00:00Z,-6.094217
P10,2021-09-16T20:00:00Z,-5.130917
P10,2021-09-16T21:00:00Z,-5.284002
P10,2021-09-16T22:00:00Z,-3.410575
P10,2021-09-16T23:00:00Z,-2.398204
P10,2021-09-17T00:00:00Z,-1.967321
P10,2021-09-17T01:00:00Z,-0.706224
P10,2021-09-17T02:00:00Z,-0.473852
P10,2021-09-17T03:00:00Z,-0.044774
P10,2021-09-17T04:00:00Z,0.523008
P10,2021-09-17T05:00:00Z,-0.254172
P10,2021-09-17T06:00:00Z,0.007350
P10,2021-09-17T07:00:00Z,-0.760800
P10,2021-09-17T08:00:00Z,-1.175723
P10,2021-09-17T09:00:00Z,-1.682698
P10,2021-09-17T10:00:00Z,-1.701887
P10,2021-09-17T11:00:00Z,-2.279492
P10,2021-09-17T12:00:00Z,-3.622912
P10,2021-09-17T13:00:00Z,-4.107405
P10,2021-09-17T14:00:00Z,-4.563808
P10,2021-09-17T15:00:00Z,-6.124743
P10,2021-09-17T16:00:00Z,-5.466390
P10,2021-09-17T17:00:00Z,-6.169131
P10,2021-09-17T18:00:00Z,-5.016318
P10,2021-09-17T19:00:00Z,-5.434910
P10,2021-09-17T20:00:00Z,-3.861741
P10,2021-09-17T21:00:00Z,-3.383621
P10,2021-09-17T22:00:00Z,-2.923500
P10,2021-09-17T23:00:00Z,-2.596465
P10,2021-09-18T00:00:00Z,-2.066181
P10,2021-09-18T01:00:00Z,-1.308119
P10,2021-09-18T02:00:00Z,-0.120417
P10,2021-09-18T03:00:00Z,-0.007953
P10,2021-09-18T04:00:00Z,-0.263768
P10,2021-09-18T05:00:00Z,-0.197976
P10,2021-09-18T06:00:00Z,0.312940
P10,2021-09-18T07:00:00Z,0.553920
P10,2021-09-18T08:00:00Z,-1.647618
P10,2021-09-18T09:00:00Z,-0.986547
P10,2021-09-18T10:00:00Z,-2.408315
P10,2021-09-18T11:00:00Z,-2.894300
P10,2021-09-18T12:00:00Z,-4.290890
P10,2021-09-18T13:00:00Z,-3.136065
P10,2021-09-18T14:00:00Z,-3.928998
P10,2021-09-18T15:00:00Z,-4.998948
P10,2021-09-18T16:00:00Z,-4.995280
P10,2021-09-18T17:00:00Z,-5.478483
P10,2021-09-18T18:00:00Z,-5.644714
P10,2021-09-18T19:00:00Z,-4.435576
P10,2021-09-18T20:00:00Z,-6.090099
P10,2021-09-18T21:00:00Z,-3.335458
P10,2021-09-18T22:00:00Z,-3.171222
P10,2021-09-18T23:00:00Z,-2.694849
P10,2021-09-19T00:00:00Z,-2.697575
P10,2021-09-19T01:00:00Z,-2.496034
P10,2021-09-19T02:00:00Z,-0.739483
P10,2021-09-19T03:00:00Z,-0.043570
P10,2021-09-19T04:00:00Z,0.570625
P10,2021-09-19T05:00:00Z,0.429637
P10,2021-09-19T06:00:00Z,-0.412270
P10,2021-09-19T07:00:00Z,0.566434
P10,2021-09-19T08:00:00Z,-0.321681
P10,2021-09-19T09:00:00Z,-1.285384
P10,2021-09-19T10:00:00Z,-1.833769
P10,2021-09-19T11:00:00Z,-2.326254
P10,2021-09-19T12:00:00Z,-3.206408
P10,2021-09-19T13:00:00Z,-4.178819
P10,2021-09-19T14:00:00Z,-5.146375
P10,2021-09-19T15:00:00Z,-5.439492
P10,2021-09-19T16:00:00Z,-4.583688
P10,2021-09-19T17:00:00Z,-6.569264
P10,2021-09-19T18:00:00Z,-5.723862
P10,2021-09-19T19:00:00Z,-6.037328
P10,2021-09-19T20:00:00Z,-5.339195
P10,2021-09-19T21:00:00Z,-4.111442
P10,2021-09-19T22:00:00Z,-3.039995
P10,2021-09-19T23:00:00Z,-3.102187
P10,2021-09-20T00:00:00Z,-1.570705
P10,2021-09-20T01:00:00Z,-0.327294
P10,2021-09-20T02:00:00Z,-0.360758
P10,2021-09-20T03:00:00Z,1.152115
P10,2021-09-20T04:00:00Z,0.002044
P10,2021-09-20T05:00:00Z,0.814264
P10,2021-09-20T06:00:00Z,-1.139320
P10,2021-09-20T07:00:00Z,-0.518661
P10,2021-09-20T08:00:00Z,-0.849646
P10,2021-09-20T09:00:00Z,-0.373017
P10,2021-09-20T10:00:00Z,-2.083533
P10,2021-09-20T11:00:00Z,-2.011458
P10,2021-09-20T12:00:00Z,-2.819766
P10,2021-09-20T13:00:00Z,-4.620972
P10,2021-09-20T14:00:00Z,-4.775378
P10,2021-09-20T15:00:00Z,-5.060687
P10,2021-09-20T16:00:00Z,-6.237723
P10,2021-09-20T17:00:00Z,-6.316199
P10,2021-09-20T18:00:00Z,-5.078831
P10,2021-09-20T19:00:00Z,-6.111288
P10,2021-09-20T20:00:00Z,-4.233258
P10,2021-09-20T21:00:00Z,-5.043005
P10,2021-09-20T22:00:00Z,-3.384715
P10,2021-09-20T23:00:00Z,-2.611828
P10,2021-09-21T00:00:00Z,-1.882614
P10,2021-09-21T01:00:00Z,-0.772498
P10,2021-09-21T02:00:00Z,-0.798744
P10,2021-09-21T03:00:00Z,0.203967
P10,2021-09-21T04:00:00Z,0.313019
P10,2021-09-21T05:00:00Z,-0.467546
P10,2021-09-21T06:00:00Z,0.721514
P10,2021-09-21T07:00:00Z,-0.494208
P10,2021-09-21T08:00:00Z,-1.218541
P10,2021-09-21T09:00:00Z,-1.613196
P10,2021-09-21T10:00:00Z,-1.386468
P10,2021-09-21T11:00:00Z,-3.370708
P10,2021-09-21T12:00:00Z,-2.641177
P10,2021-09-21T13:00:00Z,-3.371831
P10,2021-09-21T14:00:00Z,-4.624306
P10,2021-09-21T15:00:00Z,-4.898092
P10,2021-09-21T16:00:00Z,-5.184344
P10,2021-09-21T17:00:00Z,-5.244149
P10,2021-09-21T18:00:00Z,-4.948083
P10,2021-09-21T19:00:00Z,-4.225234
P10,2021-09-21T20:00:00Z,-3.568324
P10,2021-09-21T21:00:00Z,-4.570147
P10,2021-09-21T22:00:00Z,-3.207186
P10,2021-09-21T23:00:00Z,-3.042260
P10,2021-09-22T00:00:00Z,-1.820969
P10,2021-09-22T01:00:00Z,-1.123920
P10,2021-09-22T02:00:00Z,-0.282428
P10,2021-09-22T03:00:00Z,0.004719
P10,2021-09-22T04:00:00Z,0.648911
P10,2021-09-22T05:00:00Z,-0.582995
P10,2021-09-22T06:00:00Z,0.581723
P10,2021-09-22T07:00:00Z,0.460153
P10,2021-09-22T08:00:00Z,-0.476215
P10,2021-09-22T09:00:00Z,-1.202157
P10,2021-09-22T10:00:00Z,-1.850200
P10,2021-09-22T11:00:00Z,-2.823114
P10,2021-09-22T12:00:00Z,-3.031745
P10,2021-09-22T13:00:00Z,-4.560299
P10,2021-09-22T14:00:00Z,-5.107952
P10,2021-09-22T15:00:00Z,-4.390432
P10,2021-09-22T16:00:00Z,-5.660218
P10,2021-09-22T17:00:00Z,-5.564799
P10,2021-09-22T18:00:00Z,-5.598126
P10,2021-09-22T19:00:00Z,-4.965927
P10,2021-09-22T20:00:00Z,-5.368921
P10,2021-09-22T21:00:00Z,-4.315150
P10,2021-09-22T22:00:00Z,-3.334501
P10,2021-09-22T23:00:00Z,-2.422633
P10,2021-09-23T00:00:00Z,-1.662691
P10,2021-09-23T01:00:00Z,-0.734407
P10,2021-09-23T02:00:00Z,0.513741
P10,2021-09-23T03:00:00Z,-0.723751
P10,2021-09-23T04:00:00Z,0.903456
P10,2021-09-23T05:00:00Z,0.368707
P10,2021-09-23T06:00:00Z,-0.315987
P10,2021-09-23T07:00:00Z,-0.012598
P10,2021-09-23T08:00:00Z,-0.703719
P10,2021-09-23T09:00:00Z,-0.447145
P10,2021-09-23T10:00:00Z,-1.799405
P10,2021-09-23T11:00:00Z,-3.116265
P10,2021-09-23T12:00:00Z,-3.494388
P10,2021-09-23T13:00:00Z,-3.920033
P10,2021-09-23T14:00:00Z,-5.029336
P10,2021-09-23T15:00:00Z,-5.507773
P10,2021-09-23T16:00:00Z,-5.331475
P10,2021-09-23T17:00:00Z,-5.896172
P10,2021-09-23T18:00:00Z,-4.950199
P10,2021-09-23T19:00:00Z,-5.205485
P10,2021-09-23T20:00:00Z,-4.464018
P10,2021-09-23T21:00:00Z,-4.147917
P10,2021-09-23T22:00:00Z,-3.625063
P10,2021-09-23T23:00:00Z,-2.996176
P10,2021-09-24T00:00:00Z,-1.455877
P10,2021-09-24T01:00:00Z,-0.798067
P10,2021-09-24T02:00:00Z,-0.267161
P10,2021-09-24T03:00:00Z,0.212118
P10,2021-09-24T04:00:00Z,0.914676
P10,2021-09-24T05:00:00Z,1.074787
P10,2021-09-24T06:00:00Z,0.622495
P10,2021-09-24T07:00:00Z,0.611527
P10,2021-09-24T08:00:00Z,0.045076
P10,2021-09-24T09:00:00Z,-1.260949
P10,2021-09-24T10:00:00Z,-2.093607
P10,2021-09-24T11:00:00Z,-2.234672
P10,2021-09-24T12:00:00Z,-3.161377
P10,2021-09-24T13:00:00Z,-4.039009
P10,2021-09-24T14:00:00Z,-4.001773
P10,2021-09-24T15:00:00Z,-4.824224
P10,2021-09-24T16:00:00Z,-4.939621
P10,2021-09-24T17:00:00Z,-5.439784
P10,2021-09-24T18:00:00Z,-5.625549
P10,2021-09-24T19:00:00Z,-4.614778
P10,2021-09-24T20:00:00Z,-3.669234
P10,2021-09-24T21:00:00Z,-3.892355
P10,2021-09-24T22:00:00Z,-3.289959
P10,2021-09-24T23:00:00Z,-2.582287
P10,2021-09-25T00:00:00Z,-1.347904
P10,2021-09-25T01:00:00Z,-0.110335
P10,2021-09-25T02:00:00Z,0.217502
P10,2021-09-25T03:00:00Z,-0.448736
P10,2021-09-25T04:00:00Z,0.806407
P10,2021-09-25T05:00:00Z,0.662220
P10,2021-09-25T06:00:00Z,0.541436
P10,2021-09-25T07:00:00Z,0.373159
P10,2021-09-25T08:00:00Z,-0.367915
P10,2021-09-25T09:00:00Z,0.125514
P10,2021-09-25T10:00:00Z,-1.607873
P10,2021-09-25T11:00:00Z,-2.887534
P10,2021-09-25T12:00:00Z,-2.842357
P10,2021-09-25T13:00:00Z,-2.899632
P10,2021-09-25T14:00:00Z,-5.036693
P10,2021-09-25T15:00:00Z,-4.909039
P10,2021-09-25T16:00:00Z,-5.071781
P10,2021-09-25T17:00:00Z,-5.347355
P10,2021-09-25T18:00:00Z,-5.180407
P10,2021-09-25T19:00:00Z,-4.381303
P10,2021-09-25T20:00:00Z,-4.519945
P10,2021-09-25T21:00:00Z,-3.626026
P10,2021-09-25T22:00:00Z,-3.121679
P10,2021-09-25T23:00:00Z,-3.370990
P10,2021-09-26T00:00:00Z,-1.725552
P10,2021-09-26T01:00:00Z,-1.542314
P10,2021-09-26T02:00:00Z,-0.901294
P10,2021-09-26T03:00:00Z,0.064715
P10,2021-09-26T04:00:00Z,0.905904
P10,2021-09-26T05:00:00Z,0.629962
P10,2021-09-26T06:00:00Z,1.104911
P10,2021-09-26T07:00:00Z,0.660023
P10,2021-09-26T08:00:00Z,-0.659222
P10,2021-09-26T09:00:00Z,-0.112064
P10,2021-09-26T10:00:00Z,-1.410941
P10,2021-09-26T11:00:00Z,-2.908559
P10,2021-09-26T12:00:00Z,-2.979587
P10,2021-09-26T13:00:00Z,-3.361228
P10,2021-09-26T14:00:00Z,-4.185654
P10,2021-09-26T15:00:00Z,-4.334841
P10,2021-09-26T16:00:00Z,-4.438101
P10,2021-09-26T17:00:00Z,-4.378586
P10,2021-09-26T18:00:00Z,-5.586533
P10,2021-09-26T19:00:00Z,-3.958062
P10,2021-09-26T20:00:00Z,-4.988912
P10,2021-09-26T21:00:00Z,-3.432945
P10,2021-09-26T22:00:00Z,-3.560319
P10,2021-09-26T23:00:00Z,-2.592748
P10,2021-09-27T00:00:00Z,-1.007388
P10,2021-09-27T01:00:00Z,-0.556295
P10,2021-09-27T02:00:00Z,0.367936
P10,2021-09-27T03:00:00Z,-0.365107
P10,2021-09-27T04:00:00Z,0.826620
P10,2021-09-27T05:00:00Z,1.848518
P10,2021-09-27T06:00:00Z,-0.005313
P10,2021-09-27T07:00:00Z,0.820304
P10,2021-09-27T08:00:00Z,-0.079407
P10,2021-09-27T09:00:00Z,-0.025198
P10,2021-09-27T10:00:00Z,-1.610643
P10,2021-09-27T11:00:00Z,-1.761081
P10,2021-09-27T12:00:00Z,-3.054711
P10,2021-09-27T13:00:00Z,-3.929831
P10,2021-09-27T14:00:00Z,-4.952392
P10,2021-09-27T15:00:00Z,-4.452851
P10,2021-09-27T16:00:00Z,-5.300291
P10,2021-09-27T17:00:00Z,-5.064690
P10,2021-09-27T18:00:00Z,-5.340342
P10,2021-09-27T19:00:00Z,-3.712461
P10,2021-09-27T20:00:00Z,-4.733305
P10,2021-09-27T21:00:00Z,-3.227449
P10,2021-09-27T22:00:00Z,-2.812732
P10,2021-09-27T23:00:00Z,-2.321913
P10,2021-09-28T00:00:00Z,-1.556245
P10,2021-09-28T01:00:00Z,-1.377629
P10,2021-09-28T02:00:00Z,-0.423342
P10,2021-09-28T03:00:00Z,0.901729
P10,2021-09-28T04:00:00Z,0.904024
P10,2021-09-28T05:00:00Z,0.432174
P10,2021-09-28T06:00:00Z,1.628247
P10,2021-09-28T07:00:00Z,0.832888
P10,2021-09-28T08:00:00Z,-0.730189
P10,2021-09-28T09:00:00Z,-0.140542
P10,2021-09-28T10:00:00Z,-1.342158
P10,2021-09-28T11:00:00Z,-2.283313
P10,2021-09-28T12:00:00Z,-2.622970
P10,2021-09-28T13:00:00Z,-3.159108
P10,2021-09-28T14:00:00Z,-4.864149
P10,2021-09-28T15:00:00Z,-5.575341
P10,2021-09-28T16:00:00Z,-4.385199
P10,2021-09-28T17:00:00Z,-5.463118
P10,2021-09-28T18:00:00Z,-5.438113
P10,2021-09-28T19:00:00Z,-5.145440
P10,2021-09-28T20:00:00Z,-4.967005
P10,2021-09-28T21:00:00Z,-3.544389
P10,2021-09-28T22:00:00Z,-3.639660
P10,2021-09-28T23:00:00Z,-1.724424
P10,2021-09-29T00:00:00Z,-1.646408
P10,2021-09-29T01:00:00Z,-1.078529
P10,2021-09-29T02:00:00Z,0.375215
P10,2021-09-29T03:00:00Z,0.434763
P10,2021-09-29T04:00:00Z,-0.109835
P10,2021-09-29T05:00:00Z,0.769513
P10,2021-09-29T06:00:00Z,-0.354275
P10,2021-09-29T07:00:00Z,1.017420
P10,2021-09-29T08:00:00Z,0.115608
P10,2021-09-29T09:00:00Z,-0.478364
P10,2021-09-29T10:00:00Z,-0.597581
P10,2021-09-29T11:00:00Z,-2.489391
P10,2021-09-29T12:00:00Z,-3.532468
P10,2021-09-29T13:00:00Z,-2.865312
P10,2021-09-29T14:00:00Z,-4.099578
P10,2021-09-29T15:00:00Z,-3.779347
P10,2021-09-29T16:00:00Z,-5.389288
P10,2021-09-29T17:00:00Z,-5.493698
P10,2021-09-29T18:00:00Z,-5.564418
P10,2021-09-29T19:00:00Z,-4.351220
P10,2021-09-29T20:00:00Z,-4.464290
P10,2021-09-29T21:00:00Z,-4.296194
P10,2021-09-29T22:00:00Z,-3.238513
P10,2021-09-29T23:00:00Z,-2.177532
P10,2021-09-30T00:00:00Z,-1.446042
P10,2021-09-30T01:00:00Z,-0.622724
P10,2021-09-30T02:00:00Z,-0.323737
P10,2021-09-30T03:00:00Z,0.335428
P10,2021-09-30T04:00:00Z,1.222467
P10,2021-09-30T05:00:00Z,1.172336
P10,2021-09-30T06:00:00Z,0.273997
P10,2021-09-30T07:00:00Z,1.559409
P10,2021-09-30T08:00:00Z,-0.365829
P10,2021-09-30T09:00:00Z,0.419038
P10,2021-09-30T10:00:00Z,-0.012965
P10,2021-09-30T11:00:00Z,-1.888212
P10,2021-09-30T12:00:00Z,-2.745180
P10,2021-09-30T13:00:00Z,-3.860085
P10,2021-09-30T14:00:00Z,-4.800404
P10,2021-09-30T15:00:00Z,-4.579495
P10,2021-09-30T16:00:00Z,-5.265336
P10,2021-09-30T17:00:00Z,-4.519599
P10,2021-09-30T18:00:00Z,-4.868292
P10,2021-09-30T19:00:00Z,-4.183308
P10,2021-09-30T20:00:00Z,-3.966019
P10,2021-09-30T21:00:00Z,-2.882243
P10,2021-09-30T22:00:00Z,-2.140051
P10,2021-09-30T23:00:00Z,-1.708381
