id,time,value
p01,2021-10-17T05:00:00Z,-5.434447
p01,2021-10-17T06:00:00Z,-6.082300
p01,2021-10-17T07:00:00Z,-4.695765
p01,2021-10-17T08:00:00Z,-4.219198
p01,2021-10-17T09:00:00Z,-4.052182
p01,2021-10-17T10:00:00Z,-4.213216
p01,2021-10-17T11:00:00Z,-4.107387
p01,2021-10-17T12:00:00Z,-4.099963
p01,2021-10-17T13:00:00Z,-4.062000
p01,2021-10-17T14:00:00Z,-5.689201
p01,2021-10-17T15:00:00Z,-7.403080
p01,2021-10-17T16:00:00Z,-6.109904
p01,2021-10-17T17:00:00Z,-7.726297
p01,2021-10-17T18:00:00Z,-8.813347
p01,2021-10-17T19:00:00Z,-8.924697
p01,2021-10-17T20:00:00Z,-9.379385
p01,2021-10-17T21:00:00Z,-9.898219
p01,2021-10-17T22:00:00Z,-9.993712
p01,2021-10-17T23:00:00Z,-9.374144
p01,2021-10-18T00:00:00Z,-9.552862
p01,2021-10-18T01:00:00Z,-8.727019
p01,2021-10-18T02:00:00Z,-8.717195
p01,2021-10-18T03:00:00Z,-8.153442
p01,2021-10-18T04:00:00Z,-6.995046
p01,2021-10-18T05:00:00Z,-6.152600
p01,2021-10-18T06:00:00Z,-5.490587
p01,2021-10-18T07:00:00Z,-4.929608
p01,2021-10-18T08:00:00Z,-4.286838
p01,2021-10-18T09:00:00Z,-3.769081
p01,2021-10-18T10:00:00Z,-4.815491
p01,2021-10-18T11:00:00Z,-4.472694
p01,2021-10-18T12:00:00Z,-4.262753
p01,2021-10-18T13:00:00Z,-4.503752
p01,2021-10-18T14:00:00Z,-5.430442
p01,2021-10-18T15:00:00Z,-6.759653
p01,2021-10-18T16:00:00Z,-7.468391
p01,2021-10-18T17:00:00Z,-8.086999
p01,2021-10-18T18:00:00Z,-8.431478
p01,2021-10-18T19:00:00Z,-9.554358
p01,2021-10-18T20:00:00Z,-10.134052
p01,2021-10-18T21:00:00Z,-9.640035
p01,2021-10-18T22:00:00Z,-10.427116
p01,2021-10-18T23:00:00Z,-9.572703
p01,2021-10-19T00:00:00Z,-9.217142
p01,2021-10-19T01:00:00Z,-9.142317
p01,2021-10-19T02:00:00Z,-8.891549
p01,2021-10-19T03:00:00Z,-7.575513
p01,2021-10-19T04:00:00Z,-7.587190
p01,2021-10-19T05:00:00Z,-5.871811
p01,2021-10-19T06:00:00Z,-4.796689
p01,2021-10-19T07:00:00Z,-5.189011
p01,2021-10-19T08:00:00Z,-3.970104
p01,2021-10-19T09:00:00Z,-4.179948
p01,2021-10-19T10:00:00Z,-4.133273
p01,2021-10-19T11:00:00Z,-3.976518
p01,2021-10-19T12:00:00Z,-5.031886
p01,2021-10-19T13:00:00Z,-5.380555
p01,2021-10-19T14:00:00Z,-5.663341
p01,2021-10-19T15:00:00Z,-5.978071
p01,2021-10-19T16:00:00Z,-6.021455
p01,2021-10-19T17:00:00Z,-7.744656
p01,2021-10-19T18:00:00Z,-9.015139
p01,2021-10-19T19:00:00Z,-9.375445
p01,2021-10-19T20:00:00Z,-9.613852
p01,2021-10-19T21:00:00Z,-9.457576
p01,2021-10-19T22:00:00Z,-10.140644
p01,2021-10-19T23:00:00Z,-9.828590
p01,2021-10-20T00:00:00Z,-9.338511
p01,2021-10-20T01:00:00Z,-9.592299
p01,2021-10-20T02:00:00Z,-8.240146
p01,2021-10-20T03:00:00Z,-7.131322
p01,2021-10-20T04:00:00Z,-7.069406
p01,2021-10-20T05:00:00Z,-6.553981
p01,2021-10-20T06:00:00Z,-6.395373
p01,2021-10-20T07:00:00Z,-5.106688
p01,2021-10-20T08:00:00Z,-4.926644
p01,2021-10-20T09:00:00Z,-4.252821
p01,2021-10-20T10:00:00Z,-3.879574
p01,2021-10-20T11:00:00Z,-3.043126
p01,2021-10-20T12:00:00Z,-4.605495
p01,2021-10-20T13:00:00Z,-4.439753
p01,2021-10-20T14:00:00Z,-5.254601
p01,2021-10-20T15:00:00Z,-6.077296
p01,2021-10-20T16:00:00Z,-7.148975
p01,2021-10-20T17:00:00Z,-8.191014
p01,2021-10-20T18:00:00Z,-8.790107
p01,2021-10-20T19:00:00Z,-8.789377
p01,2021-10-20T20:00:00Z,-11.074240
p01,2021-10-20T21:00:00Z,-10.412987
p01,2021-10-20T22:00:00Z,-9.817411
p01,2021-10-20T23:00:00Z,-9.263152
p01,2021-10-21T00:00:00Z,-9.234137
p01,2021-10-21T01:00:00Z,-8.960062
p01,2021-10-21T02:00:00Z,-8.858442
p01,2021-10-21T03:00:00Z,-6.892711
p01,2021-10-21T04:00:00Z,-7.062557
p01,2021-10-21T05:00:00Z,-6.324605
p01,2021-10-21T06:00:00Z,-5.435306
p01,2021-10-21T07:00:00Z,-4.625283
p01,2021-10-21T08:00:00Z,-4.436967
p01,2021-10-21T09:00:00Z,-4.372688
p01,2021-10-21T10:00:00Z,-4.393742
p01,2021-10-21T11:00:00Z,-4.585403
p01,2021-10-21T12:00:00Z,-3.784401
p01,2021-10-21T13:00:00Z,-5.099304
p01,2021-10-21T14:00:00Z,-4.983912
p01,2021-10-21T15:00:00Z,-6.177486
p01,2021-10-21T16:00:00Z,-8.725939
p01,2021-10-21T17:00:00Z,-7.457174
p01,2021-10-21T18:00:00Z,-9.181149
p01,2021-10-21T19:00:00Z,-8.775762
p01,2021-10-21T20:00:00Z,-9.785357
p01,2021-10-21T21:00:00Z,-10.074978
p01,2021-10-21T22:00:00Z,-10.106060
p01,2021-10-21T23:00:00Z,-10.081583
p01,2021-10-22T00:00:00Z,-9.427381
p01,2021-10-22T01:00:00Z,-10.230293
p01,2021-10-22T02:00:00Z,-8.536036
p01,2021-10-22T03:00:00Z,-7.854420
p01,2021-10-22T04:00:00Z,-7.162076
p01,2021-10-22T05:00:00Z,-6.108658
p01,2021-10-22T06:00:00Z,-4.402901
p01,2021-10-22T07:00:00Z,-5.517285
p01,2021-10-22T08:00:00Z,-4.612797
p01,2021-10-22T09:00:00Z,-3.241393
p01,2021-10-22T10:00:00Z,-4.301484
p01,2021-10-22T11:00:00Z,-4.204194
p01,2021-10-22T12:00:00Z,-5.078592
p01,2021-10-22T13:00:00Z,-4.796244
p01,2021-10-22T14:00:00Z,-5.679399
p01,2021-10-22T15:00:00Z,-5.902950
p01,2021-10-22T16:00:00Z,-7.100547
p01,2021-10-22T17:00:00Z,-7.604676
p01,2021-10-22T18:00:00Z,-7.838018
p01,2021-10-22T19:00:00Z,-8.655825
p01,2021-10-22T20:00:00Z,-9.748662
p01,2021-10-22T21:00:00Z,-9.196800
p01,2021-10-22T22:00:00Z,-10.496877
p01,2021-10-22T23:00:00Z,-9.873222
p01,2021-10-23T00:00:00Z,-9.979776
p01,2021-10-23T01:00:00Z,-8.673405
p01,2021-10-23T02:00:00Z,-8.543917
p01,2021-10-23T03:00:00Z,-7.604342
p01,2021-10-23T04:00:00Z,-7.035107
p01,2021-10-23T05:00:00Z,-6.841921
p01,2021-10-23T06:00:00Z,-4.343444
p01,2021-10-23T07:00:00Z,-4.905235
p01,2021-10-23T08:00:00Z,-4.156474
p01,2021-10-23T09:00:00Z,-3.500507
p01,2021-10-23T10:00:00Z,-4.488172
p01,2021-10-23T11:00:00Z,-3.913679
p01,2021-10-23T12:00:00Z,-5.208200
p01,2021-10-23T13:00:00Z,-3.888639
p01,2021-10-23T14:00:00Z,-5.191930
p01,2021-10-23T15:00:00Z,-5.378655
p01,2021-10-23T16:00:00Z,-7.461805
p01,2021-10-23T17:00:00Z,-7.464738
p01,2021-10-23T18:00:00Z,-7.823756
p01,2021-10-23T19:00:00Z,-9.384585
p01,2021-10-23T20:00:00Z,-9.220163
p01,2021-10-23T21:00:00Z,-10.116325
p01,2021-10-23T22:00:00Z,-9.452317
p01,2021-10-23T23:00:00Z,-8.695310
p01,2021-10-24T00:00:00Z,-9.173157
p01,2021-10-24T01:00:00Z,-9.832202
p01,2021-10-24T02:00:00Z,-9.315206
p01,2021-10-24T03:00:00Z,-7.923153
p01,2021-10-24T04:00:00Z,-7.024940
p01,2021-10-24T05:00:00Z,-6.580539
p01,2021-10-24T06:00:00Z,-5.898582
p01,2021-10-24T07:00:00Z,-6.036708
p01,2021-10-24T08:00:00Z,-3.310014
p01,2021-10-24T09:00:00Z,-4.175550
p01,2021-10-24T10:00:00Z,-4.427311
p01,2021-10-24T11:00:00Z,-4.843903
p01,2021-10-24T12:00:00Z,-4.903890
p01,2021-10-24T13:00:00Z,-3.704999
p01,2021-10-24T14:00:00Z,-4.443561
p01,2021-10-24T15:00:00Z,-5.330562
p01,2021-10-24T16:00:00Z,-7.437241
p01,2021-10-24T17:00:00Z,-7.095108
p01,2021-10-24T18:00:00Z,-8.757021
p01,2021-10-24T19:00:00Z,-9.236374
p01,2021-10-24T20:00:00Z,-8.607841
p01,2021-10-24T21:00:00Z,-10.052026
p01,2021-10-24T22:00:00Z,-9.727931
p01,2021-10-24T23:00:00Z,-9.735373
p01,2021-10-25T00:00:00Z,-9.233715
p01,2021-10-25T01:00:00Z,-8.984850
p01,2021-10-25T02:00:00Z,-9.152752
p01,2021-10-25T03:00:00Z,-8.524565
p01,2021-10-25T04:00:00Z,-6.790648
p01,2021-10-25T05:00:00Z,-6.651014
p01,2021-10-25T06:00:00Z,-5.608600
p01,2021-10-25T07:00:00Z,-5.201634
p01,2021-10-25T08:00:00Z,-3.407987
p01,2021-10-25T09:00:00Z,-3.863424
p01,2021-10-25T10:00:00Z,-3.693076
p01,2021-10-25T11:00:00Z,-4.269767
p01,2021-10-25T12:00:00Z,-5.192878
p01,2021-10-25T13:00:00Z,-4.877758
p01,2021-10-25T14:00:00Z,-5.059111
p01,2021-10-25T15:00:00Z,-6.651461
p01,2021-10-25T16:00:00Z,-6.266536
p01,2021-10-25T17:00:00Z,-7.897504
p01,2021-10-25T18:00:00Z,-8.910416
p01,2021-10-25T19:00:00Z,-9.388199
p01,2021-10-25T20:00:00Z,-9.313792
p01,2021-10-25T21:00:00Z,-9.610322
p01,2021-10-25T22:00:00Z,-9.795665
p01,2021-10-25T23:00:00Z,-10.352424
p01,2021-10-26T00:00:00Z,-9.902986
p01,2021-10-26T01:00:00Z,-8.061958
p01,2021-10-26T02:00:00Z,-8.577405
p01,2021-10-26T03:00:00Z,-8.061866
p01,2021-10-26T04:00:00Z,-7.546066
p01,2021-10-26T05:00:00Z,-6.271230
p01,2021-10-26T06:00:00Z,-4.873144
p01,2021-10-26T07:00:00Z,-5.840791
p01,2021-10-26T08:00:00Z,-5.181360
p01,2021-10-26T09:00:00Z,-3.483863
p01,2021-10-26T10:00:00Z,-3.823763
p01,2021-10-26T11:00:00Z,-4.568058
p01,2021-10-26T12:00:00Z,-3.134291
p01,2021-10-26T13:00:00Z,-5.257866
p01,2021-10-26T14:00:00Z,-5.377193
p01,2021-10-26T15:00:00Z,-6.115061
p01,2021-10-26T16:00:00Z,-7.321853
p01,2021-10-26T17:00:00Z,-7.628605
p01,2021-10-26T18:00:00Z,-8.227878
p01,2021-10-26T19:00:00Z,-8.238280
p01,2021-10-26T20:00:00Z,-9.493174
p01,2021-10-26T21:00:00Z,-9.574948
p01,2021-10-26T22:00:00Z,-10.021908
p01,2021-10-26T23:00:00Z,-10.278827
p01,2021-10-27T00:00:00Z,-9.408463
p01,2021-10-27T01:00:00Z,-9.527783
p01,2021-10-27T02:00:00Z,-8.751713
p01,2021-10-27T03:00:00Z,-8.410533
p01,2021-10-27T04:00:00Z,-5.774136
p01,2021-10-27T05:00:00Z,-5.454569
p01,2021-10-27T06:00:00Z,-5.491703
p01,2021-10-27T07:00:00Z,-5.304371
p01,2021-10-27T08:00:00Z,-3.340363
p01,2021-10-27T09:00:00Z,-4.077341
p01,2021-10-27T10:00:00Z,-4.132872
p01,2021-10-27T11:00:00Z,-4.636349
p01,2021-10-27T12:00:00Z,-3.649779
p01,2021-10-27T13:00:00Z,-4.484083
p01,2021-10-27T14:00:00Z,-5.933071
p01,2021-10-27T15:00:00Z,-6.308108
p01,2021-10-27T16:00:00Z,-7.158514
p01,2021-10-27T17:00:00Z,-8.105252
p01,2021-10-27T18:00:00Z,-9.705007
p01,2021-10-27T19:00:00Z,-7.971413
p01,2021-10-27T20:00:00Z,-10.309549
p01,2021-10-27T21:00:00Z,-10.103444
p01,2021-10-27T22:00:00Z,-10.300382
p01,2021-10-27T23:00:00Z,-10.289901
p01,2021-10-28T00:00:00Z,-9.197585
p01,2021-10-28T01:00:00Z,-9.165766
p01,2021-10-28T02:00:00Z,-8.558735
p01,2021-10-28T03:00:00Z,-7.162128
p01,2021-10-28T04:00:00Z,-7.205233
p01,2021-10-28T05:00:00Z,-5.815120
p01,2021-10-28T06:00:00Z,-5.364640
p01,2021-10-28T07:00:00Z,-4.572989
p01,2021-10-28T08:00:00Z,-3.717373
p01,2021-10-28T09:00:00Z,-4.008729
p01,2021-10-28T10:00:00Z,-3.683390
p01,2021-10-28T11:00:00Z,-4.648387
p01,2021-10-28T12:00:00Z,-4.390478
p01,2021-10-28T13:00:00Z,-4.490614
p01,2021-10-28T14:00:00Z,-4.860161
p01,2021-10-28T15:00:00Z,-6.456142
p01,2021-10-28T16:00:00Z,-6.207665
p01,2021-10-28T17:00:00Z,-7.673224
p01,2021-10-28T18:00:00Z,-8.701752
p01,2021-10-28T19:00:00Z,-9.586487
p01,2021-10-28T20:00:00Z,-9.684932
p01,2021-10-28T21:00:00Z,-9.964073
p01,2021-10-28T22:00:00Z,-9.307841
p01,2021-10-28T23:00:00Z,-10.668321
p01,2021-10-29T00:00:00Z,-9.706497
p01,2021-10-29T01:00:00Z,-9.874887
p01,2021-10-29T02:00:00Z,-8.153269
p01,2021-10-29T03:00:00Z,-7.800333
p01,2021-10-29T04:00:00Z,-7.717065
p01,2021-10-29T05:00:00Z,-6.038440
p01,2021-10-29T06:00:00Z,-5.145175
p01,2021-10-29T07:00:00Z,-4.984519
p01,2021-10-29T08:00:00Z,-3.599322
p01,2021-10-29T09:00:00Z,-3.583179
p01,2021-10-29T10:00:00Z,-3.900422
p01,2021-10-29T11:00:00Z,-4.003552
p01,2021-10-29T12:00:00Z,-4.453878
p01,2021-10-29T13:00:00Z,-5.311055
p01,2021-10-29T14:00:00Z,-4.863478
p01,2021-10-29T15:00:00Z,-6.135380
p01,2021-10-29T16:00:00Z,-7.913113
p01,2021-10-29T17:00:00Z,-7.520937
p01,2021-10-29T18:00:00Z,-8.254281
p01,2021-10-29T19:00:00Z,-8.494267
p01,2021-10-29T20:00:00Z,-10.752880
p01,2021-10-29T21:00:00Z,-9.181305
p01,2021-10-29T22:00:00Z,-9.308464
p01,2021-10-29T23:00:00Z,-9.397858
p01,2021-10-30T00:00:00Z,-8.873245
p01,2021-10-30T01:00:00Z,-8.621359
p01,2021-10-30T02:00:00Z,-7.897492
p01,2021-10-30T03:00:00Z,-7.956326
p01,2021-10-30T04:00:00Z,-7.375568
p01,2021-10-30T05:00:00Z,-6.042232
p01,2021-10-30T06:00:00Z,-5.542603
p01,2021-10-30T07:00:00Z,-4.529556
p01,2021-10-30T08:00:00Z,-4.188872
p01,2021-10-30T09:00:00Z,-4.368483
p01,2021-10-30T10:00:00Z,-4.701197
p01,2021-10-30T11:00:00Z,-2.984188
p01,2021-10-30T12:00:00Z,-4.762674
p01,2021-10-30T13:00:00Z,-4.622666
p01,2021-10-30T14:00:00Z,-5.102005
p01,2021-10-30T15:00:00Z,-6.463683
p01,2021-10-30T16:00:00Z,-7.074187
p01,2021-10-30T17:00:00Z,-7.148037
p01,2021-10-30T18:00:00Z,-8.130029
p01,2021-10-30T19:00:00Z,-9.403751
p01,2021-10-30T20:00:00Z,-8.275522
p01,2021-10-30T21:00:00Z,-9.554712
p01,2021-10-30T22:00:00Z,-9.118416
p01,2021-10-30T23:00:00Z,-8.831572
p01,2021-10-31T00:00:00Z,-8.987113
p01,2021-10-31T01:00:00Z,-8.622916
p01,2021-10-31T02:00:00Z,-9.276075
p01,2021-10-31T03:00:00Z,-7.992009
p01,2021-10-31T04:00:00Z,-7.515608
p01,2021-10-31T05:00:00Z,-6.708496
p01,2021-10-31T06:00:00Z,-5.371134
p01,2021-10-31T07:00:00Z,-4.538112
p01,2021-10-31T08:00:00Z,-3.337287
p01,2021-10-31T09:00:00Z,-3.572347
p01,2021-10-31T10:00:00Z,-3.335421
p01,2021-10-31T11:00:00Z,-3.747669
p01,2021-10-31T12:00:00Z,-4.460026
p01,2021-10-31T13:00:00Z,-5.314976
p01,2021-10-31T14:00:00Z,-5.016022
p01,2021-10-31T15:00:00Z,-5.558880
p01,2021-10-31T16:00:00Z,-7.656781
p01,2021-10-31T17:00:00Z,-7.977764
p01,2021-10-31T18:00:00Z,-8.097721
p01,2021-10-31T19:00:00Z,-8.262179
p01,2021-10-31T20:00:00Z,-9.461066
p01,2021-10-31T21:00:00Z,-8.991031
p01,2021-10-31T22:00:00Z,-9.999998
p01,2021-10-31T23:00:00Z,-8.570133
p01,2021-11-01T00:00:00Z,-9.641955
p01,2021-11-01T01:00:00Z,-8.267293
p01,2021-11-01T02:00:00Z,-8.916320
p01,2021-11-01T03:00:00Z,-7.572006
p01,2021-11-01T04:00:00Z,-5.910231
p01,2021-11-01T05:00:00Z,-5.920252
p01,2021-11-01T06:00:00Z,-5.604708
p01,2021-11-01T07:00:00Z,-4.731839
p01,2021-11-01T08:00:00Z,-3.722294
p01,2021-11-01T09:00:00Z,-3.346435
p01,2021-11-01T10:00:00Z,-3.815410
p01,2021-11-01T11:00:00Z,-3.687233
p01,2021-11-01T12:00:00Z,-3.767690
p01,2021-11-01T13:00:00Z,-4.279736
p01,2021-11-01T14:00:00Z,-5.521751
p01,2021-11-01T15:00:00Z,-5.325856
p01,2021-11-01T16:00:00Z,-6.030925
p01,2021-11-01T17:00:00Z,-7.880570
p01,2021-11-01T18:00:00Z,-8.505201
p01,2021-11-01T19:00:00Z,-8.656214
p01,2021-11-01T20:00:00Z,-8.766288
p01,2021-11-01T21:00:00Z,-8.780226
p01,2021-11-01T22:00:00Z,-10.066128
p01,2021-11-01T23:00:00Z,-9.798890
p01,2021-11-02T00:00:00Z,-9.091379
p01,2021-11-02T01:00:00Z,-8.916508
p01,2021-11-02T02:00:00Z,-7.425755
p01,2021-11-02T03:00:00Z,-7.263147
p01,2021-11-02T04:00:00Z,-6.919973
p01,2021-11-02T05:00:00Z,-5.977111
p01,2021-11-02T06:00:00Z,-5.688897
p01,2021-11-02T07:00:00Z,-5.020020
p01,2021-11-02T08:00:00Z,-3.731876
p01,2021-11-02T09:00:00Z,-3.245197
p01,2021-11-02T10:00:00Z,-4.473533
p01,2021-11-02T11:00:00Z,-4.536144
p01,2021-11-02T12:00:00Z,-3.383451
p01,2021-11-02T13:00:00Z,-4.289320
p01,2021-11-02T14:00:00Z,-4.886434
p01,2021-11-02T15:00:00Z,-6.004930
p01,2021-11-02T16:00:00Z,-6.826521
p01,2021-11-02T17:00:00Z,-7.058897
p01,2021-11-02T18:00:00Z,-8.317024
p01,2021-11-02T19:00:00Z,-8.473973
p01,2021-11-02T20:00:00Z,-9.914948
p01,2021-11-02T21:00:00Z,-9.070884
p01,2021-11-02T22:00:00Z,-10.109986
p01,2021-11-02T23:00:00Z,-8.831165
p01,2021-11-03T00:00:00Z,-9.302714
p01,2021-11-03T01:00:00Z,-9.243734
p01,2021-11-03T02:00:00Z,-8.249687
p01,2021-11-03T03:00:00Z,-6.953027
p01,2021-11-03T04:00:00Z,-6.389598
p01,2021-11-03T05:00:00Z,-6.047874
p01,2021-11-03T06:00:00Z,-5.044624
p01,2021-11-03T07:00:00Z,-4.229403
p01,2021-11-03T08:00:00Z,-3.907044
p01,2021-11-03T09:00:00Z,-3.971722
p01,2021-11-03T10:00:00Z,-3.953081
p01,2021-11-03T11:00:00Z,-3.920968
p01,2021-11-03T12:00:00Z,-3.878763
p01,2021-11-03T13:00:00Z,-3.765241
p01,2021-11-03T14:00:00Z,-5.119263
p01,2021-11-03T15:00:00Z,-5.957756
p01,2021-11-03T16:00:00Z,-6.524219
p01,2021-11-03T17:00:00Z,-8.935829
p01,2021-11-03T18:00:00Z,-7.360152
p01,2021-11-03T19:00:00Z,-9.004790
p01,2021-11-03T20:00:00Z,-8.923061
p01,2021-11-03T21:00:00Z,-9.239094
p01,2021-11-03T22:00:00Z,-9.367633
p01,2021-11-03T23:00:00Z,-8.708942
p01,2021-11-04T00:00:00Z,-8.275373
p01,2021-11-04T01:00:00Z,-9.216497
p01,2021-11-04T02:00:00Z,-8.767156
p01,2021-11-04T03:00:00Z,-7.421110
p01,2021-11-04T04:00:00Z,-5.993313
p01,2021-11-04T05:00:00Z,-5.630917
p01,2021-11-04T06:00:00Z,-5.878852
p01,2021-11-04T07:00:00Z,-4.184168
p01,2021-11-04T08:00:00Z,-4.479947
p01,2021-11-04T09:00:00Z,-4.284914
p01,2021-11-04T10:00:00Z,-3.751981
p01,2021-11-04T11:00:00Z,-3.464705
p01,2021-11-04T12:00:00Z,-3.759609
p01,2021-11-04T13:00:00Z,-3.994611
p01,2021-11-04T14:00:00Z,-5.029152
p01,2021-11-04T15:00:00Z,-6.239274
p01,2021-11-04T16:00:00Z,-5.966698
p01,2021-11-04T17:00:00Z,-7.012892
p01,2021-11-04T18:00:00Z,-7.752504
p01,2021-11-04T19:00:00Z,-8.219854
p01,2021-11-04T20:00:00Z,-8.465472
p01,2021-11-04T21:00:00Z,-9.236999
p01,2021-11-04T22:00:00Z,-10.793937
p01,2021-11-04T23:00:00Z,-9.007548
p01,2021-11-05T00:00:00Z,-9.723405
p01,2021-11-05T01:00:00Z,-8.637655
p01,2021-11-05T02:00:00Z,-7.780698
p01,2021-11-05T03:00:00Z,-7.424493
p01,2021-11-05T04:00:00Z,-6.993940
p01,2021-11-05T05:00:00Z,-5.553372
p01,2021-11-05T06:00:00Z,-4.645820
p01,2021-11-05T07:00:00Z,-4.004549
p01,2021-11-05T08:00:00Z,-4.024026
p01,2021-11-05T09:00:00Z,-3.086578
p01,2021-11-05T10:00:00Z,-3.698754
p01,2021-11-05T11:00:00Z,-3.602515
p01,2021-11-05T12:00:00Z,-4.692779
p01,2021-11-05T13:00:00Z,-4.486959
p01,2021-11-05T14:00:00Z,-5.352543
p01,2021-11-05T15:00:00Z,-5.396722
p01,2021-11-05T16:00:00Z,-5.957997
p01,2021-11-05T17:00:00Z,-7.159718
p01,2021-11-05T18:00:00Z,-7.723056
p01,2021-11-05T19:00:00Z,-8.722372
p01,2021-11-05T20:00:00Z,-9.724114
p01,2021-11-05T21:00:00Z,-9.607007
p01,2021-11-05T22:00:00Z,-10.233271
p01,2021-11-05T23:00:00Z,-9.407101
p01,2021-11-06T00:00:00Z,-9.752586
p01,2021-11-06T01:00:00Z,-9.581838
p01,2021-11-06T02:00:00Z,-8.476323
p01,2021-11-06T03:00:00Z,-6.519515
p01,2021-11-06T04:00:00Z,-6.858536
p01,2021-11-06T05:00:00Z,-5.716004
p01,2021-11-06T06:00:00Z,-4.516879
p01,2021-11-06T07:00:00Z,-4.492937
p01,2021-11-06T08:00:00Z,-4.310332
p01,2021-11-06T09:00:00Z,-3.159792
p01,2021-11-06T10:00:00Z,-3.730708
p01,2021-11-06T11:00:00Z,-4.674337
p01,2021-11-06T12:00:00Z,-3.876213
p01,2021-11-06T13:00:00Z,-4.567857
p01,2021-11-06T14:00:00Z,-4.800262
p01,2021-11-06T15:00:00Z,-6.475785
p01,2021-11-06T16:00:00Z,-6.837288
p01,2021-11-06T17:00:00Z,-7.989213
p01,2021-11-06T18:00:00Z,-7.999055
p01,2021-11-06T19:00:00Z,-8.099515
p01,2021-11-06T20:00:00Z,-9.383840
p01,2021-11-06T21:00:00Z,-9.176324
p01,2021-11-06T22:00:00Z,-8.562451
p01,2021-11-06T23:00:00Z,-8.871722
p01,2021-11-07T00:00:00Z,-9.072124
p01,2021-11-07T01:00:00Z,-7.748205
p01,2021-11-07T02:00:00Z,-8.248640
p01,2021-11-07T03:00:00Z,-7.554239
p01,2021-11-07T04:00:00Z,-5.874657
p01,2021-11-07T05:00:00Z,-5.136079
p01,2021-11-07T06:00:00Z,-4.379582
p01,2021-11-07T07:00:00Z,-4.750288
p01,2021-11-07T08:00:00Z,-4.293062
p01,2021-11-07T09:00:00Z,-4.742165
p01,2021-11-07T10:00:00Z,-2.678637
p01,2021-11-07T11:00:00Z,-3.927853
p01,2021-11-07T12:00:00Z,-3.731963
p01,2021-11-07T13:00:00Z,-4.193697
p01,2021-11-07T14:00:00Z,-5.021992
p01,2021-11-07T15:00:00Z,-6.131923
p01,2021-11-07T16:00:00Z,-5.904792
p01,2021-11-07T17:00:00Z,-6.863071
p01,2021-11-07T18:00:00Z,-7.929673
p01,2021-11-07T19:00:00Z,-9.210528
p01,2021-11-07T20:00:00Z,-9.105088
p01,2021-11-07T21:00:00Z,-9.179069
p01,2021-11-07T22:00:00Z,-9.599051
p01,2021-11-07T23:00:00Z,-10.003145
p01,2021-11-08T00:00:00Z,-8.995618
p01,2021-11-08T01:00:00Z,-8.668109
p01,2021-11-08T02:00:00Z,-8.831853
p01,2021-11-08T03:00:00Z,-7.468739
p01,2021-11-08T04:00:00Z,-6.073312
p01,2021-11-08T05:00:00Z,-5.541309
p01,2021-11-08T06:00:00Z,-5.174079
p01,2021-11-08T07:00:00Z,-4.078417
p01,2021-11-08T08:00:00Z,-4.094083
p01,2021-11-08T09:00:00Z,-3.451930
p01,2021-11-08T10:00:00Z,-2.717075
p01,2021-11-08T11:00:00Z,-3.935026
p01,2021-11-08T12:00:00Z,-4.359325
p01,2021-11-08T13:00:00Z,-3.876964
p01,2021-11-08T14:00:00Z,-4.646289
p01,2021-11-08T15:00:00Z,-5.337693
p01,2021-11-08T16:00:00Z,-6.912224
p01,2021-11-08T17:00:00Z,-7.371342
p01,2021-11-08T18:00:00Z,-8.763636
p01,2021-11-08T19:00:00Z,-8.537736
p01,2021-11-08T20:00:00Z,-8.523048
p01,2021-11-08T21:00:00Z,-8.961978
p01,2021-11-08T22:00:00Z,-9.743961
p01,2021-11-08T23:00:00Z,-9.457417
p01,2021-11-09T00:00:00Z,-7.481340
p01,2021-11-09T01:00:00Z,-7.779027
p01,2021-11-09T02:00:00Z,-8.138111
p01,2021-11-09T03:00:00Z,-7.522528
p01,2021-11-09T04:00:00Z,-6.432278
p01,2021-11-09T05:00:00Z,-5.541523
p01,2021-11-09T06:00:00Z,-5.169800
p01,2021-11-09T07:00:00Z,-3.765394
p01,2021-11-09T08:00:00Z,-4.269462
p01,2021-11-09T09:00:00Z,-2.978138
p01,2021-11-09T10:00:00Z,-2.537164
p01,2021-11-09T11:00:00Z,-2.921102
p01,2021-11-09T12:00:00Z,-3.888174
p01,2021-11-09T13:00:00Z,-3.895844
p01,2021-11-09T14:00:00Z,-4.065117
p01,2021-11-09T15:00:00Z,-5.427090
p01,2021-11-09T16:00:00Z,-6.576581
p01,2021-11-09T17:00:00Z,-6.825551
p01,2021-11-09T18:00:00Z,-8.089644
p01,2021-11-09T19:00:00Z,-8.568712
p01,2021-11-09T20:00:00Z,-9.149543
p01,2021-11-09T21:00:00Z,-8.517800
p01,2021-11-09T22:00:00Z,-8.897551
p01,2021-11-09T23:00:00Z,-9.841906
p01,2021-11-10T00:00:00Z,-9.418635
p01,2021-11-10T01:00:00Z,-7.604926
p01,2021-11-10T02:00:00Z,-7.050450
p01,2021-11-10T03:00:00Z,-6.047031
p01,2021-11-10T04:00:00Z,-6.101624
p01,2021-11-10T05:00:00Z,-5.994980
p01,2021-11-10T06:00:00Z,-5.655216
p01,2021-11-10T07:00:00Z,-4.302899
p01,2021-11-10T08:00:00Z,-4.037392
p01,2021-11-10T09:00:00Z,-4.182095
p01,2021-11-10T10:00:00Z,-3.515814
p01,2021-11-10T11:00:00Z,-3.713118
p01,2021-11-10T12:00:00Z,-3.291510
p01,2021-11-10T13:00:00Z,-3.593344
p01,2021-11-10T14:00:00Z,-5.030965
p01,2021-11-10T15:00:00Z,-5.727690
p01,2021-11-10T16:00:00Z,-6.198642
p01,2021-11-10T17:00:00Z,-6.576777
p01,2021-11-10T18:00:00Z,-7.390619
p01,2021-11-10T19:00:00Z,-7.961101
p01,2021-11-10T20:00:00Z,-8.726660
p01,2021-11-10T21:00:00Z,-9.700092
p01,2021-11-10T22:00:00Z,-9.768625
p01,2021-11-10T23:00:00Z,-9.886725
p01,2021-11-11T00:00:00Z,-8.793369
p01,2021-11-11T01:00:00Z,-7.974509
p01,2021-11-11T02:00:00Z,-7.716340
p01,2021-11-11T03:00:00Z,-6.078440
p01,2021-11-11T04:00:00Z,-7.277184
p01,2021-11-11T05:00:00Z,-5.359497
p01,2021-11-11T06:00:00Z,-5.243098
p01,2021-11-11T07:00:00Z,-4.020234
p01,2021-11-11T08:00:00Z,-3.882047
p01,2021-11-11T09:00:00Z,-2.909790
p01,2021-11-11T10:00:00Z,-3.697422
p01,2021-11-11T11:00:00Z,-3.086844
p01,2021-11-11T12:00:00Z,-3.616594
p01,2021-11-11T13:00:00Z,-4.285023
p01,2021-11-11T14:00:00Z,-4.154851
p01,2021-11-11T15:00:00Z,-5.923056
p01,2021-11-11T16:00:00Z,-5.949336
p01,2021-11-11T17:00:00Z,-7.029877
p01,2021-11-11T18:00:00Z,-7.248593
p01,2021-11-11T19:00:00Z,-8.771967
p01,2021-11-11T20:00:00Z,-8.979484
p01,2021-11-11T21:00:00Z,-8.620814
p01,2021-11-11T22:00:00Z,-8.919254
p01,2021-11-11T23:00:00Z,-8.993271
p01,2021-11-12T00:00:00Z,-8.564728
p01,2021-11-12T01:00:00Z,-7.922159
p01,2021-11-12T02:00:00Z,-7.409065
p01,2021-11-12T03:00:00Z,-7.349372
p01,2021-11-12T04:00:00Z,-6.635143
p01,2021-11-12T05:00:00Z,-5.621356
p01,2021-11-12T06:00:00Z,-4.690349
p01,2021-11-12T07:00:00Z,-3.880913
p01,2021-11-12T08:00:00Z,-3.850472
p01,2021-11-12T09:00:00Z,-3.477734
p01,2021-11-12T10:00:00Z,-2.773575
p01,2021-11-12T11:00:00Z,-3.327259
p01,2021-11-12T12:00:00Z,-3.800682
p01,2021-11-12T13:00:00Z,-4.002128
p01,2021-11-12T14:00:00Z,-4.701807
p01,2021-11-12T15:00:00Z,-5.714400
p01,2021-11-12T16:00:00Z,-5.974451
p01,2021-11-12T17:00:00Z,-7.220270
p01,2021-11-12T18:00:00Z,-7.758861
p01,2021-11-12T19:00:00Z,-8.015808
p01,2021-11-12T20:00:00Z,-8.938750
p01,2021-11-12T21:00:00Z,-9.131570
p01,2021-11-12T22:00:00Z,-9.640934
p01,2021-11-12T23:00:00Z,-9.221172
p01,2021-11-13T00:00:00Z,-8.417325
p01,2021-11-13T01:00:00Z,-8.483347
p01,2021-11-13T02:00:00Z,-9.188594
p01,2021-11-13T03:00:00Z,-7.275345
p01,2021-11-13T04:00:00Z,-6.672589
p01,2021-11-13T05:00:00Z,-5.921423
p01,2021-11-13T06:00:00Z,-5.052753
p01,2021-11-13T07:00:00Z,-4.523533
p01,2021-11-13T08:00:00Z,-3.861362
p01,2021-11-13T09:00:00Z,-3.194984
p01,2021-11-13T10:00:00Z,-2.828826
p01,2021-11-13T11:00:00Z,-2.994536
p01,2021-11-13T12:00:00Z,-4.278493
p01,2021-11-13T13:00:00Z,-3.687220
p01,2021-11-13T14:00:00Z,-4.374830
p01,2021-11-13T15:00:00Z,-6.218215
p01,2021-11-13T16:00:00Z,-5.992132
p01,2021-11-13T17:00:00Z,-7.744255
p01,2021-11-13T18:00:00Z,-7.897401
p01,2021-11-13T19:00:00Z,-7.703006
p01,2021-11-13T20:00:00Z,-9.352442
p01,2021-11-13T21:00:00Z,-9.436226
p01,2021-11-13T22:00:00Z,-9.033114
p01,2021-11-13T23:00:00Z,-8.732799
p01,2021-11-14T00:00:00Z,-8.836593
p01,2021-11-14T01:00:00Z,-8.162057
p01,2021-11-14T02:00:00Z,-6.548739
p01,2021-11-14T03:00:00Z,-6.673908
p01,2021-11-14T04:00:00Z,-6.571051
p01,2021-11-14T05:00:00Z,-5.869982
p01,2021-11-14T06:00:00Z,-3.390921
p01,2021-11-14T07:00:00Z,-3.858773
p01,2021-11-14T08:00:00Z,-3.820418
p01,2021-11-14T09:00:00Z,-3.510745
p01,2021-11-14T10:00:00Z,-2.778379
p01,2021-11-14T11:00:00Z,-3.316474
p01,2021-11-14T12:00:00Z,-3.925686
p01,2021-11-14T13:00:00Z,-3.599169
p01,2021-11-14T14:00:00Z,-4.920961
p01,2021-11-14T15:00:00Z,-6.077036
p01,2021-11-14T16:00:00Z,-5.719987
p01,2021-11-14T17:00:00Z,-6.151607
p01,2021-11-14T18:00:00Z,-7.903234
p01,2021-11-14T19:00:00Z,-8.331065
p01,2021-11-14T20:00:00Z,-7.853066
p01,2021-11-14T21:00:00Z,-8.770616
p01,2021-11-14T22:00:00Z,-9.467438
p01,2021-11-14T23:00:00Z,-8.434919
p01,2021-11-15T00:00:00Z,-9.068414
p01,2021-11-15T01:00:00Z,-7.616281
p01,2021-11-15T02:00:00Z,-7.947740
p01,2021-11-15T03:00:00Z,-6.053968
p01,2021-11-15T04:00:00Z,-6.624920
p01,2021-11-15T05:00:00Z,-5.110940
p01,2021-11-15T06:00:00Z,-4.208884
p01,2021-11-15T07:00:00Z,-5.333739
p01,2021-11-15T08:00:00Z,-3.063900
p01,2021-11-15T09:00:00Z,-2.741353
p01,2021-11-15T10:00:00Z,-2.861843
p01,2021-11-15T11:00:00Z,-4.150872
p01,2021-11-15T12:00:00Z,-3.687723
p01,2021-11-15T13:00:00Z,-3.693945
p01,2021-11-15T14:00:00Z,-4.808189
p01,2021-11-15T15:00:00Z,-4.924899
p01,2021-11-15T16:00:00Z,-6.589830
p01,2021-11-15T17:00:00Z,-6.871224
p01,2021-11-15T18:00:00Z,-7.441042
p01,2021-11-15T19:00:00Z,-8.268082
p01,2021-11-15T20:00:00Z,-7.842470
p01,2021-11-15T21:00:00Z,-8.734331
p01,2021-11-15T22:00:00Z,-8.082024
p01,2021-11-15T23:00:00Z,-8.943822
p01,2021-11-16T00:00:00Z,-7.814312
p01,2021-11-16T01:00:00Z,-7.246652
p01,2021-11-16T02:00:00Z,-6.933107
p01,2021-11-16T03:00:00Z,-6.238539
p01,2021-11-16T04:00:00Z,-6.396671
p01,2021-11-16T05:00:00Z,-5.925108
p01,2021-11-16T06:00:00Z,-5.501492
p01,2021-11-16T07:00:00Z,-3.747996
p01,2021-11-16T08:00:00Z,-3.082178
p01,2021-11-16T09:00:00Z,-3.073542
p01,2021-11-16T10:00:00Z,-2.219150
p01,2021-11-16T11:00:00Z,-2.997555
p01,2021-11-16T12:00:00Z,-3.610223
p01,2021-11-16T13:00:00Z,-3.456375
p01,2021-11-16T14:00:00Z,-3.998859
p01,2021-11-16T15:00:00Z,-4.621450
p01,2021-11-16T16:00:00Z,-5.062614
p01,2021-11-16T17:00:00Z,-6.700125
p01,2021-11-16T18:00:00Z,-7.257230
p01,2021-11-16T19:00:00Z,-7.987550
p01,2021-11-16T20:00:00Z,-8.587041
p01,2021-11-16T21:00:00Z,-8.492592
p01,2021-11-16T22:00:00Z,-9.603546
p01,2021-11-16T23:00:00Z,-9.087008
p01,2021-11-17T00:00:00Z,-8.651754
p01,2021-11-17T01:00:00Z,-7.979360
p01,2021-11-17T02:00:00Z,-7.186377
p01,2021-11-17T03:00:00Z,-7.109935
p01,2021-11-17T04:00:00Z,-5.974754
p01,2021-11-17T05:00:00Z,-4.335613
p01,2021-11-17T06:00:00Z,-4.569328
p01,2021-11-17T07:00:00Z,-3.829011
p01,2021-11-17T08:00:00Z,-3.007756
p01,2021-11-17T09:00:00Z,-2.901786
p01,2021-11-17T10:00:00Z,-3.364682
p01,2021-11-17T11:00:00Z,-3.178044
p01,2021-11-17T12:00:00Z,-3.408074
p01,2021-11-17T13:00:00Z,-4.554120
p01,2021-11-17T14:00:00Z,-4.797257
p01,2021-11-17T15:00:00Z,-4.927737
p01,2021-11-17T16:00:00Z,-6.080787
p01,2021-11-17T17:00:00Z,-6.634086
p01,2021-11-17T18:00:00Z,-6.954369
p01,2021-11-17T19:00:00Z,-7.967876
p01,2021-11-17T20:00:00Z,-9.144269
p01,2021-11-17T21:00:00Z,-8.605208
p01,2021-11-17T22:00:00Z,-9.429756
p01,2021-11-17T23:00:00Z,-7.870017
p01,2021-11-18T00:00:00Z,-7.529797
p01,2021-11-18T01:00:00Z,-7.538407
p01,2021-11-18T02:00:00Z,-6.946945
p01,2021-11-18T03:00:00Z,-6.878541
p01,2021-11-18T04:00:00Z,-6.362206
p01,2021-11-18T05:00:00Z,-5.580958
p01,2021-11-18T06:00:00Z,-3.988421
p01,2021-11-18T07:00:00Z,-3.735741
p01,2021-11-18T08:00:00Z,-3.572944
p01,2021-11-18T09:00:00Z,-2.681036
p01,2021-11-18T10:00:00Z,-2.742117
p01,2021-11-18T11:00:00Z,-3.504987
p01,2021-11-18T12:00:00Z,-3.080685
p01,2021-11-18T13:00:00Z,-3.936761
p01,2021-11-18T14:00:00Z,-4.451437
p01,2021-11-18T15:00:00Z,-5.257984
p01,2021-11-18T16:00:00Z,-5.621017
p01,2021-11-18T17:00:00Z,-6.273260
p01,2021-11-18T18:00:00Z,-8.293759
p01,2021-11-18T19:00:00Z,-7.270826
p01,2021-11-18T20:00:00Z,-8.055767
p01,2021-11-18T21:00:00Z,-7.955704
p01,2021-11-18T22:00:00Z,-8.511267
p01,2021-11-18T23:00:00Z,-9.162593
p01,2021-11-19T00:00:00Z,-8.882892
p01,2021-11-19T01:00:00Z,-7.692417
p01,2021-11-19T02:00:00Z,-6.825788
p01,2021-11-19T03:00:00Z,-5.672880
p01,2021-11-19T04:00:00Z,-5.680610
p01,2021-11-19T05:00:00Z,-4.599843
p01,2021-11-19T06:00:00Z,-3.885691
p01,2021-11-19T07:00:00Z,-2.757920
p01,2021-11-19T08:00:00Z,-1.966503
p01,2021-11-19T09:00:00Z,-2.287660
p01,2021-11-19T10:00:00Z,-2.415235
p01,2021-11-19T11:00:00Z,-3.024969
p01,2021-11-19T12:00:00Z,-3.260152
p01,2021-11-19T13:00:00Z,-3.793025
p01,2021-11-19T14:00:00Z,-4.492372
p01,2021-11-19T15:00:00Z,-5.195300
p01,2021-11-19T16:00:00Z,-5.241180
p01,2021-11-19T17:00:00Z,-6.993628
p01,2021-11-19T18:00:00Z,-7.589648
p01,2021-11-19T19:00:00Z,-7.557795
p01,2021-11-19T20:00:00Z,-8.165299
p01,2021-11-19T21:00:00Z,-8.394161
p01,2021-11-19T22:00:00Z,-8.869580
p01,2021-11-19T23:00:00Z,-8.424139
p01,2021-11-20T00:00:00Z,-7.982125
p01,2021-11-20T01:00:00Z,-7.822087
p01,2021-11-20T02:00:00Z,-7.532230
p01,2021-11-20T03:00:00Z,-5.759520
p01,2021-11-20T04:00:00Z,-5.686705
p01,2021-11-20T05:00:00Z,-5.659684
p01,2021-11-20T06:00:00Z,-4.230222
p01,2021-11-20T07:00:00Z,-3.787659
p01,2021-11-20T08:00:00Z,-3.290589
p01,2021-11-20T09:00:00Z,-2.914397
p01,2021-11-20T10:00:00Z,-2.584367
p01,2021-11-20T11:00:00Z,-3.144745
p01,2021-11-20T12:00:00Z,-2.533268
p01,2021-11-20T13:00:00Z,-4.081091
p01,2021-11-20T14:00:00Z,-4.870036
p01,2021-11-20T15:00:00Z,-3.809512
p01,2021-11-20T16:00:00Z,-5.236992
p01,2021-11-20T17:00:00Z,-6.169684
p01,2021-11-20T18:00:00Z,-6.316255
p01,2021-11-20T19:00:00Z,-8.155871
p01,2021-11-20T20:00:00Z,-8.604186
p01,2021-11-20T21:00:00Z,-9.066269
p01,2021-11-20T22:00:00Z,-8.623974
p01,2021-11-20T23:00:00Z,-8.773061
p01,2021-11-21T00:00:00Z,-8.918854
p01,2021-11-21T01:00:00Z,-7.204163
p01,2021-11-21T02:00:00Z,-7.108978
p01,2021-11-21T03:00:00Z,-6.096545
p01,2021-11-21T04:00:00Z,-5.511370
p01,2021-11-21T05:00:00Z,-4.173878
p01,2021-11-21T06:00:00Z,-4.302684
p01,2021-11-21T07:00:00Z,-3.519451
p01,2021-11-21T08:00:00Z,-3.099831
p01,2021-11-21T09:00:00Z,-1.919596
p01,2021-11-21T10:00:00Z,-1.764609
p01,2021-11-21T11:00:00Z,-2.767256
p01,2021-11-21T12:00:00Z,-2.733115
p01,2021-11-21T13:00:00Z,-3.062796
p01,2021-11-21T14:00:00Z,-4.087467
p01,2021-11-21T15:00:00Z,-4.218337
p01,2021-11-21T16:00:00Z,-5.919993
p01,2021-11-21T17:00:00Z,-5.982425
p01,2021-11-21T18:00:00Z,-6.017551
p01,2021-11-21T19:00:00Z,-7.447652
p01,2021-11-21T20:00:00Z,-8.419049
p01,2021-11-21T21:00:00Z,-8.868357
p01,2021-11-21T22:00:00Z,-8.899346
p01,2021-11-21T23:00:00Z,-9.669546
p01,2021-11-22T00:00:00Z,-8.272045
p01,2021-11-22T01:00:00Z,-6.901431
p01,2021-11-22T02:00:00Z,-6.802560
p01,2021-11-22T03:00:00Z,-6.007922
p01,2021-11-22T04:00:00Z,-4.910296
p01,2021-11-22T05:00:00Z,-5.283237
p01,2021-11-22T06:00:00Z,-4.050167
p01,2021-11-22T07:00:00Z,-3.653867
p01,2021-11-22T08:00:00Z,-3.049343
p01,2021-11-22T09:00:00Z,-2.649016
p01,2021-11-22T10:00:00Z,-2.153548
p01,2021-11-22T11:00:00Z,-3.108672
p01,2021-11-22T12:00:00Z,-3.436917
p01,2021-11-22T13:00:00Z,-2.638420
p01,2021-11-22T14:00:00Z,-4.059151
p01,2021-11-22T15:00:00Z,-5.865413
p01,2021-11-22T16:00:00Z,-5.392926
p01,2021-11-22T17:00:00Z,-6.266911
p01,2021-11-22T18:00:00Z,-7.216460
p01,2021-11-22T19:00:00Z,-7.738812
p01,2021-11-22T20:00:00Z,-8.732251
p01,2021-11-22T21:00:00Z,-9.722282
p01,2021-11-22T22:00:00Z,-7.819405
p01,2021-11-22T23:00:00Z,-8.332902
p01,2021-11-23T00:00:00Z,-8.284142
p01,2021-11-23T01:00:00Z,-7.425927
p01,2021-11-23T02:00:00Z,-6.998956
p01,2021-11-23T03:00:00Z,-6.394569
p01,2021-11-23T04:00:00Z,-6.322887
p01,2021-11-23T05:00:00Z,-4.555854
p01,2021-11-23T06:00:00Z,-3.332572
p01,2021-11-23T07:00:00Z,-3.484838
p01,2021-11-23T08:00:00Z,-3.116174
p01,2021-11-23T09:00:00Z,-2.623451
p01,2021-11-23T10:00:00Z,-2.027614
p01,2021-11-23T11:00:00Z,-2.760136
p01,2021-11-23T12:00:00Z,-2.755680
p01,2021-11-23T13:00:00Z,-3.675864
p01,2021-11-23T14:00:00Z,-3.645783
p01,2021-11-23T15:00:00Z,-4.398493
p01,2021-11-23T16:00:00Z,-4.718950
p01,2021-11-23T17:00:00Z,-5.998446
p01,2021-11-23T18:00:00Z,-7.158800
p01,2021-11-23T19:00:00Z,-7.359743
p01,2021-11-23T20:00:00Z,-6.414032
p01,2021-11-23T21:00:00Z,-8.639783
p01,2021-11-23T22:00:00Z,-7.857563
p01,2021-11-23T23:00:00Z,-8.584245
p01,2021-11-24T00:00:00Z,-7.764235
p01,2021-11-24T01:00:00Z,-7.352802
p01,2021-11-24T02:00:00Z,-8.133467
p01,2021-11-24T03:00:00Z,-5.896595
p01,2021-11-24T04:00:00Z,-4.802360
p01,2021-11-24T05:00:00Z,-5.341902
p01,2021-11-24T06:00:00Z,-3.808837
p01,2021-11-24T07:00:00Z,-3.177230
p01,2021-11-24T08:00:00Z,-2.345804
p01,2021-11-24T09:00:00Z,-2.405257
p01,2021-11-24T10:00:00Z,-2.860907
p01,2021-11-24T11:00:00Z,-2.594511
p01,2021-11-24T12:00:00Z,-2.186030
p01,2021-11-24T13:00:00Z,-3.167440
p01,2021-11-24T14:00:00Z,-4.453878
p01,2021-11-24T15:00:00Z,-4.436284
p01,2021-11-24T16:00:00Z,-5.466034
p01,2021-11-24T17:00:00Z,-6.012969
p01,2021-11-24T18:00:00Z,-6.618738
p01,2021-11-24T19:00:00Z,-6.830960
p01,2021-11-24T20:00:00Z,-8.602393
p01,2021-11-24T21:00:00Z,-8.252691
p01,2021-11-24T22:00:00Z,-8.872699
p01,2021-11-24T23:00:00Z,-8.029927
p01,2021-11-25T00:00:00Z,-8.489114
p01,2021-11-25T01:00:00Z,-7.541333
p01,2021-11-25T02:00:00Z,-5.767919
p01,2021-11-25T03:00:00Z,-5.957365
p01,2021-11-25T04:00:00Z,-4.832571
p01,2021-11-25T05:00:00Z,-5.364415
p01,2021-11-25T06:00:00Z,-4.478944
p01,2021-11-25T07:00:00Z,-3.406745
p01,2021-11-25T08:00:00Z,-3.284468
p01,2021-11-25T09:00:00Z,-2.105995
p01,2021-11-25T10:00:00Z,-1.537462
p01,2021-11-25T11:00:00Z,-3.427844
p01,2021-11-25T12:00:00Z,-4.263602
p01,2021-11-25T13:00:00Z,-2.804467
p01,2021-11-25T14:00:00Z,-4.514105
p01,2021-11-25T15:00:00Z,-4.041878
p01,2021-11-25T16:00:00Z,-6.018438
p01,2021-11-25T17:00:00Z,-6.668439
p01,2021-11-25T18:00:00Z,-6.611680
p01,2021-11-25T19:00:00Z,-7.749348
p01,2021-11-25T20:00:00Z,-7.613196
p01,2021-11-25T21:00:00Z,-7.875490
p01,2021-11-25T22:00:00Z,-7.613073
p01,2021-11-25T23:00:00Z,-8.642433
p01,2021-11-26T00:00:00Z,-8.108230
p01,2021-11-26T01:00:00Z,-7.806158
p01,2021-11-26T02:00:00Z,-6.796620
p01,2021-11-26T03:00:00Z,-6.305212
p01,2021-11-26T04:00:00Z,-4.823417
p01,2021-11-26T05:00:00Z,-4.354186
p01,2021-11-26T06:00:00Z,-3.162135
p01,2021-11-26T07:00:00Z,-3.603013
p01,2021-11-26T08:00:00Z,-2.087475
p01,2021-11-26T09:00:00Z,-3.346274
p01,2021-11-26T10:00:00Z,-1.428466
p01,2021-11-26T11:00:00Z,-1.850035
p01,2021-11-26T12:00:00Z,-3.370486
p01,2021-11-26T13:00:00Z,-3.165270
p01,2021-11-26T14:00:00Z,-4.529761
p01,2021-11-26T15:00:00Z,-4.098290
p01,2021-11-26T16:00:00Z,-4.483771
p01,2021-11-26T17:00:00Z,-5.552205
p01,2021-11-26T18:00:00Z,-5.416241
p01,2021-11-26T19:00:00Z,-7.226130
p01,2021-11-26T20:00:00Z,-7.219810
p01,2021-11-26T21:00:00Z,-7.958208
p01,2021-11-26T22:00:00Z,-7.299488
p01,2021-11-26T23:00:00Z,-7.627147
p01,2021-11-27T00:00:00Z,-7.178152
p01,2021-11-27T01:00:00Z,-7.169764
p01,2021-11-27T02:00:00Z,-6.684822
p01,2021-11-27T03:00:00Z,-6.027346
p01,2021-11-27T04:00:00Z,-4.397159
p01,2021-11-27T05:00:00Z,-3.696256
p01,2021-11-27T06:00:00Z,-3.373319
p01,2021-11-27T07:00:00Z,-2.761940
p01,2021-11-27T08:00:00Z,-2.682750
p01,2021-11-27T09:00:00Z,-3.274372
p01,2021-11-27T10:00:00Z,-2.509967
p01,2021-11-27T11:00:00Z,-1.840045
p01,2021-11-27T12:00:00Z,-2.516633
p01,2021-11-27T13:00:00Z,-2.360248
p01,2021-11-27T14:00:00Z,-3.546657
p01,2021-11-27T15:00:00Z,-3.240057
p01,2021-11-27T16:00:00Z,-4.804435
p01,2021-11-27T17:00:00Z,-4.785121
p01,2021-11-27T18:00:00Z,-6.135215
p01,2021-11-27T19:00:00Z,-6.337205
p01,2021-11-27T20:00:00Z,-7.125594
p01,2021-11-27T21:00:00Z,-7.800289
p01,2021-11-27T22:00:00Z,-8.734682
p01,2021-11-27T23:00:00Z,-7.598240
p01,2021-11-28T00:00:00Z,-7.396304
p01,2021-11-28T01:00:00Z,-7.195432
p01,2021-11-28T02:00:00Z,-6.724741
p01,2021-11-28T03:00:00Z,-6.224208
p01,2021-11-28T04:00:00Z,-5.557627
p01,2021-11-28T05:00:00Z,-3.627585
p01,2021-11-28T06:00:00Z,-3.661914
p01,2021-11-28T07:00:00Z,-3.237293
p01,2021-11-28T08:00:00Z,-1.553895
p01,2021-11-28T09:00:00Z,-1.931895
p01,2021-11-28T10:00:00Z,-1.957455
p01,2021-11-28T11:00:00Z,-2.127652
p01,2021-11-28T12:00:00Z,-3.011559
p01,2021-11-28T13:00:00Z,-3.040729
p01,2021-11-28T14:00:00Z,-3.036267
p01,2021-11-28T15:00:00Z,-4.294031
p01,2021-11-28T16:00:00Z,-4.749908
p01,2021-11-28T17:00:00Z,-5.912240
p01,2021-11-28T18:00:00Z,-6.281639
p01,2021-11-28T19:00:00Z,-7.237336
p01,2021-11-28T20:00:00Z,-7.760808
p01,2021-11-28T21:00:00Z,-8.691785
p01,2021-11-28T22:00:00Z,-8.486815
p01,2021-11-28T23:00:00Z,-7.250855
p01,2021-11-29T00:00:00Z,-7.832572
p01,2021-11-29T01:00:00Z,-7.135628
p01,2021-11-29T02:00:00Z,-6.129328
p01,2021-11-29T03:00:00Z,-5.643069
p01,2021-11-29T04:00:00Z,-5.809755
p01,2021-11-29T05:00:00Z,-4.625673
p01,2021-11-29T06:00:00Z,-3.529865
p01,2021-11-29T07:00:00Z,-2.453591
p01,2021-11-29T08:00:00Z,-1.402377
p01,2021-11-29T09:00:00Z,-2.656224
p01,2021-11-29T10:00:00Z,-2.492103
p01,2021-11-29T11:00:00Z,-2.536522
p01,2021-11-29T12:00:00Z,-2.593348
p01,2021-11-29T13:00:00Z,-3.043681
p01,2021-11-29T14:00:00Z,-3.982279
p01,2021-11-29T15:00:00Z,-4.050961
p01,2021-11-29T16:00:00Z,-5.189052
p01,2021-11-29T17:00:00Z,-5.841476
p01,2021-11-29T18:00:00Z,-6.606935
p01,2021-11-29T19:00:00Z,-6.313516
p01,2021-11-29T20:00:00Z,-7.166667
p01,2021-11-29T21:00:00Z,-8.035124
p01,2021-11-29T22:00:00Z,-8.382662
p01,2021-11-29T23:00:00Z,-8.247068
p01,2021-11-30T00:00:00Z,-7.986572
p01,2021-11-30T01:00:00Z,-6.870533
p01,2021-11-30T02:00:00Z,-5.643858
p01,2021-11-30T03:00:00Z,-5.683573
p01,2021-11-30T04:00:00Z,-5.357213
p01,2021-11-30T05:00:00Z,-3.835632
p01,2021-11-30T06:00:00Z,-2.741095
p01,2021-11-30T07:00:00Z,-2.878009
p01,2021-11-30T08:00:00Z,-1.794635
p01,2021-11-30T09:00:00Z,-1.637944
p01,2021-11-30T10:00:00Z,-2.086460
p01,2021-11-30T11:00:00Z,-1.928426
p01,2021-11-30T12:00:00Z,-2.068048
p01,2021-11-30T13:00:00Z,-2.694469
p01,2021-11-30T14:00:00Z,-3.435729
p01,2021-11-30T15:00:00Z,-4.606427
p01,2021-11-30T16:00:00Z,-5.008427
p01,2021-11-30T17:00:00Z,-5.687372
p01,2021-11-30T18:00:00Z,-6.260802
p01,2021-11-30T19:00:00Z,-7.371844
p01,2021-11-30T20:00:00Z,-7.576224
p01,2021-11-30T21:00:00Z,-8.320196
p01,2021-11-30T22:00:00Z,-7.608667
p01,2021-11-30T23:00:00Z,-8.139029
p01,2021-12-01T00:00:00Z,-7.711072
p01,2021-12-01T01:00:00Z,-7.183691
p01,2021-12-01T02:00:00Z,-5.671793
p01,2021-12-01T03:00:00Z,-5.623619
p01,2021-12-01T04:00:00Z,-4.275706
p01,2021-12-01T05:00:00Z,-3.342224
p01,2021-12-01T06:00:00Z,-3.185240
p01,2021-12-01T07:00:00Z,-2.460507
p01,2021-12-01T08:00:00Z,-2.486381
p01,2021-12-01T09:00:00Z,-2.403590
p01,2021-12-01T10:00:00Z,-1.934448
p01,2021-12-01T11:00:00Z,-0.906473
p01,2021-12-01T12:00:00Z,-1.434837
p01,2021-12-01T13:00:00Z,-1.960338
p01,2021-12-01T14:00:00Z,-2.924535
p01,2021-12-01T15:00:00Z,-3.034962
p01,2021-12-01T16:00:00Z,-4.354318
p01,2021-12-01T17:00:00Z,-4.803876
p01,2021-12-01T18:00:00Z,-5.613480
p01,2021-12-01T19:00:00Z,-6.337372
p01,2021-12-01T20:00:00Z,-6.002140
p01,2021-12-01T21:00:00Z,-6.978700
p01,2021-12-01T22:00:00Z,-7.535586
p01,2021-12-01T23:00:00Z,-7.626556
p01,2021-12-02T00:00:00Z,-7.507588
p01,2021-12-02T01:00:00Z,-6.646339
p01,2021-12-02T02:00:00Z,-5.971666
p01,2021-12-02T03:00:00Z,-5.228103
p01,2021-12-02T04:00:00Z,-4.395517
p01,2021-12-02T05:00:00Z,-4.185344
p01,2021-12-02T06:00:00Z,-2.197708
p01,2021-12-02T07:00:00Z,-3.310490
p01,2021-12-02T08:00:00Z,-1.539951
p01,2021-12-02T09:00:00Z,-2.582973
p01,2021-12-02T10:00:00Z,-1.706209
p01,2021-12-02T11:00:00Z,-1.723007
p01,2021-12-02T12:00:00Z,-1.976854
p01,2021-12-02T13:00:00Z,-2.576192
p01,2021-12-02T14:00:00Z,-3.238045
p01,2021-12-02T15:00:00Z,-3.105344
p01,2021-12-02T16:00:00Z,-4.778677
p01,2021-12-02T17:00:00Z,-5.556429
p01,2021-12-02T18:00:00Z,-6.500228
p01,2021-12-02T19:00:00Z,-6.802832
p01,2021-12-02T20:00:00Z,-7.426448
p01,2021-12-02T21:00:00Z,-7.057552
p01,2021-12-02T22:00:00Z,-7.160871
p01,2021-12-02T23:00:00Z,-8.025168
p01,2021-12-03T00:00:00Z,-7.357075
p01,2021-12-03T01:00:00Z,-6.687357
p01,2021-12-03T02:00:00Z,-5.713509
p01,2021-12-03T03:00:00Z,-4.534793
p01,2021-12-03T04:00:00Z,-5.727665
p01,2021-12-03T05:00:00Z,-5.011392
p01,2021-12-03T06:00:00Z,-3.058986
p01,2021-12-03T07:00:00Z,-1.859946
p01,2021-12-03T08:00:00Z,-2.629033
p01,2021-12-03T09:00:00Z,-1.054540
p01,2021-12-03T10:00:00Z,-1.476931
p01,2021-12-03T11:00:00Z,-1.059278
p01,2021-12-03T12:00:00Z,-2.496952
p01,2021-12-03T13:00:00Z,-2.575368
p01,2021-12-03T14:00:00Z,-2.790177
p01,2021-12-03T15:00:00Z,-3.572687
p01,2021-12-03T16:00:00Z,-5.058566
p01,2021-12-03T17:00:00Z,-5.329416
p01,2021-12-03T18:00:00Z,-5.936303
p01,2021-12-03T19:00:00Z,-6.435994
p01,2021-12-03T20:00:00Z,-7.191221
p01,2021-12-03T21:00:00Z,-7.202972
p01,2021-12-03T22:00:00Z,-6.786537
p01,2021-12-03T23:00:00Z,-6.741897
p01,2021-12-04T00:00:00Z,-6.320306
p01,2021-12-04T01:00:00Z,-6.822184
p01,2021-12-04T02:00:00Z,-5.525326
p01,2021-12-04T03:00:00Z,-5.327167
p01,2021-12-04T04:00:00Z,-4.615765
p01,2021-12-04T05:00:00Z,-4.318930
p01,2021-12-04T06:00:00Z,-2.070817
p01,2021-12-04T07:00:00Z,-2.347124
p01,2021-12-04T08:00:00Z,-2.294942
p01,2021-12-04T09:00:00Z,-1.977350
p01,2021-12-04T10:00:00Z,-1.521722
p01,2021-12-04T11:00:00Z,-1.172218
p01,2021-12-04T12:00:00Z,-2.139152
p01,2021-12-04T13:00:00Z,-1.777058
p01,2021-12-04T14:00:00Z,-2.606964
p01,2021-12-04T15:00:00Z,-4.939175
p01,2021-12-04T16:00:00Z,-5.068849
p01,2021-12-04T17:00:00Z,-5.131922
p01,2021-12-04T18:00:00Z,-6.931801
p01,2021-12-04T19:00:00Z,-6.032325
p01,2021-12-04T20:00:00Z,-6.270651
p01,2021-12-04T21:00:00Z,-7.126743
p01,2021-12-04T22:00:00Z,-7.284645
p01,2021-12-04T23:00:00Z,-7.980739
p01,2021-12-05T00:00:00Z,-7.030069
p01,2021-12-05T01:00:00Z,-5.947404
p01,2021-12-05T02:00:00Z,-5.020427
p01,2021-12-05T03:00:00Z,-5.442625
p01,2021-12-05T04:00:00Z,-4.007655
p01,2021-12-05T05:00:00Z,-4.243313
p01,2021-12-05T06:00:00Z,-2.741879
p01,2021-12-05T07:00:00Z,-1.970971
p01,2021-12-05T08:00:00Z,-0.198123
p01,2021-12-05T09:00:00Z,-2.011547
p01,2021-12-05T10:00:00Z,-1.657835
p01,2021-12-05T11:00:00Z,-1.054944
p01,2021-12-05T12:00:00Z,-1.905599
p01,2021-12-05T13:00:00Z,-1.487479
p01,2021-12-05T14:00:00Z,-2.734428
p01,2021-12-05T15:00:00Z,-2.669659
p01,2021-12-05T16:00:00Z,-3.632655
p01,2021-12-05T17:00:00Z,-5.755581
p01,2021-12-05T18:00:00Z,-5.167188
p01,2021-12-05T19:00:00Z,-6.060999
p01,2021-12-05T20:00:00Z,-7.276609
p01,2021-12-05T21:00:00Z,-7.654746
p01,2021-12-05T22:00:00Z,-6.971494
p01,2021-12-05T23:00:00Z,-6.736958
p01,2021-12-06T00:00:00Z,-6.762855
p01,2021-12-06T01:00:00Z,-5.329433
p01,2021-12-06T02:00:00Z,-6.040567
p01,2021-12-06T03:00:00Z,-5.420333
p01,2021-12-06T04:00:00Z,-4.156653
p01,2021-12-06T05:00:00Z,-3.991505
p01,2021-12-06T06:00:00Z,-3.361350
p01,2021-12-06T07:00:00Z,-2.247809
p01,2021-12-06T08:00:00Z,-1.371955
p01,2021-12-06T09:00:00Z,-1.367158
p01,2021-12-06T10:00:00Z,-2.053933
p01,2021-12-06T11:00:00Z,-0.885277
p01,2021-12-06T12:00:00Z,-1.372298
p01,2021-12-06T13:00:00Z,-1.851541
p01,2021-12-06T14:00:00Z,-2.834329
p01,2021-12-06T15:00:00Z,-3.234473
p01,2021-12-06T16:00:00Z,-2.806401
p01,2021-12-06T17:00:00Z,-5.149193
p01,2021-12-06T18:00:00Z,-5.576100
p01,2021-12-06T19:00:00Z,-6.326136
p01,2021-12-06T20:00:00Z,-6.650719
p01,2021-12-06T21:00:00Z,-7.180383
p01,2021-12-06T22:00:00Z,-7.191760
p01,2021-12-06T23:00:00Z,-6.769466
p01,2021-12-07T00:00:00Z,-6.587862
p01,2021-12-07T01:00:00Z,-6.198801
p01,2021-12-07T02:00:00Z,-5.370180
p01,2021-12-07T03:00:00Z,-4.346404
p01,2021-12-07T04:00:00Z,-4.490379
p01,2021-12-07T05:00:00Z,-3.595717
p01,2021-12-07T06:00:00Z,-2.464775
p01,2021-12-07T07:00:00Z,-1.706384
p01,2021-12-07T08:00:00Z,-1.569418
p01,2021-12-07T09:00:00Z,-1.060185
p01,2021-12-07T10:00:00Z,-0.007554
p01,2021-12-07T11:00:00Z,-1.218473
p01,2021-12-07T12:00:00Z,-0.715825
p01,2021-12-07T13:00:00Z,-2.732600
p01,2021-12-07T14:00:00Z,-2.380002
p01,2021-12-07T15:00:00Z,-3.217276
p01,2021-12-07T16:00:00Z,-4.480460
p01,2021-12-07T17:00:00Z,-5.111144
p01,2021-12-07T18:00:00Z,-5.245291
p01,2021-12-07T19:00:00Z,-5.730411
p01,2021-12-07T20:00:00Z,-6.637296
p01,2021-12-07T21:00:00Z,-6.726915
p01,2021-12-07T22:00:00Z,-6.777369
p01,2021-12-07T23:00:00Z,-6.618118
p01,2021-12-08T00:00:00Z,-6.450962
p01,2021-12-08T01:00:00Z,-6.975872
p01,2021-12-08T02:00:00Z,-6.087914
p01,2021-12-08T03:00:00Z,-5.456100
p01,2021-12-08T04:00:00Z,-3.239794
p01,2021-12-08T05:00:00Z,-4.253898
p01,2021-12-08T06:00:00Z,-2.922034
p01,2021-12-08T07:00:00Z,-1.626842
p01,2021-12-08T08:00:00Z,-1.967043
p01,2021-12-08T09:00:00Z,-0.799759
p01,2021-12-08T10:00:00Z,-0.535044
p01,2021-12-08T11:00:00Z,-1.147300
p01,2021-12-08T12:00:00Z,-0.499449
p01,2021-12-08T13:00:00Z,-2.207613
p01,2021-12-08T14:00:00Z,-2.604506
p01,2021-12-08T15:00:00Z,-2.970187
p01,2021-12-08T16:00:00Z,-4.582625
p01,2021-12-08T17:00:00Z,-4.792543
p01,2021-12-08T18:00:00Z,-5.056610
p01,2021-12-08T19:00:00Z,-5.548931
p01,2021-12-08T20:00:00Z,-6.710344
p01,2021-12-08T21:00:00Z,-6.136732
p01,2021-12-08T22:00:00Z,-7.186175
p01,2021-12-08T23:00:00Z,-7.187131
p01,2021-12-09T00:00:00Z,-6.352130
p01,2021-12-09T01:00:00Z,-6.418030
p01,2021-12-09T02:00:00Z,-5.318274
p01,2021-12-09T03:00:00Z,-5.294667
p01,2021-12-09T04:00:00Z,-3.484436
p01,2021-12-09T05:00:00Z,-3.616191
p01,2021-12-09T06:00:00Z,-1.272889
p01,2021-12-09T07:00:00Z,-1.539926
p01,2021-12-09T08:00:00Z,-1.109369
p01,2021-12-09T09:00:00Z,-0.889679
p01,2021-12-09T10:00:00Z,-0.849348
p01,2021-12-09T11:00:00Z,-1.182635
p01,2021-12-09T12:00:00Z,-1.281873
p01,2021-12-09T13:00:00Z,-2.035154
p01,2021-12-09T14:00:00Z,-1.010494
p01,2021-12-09T15:00:00Z,-3.058368
p01,2021-12-09T16:00:00Z,-3.311803
p01,2021-12-09T17:00:00Z,-4.806252
p01,2021-12-09T18:00:00Z,-5.897533
p01,2021-12-09T19:00:00Z,-4.911872
p01,2021-12-09T20:00:00Z,-6.552053
p01,2021-12-09T21:00:00Z,-6.902096
p01,2021-12-09T22:00:00Z,-6.953517
p01,2021-12-09T23:00:00Z,-6.477377
p01,2021-12-10T00:00:00Z,-6.613052
p01,2021-12-10T01:00:00Z,-5.895228
p01,2021-12-10T02:00:00Z,-5.893807
p01,2021-12-10T03:00:00Z,-5.363704
p01,2021-12-10T04:00:00Z,-4.618457
p01,2021-12-10T05:00:00Z,-3.257279
p01,2021-12-10T06:00:00Z,-2.985432
p01,2021-12-10T07:00:00Z,-2.218357
p01,2021-12-10T08:00:00Z,-1.168387
p01,2021-12-10T09:00:00Z,-0.394056
p01,2021-12-10T10:00:00Z,-1.470631
p01,2021-12-10T11:00:00Z,-0.205724
p01,2021-12-10T12:00:00Z,-1.570427
p01,2021-12-10T13:00:00Z,-1.207061
p01,2021-12-10T14:00:00Z,-2.873451
p01,2021-12-10T15:00:00Z,-2.743405
p01,2021-12-10T16:00:00Z,-3.497827
p01,2021-12-10T17:00:00Z,-4.640778
p01,2021-12-10T18:00:00Z,-4.519554
p01,2021-12-10T19:00:00Z,-5.518773
p01,2021-12-10T20:00:00Z,-6.184827
p01,2021-12-10T21:00:00Z,-6.035964
p01,2021-12-10T22:00:00Z,-6.697011
p01,2021-12-10T23:00:00Z,-6.370035
p01,2021-12-11T00:00:00Z,-5.146696
p01,2021-12-11T01:00:00Z,-5.690555
p01,2021-12-11T02:00:00Z,-4.581140
p01,2021-12-11T03:00:00Z,-3.711134
p01,2021-12-11T04:00:00Z,-3.804591
p01,2021-12-11T05:00:00Z,-2.697060
p01,2021-12-11T06:00:00Z,-2.196890
p01,2021-12-11T07:00:00Z,-1.866470
p01,2021-12-11T08:00:00Z,-1.380386
p01,2021-12-11T09:00:00Z,0.077147
p01,2021-12-11T10:00:00Z,-0.919663
p01,2021-12-11T11:00:00Z,-0.014484
p01,2021-12-11T12:00:00Z,-1.034719
p01,2021-12-11T13:00:00Z,-2.158256
p01,2021-12-11T14:00:00Z,-2.486950
p01,2021-12-11T15:00:00Z,-3.588701
p01,2021-12-11T16:00:00Z,-3.805350
p01,2021-12-11T17:00:00Z,-4.813413
p01,2021-12-11T18:00:00Z,-4.717482
p01,2021-12-11T19:00:00Z,-5.787640
p01,2021-12-11T20:00:00Z,-6.433469
p01,2021-12-11T21:00:00Z,-7.020071
p01,2021-12-11T22:00:00Z,-6.162858
p01,2021-12-11T23:00:00Z,-6.273380
p01,2021-12-12T00:00:00Z,-5.605464
p01,2021-12-12T01:00:00Z,-5.744816
p01,2021-12-12T02:00:00Z,-4.541857
p01,2021-12-12T03:00:00Z,-4.259239
p01,2021-12-12T04:00:00Z,-3.303830
p01,2021-12-12T05:00:00Z,-3.454410
p01,2021-12-12T06:00:00Z,-2.074820
p01,2021-12-12T07:00:00Z,-1.532707
p01,2021-12-12T08:00:00Z,-0.429747
p01,2021-12-12T09:00:00Z,-0.619196
p01,2021-12-12T10:00:00Z,-0.764215
p01,2021-12-12T11:00:00Z,-0.241908
p01,2021-12-12T12:00:00Z,-0.589314
p01,2021-12-12T13:00:00Z,-1.371977
p01,2021-12-12T14:00:00Z,-2.318309
p01,2021-12-12T15:00:00Z,-2.852993
p01,2021-12-12T16:00:00Z,-2.995645
p01,2021-12-12T17:00:00Z,-4.538718
p01,2021-12-12T18:00:00Z,-5.249427
p01,2021-12-12T19:00:00Z,-5.119381
p01,2021-12-12T20:00:00Z,-6.224111
p01,2021-12-12T21:00:00Z,-6.610640
p01,2021-12-12T22:00:00Z,-5.405206
p01,2021-12-12T23:00:00Z,-6.368096
p01,2021-12-13T00:00:00Z,-6.541614
p01,2021-12-13T01:00:00Z,-6.084954
p01,2021-12-13T02:00:00Z,-4.692916
p01,2021-12-13T03:00:00Z,-4.216830
p01,2021-12-13T04:00:00Z,-2.860926
p01,2021-12-13T05:00:00Z,-2.749483
p01,2021-12-13T06:00:00Z,-2.860935
p01,2021-12-13T07:00:00Z,-1.095889
p01,2021-12-13T08:00:00Z,-0.677952
p01,2021-12-13T09:00:00Z,-0.749596
p01,2021-12-13T10:00:00Z,-0.940904
p01,2021-12-13T11:00:00Z,-0.839066
p01,2021-12-13T12:00:00Z,-0.416517
p01,2021-12-13T13:00:00Z,-1.229888
p01,2021-12-13T14:00:00Z,-2.686434
p01,2021-12-13T15:00:00Z,-2.025191
p01,2021-12-13T16:00:00Z,-3.504880
p01,2021-12-13T17:00:00Z,-4.866063
p01,2021-12-13T18:00:00Z,-4.560477
p01,2021-12-13T19:00:00Z,-7.079230
p01,2021-12-13T20:00:00Z,-6.258385
p01,2021-12-13T21:00:00Z,-7.017946
p01,2021-12-13T22:00:00Z,-6.274412
p01,2021-12-13T23:00:00Z,-6.793068
p01,2021-12-14T00:00:00Z,-6.269625
p01,2021-12-14T01:00:00Z,-5.922267
p01,2021-12-14T02:00:00Z,-3.866087
p01,2021-12-14T03:00:00Z,-4.199872
p01,2021-12-14T04:00:00Z,-3.509214
p01,2021-12-14T05:00:00Z,-2.325770
p01,2021-12-14T06:00:00Z,-1.662009
p01,2021-12-14T07:00:00Z,-1.306863
p01,2021-12-14T08:00:00Z,-0.706057
p01,2021-12-14T09:00:00Z,-0.031736
p01,2021-12-14T10:00:00Z,0.426726
p01,2021-12-14T11:00:00Z,-1.019891
p01,2021-12-14T12:00:00Z,-0.775074
p01,2021-12-14T13:00:00Z,-0.328865
p01,2021-12-14T14:00:00Z,-1.941987
p01,2021-12-14T15:00:00Z,-2.954483
p01,2021-12-14T16:00:00Z,-4.097376
p01,2021-12-14T17:00:00Z,-3.675269
p01,2021-12-14T18:00:00Z,-4.645399
p01,2021-12-14T19:00:00Z,-6.417600
p01,2021-12-14T20:00:00Z,-5.559795
p01,2021-12-14T21:00:00Z,-5.763654
p01,2021-12-14T22:00:00Z,-5.809689
p01,2021-12-14T23:00:00Z,-5.930720
p01,2021-12-15T00:00:00Z,-6.457612
p01,2021-12-15T01:00:00Z,-5.179847
p01,2021-12-15T02:00:00Z,-4.863115
p01,2021-12-15T03:00:00Z,-4.558001
p01,2021-12-15T04:00:00Z,-2.723647
p01,2021-12-15T05:00:00Z,-2.686700
p01,2021-12-15T06:00:00Z,-2.257368
p01,2021-12-15T07:00:00Z,-0.378947
p01,2021-12-15T08:00:00Z,-0.577385
p01,2021-12-15T09:00:00Z,-0.346611
p01,2021-12-15T10:00:00Z,0.167101
p01,2021-12-15T11:00:00Z,-0.483351
p01,2021-12-15T12:00:00Z,-0.413451
p01,2021-12-15T13:00:00Z,-0.606543
p01,2021-12-15T14:00:00Z,-1.764706
p01,2021-12-15T15:00:00Z,-1.853236
p01,2021-12-15T16:00:00Z,-3.241233
p01,2021-12-15T17:00:00Z,-3.770884
p01,2021-12-15T18:00:00Z,-4.589502
p01,2021-12-15T19:00:00Z,-3.745111
p01,2021-12-15T20:00:00Z,-6.979007
p01,2021-12-15T21:00:00Z,-6.765952
p01,2021-12-15T22:00:00Z,-6.966596
p01,2021-12-15T23:00:00Z,-6.621821
p01,2021-12-16T00:00:00Z,-5.614671
p01,2021-12-16T01:00:00Z,-5.330057
p01,2021-12-16T02:00:00Z,-5.057313
p01,2021-12-16T03:00:00Z,-4.490293
p01,2021-12-16T04:00:00Z,-3.044764
p01,2021-12-16T05:00:00Z,-2.455335
p01,2021-12-16T06:00:00Z,-1.643039
p01,2021-12-16T07:00:00Z,-0.346104
p01,2021-12-16T08:00:00Z,0.505462
p01,2021-12-16T09:00:00Z,-0.894336
p01,2021-12-16T10:00:00Z,-0.163996
p01,2021-12-16T11:00:00Z,0.738594
p01,2021-12-16T12:00:00Z,0.043075
p01,2021-12-16T13:00:00Z,-1.298894
p01,2021-12-16T14:00:00Z,-2.237908
p01,2021-12-16T15:00:00Z,-2.928941
p01,2021-12-16T16:00:00Z,-2.144673
p01,2021-12-16T17:00:00Z,-3.913980
p01,2021-12-16T18:00:00Z,-4.820001
p01,2021-12-16T19:00:00Z,-4.845456
p01,2021-12-16T20:00:00Z,-5.846801
p01,2021-12-16T21:00:00Z,-5.652175
p01,2021-12-16T22:00:00Z,-6.087004
p01,2021-12-16T23:00:00Z,-5.645890
p01,2021-12-17T00:00:00Z,-5.526368
p01,2021-12-17T01:00:00Z,-5.163117
p01,2021-12-17T02:00:00Z,-3.088096
p01,2021-12-17T03:00:00Z,-3.615975
p01,2021-12-17T04:00:00Z,-2.726078
p01,2021-12-17T05:00:00Z,-2.002680
p01,2021-12-17T06:00:00Z,-1.990255
p01,2021-12-17T07:00:00Z,0.325177
p01,2021-12-17T08:00:00Z,-0.908672
p01,2021-12-17T09:00:00Z,0.264985
p01,2021-12-17T10:00:00Z,0.448170
p01,2021-12-17T11:00:00Z,0.005523
p01,2021-12-17T12:00:00Z,0.026490
p01,2021-12-17T13:00:00Z,-0.589706
p01,2021-12-17T14:00:00Z,-2.521019
p01,2021-12-17T15:00:00Z,-2.679883
p01,2021-12-17T16:00:00Z,-2.537240
p01,2021-12-17T17:00:00Z,-4.336789
p01,2021-12-17T18:00:00Z,-4.463061
p01,2021-12-17T19:00:00Z,-4.351262
p01,2021-12-17T20:00:00Z,-5.217295
p01,2021-12-17T21:00:00Z,-5.629386
p01,2021-12-17T22:00:00Z,-6.295763
p01,2021-12-17T23:00:00Z,-5.184670
p01,2021-12-18T00:00:00Z,-5.606679
p01,2021-12-18T01:00:00Z,-4.013021
p01,2021-12-18T02:00:00Z,-3.376609
p01,2021-12-18T03:00:00Z,-3.350670
p01,2021-12-18T04:00:00Z,-2.981729
p01,2021-12-18T05:00:00Z,-1.889253
p01,2021-12-18T06:00:00Z,-1.919379
p01,2021-12-18T07:00:00Z,-0.232277
p01,2021-12-18T08:00:00Z,0.077146
p01,2021-12-18T09:00:00Z,0.000805
p01,2021-12-18T10:00:00Z,0.863833
p01,2021-12-18T11:00:00Z,0.657948
p01,2021-12-18T12:00:00Z,0.228771
p01,2021-12-18T13:00:00Z,-0.726020
p01,2021-12-18T14:00:00Z,-1.415227
p01,2021-12-18T15:00:00Z,-2.249451
p01,2021-12-18T16:00:00Z,-3.107627
p01,2021-12-18T17:00:00Z,-3.793288
p01,2021-12-18T18:00:00Z,-4.315694
p01,2021-12-18T19:00:00Z,-5.457555
p01,2021-12-18T20:00:00Z,-5.395690
p01,2021-12-18T21:00:00Z,-5.917420
p01,2021-12-18T22:00:00Z,-5.311826
p01,2021-12-18T23:00:00Z,-6.233891
p01,2021-12-19T00:00:00Z,-6.011287
p01,2021-12-19T01:00:00Z,-4.372442
p01,2021-12-19T02:00:00Z,-4.840572
p01,2021-12-19T03:00:00Z,-3.292840
p01,2021-12-19T04:00:00Z,-3.017435
p01,2021-12-19T05:00:00Z,-2.037678
p01,2021-12-19T06:00:00Z,-2.062732
p01,2021-12-19T07:00:00Z,-1.345984
p01,2021-12-19T08:00:00Z,-0.034710
p01,2021-12-19T09:00:00Z,0.807999
p01,2021-12-19T10:00:00Z,-0.207493
p01,2021-12-19T11:00:00Z,-0.218108
p01,2021-12-19T12:00:00Z,0.106686
p01,2021-12-19T13:00:00Z,-0.190687
p01,2021-12-19T14:00:00Z,-1.234248
p01,2021-12-19T15:00:00Z,-1.793287
p01,2021-12-19T16:00:00Z,-2.433577
p01,2021-12-19T17:00:00Z,-2.981732
p01,2021-12-19T18:00:00Z,-4.821415
p01,2021-12-19T19:00:00Z,-4.478599
p01,2021-12-19T20:00:00Z,-5.671269
p01,2021-12-19T21:00:00Z,-4.958274
p01,2021-12-19T22:00:00Z,-5.693468
p01,2021-12-19T23:00:00Z,-5.000522
p01,2021-12-20T00:00:00Z,-4.250458
p01,2021-12-20T01:00:00Z,-4.989828
p01,2021-12-20T02:00:00Z,-3.396852
p01,2021-12-20T03:00:00Z,-2.669565
p01,2021-12-20T04:00:00Z,-2.853494
p01,2021-12-20T05:00:00Z,-0.753051
p01,2021-12-20T06:00:00Z,-0.726053
p01,2021-12-20T07:00:00Z,-0.488259
p01,2021-12-20T08:00:00Z,0.702704
p01,2021-12-20T09:00:00Z,0.806130
p01,2021-12-20T10:00:00Z,0.130248
p01,2021-12-20T11:00:00Z,0.870234
p01,2021-12-20T12:00:00Z,-0.097110
p01,2021-12-20T13:00:00Z,-0.857383
p01,2021-12-20T14:00:00Z,-1.588176
p01,2021-12-20T15:00:00Z,-1.857450
p01,2021-12-20T16:00:00Z,-1.556637
p01,2021-12-20T17:00:00Z,-3.407427
p01,2021-12-20T18:00:00Z,-4.496951
p01,2021-12-20T19:00:00Z,-4.659064
p01,2021-12-20T20:00:00Z,-4.541798
p01,2021-12-20T21:00:00Z,-5.031985
p01,2021-12-20T22:00:00Z,-5.093218
p01,2021-12-20T23:00:00Z,-5.653919
p01,2021-12-21T00:00:00Z,-5.525404
p01,2021-12-21T01:00:00Z,-4.621273
p01,2021-12-21T02:00:00Z,-4.445336
p01,2021-12-21T03:00:00Z,-3.454596
p01,2021-12-21T04:00:00Z,-1.619012
p01,2021-12-21T05:00:00Z,-2.130007
p01,2021-12-21T06:00:00Z,-0.854482
p01,2021-12-21T07:00:00Z,-0.236286
p01,2021-12-21T08:00:00Z,0.007404
p01,2021-12-21T09:00:00Z,0.382440
p01,2021-12-21T10:00:00Z,-0.908799
p01,2021-12-21T11:00:00Z,0.711944
p01,2021-12-21T12:00:00Z,0.153590
p01,2021-12-21T13:00:00Z,-0.986884
p01,2021-12-21T14:00:00Z,0.246794
p01,2021-12-21T15:00:00Z,-1.099110
p01,2021-12-21T16:00:00Z,-2.490418
p01,2021-12-21T17:00:00Z,-2.528243
p01,2021-12-21T18:00:00Z,-4.806502
p01,2021-12-21T19:00:00Z,-5.314143
p01,2021-12-21T20:00:00Z,-5.558370
p01,2021-12-21T21:00:00Z,-4.810308
p01,2021-12-21T22:00:00Z,-4.810684
p01,2021-12-21T23:00:00Z,-5.225782
p01,2021-12-22T00:00:00Z,-4.592592
p01,2021-12-22T01:00:00Z,-4.453206
p01,2021-12-22T02:00:00Z,-3.902312
p01,2021-12-22T03:00:00Z,-2.587073
p01,2021-12-22T04:00:00Z,-1.843092
p01,2021-12-22T05:00:00Z,-1.526755
p01,2021-12-22T06:00:00Z,-0.804522
p01,2021-12-22T07:00:00Z,0.179293
p01,2021-12-22T08:00:00Z,-0.292784
p01,2021-12-22T09:00:00Z,0.350262
p01,2021-12-22T10:00:00Z,0.357584
p01,2021-12-22T11:00:00Z,0.950895
p01,2021-12-22T12:00:00Z,-0.359251
p01,2021-12-22T13:00:00Z,0.137657
p01,2021-12-22T14:00:00Z,-1.087981
p01,2021-12-22T15:00:00Z,-1.782281
p01,2021-12-22T16:00:00Z,-3.006345
p01,2021-12-22T17:00:00Z,-3.378822
p01,2021-12-22T18:00:00Z,-3.984301
p01,2021-12-22T19:00:00Z,-4.152314
p01,2021-12-22T20:00:00Z,-4.389491
p01,2021-12-22T21:00:00Z,-5.426723
p01,2021-12-22T22:00:00Z,-4.248191
p01,2021-12-22T23:00:00Z,-5.305392
p01,2021-12-23T00:00:00Z,-5.126447
p01,2021-12-23T01:00:00Z,-4.744202
p01,2021-12-23T02:00:00Z,-3.624559
p01,2021-12-23T03:00:00Z,-3.650364
p01,2021-12-23T04:00:00Z,-2.415895
p01,2021-12-23T05:00:00Z,-2.198359
p01,2021-12-23T06:00:00Z,-0.700432
p01,2021-12-23T07:00:00Z,0.062625
p01,2021-12-23T08:00:00Z,-0.090434
p01,2021-12-23T09:00:00Z,0.986283
p01,2021-12-23T10:00:00Z,0.625819
p01,2021-12-23T11:00:00Z,0.467104
p01,2021-12-23T12:00:00Z,-0.016401
p01,2021-12-23T13:00:00Z,0.785253
p01,2021-12-23T14:00:00Z,-0.505921
p01,2021-12-23T15:00:00Z,-1.533014
p01,2021-12-23T16:00:00Z,-1.820032
p01,2021-12-23T17:00:00Z,-2.854171
p01,2021-12-23T18:00:00Z,-3.962810
p01,2021-12-23T19:00:00Z,-4.145866
p01,2021-12-23T20:00:00Z,-4.701101
p01,2021-12-23T21:00:00Z,-5.830264
p01,2021-12-23T22:00:00Z,-5.270456
p01,2021-12-23T23:00:00Z,-4.713541
p01,2021-12-24T00:00:00Z,-4.653047
p01,2021-12-24T01:00:00Z,-4.694322
p01,2021-12-24T02:00:00Z,-2.920486
p01,2021-12-24T03:00:00Z,-2.871439
p01,2021-12-24T04:00:00Z,-2.187478
p01,2021-12-24T05:00:00Z,-0.866014
p01,2021-12-24T06:00:00Z,-1.824630
p01,2021-12-24T07:00:00Z,0.544929
p01,2021-12-24T08:00:00Z,0.393954
p01,2021-12-24T09:00:00Z,0.710117
p01,2021-12-24T10:00:00Z,0.886651
p01,2021-12-24T11:00:00Z,0.804635
p01,2021-12-24T12:00:00Z,0.411019
p01,2021-12-24T13:00:00Z,0.841122
p01,2021-12-24T14:00:00Z,-0.898272
p01,2021-12-24T15:00:00Z,-1.900778
p01,2021-12-24T16:00:00Z,-1.689118
p01,2021-12-24T17:00:00Z,-2.768194
p01,2021-12-24T18:00:00Z,-3.065366
p01,2021-12-24T19:00:00Z,-4.341078
p01,2021-12-24T20:00:00Z,-4.818740
p01,2021-12-24T21:00:00Z,-5.043527
p01,2021-12-24T22:00:00Z,-5.414804
p01,2021-12-24T23:00:00Z,-4.623725
p01,2021-12-25T00:00:00Z,-5.377735
p01,2021-12-25T01:00:00Z,-4.466871
p01,2021-12-25T02:00:00Z,-4.403894
p01,2021-12-25T03:00:00Z,-2.835044
p01,2021-12-25T04:00:00Z,-2.589929
p01,2021-12-25T05:00:00Z,-2.013102
p01,2021-12-25T06:00:00Z,-0.368068
p01,2021-12-25T07:00:00Z,0.672199
p01,2021-12-25T08:00:00Z,0.336499
p01,2021-12-25T09:00:00Z,0.420659
p01,2021-12-25T10:00:00Z,0.816409
p01,2021-12-25T11:00:00Z,1.540121
p01,2021-12-25T12:00:00Z,0.735692
p01,2021-12-25T13:00:00Z,-0.335343
p01,2021-12-25T14:00:00Z,-0.398007
p01,2021-12-25T15:00:00Z,-1.357793
p01,2021-12-25T16:00:00Z,-0.816337
p01,2021-12-25T17:00:00Z,-2.197974
p01,2021-12-25T18:00:00Z,-3.419447
p01,2021-12-25T19:00:00Z,-4.283985
p01,2021-12-25T20:00:00Z,-5.627676
p01,2021-12-25T21:00:00Z,-5.188132
p01,2021-12-25T22:00:00Z,-4.460144
p01,2021-12-25T23:00:00Z,-4.601559
p01,2021-12-26T00:00:00Z,-3.688677
p01,2021-12-26T01:00:00Z,-4.387605
p01,2021-12-26T02:00:00Z,-2.391186
p01,2021-12-26T03:00:00Z,-2.629582
p01,2021-12-26T04:00:00Z,-2.363986
p01,2021-12-26T05:00:00Z,-2.010763
p01,2021-12-26T06:00:00Z,-0.097048
p01,2021-12-26T07:00:00Z,0.053570
p01,2021-12-26T08:00:00Z,0.970527
p01,2021-12-26T09:00:00Z,1.841864
p01,2021-12-26T10:00:00Z,1.665252
p01,2021-12-26T11:00:00Z,1.415058
p01,2021-12-26T12:00:00Z,0.547361
p01,2021-12-26T13:00:00Z,-0.154641
p01,2021-12-26T14:00:00Z,-0.658115
p01,2021-12-26T15:00:00Z,-0.095098
p01,2021-12-26T16:00:00Z,-2.362269
p01,2021-12-26T17:00:00Z,-1.767945
p01,2021-12-26T18:00:00Z,-4.282731
p01,2021-12-26T19:00:00Z,-3.798776
p01,2021-12-26T20:00:00Z,-4.037635
p01,2021-12-26T21:00:00Z,-4.339896
p01,2021-12-26T22:00:00Z,-4.853481
p01,2021-12-26T23:00:00Z,-4.652637
p01,2021-12-27T00:00:00Z,-4.067498
p01,2021-12-27T01:00:00Z,-4.342798
p01,2021-12-27T02:00:00Z,-3.291228
p01,2021-12-27T03:00:00Z,-1.727746
p01,2021-12-27T04:00:00Z,-1.507648
p01,2021-12-27T05:00:00Z,-0.762863
p01,2021-12-27T06:00:00Z,0.096286
p01,2021-12-27T07:00:00Z,-0.006432
p01,2021-12-27T08:00:00Z,1.029010
p01,2021-12-27T09:00:00Z,1.012744
p01,2021-12-27T10:00:00Z,1.687909
p01,2021-12-27T11:00:00Z,1.127209
p01,2021-12-27T12:00:00Z,0.800147
p01,2021-12-27T13:00:00Z,0.422217
p01,2021-12-27T14:00:00Z,-0.633826
p01,2021-12-27T15:00:00Z,-1.427596
p01,2021-12-27T16:00:00Z,-1.850502
p01,2021-12-27T17:00:00Z,-1.888993
p01,2021-12-27T18:00:00Z,-3.651018
p01,2021-12-27T19:00:00Z,-3.040411
p01,2021-12-27T20:00:00Z,-3.951760
p01,2021-12-27T21:00:00Z,-4.158775
p01,2021-12-27T22:00:00Z,-4.584583
p01,2021-12-27T23:00:00Z,-4.595730
p01,2021-12-28T00:00:00Z,-4.420709
p01,2021-12-28T01:00:00Z,-3.559435
p01,2021-12-28T02:00:00Z,-2.890271
p01,2021-12-28T03:00:00Z,-1.839126
p01,2021-12-28T04:00:00Z,-2.157266
p01,2021-12-28T05:00:00Z,-0.544372
p01,2021-12-28T06:00:00Z,0.487516
p01,2021-12-28T07:00:00Z,0.067112
p01,2021-12-28T08:00:00Z,1.910455
p01,2021-12-28T09:00:00Z,1.735109
p01,2021-12-28T10:00:00Z,1.510701
p01,2021-12-28T11:00:00Z,0.294579
p01,2021-12-28T12:00:00Z,0.583883
p01,2021-12-28T13:00:00Z,-0.331011
p01,2021-12-28T14:00:00Z,0.479021
p01,2021-12-28T15:00:00Z,-0.937646
p01,2021-12-28T16:00:00Z,-0.844730
p01,2021-12-28T17:00:00Z,-3.164647
p01,2021-12-28T18:00:00Z,-2.387188
p01,2021-12-28T19:00:00Z,-3.428429
p01,2021-12-28T20:00:00Z,-4.367983
p01,2021-12-28T21:00:00Z,-3.724870
p01,2021-12-28T22:00:00Z,-4.141778
p01,2021-12-28T23:00:00Z,-4.724010
p01,2021-12-29T00:00:00Z,-4.840215
p01,2021-12-29T01:00:00Z,-3.879307
p01,2021-12-29T02:00:00Z,-2.363959
p01,2021-12-29T03:00:00Z,-1.951110
p01,2021-12-29T04:00:00Z,-1.213929
p01,2021-12-29T05:00:00Z,-0.524481
p01,2021-12-29T06:00:00Z,-0.140330
p01,2021-12-29T07:00:00Z,0.173363
p01,2021-12-29T08:00:00Z,1.751115
p01,2021-12-29T09:00:00Z,2.095368
p01,2021-12-29T10:00:00Z,1.717856
p01,2021-12-29T11:00:00Z,1.702257
p01,2021-12-29T12:00:00Z,1.216101
p01,2021-12-29T13:00:00Z,0.815112
p01,2021-12-29T14:00:00Z,-0.270235
p01,2021-12-29T15:00:00Z,-0.236020
p01,2021-12-29T16:00:00Z,-0.684684
p01,2021-12-29T17:00:00Z,-1.959990
p01,2021-12-29T18:00:00Z,-3.404920
p01,2021-12-29T19:00:00Z,-2.492607
p01,2021-12-29T20:00:00Z,-4.626717
p01,2021-12-29T21:00:00Z,-4.513295
p01,2021-12-29T22:00:00Z,-4.659547
p01,2021-12-29T23:00:00Z,-4.947696
p01,2021-12-30T00:00:00Z,-4.990484
p01,2021-12-30T01:00:00Z,-3.857007
p01,2021-12-30T02:00:00Z,-2.214661
p01,2021-12-30T03:00:00Z,-2.307456
p01,2021-12-30T04:00:00Z,-1.662789
p01,2021-12-30T05:00:00Z,0.076235
p01,2021-12-30T06:00:00Z,1.139445
p01,2021-12-30T07:00:00Z,1.178133
p01,2021-12-30T08:00:00Z,1.692328
p01,2021-12-30T09:00:00Z,0.563066
p01,2021-12-30T10:00:00Z,1.304623
p01,2021-12-30T11:00:00Z,1.978156
p01,2021-12-30T12:00:00Z,0.442806
p01,2021-12-30T13:00:00Z,-0.029427
p01,2021-12-30T14:00:00Z,0.708546
p01,2021-12-30T15:00:00Z,-0.384237
p01,2021-12-30T16:00:00Z,-1.552921
p01,2021-12-30T17:00:00Z,-2.897549
p01,2021-12-30T18:00:00Z,-3.073363
p01,2021-12-30T19:00:00Z,-3.328752
p01,2021-12-30T20:00:00Z,-4.687431
p01,2021-12-30T21:00:00Z,-3.980884
p01,2021-12-30T22:00:00Z,-4.226416
p01,2021-12-30T23:00:00Z,-4.413067
p01,2021-12-31T00:00:00Z,-4.665199
p01,2021-12-31T01:00:00Z,-3.269413
p01,2021-12-31T02:00:00Z,-2.652378
p01,2021-12-31T03:00:00Z,-2.918038
p01,2021-12-31T04:00:00Z,-1.191537
p01,2021-12-31T05:00:00Z,-0.370984
p01,2021-12-31T06:00:00Z,0.363271
p01,2021-12-31T07:00:00Z,1.519898
p01,2021-12-31T08:00:00Z,1.194785
p01,2021-12-31T09:00:00Z,1.497257
p01,2021-12-31T10:00:00Z,1.511154
p01,2021-12-31T11:00:00Z,1.133538
p01,2021-12-31T12:00:00Z,1.508128
p01,2021-12-31T13:00:00Z,0.965153
p01,2021-12-31T14:00:00Z,-0.140427
p01,2021-12-31T15:00:00Z,0.349128
p01,2021-12-31T16:00:00Z,-1.407081
p01,2021-12-31T17:00:00Z,-2.372547
p01,2021-12-31T18:00:00Z,-2.285553
p01,2021-12-31T19:00:00Z,-3.173129
p01,2021-12-31T20:00:00Z,-3.317048
p01,2021-12-31T21:00:00Z,-3.694542
p01,2021-12-31T22:00:00Z,-3.899224
p01,2021-12-31T23:00:00Z,-3.947192
p01,2022-01-01T00:00:00Z,-3.179977
p01,2022-01-01T01:00:00Z,-4.015574
p01,2022-01-01T02:00:00Z,-3.287417
p01,2022-01-01T03:00:00Z,-2.254045
p01,2022-01-01T04:00:00Z,-0.072186
p01,2022-01-01T05:00:00Z,0.670485
p01,2022-01-01T06:00:00Z,0.272954
p01,2022-01-01T07:00:00Z,1.638777
p01,2022-01-01T08:00:00Z,0.933791
p01,2022-01-01T09:00:00Z,1.727236
p01,2022-01-01T10:00:00Z,0.915320
p01,2022-01-01T11:00:00Z,1.933550
p01,2022-01-01T12:00:00Z,1.372631
p01,2022-01-01T13:00:00Z,1.531644
p01,2022-01-01T14:00:00Z,0.575816
p01,2022-01-01T15:00:00Z,-0.088837
p01,2022-01-01T16:00:00Z,-1.337015
p01,2022-01-01T17:00:00Z,-1.616409
p01,2022-01-01T18:00:00Z,-2.081512
p01,2022-01-01T19:00:00Z,-2.982549
p01,2022-01-01T20:00:00Z,-4.387745
p01,2022-01-01T21:00:00Z,-3.611500
p01,2022-01-01T22:00:00Z,-4.292690
p01,2022-01-01T23:00:00Z,-4.106579
p01,2022-01-02T00:00:00Z,-3.611883
p01,2022-01-02T01:00:00Z,-3.275020
p01,2022-01-02T02:00:00Z,-3.099118
p01,2022-01-02T03:00:00Z,-2.488896
p01,2022-01-02T04:00:00Z,-1.078506
p01,2022-01-02T05:00:00Z,-0.787506
p01,2022-01-02T06:00:00Z,1.634368
p01,2022-01-02T07:00:00Z,0.804059
p01,2022-01-02T08:00:00Z,1.760290
p01,2022-01-02T09:00:00Z,2.770240
p01,2022-01-02T10:00:00Z,2.831191
p01,2022-01-02T11:00:00Z,1.804844
p01,2022-01-02T12:00:00Z,0.787233
p01,2022-01-02T13:00:00Z,0.816029
p01,2022-01-02T14:00:00Z,0.531532
p01,2022-01-02T15:00:00Z,-0.938891
p01,2022-01-02T16:00:00Z,0.177713
p01,2022-01-02T17:00:00Z,-2.556407
p01,2022-01-02T18:00:00Z,-2.800730
p01,2022-01-02T19:00:00Z,-2.777193
p01,2022-01-02T20:00:00Z,-3.954311
p01,2022-01-02T21:00:00Z,-3.677791
p01,2022-01-02T22:00:00Z,-3.786443
p01,2022-01-02T23:00:00Z,-3.830647
p01,2022-01-03T00:00:00Z,-2.777553
p01,2022-01-03T01:00:00Z,-3.292448
p01,2022-01-03T02:00:00Z,-1.929322
p01,2022-01-03T03:00:00Z,-1.498611
p01,2022-01-03T04:00:00Z,-1.241604
p01,2022-01-03T05:00:00Z,0.173263
p01,2022-01-03T06:00:00Z,1.128979
p01,2022-01-03T07:00:00Z,0.343760
p01,2022-01-03T08:00:00Z,1.600627
p01,2022-01-03T09:00:00Z,1.842315
p01,2022-01-03T10:00:00Z,2.540882
p01,2022-01-03T11:00:00Z,1.258147
p01,2022-01-03T12:00:00Z,1.594498
p01,2022-01-03T13:00:00Z,0.480028
p01,2022-01-03T14:00:00Z,0.332744
p01,2022-01-03T15:00:00Z,-0.237676
p01,2022-01-03T16:00:00Z,-1.451859
p01,2022-01-03T17:00:00Z,-1.232828
p01,2022-01-03T18:00:00Z,-2.940049
p01,2022-01-03T19:00:00Z,-3.539905
p01,2022-01-03T20:00:00Z,-2.836745
p01,2022-01-03T21:00:00Z,-3.829225
p01,2022-01-03T22:00:00Z,-3.507630
p01,2022-01-03T23:00:00Z,-3.347860
p01,2022-01-04T00:00:00Z,-3.141956
p01,2022-01-04T01:00:00Z,-3.041489
p01,2022-01-04T02:00:00Z,-1.468342
p01,2022-01-04T03:00:00Z,-2.344955
p01,2022-01-04T04:00:00Z,-0.610656
p01,2022-01-04T05:00:00Z,-0.269235
p01,2022-01-04T06:00:00Z,0.691567
p01,2022-01-04T07:00:00Z,1.405658
p01,2022-01-04T08:00:00Z,0.791498
p01,2022-01-04T09:00:00Z,1.370846
p01,2022-01-04T10:00:00Z,2.390507
p01,2022-01-04T11:00:00Z,2.431199
p01,2022-01-04T12:00:00Z,1.312133
p01,2022-01-04T13:00:00Z,2.088983
p01,2022-01-04T14:00:00Z,1.564361
p01,2022-01-04T15:00:00Z,-0.049365
p01,2022-01-04T16:00:00Z,-0.634905
p01,2022-01-04T17:00:00Z,-1.794030
p01,2022-01-04T18:00:00Z,-1.191902
p01,2022-01-04T19:00:00Z,-2.266827
p01,2022-01-04T20:00:00Z,-3.134150
p01,2022-01-04T21:00:00Z,-2.911806
p01,2022-01-04T22:00:00Z,-3.399429
p01,2022-01-04T23:00:00Z,-3.073921
p01,2022-01-05T00:00:00Z,-3.305786
p01,2022-01-05T01:00:00Z,-3.088540
p01,2022-01-05T02:00:00Z,-2.673374
p01,2022-01-05T03:00:00Z,-0.892822
p01,2022-01-05T04:00:00Z,-0.383959
p01,2022-01-05T05:00:00Z,1.247648
p01,2022-01-05T06:00:00Z,1.242726
p01,2022-01-05T07:00:00Z,1.976601
p01,2022-01-05T08:00:00Z,2.525869
p01,2022-01-05T09:00:00Z,2.478016
p01,2022-01-05T10:00:00Z,2.484872
p01,2022-01-05T11:00:00Z,3.100786
p01,2022-01-05T12:00:00Z,1.797014
p01,2022-01-05T13:00:00Z,1.642363
p01,2022-01-05T14:00:00Z,1.471430
p01,2022-01-05T15:00:00Z,0.841219
p01,2022-01-05T16:00:00Z,-0.677883
p01,2022-01-05T17:00:00Z,-0.573468
p01,2022-01-05T18:00:00Z,-2.173709
p01,2022-01-05T19:00:00Z,-2.647988
p01,2022-01-05T20:00:00Z,-3.542177
p01,2022-01-05T21:00:00Z,-3.520622
p01,2022-01-05T22:00:00Z,-3.900241
p01,2022-01-05T23:00:00Z,-2.862155
p01,2022-01-06T00:00:00Z,-3.007172
p01,2022-01-06T01:00:00Z,-2.323526
p01,2022-01-06T02:00:00Z,-1.966090
p01,2022-01-06T03:00:00Z,-0.746852
p01,2022-01-06T04:00:00Z,-1.143979
p01,2022-01-06T05:00:00Z,1.444427
p01,2022-01-06T06:00:00Z,1.183681
p01,2022-01-06T07:00:00Z,1.357477
p01,2022-01-06T08:00:00Z,2.204889
p01,2022-01-06T09:00:00Z,3.901355
p01,2022-01-06T10:00:00Z,2.861207
p01,2022-01-06T11:00:00Z,2.744218
p01,2022-01-06T12:00:00Z,1.934959
p01,2022-01-06T13:00:00Z,1.648706
p01,2022-01-06T14:00:00Z,0.070481
p01,2022-01-06T15:00:00Z,0.553689
p01,2022-01-06T16:00:00Z,-0.133808
p01,2022-01-06T17:00:00Z,-0.464467
p01,2022-01-06T18:00:00Z,-1.608557
p01,2022-01-06T19:00:00Z,-2.675339
p01,2022-01-06T20:00:00Z,-2.363483
p01,2022-01-06T21:00:00Z,-3.233650
p01,2022-01-06T22:00:00Z,-2.825028
p01,2022-01-06T23:00:00Z,-2.366941
p01,2022-01-07T00:00:00Z,-2.556451
p01,2022-01-07T01:00:00Z,-2.081758
p01,2022-01-07T02:00:00Z,-2.067889
p01,2022-01-07T03:00:00Z,-1.245144
p01,2022-01-07T04:00:00Z,0.513448
p01,2022-01-07T05:00:00Z,-0.778423
p01,2022-01-07T06:00:00Z,1.418601
p01,2022-01-07T07:00:00Z,1.452889
p01,2022-01-07T08:00:00Z,2.247571
p01,2022-01-07T09:00:00Z,1.837298
p01,2022-01-07T10:00:00Z,2.951125
p01,2022-01-07T11:00:00Z,2.881669
p01,2022-01-07T12:00:00Z,1.708341
p01,2022-01-07T13:00:00Z,2.084169
p01,2022-01-07T14:00:00Z,1.380464
p01,2022-01-07T15:00:00Z,0.609659
p01,2022-01-07T16:00:00Z,0.208695
p01,2022-01-07T17:00:00Z,-0.675499
p01,2022-01-07T18:00:00Z,-2.015906
p01,2022-01-07T19:00:00Z,-1.109652
p01,2022-01-07T20:00:00Z,-2.358173
p01,2022-01-07T21:00:00Z,-3.126543
p01,2022-01-07T22:00:00Z,-2.895481
p01,2022-01-07T23:00:00Z,-2.897507
p01,2022-01-08T00:00:00Z,-3.232275
p01,2022-01-08T01:00:00Z,-1.598658
p01,2022-01-08T02:00:00Z,-1.734893
p01,2022-01-08T03:00:00Z,-0.738766
p01,2022-01-08T04:00:00Z,0.234455
p01,2022-01-08T05:00:00Z,0.036207
p01,2022-01-08T06:00:00Z,1.519923
p01,2022-01-08T07:00:00Z,1.573080
p01,2022-01-08T08:00:00Z,2.772968
p01,2022-01-08T09:00:00Z,2.193668
p01,2022-01-08T10:00:00Z,3.336661
p01,2022-01-08T11:00:00Z,2.944623
p01,2022-01-08T12:00:00Z,1.818505
p01,2022-01-08T13:00:00Z,2.081255
p01,2022-01-08T14:00:00Z,1.144901
p01,2022-01-08T15:00:00Z,0.979885
p01,2022-01-08T16:00:00Z,0.617774
p01,2022-01-08T17:00:00Z,-0.911087
p01,2022-01-08T18:00:00Z,-1.628707
p01,2022-01-08T19:00:00Z,-2.454044
p01,2022-01-08T20:00:00Z,-2.402072
p01,2022-01-08T21:00:00Z,-3.462724
p01,2022-01-08T22:00:00Z,-3.881534
p01,2022-01-08T23:00:00Z,-2.973812
p01,2022-01-09T00:00:00Z,-2.597402
p01,2022-01-09T01:00:00Z,-1.572671
p01,2022-01-09T02:00:00Z,-1.001916
p01,2022-01-09T03:00:00Z,-0.793156
p01,2022-01-09T04:00:00Z,0.064290
p01,2022-01-09T05:00:00Z,0.038314
p01,2022-01-09T06:00:00Z,1.326312
p01,2022-01-09T07:00:00Z,0.867500
p01,2022-01-09T08:00:00Z,1.625384
p01,2022-01-09T09:00:00Z,3.242387
p01,2022-01-09T10:00:00Z,3.194712
p01,2022-01-09T11:00:00Z,3.063047
p01,2022-01-09T12:00:00Z,2.462157
p01,2022-01-09T13:00:00Z,2.566582
p01,2022-01-09T14:00:00Z,1.046390
p01,2022-01-09T15:00:00Z,1.059825
p01,2022-01-09T16:00:00Z,0.031180
p01,2022-01-09T17:00:00Z,-0.715131
p01,2022-01-09T18:00:00Z,-1.606113
p01,2022-01-09T19:00:00Z,-1.187214
p01,2022-01-09T20:00:00Z,-3.032481
p01,2022-01-09T21:00:00Z,-3.137783
p01,2022-01-09T22:00:00Z,-2.384691
p01,2022-01-09T23:00:00Z,-3.292960
p01,2022-01-10T00:00:00Z,-2.826089
p01,2022-01-10T01:00:00Z,-2.415471
p01,2022-01-10T02:00:00Z,-1.030445
p01,2022-01-10T03:00:00Z,-0.394169
p01,2022-01-10T04:00:00Z,0.547967
p01,2022-01-10T05:00:00Z,1.056277
p01,2022-01-10T06:00:00Z,2.107651
p01,2022-01-10T07:00:00Z,2.478234
p01,2022-01-10T08:00:00Z,3.005063
p01,2022-01-10T09:00:00Z,2.970623
p01,2022-01-10T10:00:00Z,2.889741
p01,2022-01-10T11:00:00Z,3.574418
p01,2022-01-10T12:00:00Z,2.813109
p01,2022-01-10T13:00:00Z,1.982372
p01,2022-01-10T14:00:00Z,0.776164
p01,2022-01-10T15:00:00Z,1.496305
p01,2022-01-10T16:00:00Z,0.854287
p01,2022-01-10T17:00:00Z,-1.389732
p01,2022-01-10T18:00:00Z,-1.539120
p01,2022-01-10T19:00:00Z,-2.186921
p01,2022-01-10T20:00:00Z,-2.494567
p01,2022-01-10T21:00:00Z,-3.546981
p01,2022-01-10T22:00:00Z,-2.620406
p01,2022-01-10T23:00:00Z,-2.309698
p01,2022-01-11T00:00:00Z,-1.619243
p01,2022-01-11T01:00:00Z,-1.844495
p01,2022-01-11T02:00:00Z,-1.301053
p01,2022-01-11T03:00:00Z,-1.918545
p01,2022-01-11T04:00:00Z,-0.283573
p01,2022-01-11T05:00:00Z,0.797643
p01,2022-01-11T06:00:00Z,1.526773
p01,2022-01-11T07:00:00Z,2.697325
p01,2022-01-11T08:00:00Z,3.067999
p01,2022-01-11T09:00:00Z,3.483902
p01,2022-01-11T10:00:00Z,3.781378
p01,2022-01-11T11:00:00Z,3.465244
p01,2022-01-11T12:00:00Z,3.033541
p01,2022-01-11T13:00:00Z,1.862183
p01,2022-01-11T14:00:00Z,1.989164
p01,2022-01-11T15:00:00Z,2.019454
p01,2022-01-11T16:00:00Z,0.835504
p01,2022-01-11T17:00:00Z,-0.982566
p01,2022-01-11T18:00:00Z,-1.834878
p01,2022-01-11T19:00:00Z,-2.317078
p01,2022-01-11T20:00:00Z,-1.758784
p01,2022-01-11T21:00:00Z,-2.815731
p01,2022-01-11T22:00:00Z,-2.576774
p01,2022-01-11T23:00:00Z,-2.837234
p01,2022-01-12T00:00:00Z,-2.325990
p01,2022-01-12T01:00:00Z,-1.909880
p01,2022-01-12T02:00:00Z,-1.522048
p01,2022-01-12T03:00:00Z,-1.422081
p01,2022-01-12T04:00:00Z,0.588134
p01,2022-01-12T05:00:00Z,0.353880
p01,2022-01-12T06:00:00Z,1.075879
p01,2022-01-12T07:00:00Z,2.665749
p01,2022-01-12T08:00:00Z,2.813559
p01,2022-01-12T09:00:00Z,3.244211
p01,2022-01-12T10:00:00Z,2.861399
p01,2022-01-12T11:00:00Z,3.378527
p01,2022-01-12T12:00:00Z,2.351320
p01,2022-01-12T13:00:00Z,2.639814
p01,2022-01-12T14:00:00Z,2.694862
p01,2022-01-12T15:00:00Z,0.458525
p01,2022-01-12T16:00:00Z,0.062995
p01,2022-01-12T17:00:00Z,-1.018982
p01,2022-01-12T18:00:00Z,-1.002192
p01,2022-01-12T19:00:00Z,-1.162706
p01,2022-01-12T20:00:00Z,-1.582564
p01,2022-01-12T21:00:00Z,-2.248037
p01,2022-01-12T22:00:00Z,-1.794414
p01,2022-01-12T23:00:00Z,-1.490940
p01,2022-01-13T00:00:00Z,-0.662532
p01,2022-01-13T01:00:00Z,-1.638176
p01,2022-01-13T02:00:00Z,-0.931245
p01,2022-01-13T03:00:00Z,-0.264237
p01,2022-01-13T04:00:00Z,0.299650
p01,2022-01-13T05:00:00Z,1.581216
p01,2022-01-13T06:00:00Z,0.886720
p01,2022-01-13T07:00:00Z,3.120765
p01,2022-01-13T08:00:00Z,3.430500
p01,2022-01-13T09:00:00Z,2.832575
p01,2022-01-13T10:00:00Z,3.540279
p01,2022-01-13T11:00:00Z,2.821258
p01,2022-01-13T12:00:00Z,2.917518
p01,2022-01-13T13:00:00Z,3.834810
p01,2022-01-13T14:00:00Z,1.655920
p01,2022-01-13T15:00:00Z,1.183982
p01,2022-01-13T16:00:00Z,0.347691
p01,2022-01-13T17:00:00Z,-0.492241
p01,2022-01-13T18:00:00Z,-0.598130
p01,2022-01-13T19:00:00Z,-1.477252
p01,2022-01-13T20:00:00Z,-2.299597
p01,2022-01-13T21:00:00Z,-2.683109
p01,2022-01-13T22:00:00Z,-2.396986
p01,2022-01-13T23:00:00Z,-2.521528
p01,2022-01-14T00:00:00Z,-2.369595
p01,2022-01-14T01:00:00Z,-0.900898
p01,2022-01-14T02:00:00Z,-0.508913
p01,2022-01-14T03:00:00Z,0.200591
p01,2022-01-14T04:00:00Z,0.475723
p01,2022-01-14T05:00:00Z,1.711915
p01,2022-01-14T06:00:00Z,1.512423
p01,2022-01-14T07:00:00Z,2.403221
p01,2022-01-14T08:00:00Z,4.004224
p01,2022-01-14T09:00:00Z,2.847856
p01,2022-01-14T10:00:00Z,4.493345
p01,2022-01-14T11:00:00Z,2.990363
p01,2022-01-14T12:00:00Z,3.286473
p01,2022-01-14T13:00:00Z,2.680011
p01,2022-01-14T14:00:00Z,1.390691
p01,2022-01-14T15:00:00Z,1.378337
p01,2022-01-14T16:00:00Z,1.229674
p01,2022-01-14T17:00:00Z,0.472347
p01,2022-01-14T18:00:00Z,-0.097285
p01,2022-01-14T19:00:00Z,-1.674009
p01,2022-01-14T20:00:00Z,-2.026193
p01,2022-01-14T21:00:00Z,-2.203344
p01,2022-01-14T22:00:00Z,-2.448446
p01,2022-01-14T23:00:00Z,-2.215026
p01,2022-01-15T00:00:00Z,-1.783765
p01,2022-01-15T01:00:00Z,-1.394263
p01,2022-01-15T02:00:00Z,-1.161094
p01,2022-01-15T03:00:00Z,-0.106853
p01,2022-01-15T04:00:00Z,1.347756
p01,2022-01-15T05:00:00Z,1.023533
p01,2022-01-15T06:00:00Z,2.137237
p01,2022-01-15T07:00:00Z,2.622740
p01,2022-01-15T08:00:00Z,2.934919
p01,2022-01-15T09:00:00Z,2.917186
p01,2022-01-15T10:00:00Z,3.218510
p01,2022-01-15T11:00:00Z,4.014122
p01,2022-01-15T12:00:00Z,3.728401
p01,2022-01-15T13:00:00Z,2.935553
p01,2022-01-15T14:00:00Z,2.086751
p01,2022-01-15T15:00:00Z,1.506298
p01,2022-01-15T16:00:00Z,0.777948
p01,2022-01-15T17:00:00Z,0.504404
p01,2022-01-15T18:00:00Z,-0.180277
p01,2022-01-15T19:00:00Z,-1.593773
p01,2022-01-15T20:00:00Z,-1.321514
p01,2022-01-15T21:00:00Z,-1.967514
p01,2022-01-15T22:00:00Z,-2.526948
p01,2022-01-15T23:00:00Z,-2.072142
p01,2022-01-16T00:00:00Z,-1.955834
p01,2022-01-16T01:00:00Z,-0.931707
p01,2022-01-16T02:00:00Z,-0.645905
p01,2022-01-16T03:00:00Z,0.211484
p01,2022-01-16T04:00:00Z,1.250648
p01,2022-01-16T05:00:00Z,2.217252
p01,2022-01-16T06:00:00Z,1.980366
p01,2022-01-16T07:00:00Z,3.261386
p01,2022-01-16T08:00:00Z,3.927882
p01,2022-01-16T09:00:00Z,3.918451
p01,2022-01-16T10:00:00Z,5.164083
p01,2022-01-16T11:00:00Z,4.003743
p01,2022-01-16T12:00:00Z,4.251377
p01,2022-01-16T13:00:00Z,2.882393
p01,2022-01-16T14:00:00Z,3.124350
p01,2022-01-16T15:00:00Z,2.866082
p01,2022-01-16T16:00:00Z,0.374300
p01,2022-01-16T17:00:00Z,0.805748
p01,2022-01-16T18:00:00Z,-0.383116
p01,2022-01-16T19:00:00Z,-0.338218
p01,2022-01-16T20:00:00Z,-1.711423
p01,2022-01-16T21:00:00Z,-2.330011
p01,2022-01-16T22:00:00Z,-0.938216
p01,2022-01-16T23:00:00Z,-2.351639
p01,2022-01-17T00:00:00Z,-1.450898
p01,2022-01-17T01:00:00Z,-0.876305
p01,2022-01-17T02:00:00Z,-0.085349
p01,2022-01-17T03:00:00Z,0.033550
p01,2022-01-17T04:00:00Z,0.600228
p01,2022-01-17T05:00:00Z,2.304399
p01,2022-01-17T06:00:00Z,2.834052
p01,2022-01-17T07:00:00Z,3.265967
p01,2022-01-17T08:00:00Z,3.440835
p01,2022-01-17T09:00:00Z,3.975644
p01,2022-01-17T10:00:00Z,4.084796
p01,2022-01-17T11:00:00Z,3.439642
p01,2022-01-17T12:00:00Z,3.268904
p01,2022-01-17T13:00:00Z,3.066092
p01,2022-01-17T14:00:00Z,3.431159
p01,2022-01-17T15:00:00Z,1.470077
p01,2022-01-17T16:00:00Z,1.243724
p01,2022-01-17T17:00:00Z,0.659748
p01,2022-01-17T18:00:00Z,-1.025637
p01,2022-01-17T19:00:00Z,-0.765087
p01,2022-01-17T20:00:00Z,-1.524958
p01,2022-01-17T21:00:00Z,-2.406919
p01,2022-01-17T22:00:00Z,-2.479974
p01,2022-01-17T23:00:00Z,-1.977711
p01,2022-01-18T00:00:00Z,-1.176110
p01,2022-01-18T01:00:00Z,-1.227299
p01,2022-01-18T02:00:00Z,-0.322768
p01,2022-01-18T03:00:00Z,1.046552
p01,2022-01-18T04:00:00Z,1.089897
p01,2022-01-18T05:00:00Z,1.835640
p01,2022-01-18T06:00:00Z,3.263991
p01,2022-01-18T07:00:00Z,2.784996
p01,2022-01-18T08:00:00Z,3.121446
p01,2022-01-18T09:00:00Z,4.564697
p01,2022-01-18T10:00:00Z,4.765721
p01,2022-01-18T11:00:00Z,3.635396
p01,2022-01-18T12:00:00Z,3.812577
p01,2022-01-18T13:00:00Z,4.168358
p01,2022-01-18T14:00:00Z,2.688881
p01,2022-01-18T15:00:00Z,2.352959
p01,2022-01-18T16:00:00Z,0.970823
p01,2022-01-18T17:00:00Z,0.376807
p01,2022-01-18T18:00:00Z,-0.130907
p01,2022-01-18T19:00:00Z,-0.996616
p01,2022-01-18T20:00:00Z,-1.738002
p01,2022-01-18T21:00:00Z,-0.223074
p01,2022-01-18T22:00:00Z,-1.796159
p01,2022-01-18T23:00:00Z,-1.155126
p01,2022-01-19T00:00:00Z,-1.480370
p01,2022-01-19T01:00:00Z,-1.391033
p01,2022-01-19T02:00:00Z,0.133100
p01,2022-01-19T03:00:00Z,0.589395
p01,2022-01-19T04:00:00Z,2.315370
p01,2022-01-19T05:00:00Z,2.668955
p01,2022-01-19T06:00:00Z,3.370703
p01,2022-01-19T07:00:00Z,3.678786
p01,2022-01-19T08:00:00Z,4.191620
p01,2022-01-19T09:00:00Z,3.692409
p01,2022-01-19T10:00:00Z,4.342755
p01,2022-01-19T11:00:00Z,3.759881
p01,2022-01-19T12:00:00Z,4.745663
p01,2022-01-19T13:00:00Z,3.136455
p01,2022-01-19T14:00:00Z,2.640807
p01,2022-01-19T15:00:00Z,1.922217
p01,2022-01-19T16:00:00Z,1.211164
p01,2022-01-19T17:00:00Z,0.599597
p01,2022-01-19T18:00:00Z,-0.381617
p01,2022-01-19T19:00:00Z,-0.675949
p01,2022-01-19T20:00:00Z,-1.599409
p01,2022-01-19T21:00:00Z,-1.861203
p01,2022-01-19T22:00:00Z,-1.395515
p01,2022-01-19T23:00:00Z,-0.852356
p01,2022-01-20T00:00:00Z,-1.549098
p01,2022-01-20T01:00:00Z,-0.674534
p01,2022-01-20T02:00:00Z,0.228409
p01,2022-01-20T03:00:00Z,0.513063
p01,2022-01-20T04:00:00Z,2.492848
p01,2022-01-20T05:00:00Z,1.955530
p01,2022-01-20T06:00:00Z,2.503574
p01,2022-01-20T07:00:00Z,3.686878
p01,2022-01-20T08:00:00Z,4.382666
p01,2022-01-20T09:00:00Z,4.659795
p01,2022-01-20T10:00:00Z,4.031086
p01,2022-01-20T11:00:00Z,4.298297
p01,2022-01-20T12:00:00Z,4.017165
p01,2022-01-20T13:00:00Z,4.540006
p01,2022-01-20T14:00:00Z,3.172274
p01,2022-01-20T15:00:00Z,2.800598
p01,2022-01-20T16:00:00Z,1.841490
p01,2022-01-20T17:00:00Z,0.443744
p01,2022-01-20T18:00:00Z,-1.044057
p01,2022-01-20T19:00:00Z,0.514223
p01,2022-01-20T20:00:00Z,-0.850943
p01,2022-01-20T21:00:00Z,-1.093006
p01,2022-01-20T22:00:00Z,-0.964329
p01,2022-01-20T23:00:00Z,-1.250864
p01,2022-01-21T00:00:00Z,-1.252933
p01,2022-01-21T01:00:00Z,-0.758496
p01,2022-01-21T02:00:00Z,-0.058691
p01,2022-01-21T03:00:00Z,0.009590
p01,2022-01-21T04:00:00Z,0.875466
p01,2022-01-21T05:00:00Z,2.520360
p01,2022-01-21T06:00:00Z,4.000431
p01,2022-01-21T07:00:00Z,4.269893
p01,2022-01-21T08:00:00Z,2.891519
p01,2022-01-21T09:00:00Z,4.346551
p01,2022-01-21T10:00:00Z,4.092641
p01,2022-01-21T11:00:00Z,4.421222
p01,2022-01-21T12:00:00Z,3.508620
p01,2022-01-21T13:00:00Z,3.968877
p01,2022-01-21T14:00:00Z,3.487354
p01,2022-01-21T15:00:00Z,2.442196
p01,2022-01-21T16:00:00Z,1.175767
p01,2022-01-21T17:00:00Z,1.269017
p01,2022-01-21T18:00:00Z,1.305855
p01,2022-01-21T19:00:00Z,-1.320643
p01,2022-01-21T20:00:00Z,-0.374403
p01,2022-01-21T21:00:00Z,-1.028175
p01,2022-01-21T22:00:00Z,-1.401293
p01,2022-01-21T23:00:00Z,-1.324473
p01,2022-01-22T00:00:00Z,-0.372075
p01,2022-01-22T01:00:00Z,-0.114321
p01,2022-01-22T02:00:00Z,1.177194
p01,2022-01-22T03:00:00Z,1.383513
p01,2022-01-22T04:00:00Z,1.900046
p01,2022-01-22T05:00:00Z,2.951955
p01,2022-01-22T06:00:00Z,2.631437
p01,2022-01-22T07:00:00Z,4.774471
p01,2022-01-22T08:00:00Z,3.906940
p01,2022-01-22T09:00:00Z,5.212134
p01,2022-01-22T10:00:00Z,4.071397
p01,2022-01-22T11:00:00Z,4.234156
p01,2022-01-22T12:00:00Z,3.746383
p01,2022-01-22T13:00:00Z,4.834245
p01,2022-01-22T14:00:00Z,3.131178
p01,2022-01-22T15:00:00Z,2.309198
p01,2022-01-22T16:00:00Z,1.603568
p01,2022-01-22T17:00:00Z,0.847791
p01,2022-01-22T18:00:00Z,0.353001
p01,2022-01-22T19:00:00Z,-0.165602
p01,2022-01-22T20:00:00Z,-0.607117
p01,2022-01-22T21:00:00Z,-1.021165
p01,2022-01-22T22:00:00Z,-1.216603
p01,2022-01-22T23:00:00Z,-1.590047
p01,2022-01-23T00:00:00Z,-1.664743
p01,2022-01-23T01:00:00Z,0.224288
p01,2022-01-23T02:00:00Z,0.582081
p01,2022-01-23T03:00:00Z,1.088129
p01,2022-01-23T04:00:00Z,1.984672
p01,2022-01-23T05:00:00Z,2.261404
p01,2022-01-23T06:00:00Z,2.766409
p01,2022-01-23T07:00:00Z,2.966115
p01,2022-01-23T08:00:00Z,5.026421
p01,2022-01-23T09:00:00Z,4.134445
p01,2022-01-23T10:00:00Z,5.493387
p01,2022-01-23T11:00:00Z,4.773338
p01,2022-01-23T12:00:00Z,4.193371
p01,2022-01-23T13:00:00Z,4.028707
p01,2022-01-23T14:00:00Z,3.678264
p01,2022-01-23T15:00:00Z,2.527336
p01,2022-01-23T16:00:00Z,2.063146
p01,2022-01-23T17:00:00Z,1.502522
p01,2022-01-23T18:00:00Z,1.236429
p01,2022-01-23T19:00:00Z,-0.948181
p01,2022-01-23T20:00:00Z,-0.608871
p01,2022-01-23T21:00:00Z,-0.223009
p01,2022-01-23T22:00:00Z,-2.290267
p01,2022-01-23T23:00:00Z,0.005455
p01,2022-01-24T00:00:00Z,0.065863
p01,2022-01-24T01:00:00Z,-0.452885
p01,2022-01-24T02:00:00Z,0.979403
p01,2022-01-24T03:00:00Z,0.873757
p01,2022-01-24T04:00:00Z,1.612502
p01,2022-01-24T05:00:00Z,2.756420
p01,2022-01-24T06:00:00Z,3.731302
p01,2022-01-24T07:00:00Z,3.656367
p01,2022-01-24T08:00:00Z,4.461352
p01,2022-01-24T09:00:00Z,4.361881
p01,2022-01-24T10:00:00Z,3.991616
p01,2022-01-24T11:00:00Z,4.557315
p01,2022-01-24T12:00:00Z,3.729746
p01,2022-01-24T13:00:00Z,4.498683
p01,2022-01-24T14:00:00Z,3.054993
p01,2022-01-24T15:00:00Z,2.514348
p01,2022-01-24T16:00:00Z,1.793332
p01,2022-01-24T17:00:00Z,1.681691
p01,2022-01-24T18:00:00Z,0.283793
p01,2022-01-24T19:00:00Z,0.523865
p01,2022-01-24T20:00:00Z,-1.619786
p01,2022-01-24T21:00:00Z,-1.136809
p01,2022-01-24T22:00:00Z,-0.663559
p01,2022-01-24T23:00:00Z,-1.026957
p01,2022-01-25T00:00:00Z,-0.483106
p01,2022-01-25T01:00:00Z,0.439343
p01,2022-01-25T02:00:00Z,0.460611
p01,2022-01-25T03:00:00Z,2.104826
p01,2022-01-25T04:00:00Z,2.995284
p01,2022-01-25T05:00:00Z,2.584198
p01,2022-01-25T06:00:00Z,3.769356
p01,2022-01-25T07:00:00Z,3.708307
p01,2022-01-25T08:00:00Z,4.224707
p01,2022-01-25T09:00:00Z,5.270678
p01,2022-01-25T10:00:00Z,5.003653
p01,2022-01-25T11:00:00Z,5.118251
p01,2022-01-25T12:00:00Z,5.139729
p01,2022-01-25T13:00:00Z,4.146834
p01,2022-01-25T14:00:00Z,3.040328
p01,2022-01-25T15:00:00Z,2.748223
p01,2022-01-25T16:00:00Z,2.330425
p01,2022-01-25T17:00:00Z,1.606462
p01,2022-01-25T18:00:00Z,0.381704
p01,2022-01-25T19:00:00Z,-0.389070
p01,2022-01-25T20:00:00Z,0.211738
p01,2022-01-25T21:00:00Z,-0.275696
p01,2022-01-25T22:00:00Z,-0.530666
p01,2022-01-25T23:00:00Z,-0.948901
p01,2022-01-26T00:00:00Z,-0.400129
p01,2022-01-26T01:00:00Z,0.278023
p01,2022-01-26T02:00:00Z,1.841592
p01,2022-01-26T03:00:00Z,1.852921
p01,2022-01-26T04:00:00Z,3.116875
p01,2022-01-26T05:00:00Z,2.923977
p01,2022-01-26T06:00:00Z,3.929322
p01,2022-01-26T07:00:00Z,4.098162
p01,2022-01-26T08:00:00Z,4.754667
p01,2022-01-26T09:00:00Z,5.987987
p01,2022-01-26T10:00:00Z,5.974488
p01,2022-01-26T11:00:00Z,6.023313
p01,2022-01-26T12:00:00Z,4.722689
p01,2022-01-26T13:00:00Z,4.531654
p01,2022-01-26T14:00:00Z,3.824532
p01,2022-01-26T15:00:00Z,3.344480
p01,2022-01-26T16:00:00Z,1.867360
p01,2022-01-26T17:00:00Z,1.359499
p01,2022-01-26T18:00:00Z,1.482102
p01,2022-01-26T19:00:00Z,0.723938
p01,2022-01-26T20:00:00Z,-0.272414
p01,2022-01-26T21:00:00Z,-0.465520
p01,2022-01-26T22:00:00Z,-0.113054
p01,2022-01-26T23:00:00Z,0.350712
p01,2022-01-27T00:00:00Z,-0.538652
p01,2022-01-27T01:00:00Z,-0.325100
p01,2022-01-27T02:00:00Z,0.696747
p01,2022-01-27T03:00:00Z,1.275471
p01,2022-01-27T04:00:00Z,2.713449
p01,2022-01-27T05:00:00Z,3.125118
p01,2022-01-27T06:00:00Z,3.851905
p01,2022-01-27T07:00:00Z,3.840152
p01,2022-01-27T08:00:00Z,5.032978
p01,2022-01-27T09:00:00Z,5.134173
p01,2022-01-27T10:00:00Z,6.254355
p01,2022-01-27T11:00:00Z,5.623228
p01,2022-01-27T12:00:00Z,4.782963
p01,2022-01-27T13:00:00Z,4.000818
p01,2022-01-27T14:00:00Z,3.874851
p01,2022-01-27T15:00:00Z,3.040627
p01,2022-01-27T16:00:00Z,1.696134
p01,2022-01-27T17:00:00Z,1.973723
p01,2022-01-27T18:00:00Z,1.948475
p01,2022-01-27T19:00:00Z,-0.130946
p01,2022-01-27T20:00:00Z,-0.146143
p01,2022-01-27T21:00:00Z,-0.880422
p01,2022-01-27T22:00:00Z,-0.863077
p01,2022-01-27T23:00:00Z,-0.747257
p01,2022-01-28T00:00:00Z,0.313000
p01,2022-01-28T01:00:00Z,0.825706
p01,2022-01-28T02:00:00Z,1.129235
p01,2022-01-28T03:00:00Z,1.610121
p01,2022-01-28T04:00:00Z,2.865821
p01,2022-01-28T05:00:00Z,3.108628
p01,2022-01-28T06:00:00Z,3.794051
p01,2022-01-28T07:00:00Z,3.837077
p01,2022-01-28T08:00:00Z,4.794127
p01,2022-01-28T09:00:00Z,5.655682
p01,2022-01-28T10:00:00Z,6.000984
p01,2022-01-28T11:00:00Z,6.511123
p01,2022-01-28T12:00:00Z,5.033501
p01,2022-01-28T13:00:00Z,4.574319
p01,2022-01-28T14:00:00Z,3.504175
p01,2022-01-28T15:00:00Z,2.844567
p01,2022-01-28T16:00:00Z,2.766290
p01,2022-01-28T17:00:00Z,1.854487
p01,2022-01-28T18:00:00Z,1.072231
p01,2022-01-28T19:00:00Z,1.298595
p01,2022-01-28T20:00:00Z,0.743989
p01,2022-01-28T21:00:00Z,0.008214
p01,2022-01-28T22:00:00Z,0.081935
p01,2022-01-28T23:00:00Z,0.751828
p01,2022-01-29T00:00:00Z,0.106148
p01,2022-01-29T01:00:00Z,1.305849
p01,2022-01-29T02:00:00Z,0.409236
p01,2022-01-29T03:00:00Z,2.160926
p01,2022-01-29T04:00:00Z,2.850673
p01,2022-01-29T05:00:00Z,3.675551
p01,2022-01-29T06:00:00Z,3.359761
p01,2022-01-29T07:00:00Z,4.720486
p01,2022-01-29T08:00:00Z,5.332750
p01,2022-01-29T09:00:00Z,5.093144
p01,2022-01-29T10:00:00Z,5.177150
p01,2022-01-29T11:00:00Z,5.357608
p01,2022-01-29T12:00:00Z,4.387924
p01,2022-01-29T13:00:00Z,5.261911
p01,2022-01-29T14:00:00Z,4.631555
p01,2022-01-29T15:00:00Z,3.241091
p01,2022-01-29T16:00:00Z,2.314211
p01,2022-01-29T17:00:00Z,2.686053
p01,2022-01-29T18:00:00Z,0.480258
p01,2022-01-29T19:00:00Z,0.794996
p01,2022-01-29T20:00:00Z,0.553696
p01,2022-01-29T21:00:00Z,-0.520680
p01,2022-01-29T22:00:00Z,0.308397
p01,2022-01-29T23:00:00Z,-0.864849
p01,2022-01-30T00:00:00Z,-0.145937
p01,2022-01-30T01:00:00Z,0.556300
p01,2022-01-30T02:00:00Z,1.355348
p01,2022-01-30T03:00:00Z,1.538535
p01,2022-01-30T04:00:00Z,2.201823
p01,2022-01-30T05:00:00Z,3.980318
p01,2022-01-30T06:00:00Z,4.159914
p01,2022-01-30T07:00:00Z,4.700011
p01,2022-01-30T08:00:00Z,5.900225
p01,2022-01-30T09:00:00Z,5.888741
p01,2022-01-30T10:00:00Z,5.763690
p01,2022-01-30T11:00:00Z,5.655810
p01,2022-01-30T12:00:00Z,5.493008
p01,2022-01-30T13:00:00Z,4.272810
p01,2022-01-30T14:00:00Z,4.107392
p01,2022-01-30T15:00:00Z,2.964083
p01,2022-01-30T16:00:00Z,3.276329
p01,2022-01-30T17:00:00Z,2.123442
p01,2022-01-30T18:00:00Z,2.265370
p01,2022-01-30T19:00:00Z,0.344291
p01,2022-01-30T20:00:00Z,-0.050495
p01,2022-01-30T21:00:00Z,0.733045
p01,2022-01-30T22:00:00Z,0.749333
p01,2022-01-30T23:00:00Z,0.828489
p01,2022-01-31T00:00:00Z,-0.721344
p01,2022-01-31T01:00:00Z,0.860267
p01,2022-01-31T02:00:00Z,2.160898
p01,2022-01-31T03:00:00Z,1.546643
p01,2022-01-31T04:00:00Z,3.393547
p01,2022-01-31T05:00:00Z,4.000441
p01,2022-01-31T06:00:00Z,4.455795
p01,2022-01-31T07:00:00Z,5.153718
p01,2022-01-31T08:00:00Z,4.448002
p01,2022-01-31T09:00:00Z,5.866149
p01,2022-01-31T10:00:00Z,5.303202
p01,2022-01-31T11:00:00Z,5.847437
p01,2022-01-31T12:00:00Z,6.832160
p01,2022-01-31T13:00:00Z,5.999152
p01,2022-01-31T14:00:00Z,4.932886
p01,2022-01-31T15:00:00Z,4.662692
p01,2022-01-31T16:00:00Z,3.063041
p01,2022-01-31T17:00:00Z,2.484327
p01,2022-01-31T18:00:00Z,1.099470
p01,2022-01-31T19:00:00Z,0.886365
p01,2022-01-31T20:00:00Z,0.361354
p01,2022-01-31T21:00:00Z,-0.407247
p01,2022-01-31T22:00:00Z,1.009251
p01,2022-01-31T23:00:00Z,0.054232
p01,2022-02-01T00:00:00Z,-0.071173
p01,2022-02-01T01:00:00Z,0.713786
p01,2022-02-01T02:00:00Z,2.668726
p01,2022-02-01T03:00:00Z,2.307222
p01,2022-02-01T04:00:00Z,3.316717
p01,2022-02-01T05:00:00Z,3.675675
p01,2022-02-01T06:00:00Z,4.180365
p01,2022-02-01T07:00:00Z,5.376102
p01,2022-02-01T08:00:00Z,5.948141
p01,2022-02-01T09:00:00Z,5.363453
p01,2022-02-01T10:00:00Z,5.730592
p01,2022-02-01T11:00:00Z,5.992250
p01,2022-02-01T12:00:00Z,6.264427
p01,2022-02-01T13:00:00Z,4.475563
p01,2022-02-01T14:00:00Z,4.527459
p01,2022-02-01T15:00:00Z,3.120777
p01,2022-02-01T16:00:00Z,3.544625
p01,2022-02-01T17:00:00Z,2.609956
p01,2022-02-01T18:00:00Z,1.755566
p01,2022-02-01T19:00:00Z,1.063018
p01,2022-02-01T20:00:00Z,0.461110
p01,2022-02-01T21:00:00Z,0.754345
p01,2022-02-01T22:00:00Z,0.379239
p01,2022-02-01T23:00:00Z,-0.213654
p01,2022-02-02T00:00:00Z,1.143284
p01,2022-02-02T01:00:00Z,1.330831
p01,2022-02-02T02:00:00Z,1.532114
p01,2022-02-02T03:00:00Z,3.218924
p01,2022-02-02T04:00:00Z,3.234097
p01,2022-02-02T05:00:00Z,4.242613
p01,2022-02-02T06:00:00Z,5.454525
p01,2022-02-02T07:00:00Z,5.580611
p01,2022-02-02T08:00:00Z,5.724234
p01,2022-02-02T09:00:00Z,5.700061
p01,2022-02-02T10:00:00Z,5.894240
p01,2022-02-02T11:00:00Z,7.451424
p01,2022-02-02T12:00:00Z,5.612025
p01,2022-02-02T13:00:00Z,4.172048
p01,2022-02-02T14:00:00Z,5.253626
p01,2022-02-02T15:00:00Z,4.232347
p01,2022-02-02T16:00:00Z,4.430016
p01,2022-02-02T17:00:00Z,3.270877
p01,2022-02-02T18:00:00Z,2.186262
p01,2022-02-02T19:00:00Z,1.398066
p01,2022-02-02T20:00:00Z,0.632181
p01,2022-02-02T21:00:00Z,0.784749
p01,2022-02-02T22:00:00Z,-0.129929
p01,2022-02-02T23:00:00Z,0.612736
p01,2022-02-03T00:00:00Z,0.377960
p01,2022-02-03T01:00:00Z,1.140043
p01,2022-02-03T02:00:00Z,1.847855
p01,2022-02-03T03:00:00Z,2.145477
p01,2022-02-03T04:00:00Z,2.660834
p01,2022-02-03T05:00:00Z,4.525991
p01,2022-02-03T06:00:00Z,4.959807
p01,2022-02-03T07:00:00Z,6.025121
p01,2022-02-03T08:00:00Z,6.286549
p01,2022-02-03T09:00:00Z,5.517557
p01,2022-02-03T10:00:00Z,5.938715
p01,2022-02-03T11:00:00Z,6.452165
p01,2022-02-03T12:00:00Z,6.080447
p01,2022-02-03T13:00:00Z,5.436839
p01,2022-02-03T14:00:00Z,4.244316
p01,2022-02-03T15:00:00Z,4.422578
p01,2022-02-03T16:00:00Z,3.006465
p01,2022-02-03T17:00:00Z,2.946045
p01,2022-02-03T18:00:00Z,1.807623
p01,2022-02-03T19:00:00Z,1.625595
p01,2022-02-03T20:00:00Z,1.716281
p01,2022-02-03T21:00:00Z,-0.343369
p01,2022-02-03T22:00:00Z,0.386963
p01,2022-02-03T23:00:00Z,1.027974
p01,2022-02-04T00:00:00Z,1.308065
p01,2022-02-04T01:00:00Z,0.676074
p01,2022-02-04T02:00:00Z,2.307136
p01,2022-02-04T03:00:00Z,2.605450
p01,2022-02-04T04:00:00Z,3.257454
p01,2022-02-04T05:00:00Z,3.478100
p01,2022-02-04T06:00:00Z,5.890401
p01,2022-02-04T07:00:00Z,5.798753
p01,2022-02-04T08:00:00Z,5.787985
p01,2022-02-04T09:00:00Z,6.207866
p01,2022-02-04T10:00:00Z,5.852170
p01,2022-02-04T11:00:00Z,6.734952
p01,2022-02-04T12:00:00Z,6.195813
p01,2022-02-04T13:00:00Z,5.819310
p01,2022-02-04T14:00:00Z,5.333462
p01,2022-02-04T15:00:00Z,3.303248
p01,2022-02-04T16:00:00Z,3.400910
p01,2022-02-04T17:00:00Z,2.177852
p01,2022-02-04T18:00:00Z,1.161140
p01,2022-02-04T19:00:00Z,1.321825
p01,2022-02-04T20:00:00Z,1.284914
p01,2022-02-04T21:00:00Z,0.911897
p01,2022-02-04T22:00:00Z,0.451893
p01,2022-02-04T23:00:00Z,1.666736
p01,2022-02-05T00:00:00Z,0.416082
p01,2022-02-05T01:00:00Z,1.423208
p01,2022-02-05T02:00:00Z,2.384692
p01,2022-02-05T03:00:00Z,3.056804
p01,2022-02-05T04:00:00Z,3.943681
p01,2022-02-05T05:00:00Z,4.073552
p01,2022-02-05T06:00:00Z,5.401036
p01,2022-02-05T07:00:00Z,6.530472
p01,2022-02-05T08:00:00Z,5.924113
p01,2022-02-05T09:00:00Z,6.704105
p01,2022-02-05T10:00:00Z,6.261208
p01,2022-02-05T11:00:00Z,6.079052
p01,2022-02-05T12:00:00Z,6.657610
p01,2022-02-05T13:00:00Z,6.086075
p01,2022-02-05T14:00:00Z,5.198921
p01,2022-02-05T15:00:00Z,4.533644
p01,2022-02-05T16:00:00Z,3.405016
p01,2022-02-05T17:00:00Z,3.346818
p01,2022-02-05T18:00:00Z,2.398782
p01,2022-02-05T19:00:00Z,2.250942
p01,2022-02-05T20:00:00Z,1.483681
p01,2022-02-05T21:00:00Z,0.890388
p01,2022-02-05T22:00:00Z,-0.105660
p01,2022-02-05T23:00:00Z,0.360935
p01,2022-02-06T00:00:00Z,1.223991
p01,2022-02-06T01:00:00Z,1.455789
p01,2022-02-06T02:00:00Z,2.271745
p01,2022-02-06T03:00:00Z,3.082256
p01,2022-02-06T04:00:00Z,4.124389
p01,2022-02-06T05:00:00Z,4.672571
p01,2022-02-06T06:00:00Z,5.583311
p01,2022-02-06T07:00:00Z,6.058501
p01,2022-02-06T08:00:00Z,6.477576
p01,2022-02-06T09:00:00Z,7.105137
p01,2022-02-06T10:00:00Z,6.763850
p01,2022-02-06T11:00:00Z,6.613513
p01,2022-02-06T12:00:00Z,6.514683
p01,2022-02-06T13:00:00Z,6.037770
p01,2022-02-06T14:00:00Z,4.919696
p01,2022-02-06T15:00:00Z,4.706007
p01,2022-02-06T16:00:00Z,4.261251
p01,2022-02-06T17:00:00Z,2.980271
p01,2022-02-06T18:00:00Z,1.967887
p01,2022-02-06T19:00:00Z,1.101994
p01,2022-02-06T20:00:00Z,0.658250
p01,2022-02-06T21:00:00Z,1.179841
p01,2022-02-06T22:00:00Z,1.373227
p01,2022-02-06T23:00:00Z,0.819914
p01,2022-02-07T00:00:00Z,1.699056
p01,2022-02-07T01:00:00Z,1.838722
p01,2022-02-07T02:00:00Z,2.496910
p01,2022-02-07T03:00:00Z,2.993185
p01,2022-02-07T04:00:00Z,3.472063
p01,2022-02-07T05:00:00Z,4.223513
p01,2022-02-07T06:00:00Z,6.080300
p01,2022-02-07T07:00:00Z,5.855844
p01,2022-02-07T08:00:00Z,5.618314
p01,2022-02-07T09:00:00Z,7.162084
p01,2022-02-07T10:00:00Z,6.451606
p01,2022-02-07T11:00:00Z,6.277267
p01,2022-02-07T12:00:00Z,7.112660
p01,2022-02-07T13:00:00Z,6.213299
p01,2022-02-07T14:00:00Z,4.946267
p01,2022-02-07T15:00:00Z,3.564890
p01,2022-02-07T16:00:00Z,4.139893
p01,2022-02-07T17:00:00Z,4.063805
p01,2022-02-07T18:00:00Z,2.119496
p01,2022-02-07T19:00:00Z,1.509281
p01,2022-02-07T20:00:00Z,2.016133
p01,2022-02-07T21:00:00Z,1.200170
p01,2022-02-07T22:00:00Z,0.034932
p01,2022-02-07T23:00:00Z,1.289845
p01,2022-02-08T00:00:00Z,0.219145
p01,2022-02-08T01:00:00Z,3.167306
p01,2022-02-08T02:00:00Z,2.107499
p01,2022-02-08T03:00:00Z,3.335484
p01,2022-02-08T04:00:00Z,3.846603
p01,2022-02-08T05:00:00Z,4.254501
p01,2022-02-08T06:00:00Z,5.841352
p01,2022-02-08T07:00:00Z,6.998617
p01,2022-02-08T08:00:00Z,7.081485
p01,2022-02-08T09:00:00Z,6.982863
p01,2022-02-08T10:00:00Z,7.597992
p01,2022-02-08T11:00:00Z,6.865732
p01,2022-02-08T12:00:00Z,6.527338
p01,2022-02-08T13:00:00Z,6.478404
p01,2022-02-08T14:00:00Z,5.784881
p01,2022-02-08T15:00:00Z,4.914650
p01,2022-02-08T16:00:00Z,2.963553
p01,2022-02-08T17:00:00Z,3.426884
p01,2022-02-08T18:00:00Z,2.376553
p01,2022-02-08T19:00:00Z,2.132068
p01,2022-02-08T20:00:00Z,1.249252
p01,2022-02-08T21:00:00Z,1.376497
p01,2022-02-08T22:00:00Z,1.081681
p01,2022-02-08T23:00:00Z,1.801782
p01,2022-02-09T00:00:00Z,2.377075
p01,2022-02-09T01:00:00Z,1.238817
p01,2022-02-09T02:00:00Z,1.771200
p01,2022-02-09T03:00:00Z,3.059679
p01,2022-02-09T04:00:00Z,4.283087
p01,2022-02-09T05:00:00Z,5.391636
p01,2022-02-09T06:00:00Z,5.525266
p01,2022-02-09T07:00:00Z,6.496881
p01,2022-02-09T08:00:00Z,7.170281
p01,2022-02-09T09:00:00Z,7.333227
p01,2022-02-09T10:00:00Z,7.395120
p01,2022-02-09T11:00:00Z,7.402554
p01,2022-02-09T12:00:00Z,6.521124
p01,2022-02-09T13:00:00Z,6.196549
p01,2022-02-09T14:00:00Z,5.092787
p01,2022-02-09T15:00:00Z,4.851391
p01,2022-02-09T16:00:00Z,5.305835
p01,2022-02-09T17:00:00Z,3.600058
p01,2022-02-09T18:00:00Z,2.547561
p01,2022-02-09T19:00:00Z,2.661626
p01,2022-02-09T20:00:00Z,0.881440
p01,2022-02-09T21:00:00Z,1.588740
p01,2022-02-09T22:00:00Z,0.636084
p01,2022-02-09T23:00:00Z,1.599804
p01,2022-02-10T00:00:00Z,2.008080
p01,2022-02-10T01:00:00Z,2.578119
p01,2022-02-10T02:00:00Z,2.848115
p01,2022-02-10T03:00:00Z,3.420816
p01,2022-02-10T04:00:00Z,3.323703
p01,2022-02-10T05:00:00Z,6.039229
p01,2022-02-10T06:00:00Z,6.193339
p01,2022-02-10T07:00:00Z,5.776041
p01,2022-02-10T08:00:00Z,7.357684
p01,2022-02-10T09:00:00Z,7.563064
p01,2022-02-10T10:00:00Z,7.718122
p01,2022-02-10T11:00:00Z,7.177674
p01,2022-02-10T12:00:00Z,6.561833
p01,2022-02-10T13:00:00Z,6.972343
p01,2022-02-10T14:00:00Z,6.027961
p01,2022-02-10T15:00:00Z,4.973530
p01,2022-02-10T16:00:00Z,4.627408
p01,2022-02-10T17:00:00Z,3.508468
p01,2022-02-10T18:00:00Z,2.629308
p01,2022-02-10T19:00:00Z,1.946311
p01,2022-02-10T20:00:00Z,1.445801
p01,2022-02-10T21:00:00Z,0.175813
p01,2022-02-10T22:00:00Z,1.924100
p01,2022-02-10T23:00:00Z,1.965276
p01,2022-02-11T00:00:00Z,1.214279
p01,2022-02-11T01:00:00Z,1.733657
p01,2022-02-11T02:00:00Z,3.566930
p01,2022-02-11T03:00:00Z,3.679757
p01,2022-02-11T04:00:00Z,4.219762
p01,2022-02-11T05:00:00Z,4.893053
p01,2022-02-11T06:00:00Z,5.292673
p01,2022-02-11T07:00:00Z,7.053927
p01,2022-02-11T08:00:00Z,7.179416
p01,2022-02-11T09:00:00Z,7.289917
p01,2022-02-11T10:00:00Z,7.865825
p01,2022-02-11T11:00:00Z,7.092193
p01,2022-02-11T12:00:00Z,6.795742
p01,2022-02-11T13:00:00Z,7.386089
p01,2022-02-11T14:00:00Z,6.567777
p01,2022-02-11T15:00:00Z,5.796772
p01,2022-02-11T16:00:00Z,4.597875
p01,2022-02-11T17:00:00Z,3.138239
p01,2022-02-11T18:00:00Z,3.415152
p01,2022-02-11T19:00:00Z,2.569790
p01,2022-02-11T20:00:00Z,2.131132
p01,2022-02-11T21:00:00Z,2.697450
p01,2022-02-11T22:00:00Z,0.685656
p01,2022-02-11T23:00:00Z,2.284494
p01,2022-02-12T00:00:00Z,2.041368
p01,2022-02-12T01:00:00Z,2.146694
p01,2022-02-12T02:00:00Z,3.308736
p01,2022-02-12T03:00:00Z,3.906738
p01,2022-02-12T04:00:00Z,5.458176
p01,2022-02-12T05:00:00Z,4.814018
p01,2022-02-12T06:00:00Z,5.713138
p01,2022-02-12T07:00:00Z,6.728457
p01,2022-02-12T08:00:00Z,7.876614
p01,2022-02-12T09:00:00Z,7.708573
p01,2022-02-12T10:00:00Z,6.811328
p01,2022-02-12T11:00:00Z,7.581541
p01,2022-02-12T12:00:00Z,7.090483
p01,2022-02-12T13:00:00Z,6.344621
p01,2022-02-12T14:00:00Z,6.776316
p01,2022-02-12T15:00:00Z,4.868104
p01,2022-02-12T16:00:00Z,4.400583
p01,2022-02-12T17:00:00Z,3.573460
p01,2022-02-12T18:00:00Z,2.982552
p01,2022-02-12T19:00:00Z,2.726653
p01,2022-02-12T20:00:00Z,2.618492
p01,2022-02-12T21:00:00Z,2.085308
p01,2022-02-12T22:00:00Z,2.424360
p01,2022-02-12T23:00:00Z,2.132159
p01,2022-02-13T00:00:00Z,1.836549
p01,2022-02-13T01:00:00Z,2.353213
p01,2022-02-13T02:00:00Z,4.002732
p01,2022-02-13T03:00:00Z,3.980512
p01,2022-02-13T04:00:00Z,5.212164
p01,2022-02-13T05:00:00Z,6.385033
p01,2022-02-13T06:00:00Z,6.008976
p01,2022-02-13T07:00:00Z,6.401946
p01,2022-02-13T08:00:00Z,7.744392
p01,2022-02-13T09:00:00Z,7.323647
p01,2022-02-13T10:00:00Z,7.363735
p01,2022-02-13T11:00:00Z,7.660002
p01,2022-02-13T12:00:00Z,6.966068
p01,2022-02-13T13:00:00Z,5.748019
p01,2022-02-13T14:00:00Z,6.662697
p01,2022-02-13T15:00:00Z,5.177703
p01,2022-02-13T16:00:00Z,4.434962
p01,2022-02-13T17:00:00Z,3.924846
p01,2022-02-13T18:00:00Z,3.443008
p01,2022-02-13T19:00:00Z,2.516605
p01,2022-02-13T20:00:00Z,1.607363
p01,2022-02-13T21:00:00Z,1.518542
p01,2022-02-13T22:00:00Z,1.069204
p01,2022-02-13T23:00:00Z,0.400358
p01,2022-02-14T00:00:00Z,2.502616
p01,2022-02-14T01:00:00Z,2.523827
p01,2022-02-14T02:00:00Z,2.883006
p01,2022-02-14T03:00:00Z,4.345945
p01,2022-02-14T04:00:00Z,4.688626
p01,2022-02-14T05:00:00Z,6.655161
p01,2022-02-14T06:00:00Z,7.207771
p01,2022-02-14T07:00:00Z,7.869325
p01,2022-02-14T08:00:00Z,8.001991
p01,2022-02-14T09:00:00Z,6.752121
p01,2022-02-14T10:00:00Z,7.763444
p01,2022-02-14T11:00:00Z,7.690491
p01,2022-02-14T12:00:00Z,6.938780
p01,2022-02-14T13:00:00Z,6.655565
p01,2022-02-14T14:00:00Z,6.243331
p01,2022-02-14T15:00:00Z,5.685534
p01,2022-02-14T16:00:00Z,5.537311
p01,2022-02-14T17:00:00Z,4.427511
p01,2022-02-14T18:00:00Z,2.780854
p01,2022-02-14T19:00:00Z,3.330266
p01,2022-02-14T20:00:00Z,2.312466
p01,2022-02-14T21:00:00Z,2.562311
p01,2022-02-14T22:00:00Z,1.212097
p01,2022-02-14T23:00:00Z,1.359852
p01,2022-02-15T00:00:00Z,2.195882
p01,2022-02-15T01:00:00Z,2.853671
p01,2022-02-15T02:00:00Z,3.147004
p01,2022-02-15T03:00:00Z,3.316447
p01,2022-02-15T04:00:00Z,4.134058
p01,2022-02-15T05:00:00Z,6.086657
p01,2022-02-15T06:00:00Z,6.508190
p01,2022-02-15T07:00:00Z,6.280620
p01,2022-02-15T08:00:00Z,7.593119
p01,2022-02-15T09:00:00Z,6.949113
p01,2022-02-15T10:00:00Z,8.375513
p01,2022-02-15T11:00:00Z,7.646151
p01,2022-02-15T12:00:00Z,6.832174
p01,2022-02-15T13:00:00Z,8.029639
p01,2022-02-15T14:00:00Z,6.620680
p01,2022-02-15T15:00:00Z,5.135766
p01,2022-02-15T16:00:00Z,4.493791
p01,2022-02-15T17:00:00Z,3.469268
p01,2022-02-15T18:00:00Z,2.702931
p01,2022-02-15T19:00:00Z,2.726012
p01,2022-02-15T20:00:00Z,3.609041
p01,2022-02-15T21:00:00Z,1.694099
p01,2022-02-15T22:00:00Z,2.606928
p01,2022-02-15T23:00:00Z,2.814119
p01,2022-02-16T00:00:00Z,2.967792
p01,2022-02-16T01:00:00Z,3.272217
p01,2022-02-16T02:00:00Z,3.261255
p01,2022-02-16T03:00:00Z,4.019671
p01,2022-02-16T04:00:00Z,5.160549
p01,2022-02-16T05:00:00Z,5.202063
p01,2022-02-16T06:00:00Z,6.558008
p01,2022-02-16T07:00:00Z,7.723323
p01,2022-02-16T08:00:00Z,8.155433
p01,2022-02-16T09:00:00Z,7.939365
p01,2022-02-16T10:00:00Z,7.600485
p01,2022-02-16T11:00:00Z,8.448141
p01,2022-02-16T12:00:00Z,7.799459
p01,2022-02-16T13:00:00Z,6.879342
p01,2022-02-16T14:00:00Z,6.345911
p01,2022-02-16T15:00:00Z,5.629673
p01,2022-02-16T16:00:00Z,5.766893
p01,2022-02-16T17:00:00Z,4.385067
p01,2022-02-16T18:00:00Z,4.390913
p01,2022-02-16T19:00:00Z,3.209175
p01,2022-02-16T20:00:00Z,2.925058
p01,2022-02-16T21:00:00Z,1.601558
p01,2022-02-16T22:00:00Z,1.255956
p01,2022-02-16T23:00:00Z,2.498380
p01,2022-02-17T00:00:00Z,2.693019
p01,2022-02-17T01:00:00Z,3.321241
p01,2022-02-17T02:00:00Z,3.802824
p01,2022-02-17T03:00:00Z,4.670057
p01,2022-02-17T04:00:00Z,4.937577
p01,2022-02-17T05:00:00Z,5.720709
p01,2022-02-17T06:00:00Z,6.565406
p01,2022-02-17T07:00:00Z,6.974175
p01,2022-02-17T08:00:00Z,7.337898
p01,2022-02-17T09:00:00Z,7.924817
p01,2022-02-17T10:00:00Z,8.320825
p01,2022-02-17T11:00:00Z,9.137747
p01,2022-02-17T12:00:00Z,7.959131
p01,2022-02-17T13:00:00Z,6.672723
p01,2022-02-17T14:00:00Z,6.594002
p01,2022-02-17T15:00:00Z,5.972985
p01,2022-02-17T16:00:00Z,5.104727
p01,2022-02-17T17:00:00Z,5.032829
p01,2022-02-17T18:00:00Z,3.513230
p01,2022-02-17T19:00:00Z,2.518830
p01,2022-02-17T20:00:00Z,2.262344
p01,2022-02-17T21:00:00Z,2.218546
p01,2022-02-17T22:00:00Z,2.277280
p01,2022-02-17T23:00:00Z,1.915867
p01,2022-02-18T00:00:00Z,2.281461
p01,2022-02-18T01:00:00Z,4.500734
p01,2022-02-18T02:00:00Z,3.891772
p01,2022-02-18T03:00:00Z,4.982375
p01,2022-02-18T04:00:00Z,5.311593
p01,2022-02-18T05:00:00Z,5.379364
p01,2022-02-18T06:00:00Z,6.742718
p01,2022-02-18T07:00:00Z,6.894676
p01,2022-02-18T08:00:00Z,8.199541
p01,2022-02-18T09:00:00Z,7.749673
p01,2022-02-18T10:00:00Z,8.970519
p01,2022-02-18T11:00:00Z,7.796568
p01,2022-02-18T12:00:00Z,7.913419
p01,2022-02-18T13:00:00Z,7.582581
p01,2022-02-18T14:00:00Z,5.360615
p01,2022-02-18T15:00:00Z,5.541322
p01,2022-02-18T16:00:00Z,5.226494
p01,2022-02-18T17:00:00Z,3.922900
p01,2022-02-18T18:00:00Z,3.683988
p01,2022-02-18T19:00:00Z,3.463648
p01,2022-02-18T20:00:00Z,2.215890
p01,2022-02-18T21:00:00Z,2.605762
p01,2022-02-18T22:00:00Z,2.354000
p01,2022-02-18T23:00:00Z,1.499157
p01,2022-02-19T00:00:00Z,2.615018
p01,2022-02-19T01:00:00Z,3.418997
p01,2022-02-19T02:00:00Z,4.201916
p01,2022-02-19T03:00:00Z,4.495174
p01,2022-02-19T04:00:00Z,5.533752
p01,2022-02-19T05:00:00Z,5.638922
p01,2022-02-19T06:00:00Z,7.131899
p01,2022-02-19T07:00:00Z,7.592180
p01,2022-02-19T08:00:00Z,8.264705
p01,2022-02-19T09:00:00Z,8.782167
p01,2022-02-19T10:00:00Z,8.380770
p01,2022-02-19T11:00:00Z,8.970416
p01,2022-02-19T12:00:00Z,7.072758
p01,2022-02-19T13:00:00Z,7.564149
p01,2022-02-19T14:00:00Z,6.689866
p01,2022-02-19T15:00:00Z,4.965566
p01,2022-02-19T16:00:00Z,5.471480
p01,2022-02-19T17:00:00Z,3.561366
p01,2022-02-19T18:00:00Z,5.307793
p01,2022-02-19T19:00:00Z,3.471169
p01,2022-02-19T20:00:00Z,1.878406
p01,2022-02-19T21:00:00Z,2.310314
p01,2022-02-19T22:00:00Z,2.290096
p01,2022-02-19T23:00:00Z,1.407886
p01,2022-02-20T00:00:00Z,3.437158
p01,2022-02-20T01:00:00Z,2.952687
p01,2022-02-20T02:00:00Z,3.725103
p01,2022-02-20T03:00:00Z,4.533837
p01,2022-02-20T04:00:00Z,5.705792
p01,2022-02-20T05:00:00Z,5.567873
p01,2022-02-20T06:00:00Z,7.209892
p01,2022-02-20T07:00:00Z,7.286962
p01,2022-02-20T08:00:00Z,8.796242
p01,2022-02-20T09:00:00Z,9.480510
p01,2022-02-20T10:00:00Z,8.274050
p01,2022-02-20T11:00:00Z,8.700423
p01,2022-02-20T12:00:00Z,7.313861
p01,2022-02-20T13:00:00Z,7.546850
p01,2022-02-20T14:00:00Z,6.343817
p01,2022-02-20T15:00:00Z,6.388343
p01,2022-02-20T16:00:00Z,5.304903
p01,2022-02-20T17:00:00Z,5.203147
p01,2022-02-20T18:00:00Z,4.331258
p01,2022-02-20T19:00:00Z,3.775024
p01,2022-02-20T20:00:00Z,2.780656
p01,2022-02-20T21:00:00Z,2.602615
p01,2022-02-20T22:00:00Z,2.016015
p01,2022-02-20T23:00:00Z,2.436960
p01,2022-02-21T00:00:00Z,2.785979
p01,2022-02-21T01:00:00Z,3.594390
p01,2022-02-21T02:00:00Z,5.087845
p01,2022-02-21T03:00:00Z,5.303159
p01,2022-02-21T04:00:00Z,6.407096
p01,2022-02-21T05:00:00Z,5.394434
p01,2022-02-21T06:00:00Z,8.283310
p01,2022-02-21T07:00:00Z,7.664274
p01,2022-02-21T08:00:00Z,8.694012
p01,2022-02-21T09:00:00Z,8.600364
p01,2022-02-21T10:00:00Z,8.590365
p01,2022-02-21T11:00:00Z,8.595814
p01,2022-02-21T12:00:00Z,7.308814
p01,2022-02-21T13:00:00Z,7.491361
p01,2022-02-21T14:00:00Z,6.966778
p01,2022-02-21T15:00:00Z,5.456581
p01,2022-02-21T16:00:00Z,5.000537
p01,2022-02-21T17:00:00Z,5.335894
p01,2022-02-21T18:00:00Z,3.184464
p01,2022-02-21T19:00:00Z,3.894769
p01,2022-02-21T20:00:00Z,3.722084
p01,2022-02-21T21:00:00Z,2.610041
p01,2022-02-21T22:00:00Z,1.497529
p01,2022-02-21T23:00:00Z,3.505469
p01,2022-02-22T00:00:00Z,2.869713
p01,2022-02-22T01:00:00Z,4.009743
p01,2022-02-22T02:00:00Z,4.402242
p01,2022-02-22T03:00:00Z,4.208010
p01,2022-02-22T04:00:00Z,6.515622
p01,2022-02-22T05:00:00Z,6.789452
p01,2022-02-22T06:00:00Z,7.312341
p01,2022-02-22T07:00:00Z,7.926615
p01,2022-02-22T08:00:00Z,7.397274
p01,2022-02-22T09:00:00Z,9.774138
p01,2022-02-22T10:00:00Z,8.321460
p01,2022-02-22T11:00:00Z,8.456992
p01,2022-02-22T12:00:00Z,8.136027
p01,2022-02-22T13:00:00Z,7.827468
p01,2022-02-22T14:00:00Z,7.506112
p01,2022-02-22T15:00:00Z,6.837209
p01,2022-02-22T16:00:00Z,5.631802
p01,2022-02-22T17:00:00Z,5.928285
p01,2022-02-22T18:00:00Z,4.886271
p01,2022-02-22T19:00:00Z,3.396320
p01,2022-02-22T20:00:00Z,3.223485
p01,2022-02-22T21:00:00Z,3.402490
p01,2022-02-22T22:00:00Z,2.870967
p01,2022-02-22T23:00:00Z,2.697411
p01,2022-02-23T00:00:00Z,3.551318
p01,2022-02-23T01:00:00Z,3.684411
p01,2022-02-23T02:00:00Z,3.724314
p01,2022-02-23T03:00:00Z,5.917239
p01,2022-02-23T04:00:00Z,5.504314
p01,2022-02-23T05:00:00Z,6.299344
p01,2022-02-23T06:00:00Z,7.712957
p01,2022-02-23T07:00:00Z,8.663903
p01,2022-02-23T08:00:00Z,8.727914
p01,2022-02-23T09:00:00Z,8.135621
p01,2022-02-23T10:00:00Z,9.246173
p01,2022-02-23T11:00:00Z,7.855866
p01,2022-02-23T12:00:00Z,8.192527
p01,2022-02-23T13:00:00Z,8.542362
p01,2022-02-23T14:00:00Z,6.971144
p01,2022-02-23T15:00:00Z,6.601520
p01,2022-02-23T16:00:00Z,6.279350
p01,2022-02-23T17:00:00Z,4.970850
p01,2022-02-23T18:00:00Z,4.285872
p01,2022-02-23T19:00:00Z,4.797832
p01,2022-02-23T20:00:00Z,3.241581
p01,2022-02-23T21:00:00Z,2.469291
p01,2022-02-23T22:00:00Z,2.986059
p01,2022-02-23T23:00:00Z,3.024800
p01,2022-02-24T00:00:00Z,3.642409
p01,2022-02-24T01:00:00Z,2.589716
p01,2022-02-24T02:00:00Z,4.108979
p01,2022-02-24T03:00:00Z,4.909962
p01,2022-02-24T04:00:00Z,5.512429
p01,2022-02-24T05:00:00Z,6.542953
p01,2022-02-24T06:00:00Z,6.984125
p01,2022-02-24T07:00:00Z,7.817759
p01,2022-02-24T08:00:00Z,7.749546
p01,2022-02-24T09:00:00Z,8.283806
p01,2022-02-24T10:00:00Z,8.663055
p01,2022-02-24T11:00:00Z,9.248239
p01,2022-02-24T12:00:00Z,7.991545
p01,2022-02-24T13:00:00Z,8.418590
p01,2022-02-24T14:00:00Z,7.852082
p01,2022-02-24T15:00:00Z,6.490956
p01,2022-02-24T16:00:00Z,6.175203
p01,2022-02-24T17:00:00Z,5.498907
p01,2022-02-24T18:00:00Z,5.236395
p01,2022-02-24T19:00:00Z,3.720831
p01,2022-02-24T20:00:00Z,3.003243
p01,2022-02-24T21:00:00Z,3.339956
p01,2022-02-24T22:00:00Z,3.310035
p01,2022-02-24T23:00:00Z,3.141543
p01,2022-02-25T00:00:00Z,3.199987
p01,2022-02-25T01:00:00Z,3.158283
p01,2022-02-25T02:00:00Z,4.371619
p01,2022-02-25T03:00:00Z,5.944354
p01,2022-02-25T04:00:00Z,5.621241
p01,2022-02-25T05:00:00Z,6.661055
p01,2022-02-25T06:00:00Z,7.924427
p01,2022-02-25T07:00:00Z,8.403099
p01,2022-02-25T08:00:00Z,8.685382
p01,2022-02-25T09:00:00Z,8.135784
p01,2022-02-25T10:00:00Z,9.646961
p01,2022-02-25T11:00:00Z,9.169620
p01,2022-02-25T12:00:00Z,8.770224
p01,2022-02-25T13:00:00Z,9.078574
p01,2022-02-25T14:00:00Z,8.297461
p01,2022-02-25T15:00:00Z,6.735408
p01,2022-02-25T16:00:00Z,5.698872
p01,2022-02-25T17:00:00Z,5.175567
p01,2022-02-25T18:00:00Z,4.978581
p01,2022-02-25T19:00:00Z,4.360769
p01,2022-02-25T20:00:00Z,3.163375
p01,2022-02-25T21:00:00Z,2.894743
p01,2022-02-25T22:00:00Z,3.069535
p01,2022-02-25T23:00:00Z,2.985052
p01,2022-02-26T00:00:00Z,2.731939
p01,2022-02-26T01:00:00Z,3.625302
p01,2022-02-26T02:00:00Z,4.488073
p01,2022-02-26T03:00:00Z,6.693671
p01,2022-02-26T04:00:00Z,6.405439
p01,2022-02-26T05:00:00Z,7.163561
p01,2022-02-26T06:00:00Z,7.771100
p01,2022-02-26T07:00:00Z,8.588825
p01,2022-02-26T08:00:00Z,8.912571
p01,2022-02-26T09:00:00Z,9.144766
p01,2022-02-26T10:00:00Z,8.189871
p01,2022-02-26T11:00:00Z,8.929250
p01,2022-02-26T12:00:00Z,9.442007
p01,2022-02-26T13:00:00Z,8.741040
p01,2022-02-26T14:00:00Z,8.437490
p01,2022-02-26T15:00:00Z,7.223801
p01,2022-02-26T16:00:00Z,6.291815
p01,2022-02-26T17:00:00Z,4.777746
p01,2022-02-26T18:00:00Z,4.427880
p01,2022-02-26T19:00:00Z,4.591677
p01,2022-02-26T20:00:00Z,3.622826
p01,2022-02-26T21:00:00Z,3.581710
p01,2022-02-26T22:00:00Z,3.194502
p01,2022-02-26T23:00:00Z,4.045504
p01,2022-02-27T00:00:00Z,4.033884
p01,2022-02-27T01:00:00Z,4.875087
p01,2022-02-27T02:00:00Z,5.334229
p01,2022-02-27T03:00:00Z,6.616881
p01,2022-02-27T04:00:00Z,5.082265
p01,2022-02-27T05:00:00Z,6.357283
p01,2022-02-27T06:00:00Z,8.537971
p01,2022-02-27T07:00:00Z,8.034126
p01,2022-02-27T08:00:00Z,9.094411
p01,2022-02-27T09:00:00Z,9.166021
p01,2022-02-27T10:00:00Z,9.116262
p01,2022-02-27T11:00:00Z,9.127394
p01,2022-02-27T12:00:00Z,8.681343
p01,2022-02-27T13:00:00Z,7.876485
p01,2022-02-27T14:00:00Z,7.607949
p01,2022-02-27T15:00:00Z,7.379738
p01,2022-02-27T16:00:00Z,6.431173
p01,2022-02-27T17:00:00Z,5.216974
p01,2022-02-27T18:00:00Z,3.921365
p01,2022-02-27T19:00:00Z,3.829232
p01,2022-02-27T20:00:00Z,3.473822
p01,2022-02-27T21:00:00Z,3.133456
p01,2022-02-27T22:00:00Z,3.908903
p01,2022-02-27T23:00:00Z,3.268325
p01,2022-02-28T00:00:00Z,3.873249
p01,2022-02-28T01:00:00Z,4.445288
p01,2022-02-28T02:00:00Z,5.533017
p01,2022-02-28T03:00:00Z,4.834390
p01,2022-02-28T04:00:00Z,6.837931
p01,2022-02-28T05:00:00Z,6.817593
p01,2022-02-28T06:00:00Z,8.137865
p01,2022-02-28T07:00:00Z,8.154624
p01,2022-02-28T08:00:00Z,9.170997
p01,2022-02-28T09:00:00Z,10.298594
p01,2022-02-28T10:00:00Z,10.066667
p01,2022-02-28T11:00:00Z,10.176964
p01,2022-02-28T12:00:00Z,8.334686
p01,2022-02-28T13:00:00Z,8.525601
p01,2022-02-28T14:00:00Z,8.177069
p01,2022-02-28T15:00:00Z,6.998118
p01,2022-02-28T16:00:00Z,6.293210
p01,2022-02-28T17:00:00Z,5.625149
p01,2022-02-28T18:00:00Z,4.786980
p01,2022-02-28T19:00:00Z,3.968007
p01,2022-02-28T20:00:00Z,3.961040
p01,2022-02-28T21:00:00Z,3.529076
p01,2022-02-28T22:00:00Z,3.302660
p01,2022-02-28T23:00:00Z,3.027643
p01,2022-03-01T00:00:00Z,3.297862
p01,2022-03-01T01:00:00Z,3.340590
p01,2022-03-01T02:00:00Z,5.588383
p01,2022-03-01T03:00:00Z,5.597101
p01,2022-03-01T04:00:00Z,6.336273
p01,2022-03-01T05:00:00Z,7.619375
p01,2022-03-01T06:00:00Z,7.974367
p01,2022-03-01T07:00:00Z,8.534040
p01,2022-03-01T08:00:00Z,9.127363
p01,2022-03-01T09:00:00Z,9.323359
p01,2022-03-01T10:00:00Z,9.628292
p01,2022-03-01T11:00:00Z,9.412600
p01,2022-03-01T12:00:00Z,8.835404
p01,2022-03-01T13:00:00Z,8.561877
p01,2022-03-01T14:00:00Z,8.548421
p01,2022-03-01T15:00:00Z,6.872313
p01,2022-03-01T16:00:00Z,7.663485
p01,2022-03-01T17:00:00Z,6.023916
p01,2022-03-01T18:00:00Z,4.835772
p01,2022-03-01T19:00:00Z,3.769235
p01,2022-03-01T20:00:00Z,4.532028
p01,2022-03-01T21:00:00Z,3.775833
p01,2022-03-01T22:00:00Z,3.003072
p01,2022-03-01T23:00:00Z,4.773445
p01,2022-03-02T00:00:00Z,4.314285
p01,2022-03-02T01:00:00Z,4.167125
p01,2022-03-02T02:00:00Z,5.600979
p01,2022-03-02T03:00:00Z,6.273190
p01,2022-03-02T04:00:00Z,6.947884
p01,2022-03-02T05:00:00Z,7.393424
p01,2022-03-02T06:00:00Z,8.617317
p01,2022-03-02T07:00:00Z,9.212514
p01,2022-03-02T08:00:00Z,9.114393
p01,2022-03-02T09:00:00Z,8.576810
p01,2022-03-02T10:00:00Z,9.274309
p01,2022-03-02T11:00:00Z,9.512858
p01,2022-03-02T12:00:00Z,9.376667
p01,2022-03-02T13:00:00Z,9.279386
p01,2022-03-02T14:00:00Z,8.021600
p01,2022-03-02T15:00:00Z,7.598472
p01,2022-03-02T16:00:00Z,6.545252
p01,2022-03-02T17:00:00Z,6.288084
p01,2022-03-02T18:00:00Z,5.362463
p01,2022-03-02T19:00:00Z,3.598423
p01,2022-03-02T20:00:00Z,3.479498
p01,2022-03-02T21:00:00Z,4.083867
p01,2022-03-02T22:00:00Z,3.574019
p01,2022-03-02T23:00:00Z,4.119192
p01,2022-03-03T00:00:00Z,3.502550
p01,2022-03-03T01:00:00Z,5.154910
p01,2022-03-03T02:00:00Z,4.947679
p01,2022-03-03T03:00:00Z,4.828469
p01,2022-03-03T04:00:00Z,6.595597
p01,2022-03-03T05:00:00Z,7.772933
p01,2022-03-03T06:00:00Z,7.873941
p01,2022-03-03T07:00:00Z,8.323924
p01,2022-03-03T08:00:00Z,8.165896
p01,2022-03-03T09:00:00Z,10.188388
p01,2022-03-03T10:00:00Z,10.044343
p01,2022-03-03T11:00:00Z,10.157299
p01,2022-03-03T12:00:00Z,8.782057
p01,2022-03-03T13:00:00Z,9.092086
p01,2022-03-03T14:00:00Z,8.061002
p01,2022-03-03T15:00:00Z,7.324536
p01,2022-03-03T16:00:00Z,6.427717
p01,2022-03-03T17:00:00Z,6.774178
p01,2022-03-03T18:00:00Z,6.087776
p01,2022-03-03T19:00:00Z,4.008674
p01,2022-03-03T20:00:00Z,3.569801
p01,2022-03-03T21:00:00Z,3.792817
p01,2022-03-03T22:00:00Z,3.295879
p01,2022-03-03T23:00:00Z,4.215297
p01,2022-03-04T00:00:00Z,4.059070
p01,2022-03-04T01:00:00Z,4.176338
p01,2022-03-04T02:00:00Z,5.865489
p01,2022-03-04T03:00:00Z,6.546572
p01,2022-03-04T04:00:00Z,6.699200
p01,2022-03-04T05:00:00Z,7.544040
p01,2022-03-04T06:00:00Z,7.838790
p01,2022-03-04T07:00:00Z,9.115723
p01,2022-03-04T08:00:00Z,9.793501
p01,2022-03-04T09:00:00Z,9.658999
p01,2022-03-04T10:00:00Z,9.087875
p01,2022-03-04T11:00:00Z,9.991220
p01,2022-03-04T12:00:00Z,8.922058
p01,2022-03-04T13:00:00Z,8.547956
p01,2022-03-04T14:00:00Z,8.157377
p01,2022-03-04T15:00:00Z,7.548107
p01,2022-03-04T16:00:00Z,6.449493
p01,2022-03-04T17:00:00Z,5.754268
p01,2022-03-04T18:00:00Z,4.543607
p01,2022-03-04T19:00:00Z,4.727898
p01,2022-03-04T20:00:00Z,4.034905
p01,2022-03-04T21:00:00Z,4.087590
p01,2022-03-04T22:00:00Z,4.773130
p01,2022-03-04T23:00:00Z,3.708757
p01,2022-03-05T00:00:00Z,4.126294
p01,2022-03-05T01:00:00Z,4.660686
p01,2022-03-05T02:00:00Z,5.307665
p01,2022-03-05T03:00:00Z,6.369979
p01,2022-03-05T04:00:00Z,6.749553
p01,2022-03-05T05:00:00Z,7.131642
p01,2022-03-05T06:00:00Z,8.821173
p01,2022-03-05T07:00:00Z,7.956624
p01,2022-03-05T08:00:00Z,9.943345
p01,2022-03-05T09:00:00Z,9.192514
p01,2022-03-05T10:00:00Z,9.773824
p01,2022-03-05T11:00:00Z,10.453885
p01,2022-03-05T12:00:00Z,9.033625
p01,2022-03-05T13:00:00Z,9.102814
p01,2022-03-05T14:00:00Z,8.316584
p01,2022-03-05T15:00:00Z,7.246020
p01,2022-03-05T16:00:00Z,6.955563
p01,2022-03-05T17:00:00Z,6.257612
p01,2022-03-05T18:00:00Z,5.409986
p01,2022-03-05T19:00:00Z,4.497882
p01,2022-03-05T20:00:00Z,4.882581
p01,2022-03-05T21:00:00Z,4.168387
p01,2022-03-05T22:00:00Z,3.766060
p01,2022-03-05T23:00:00Z,4.170499
p01,2022-03-06T00:00:00Z,3.892633
p01,2022-03-06T01:00:00Z,4.751378
p01,2022-03-06T02:00:00Z,5.457780
p01,2022-03-06T03:00:00Z,6.463227
p01,2022-03-06T04:00:00Z,7.097877
p01,2022-03-06T05:00:00Z,7.687962
p01,2022-03-06T06:00:00Z,8.131519
p01,2022-03-06T07:00:00Z,9.181420
p01,2022-03-06T08:00:00Z,10.445097
p01,2022-03-06T09:00:00Z,9.123454
p01,2022-03-06T10:00:00Z,10.075385
p01,2022-03-06T11:00:00Z,9.494153
p01,2022-03-06T12:00:00Z,9.154878
p01,2022-03-06T13:00:00Z,9.968009
p01,2022-03-06T14:00:00Z,8.473588
p01,2022-03-06T15:00:00Z,7.816513
p01,2022-03-06T16:00:00Z,7.250295
p01,2022-03-06T17:00:00Z,6.406281
p01,2022-03-06T18:00:00Z,5.777743
p01,2022-03-06T19:00:00Z,4.711493
p01,2022-03-06T20:00:00Z,4.322450
p01,2022-03-06T21:00:00Z,4.007945
p01,2022-03-06T22:00:00Z,4.430355
p01,2022-03-06T23:00:00Z,4.768324
p01,2022-03-07T00:00:00Z,4.273857
p01,2022-03-07T01:00:00Z,5.627712
p01,2022-03-07T02:00:00Z,5.203981
p01,2022-03-07T03:00:00Z,5.296219
p01,2022-03-07T04:00:00Z,7.328236
p01,2022-03-07T05:00:00Z,7.146739
p01,2022-03-07T06:00:00Z,8.492003
p01,2022-03-07T07:00:00Z,10.327021
p01,2022-03-07T08:00:00Z,9.893342
p01,2022-03-07T09:00:00Z,9.683830
p01,2022-03-07T10:00:00Z,10.065849
p01,2022-03-07T11:00:00Z,10.397388
p01,2022-03-07T12:00:00Z,10.536484
p01,2022-03-07T13:00:00Z,9.368098
p01,2022-03-07T14:00:00Z,9.017696
p01,2022-03-07T15:00:00Z,7.809209
p01,2022-03-07T16:00:00Z,7.207136
p01,2022-03-07T17:00:00Z,6.750465
p01,2022-03-07T18:00:00Z,6.019232
p01,2022-03-07T19:00:00Z,5.976074
p01,2022-03-07T20:00:00Z,4.653863
p01,2022-03-07T21:00:00Z,4.289322
p01,2022-03-07T22:00:00Z,3.271599
p01,2022-03-07T23:00:00Z,4.548850
p01,2022-03-08T00:00:00Z,5.233840
p01,2022-03-08T01:00:00Z,4.558537
p01,2022-03-08T02:00:00Z,6.158611
p01,2022-03-08T03:00:00Z,6.662531
p01,2022-03-08T04:00:00Z,6.929230
p01,2022-03-08T05:00:00Z,8.602460
p01,2022-03-08T06:00:00Z,8.153636
p01,2022-03-08T07:00:00Z,9.692053
p01,2022-03-08T08:00:00Z,9.658978
p01,2022-03-08T09:00:00Z,10.059136
p01,2022-03-08T10:00:00Z,10.704996
p01,2022-03-08T11:00:00Z,10.297861
p01,2022-03-08T12:00:00Z,10.962517
p01,2022-03-08T13:00:00Z,9.791432
p01,2022-03-08T14:00:00Z,8.309504
p01,2022-03-08T15:00:00Z,8.511009
p01,2022-03-08T16:00:00Z,7.268338
p01,2022-03-08T17:00:00Z,6.317010
p01,2022-03-08T18:00:00Z,4.186058
p01,2022-03-08T19:00:00Z,4.104410
p01,2022-03-08T20:00:00Z,4.161431
p01,2022-03-08T21:00:00Z,4.472817
p01,2022-03-08T22:00:00Z,3.269412
p01,2022-03-08T23:00:00Z,4.559039
p01,2022-03-09T00:00:00Z,4.437833
p01,2022-03-09T01:00:00Z,5.323804
p01,2022-03-09T02:00:00Z,5.969821
p01,2022-03-09T03:00:00Z,6.550261
p01,2022-03-09T04:00:00Z,7.051502
p01,2022-03-09T05:00:00Z,8.181135
p01,2022-03-09T06:00:00Z,7.715000
p01,2022-03-09T07:00:00Z,9.266981
p01,2022-03-09T08:00:00Z,10.047623
p01,2022-03-09T09:00:00Z,9.471554
p01,2022-03-09T10:00:00Z,9.798293
p01,2022-03-09T11:00:00Z,9.448518
p01,2022-03-09T12:00:00Z,9.735944
p01,2022-03-09T13:00:00Z,10.206285
p01,2022-03-09T14:00:00Z,8.877966
p01,2022-03-09T15:00:00Z,8.155131
p01,2022-03-09T16:00:00Z,7.286866
p01,2022-03-09T17:00:00Z,5.839722
p01,2022-03-09T18:00:00Z,5.828713
p01,2022-03-09T19:00:00Z,5.293270
p01,2022-03-09T20:00:00Z,5.643574
p01,2022-03-09T21:00:00Z,4.474436
p01,2022-03-09T22:00:00Z,3.652185
p01,2022-03-09T23:00:00Z,4.537796
p01,2022-03-10T00:00:00Z,4.090062
p01,2022-03-10T01:00:00Z,5.119894
p01,2022-03-10T02:00:00Z,5.840266
p01,2022-03-10T03:00:00Z,6.982365
p01,2022-03-10T04:00:00Z,7.172931
p01,2022-03-10T05:00:00Z,8.217135
p01,2022-03-10T06:00:00Z,9.471228
p01,2022-03-10T07:00:00Z,9.023347
p01,2022-03-10T08:00:00Z,10.492911
p01,2022-03-10T09:00:00Z,10.532387
p01,2022-03-10T10:00:00Z,11.129915
p01,2022-03-10T11:00:00Z,9.964466
p01,2022-03-10T12:00:00Z,10.404438
p01,2022-03-10T13:00:00Z,9.774626
p01,2022-03-10T14:00:00Z,9.713256
p01,2022-03-10T15:00:00Z,8.857651
p01,2022-03-10T16:00:00Z,7.738027
p01,2022-03-10T17:00:00Z,6.628951
p01,2022-03-10T18:00:00Z,5.804220
p01,2022-03-10T19:00:00Z,4.841712
p01,2022-03-10T20:00:00Z,4.894213
p01,2022-03-10T21:00:00Z,4.040023
p01,2022-03-10T22:00:00Z,4.264320
p01,2022-03-10T23:00:00Z,4.934225
p01,2022-03-11T00:00:00Z,4.684216
p01,2022-03-11T01:00:00Z,5.748516
p01,2022-03-11T02:00:00Z,6.311700
p01,2022-03-11T03:00:00Z,5.909028
p01,2022-03-11T04:00:00Z,7.621169
p01,2022-03-11T05:00:00Z,7.540261
p01,2022-03-11T06:00:00Z,8.155031
p01,2022-03-11T07:00:00Z,9.241773
p01,2022-03-11T08:00:00Z,10.214750
p01,2022-03-11T09:00:00Z,9.391860
p01,2022-03-11T10:00:00Z,10.150477
p01,2022-03-11T11:00:00Z,10.988811
p01,2022-03-11T12:00:00Z,9.843280
p01,2022-03-11T13:00:00Z,9.400189
p01,2022-03-11T14:00:00Z,8.794343
p01,2022-03-11T15:00:00Z,8.386443
p01,2022-03-11T16:00:00Z,7.606749
p01,2022-03-11T17:00:00Z,6.968617
p01,2022-03-11T18:00:00Z,5.510367
p01,2022-03-11T19:00:00Z,5.330253
p01,2022-03-11T20:00:00Z,4.262924
p01,2022-03-11T21:00:00Z,4.324121
p01,2022-03-11T22:00:00Z,4.170345
p01,2022-03-11T23:00:00Z,3.739080
p01,2022-03-12T00:00:00Z,4.343638
p01,2022-03-12T01:00:00Z,5.915820
p01,2022-03-12T02:00:00Z,5.995514
p01,2022-03-12T03:00:00Z,7.975963
p01,2022-03-12T04:00:00Z,8.169920
p01,2022-03-12T05:00:00Z,7.865294
p01,2022-03-12T06:00:00Z,9.502806
p01,2022-03-12T07:00:00Z,9.027956
p01,2022-03-12T08:00:00Z,9.713651
p01,2022-03-12T09:00:00Z,10.862173
p01,2022-03-12T10:00:00Z,9.731089
p01,2022-03-12T11:00:00Z,11.254505
p01,2022-03-12T12:00:00Z,9.204150
p01,2022-03-12T13:00:00Z,9.760730
p01,2022-03-12T14:00:00Z,9.143294
p01,2022-03-12T15:00:00Z,8.410788
p01,2022-03-12T16:00:00Z,8.024577
p01,2022-03-12T17:00:00Z,7.049727
p01,2022-03-12T18:00:00Z,6.326890
p01,2022-03-12T19:00:00Z,4.845764
p01,2022-03-12T20:00:00Z,3.132019
p01,2022-03-12T21:00:00Z,5.103367
p01,2022-03-12T22:00:00Z,4.697352
p01,2022-03-12T23:00:00Z,4.873500
p01,2022-03-13T00:00:00Z,5.317041
p01,2022-03-13T01:00:00Z,6.616627
p01,2022-03-13T02:00:00Z,6.075364
p01,2022-03-13T03:00:00Z,6.407062
p01,2022-03-13T04:00:00Z,6.870899
p01,2022-03-13T05:00:00Z,8.358665
p01,2022-03-13T06:00:00Z,9.474073
p01,2022-03-13T07:00:00Z,9.203678
p01,2022-03-13T08:00:00Z,10.250674
p01,2022-03-13T09:00:00Z,11.082045
p01,2022-03-13T10:00:00Z,10.946889
p01,2022-03-13T11:00:00Z,10.692628
p01,2022-03-13T12:00:00Z,11.111146
p01,2022-03-13T13:00:00Z,9.424060
p01,2022-03-13T14:00:00Z,8.957741
p01,2022-03-13T15:00:00Z,8.135078
p01,2022-03-13T16:00:00Z,6.997768
p01,2022-03-13T17:00:00Z,6.778850
p01,2022-03-13T18:00:00Z,6.512178
p01,2022-03-13T19:00:00Z,5.333757
p01,2022-03-13T20:00:00Z,3.995419
p01,2022-03-13T21:00:00Z,4.381144
p01,2022-03-13T22:00:00Z,4.095842
p01,2022-03-13T23:00:00Z,3.964808
p01,2022-03-14T00:00:00Z,5.215487
p01,2022-03-14T01:00:00Z,5.172358
p01,2022-03-14T02:00:00Z,6.359379
p01,2022-03-14T03:00:00Z,6.043695
p01,2022-03-14T04:00:00Z,7.764379
p01,2022-03-14T05:00:00Z,8.853646
p01,2022-03-14T06:00:00Z,9.590692
p01,2022-03-14T07:00:00Z,9.833222
p01,2022-03-14T08:00:00Z,10.023599
p01,2022-03-14T09:00:00Z,10.883694
p01,2022-03-14T10:00:00Z,9.870784
p01,2022-03-14T11:00:00Z,9.499807
p01,2022-03-14T12:00:00Z,9.779436
p01,2022-03-14T13:00:00Z,9.752887
p01,2022-03-14T14:00:00Z,8.726645
p01,2022-03-14T15:00:00Z,9.343295
p01,2022-03-14T16:00:00Z,7.279966
p01,2022-03-14T17:00:00Z,6.887775
p01,2022-03-14T18:00:00Z,5.364283
p01,2022-03-14T19:00:00Z,6.106553
p01,2022-03-14T20:00:00Z,4.804576
p01,2022-03-14T21:00:00Z,4.747526
p01,2022-03-14T22:00:00Z,4.633105
p01,2022-03-14T23:00:00Z,4.036392
p01,2022-03-15T00:00:00Z,4.784123
p01,2022-03-15T01:00:00Z,5.736048
p01,2022-03-15T02:00:00Z,6.166924
p01,2022-03-15T03:00:00Z,6.289745
p01,2022-03-15T04:00:00Z,8.260658
p01,2022-03-15T05:00:00Z,7.968767
p01,2022-03-15T06:00:00Z,9.639383
p01,2022-03-15T07:00:00Z,10.349674
p01,2022-03-15T08:00:00Z,11.199375
p01,2022-03-15T09:00:00Z,10.144319
p01,2022-03-15T10:00:00Z,10.444745
p01,2022-03-15T11:00:00Z,11.377554
p01,2022-03-15T12:00:00Z,10.670872
p01,2022-03-15T13:00:00Z,10.643949
p01,2022-03-15T14:00:00Z,9.348161
p01,2022-03-15T15:00:00Z,8.289122
p01,2022-03-15T16:00:00Z,7.131662
p01,2022-03-15T17:00:00Z,6.184851
p01,2022-03-15T18:00:00Z,6.501593
p01,2022-03-15T19:00:00Z,5.251399
p01,2022-03-15T20:00:00Z,5.301621
p01,2022-03-15T21:00:00Z,4.524478
p01,2022-03-15T22:00:00Z,5.158875
p01,2022-03-15T23:00:00Z,4.115368
p01,2022-03-16T00:00:00Z,5.169882
p01,2022-03-16T01:00:00Z,5.404147
p01,2022-03-16T02:00:00Z,6.333103
p01,2022-03-16T03:00:00Z,7.492673
p01,2022-03-16T04:00:00Z,7.912533
p01,2022-03-16T05:00:00Z,9.815924
p01,2022-03-16T06:00:00Z,9.938263
p01,2022-03-16T07:00:00Z,9.824930
p01,2022-03-16T08:00:00Z,10.055382
p01,2022-03-16T09:00:00Z,10.056577
p01,2022-03-16T10:00:00Z,10.584707
p01,2022-03-16T11:00:00Z,11.459719
p01,2022-03-16T12:00:00Z,11.091697
p01,2022-03-16T13:00:00Z,9.644363
p01,2022-03-16T14:00:00Z,9.654345
p01,2022-03-16T15:00:00Z,8.193232
p01,2022-03-16T16:00:00Z,7.692960
p01,2022-03-16T17:00:00Z,6.655250
p01,2022-03-16T18:00:00Z,6.732666
p01,2022-03-16T19:00:00Z,5.095855
p01,2022-03-16T20:00:00Z,5.364532
p01,2022-03-16T21:00:00Z,4.542233
p01,2022-03-16T22:00:00Z,4.223324
p01,2022-03-16T23:00:00Z,5.531392
p01,2022-03-17T00:00:00Z,4.966868
p01,2022-03-17T01:00:00Z,6.471133
p01,2022-03-17T02:00:00Z,7.623951
p01,2022-03-17T03:00:00Z,7.570596
p01,2022-03-17T04:00:00Z,7.992684
p01,2022-03-17T05:00:00Z,8.449787
p01,2022-03-17T06:00:00Z,9.534381
p01,2022-03-17T07:00:00Z,10.151415
p01,2022-03-17T08:00:00Z,10.369178
p01,2022-03-17T09:00:00Z,10.470392
p01,2022-03-17T10:00:00Z,11.241856
p01,2022-03-17T11:00:00Z,9.166507
p01,2022-03-17T12:00:00Z,10.128139
p01,2022-03-17T13:00:00Z,10.667452
p01,2022-03-17T14:00:00Z,9.186381
p01,2022-03-17T15:00:00Z,8.149901
p01,2022-03-17T16:00:00Z,7.530014
p01,2022-03-17T17:00:00Z,7.913888
p01,2022-03-17T18:00:00Z,5.661683
p01,2022-03-17T19:00:00Z,5.275901
p01,2022-03-17T20:00:00Z,5.128377
p01,2022-03-17T21:00:00Z,4.888229
p01,2022-03-17T22:00:00Z,5.174946
p01,2022-03-17T23:00:00Z,5.201835
p01,2022-03-18T00:00:00Z,5.094620
p01,2022-03-18T01:00:00Z,4.574792
p01,2022-03-18T02:00:00Z,5.716689
p01,2022-03-18T03:00:00Z,7.310159
p01,2022-03-18T04:00:00Z,7.811522
p01,2022-03-18T05:00:00Z,8.297316
p01,2022-03-18T06:00:00Z,9.087959
p01,2022-03-18T07:00:00Z,9.118737
p01,2022-03-18T08:00:00Z,10.057896
p01,2022-03-18T09:00:00Z,11.119275
p01,2022-03-18T10:00:00Z,11.492640
p01,2022-03-18T11:00:00Z,11.161087
p01,2022-03-18T12:00:00Z,10.311661
p01,2022-03-18T13:00:00Z,9.344123
p01,2022-03-18T14:00:00Z,9.633969
p01,2022-03-18T15:00:00Z,9.035262
p01,2022-03-18T16:00:00Z,8.591499
p01,2022-03-18T17:00:00Z,7.780922
p01,2022-03-18T18:00:00Z,5.834587
p01,2022-03-18T19:00:00Z,5.807508
p01,2022-03-18T20:00:00Z,5.210606
p01,2022-03-18T21:00:00Z,5.186180
p01,2022-03-18T22:00:00Z,4.059690
p01,2022-03-18T23:00:00Z,5.567912
p01,2022-03-19T00:00:00Z,4.447422
p01,2022-03-19T01:00:00Z,4.829668
p01,2022-03-19T02:00:00Z,6.809201
p01,2022-03-19T03:00:00Z,6.904239
p01,2022-03-19T04:00:00Z,7.487975
p01,2022-03-19T05:00:00Z,8.387115
p01,2022-03-19T06:00:00Z,9.807015
p01,2022-03-19T07:00:00Z,9.682248
p01,2022-03-19T08:00:00Z,11.009054
p01,2022-03-19T09:00:00Z,11.254657
p01,2022-03-19T10:00:00Z,11.178473
p01,2022-03-19T11:00:00Z,10.573065
p01,2022-03-19T12:00:00Z,10.103085
p01,2022-03-19T13:00:00Z,10.578823
p01,2022-03-19T14:00:00Z,9.833858
p01,2022-03-19T15:00:00Z,8.361055
p01,2022-03-19T16:00:00Z,8.341263
p01,2022-03-19T17:00:00Z,6.994988
p01,2022-03-19T18:00:00Z,7.021342
p01,2022-03-19T19:00:00Z,5.455607
p01,2022-03-19T20:00:00Z,6.378385
p01,2022-03-19T21:00:00Z,5.438673
p01,2022-03-19T22:00:00Z,4.592601
p01,2022-03-19T23:00:00Z,5.209465
p01,2022-03-20T00:00:00Z,5.177959
p01,2022-03-20T01:00:00Z,5.401956
p01,2022-03-20T02:00:00Z,6.285888
p01,2022-03-20T03:00:00Z,7.774748
p01,2022-03-20T04:00:00Z,8.193951
p01,2022-03-20T05:00:00Z,8.594404
p01,2022-03-20T06:00:00Z,9.518581
p01,2022-03-20T07:00:00Z,10.457388
p01,2022-03-20T08:00:00Z,10.372265
p01,2022-03-20T09:00:00Z,11.452327
p01,2022-03-20T10:00:00Z,11.294443
p01,2022-03-20T11:00:00Z,11.208799
p01,2022-03-20T12:00:00Z,11.047398
p01,2022-03-20T13:00:00Z,10.509316
p01,2022-03-20T14:00:00Z,9.047870
p01,2022-03-20T15:00:00Z,7.907846
p01,2022-03-20T16:00:00Z,8.229041
p01,2022-03-20T17:00:00Z,6.437674
p01,2022-03-20T18:00:00Z,7.248452
p01,2022-03-20T19:00:00Z,5.441593
p01,2022-03-20T20:00:00Z,5.846637
p01,2022-03-20T21:00:00Z,5.092327
p01,2022-03-20T22:00:00Z,4.497304
p01,2022-03-20T23:00:00Z,5.152455
p01,2022-03-21T00:00:00Z,5.818330
p01,2022-03-21T01:00:00Z,5.231720
p01,2022-03-21T02:00:00Z,6.672771
p01,2022-03-21T03:00:00Z,7.448092
p01,2022-03-21T04:00:00Z,8.320810
p01,2022-03-21T05:00:00Z,8.053073
p01,2022-03-21T06:00:00Z,9.929574
p01,2022-03-21T07:00:00Z,10.758909
p01,2022-03-21T08:00:00Z,10.713878
p01,2022-03-21T09:00:00Z,11.370207
p01,2022-03-21T10:00:00Z,10.733866
p01,2022-03-21T11:00:00Z,11.336435
p01,2022-03-21T12:00:00Z,11.271295
p01,2022-03-21T13:00:00Z,10.200617
p01,2022-03-21T14:00:00Z,9.501268
p01,2022-03-21T15:00:00Z,9.075527
p01,2022-03-21T16:00:00Z,7.822548
p01,2022-03-21T17:00:00Z,7.399473
p01,2022-03-21T18:00:00Z,6.910416
p01,2022-03-21T19:00:00Z,6.156478
p01,2022-03-21T20:00:00Z,5.014892
p01,2022-03-21T21:00:00Z,5.220232
p01,2022-03-21T22:00:00Z,4.835871
p01,2022-03-21T23:00:00Z,4.672989
p01,2022-03-22T00:00:00Z,5.957886
p01,2022-03-22T01:00:00Z,6.082317
p01,2022-03-22T02:00:00Z,6.336178
p01,2022-03-22T03:00:00Z,7.783684
p01,2022-03-22T04:00:00Z,8.575661
p01,2022-03-22T05:00:00Z,9.319741
p01,2022-03-22T06:00:00Z,8.273302
p01,2022-03-22T07:00:00Z,10.317841
p01,2022-03-22T08:00:00Z,10.857807
p01,2022-03-22T09:00:00Z,9.488085
p01,2022-03-22T10:00:00Z,10.814635
p01,2022-03-22T11:00:00Z,10.988521
p01,2022-03-22T12:00:00Z,11.061613
p01,2022-03-22T13:00:00Z,10.636460
p01,2022-03-22T14:00:00Z,10.039091
p01,2022-03-22T15:00:00Z,9.135304
p01,2022-03-22T16:00:00Z,8.120131
p01,2022-03-22T17:00:00Z,7.975719
p01,2022-03-22T18:00:00Z,7.319157
p01,2022-03-22T19:00:00Z,6.155549
p01,2022-03-22T20:00:00Z,5.524879
p01,2022-03-22T21:00:00Z,4.705076
p01,2022-03-22T22:00:00Z,5.447762
p01,2022-03-22T23:00:00Z,5.057831
p01,2022-03-23T00:00:00Z,5.287769
p01,2022-03-23T01:00:00Z,5.592016
p01,2022-03-23T02:00:00Z,6.721395
p01,2022-03-23T03:00:00Z,6.896333
p01,2022-03-23T04:00:00Z,8.195112
p01,2022-03-23T05:00:00Z,9.010869
p01,2022-03-23T06:00:00Z,10.007411
p01,2022-03-23T07:00:00Z,11.224397
p01,2022-03-23T08:00:00Z,10.777117
p01,2022-03-23T09:00:00Z,10.432933
p01,2022-03-23T10:00:00Z,10.740351
p01,2022-03-23T11:00:00Z,10.472497
p01,2022-03-23T12:00:00Z,11.610117
p01,2022-03-23T13:00:00Z,10.796318
p01,2022-03-23T14:00:00Z,9.997061
p01,2022-03-23T15:00:00Z,9.260079
p01,2022-03-23T16:00:00Z,8.785661
p01,2022-03-23T17:00:00Z,7.132103
p01,2022-03-23T18:00:00Z,7.509486
p01,2022-03-23T19:00:00Z,5.974371
p01,2022-03-23T20:00:00Z,5.974585
p01,2022-03-23T21:00:00Z,5.706250
p01,2022-03-23T22:00:00Z,5.660005
p01,2022-03-23T23:00:00Z,5.390432
p01,2022-03-24T00:00:00Z,5.998000
p01,2022-03-24T01:00:00Z,5.590597
p01,2022-03-24T02:00:00Z,5.535986
p01,2022-03-24T03:00:00Z,7.337214
p01,2022-03-24T04:00:00Z,8.606467
p01,2022-03-24T05:00:00Z,8.919708
p01,2022-03-24T06:00:00Z,10.436379
p01,2022-03-24T07:00:00Z,10.421778
p01,2022-03-24T08:00:00Z,9.847251
p01,2022-03-24T09:00:00Z,10.654632
p01,2022-03-24T10:00:00Z,11.429166
p01,2022-03-24T11:00:00Z,11.651324
p01,2022-03-24T12:00:00Z,11.518872
p01,2022-03-24T13:00:00Z,10.477678
p01,2022-03-24T14:00:00Z,10.566969
p01,2022-03-24T15:00:00Z,8.340471
p01,2022-03-24T16:00:00Z,8.725120
p01,2022-03-24T17:00:00Z,7.138462
p01,2022-03-24T18:00:00Z,6.170707
p01,2022-03-24T19:00:00Z,5.769773
p01,2022-03-24T20:00:00Z,5.501611
p01,2022-03-24T21:00:00Z,5.285440
p01,2022-03-24T22:00:00Z,5.434594
p01,2022-03-24T23:00:00Z,5.966443
p01,2022-03-25T00:00:00Z,5.940575
p01,2022-03-25T01:00:00Z,5.323107
p01,2022-03-25T02:00:00Z,6.455060
p01,2022-03-25T03:00:00Z,7.799896
p01,2022-03-25T04:00:00Z,7.996356
p01,2022-03-25T05:00:00Z,8.421779
p01,2022-03-25T06:00:00Z,10.204408
p01,2022-03-25T07:00:00Z,10.598379
p01,2022-03-25T08:00:00Z,10.283303
p01,2022-03-25T09:00:00Z,11.131621
p01,2022-03-25T10:00:00Z,11.720264
p01,2022-03-25T11:00:00Z,11.996017
p01,2022-03-25T12:00:00Z,11.175767
p01,2022-03-25T13:00:00Z,11.233053
p01,2022-03-25T14:00:00Z,10.333547
p01,2022-03-25T15:00:00Z,8.757085
p01,2022-03-25T16:00:00Z,8.194866
p01,2022-03-25T17:00:00Z,7.432980
p01,2022-03-25T18:00:00Z,6.864843
p01,2022-03-25T19:00:00Z,6.522077
p01,2022-03-25T20:00:00Z,5.811101
p01,2022-03-25T21:00:00Z,4.949045
p01,2022-03-25T22:00:00Z,5.921814
p01,2022-03-25T23:00:00Z,5.191657
p01,2022-03-26T00:00:00Z,5.527988
p01,2022-03-26T01:00:00Z,6.280760
p01,2022-03-26T02:00:00Z,6.893110
p01,2022-03-26T03:00:00Z,7.789579
p01,2022-03-26T04:00:00Z,8.711941
p01,2022-03-26T05:00:00Z,9.489160
p01,2022-03-26T06:00:00Z,10.250198
p01,2022-03-26T07:00:00Z,11.033726
p01,2022-03-26T08:00:00Z,10.853520
p01,2022-03-26T09:00:00Z,11.349589
p01,2022-03-26T10:00:00Z,11.346005
p01,2022-03-26T11:00:00Z,11.127228
p01,2022-03-26T12:00:00Z,11.096999
p01,2022-03-26T13:00:00Z,9.944680
p01,2022-03-26T14:00:00Z,9.257899
p01,2022-03-26T15:00:00Z,9.299498
p01,2022-03-26T16:00:00Z,8.291504
p01,2022-03-26T17:00:00Z,7.782151
p01,2022-03-26T18:00:00Z,6.721998
p01,2022-03-26T19:00:00Z,5.648679
p01,2022-03-26T20:00:00Z,6.441548
p01,2022-03-26T21:00:00Z,5.232679
p01,2022-03-26T22:00:00Z,5.232841
p01,2022-03-26T23:00:00Z,6.545018
p01,2022-03-27T00:00:00Z,5.255594
p01,2022-03-27T01:00:00Z,6.938477
p01,2022-03-27T02:00:00Z,6.609085
p01,2022-03-27T03:00:00Z,8.383032
p01,2022-03-27T04:00:00Z,8.757261
p01,2022-03-27T05:00:00Z,8.774071
p01,2022-03-27T06:00:00Z,10.622090
p01,2022-03-27T07:00:00Z,10.541450
p01,2022-03-27T08:00:00Z,11.639252
p01,2022-03-27T09:00:00Z,11.929502
p01,2022-03-27T10:00:00Z,11.283890
p01,2022-03-27T11:00:00Z,10.581187
p01,2022-03-27T12:00:00Z,10.633926
p01,2022-03-27T13:00:00Z,10.624573
p01,2022-03-27T14:00:00Z,9.826255
p01,2022-03-27T15:00:00Z,8.791942
p01,2022-03-27T16:00:00Z,7.850801
p01,2022-03-27T17:00:00Z,7.643670
p01,2022-03-27T18:00:00Z,6.860859
p01,2022-03-27T19:00:00Z,6.338103
p01,2022-03-27T20:00:00Z,6.307200
p01,2022-03-27T21:00:00Z,5.153982
p01,2022-03-27T22:00:00Z,5.052388
p01,2022-03-27T23:00:00Z,5.956619
p01,2022-03-28T00:00:00Z,6.340147
p01,2022-03-28T01:00:00Z,7.050800
p01,2022-03-28T02:00:00Z,7.677002
p01,2022-03-28T03:00:00Z,7.115513
p01,2022-03-28T04:00:00Z,8.510567
p01,2022-03-28T05:00:00Z,10.152720
p01,2022-03-28T06:00:00Z,10.032499
p01,2022-03-28T07:00:00Z,10.648840
p01,2022-03-28T08:00:00Z,11.314603
p01,2022-03-28T09:00:00Z,11.942861
p01,2022-03-28T10:00:00Z,12.860309
p01,2022-03-28T11:00:00Z,11.123170
p01,2022-03-28T12:00:00Z,10.844737
p01,2022-03-28T13:00:00Z,11.147777
p01,2022-03-28T14:00:00Z,10.524575
p01,2022-03-28T15:00:00Z,9.599408
p01,2022-03-28T16:00:00Z,8.227583
p01,2022-03-28T17:00:00Z,8.358878
p01,2022-03-28T18:00:00Z,7.466496
p01,2022-03-28T19:00:00Z,6.004437
p01,2022-03-28T20:00:00Z,6.258686
p01,2022-03-28T21:00:00Z,4.842210
p01,2022-03-28T22:00:00Z,5.375177
p01,2022-03-28T23:00:00Z,5.825806
p01,2022-03-29T00:00:00Z,6.337396
p01,2022-03-29T01:00:00Z,6.825472
p01,2022-03-29T02:00:00Z,6.628257
p01,2022-03-29T03:00:00Z,7.289657
p01,2022-03-29T04:00:00Z,8.894784
p01,2022-03-29T05:00:00Z,8.717910
p01,2022-03-29T06:00:00Z,10.637083
p01,2022-03-29T07:00:00Z,10.559865
p01,2022-03-29T08:00:00Z,11.618074
p01,2022-03-29T09:00:00Z,11.775154
p01,2022-03-29T10:00:00Z,11.284127
p01,2022-03-29T11:00:00Z,11.492882
p01,2022-03-29T12:00:00Z,10.960515
p01,2022-03-29T13:00:00Z,11.192381
p01,2022-03-29T14:00:00Z,9.495288
p01,2022-03-29T15:00:00Z,8.449139
p01,2022-03-29T16:00:00Z,8.342483
p01,2022-03-29T17:00:00Z,6.963575
p01,2022-03-29T18:00:00Z,7.459029
p01,2022-03-29T19:00:00Z,5.912596
p01,2022-03-29T20:00:00Z,5.904956
p01,2022-03-29T21:00:00Z,5.961886
p01,2022-03-29T22:00:00Z,5.781089
p01,2022-03-29T23:00:00Z,5.365573
p01,2022-03-30T00:00:00Z,5.953918
p01,2022-03-30T01:00:00Z,5.891970
p01,2022-03-30T02:00:00Z,7.726090
p01,2022-03-30T03:00:00Z,8.524662
p01,2022-03-30T04:00:00Z,8.413888
p01,2022-03-30T05:00:00Z,9.142306
p01,2022-03-30T06:00:00Z,10.795675
p01,2022-03-30T07:00:00Z,10.418015
p01,2022-03-30T08:00:00Z,11.808971
p01,2022-03-30T09:00:00Z,11.375811
p01,2022-03-30T10:00:00Z,12.300186
p01,2022-03-30T11:00:00Z,11.288869
p01,2022-03-30T12:00:00Z,11.096844
p01,2022-03-30T13:00:00Z,10.269847
p01,2022-03-30T14:00:00Z,10.044901
p01,2022-03-30T15:00:00Z,8.977348
p01,2022-03-30T16:00:00Z,9.292850
p01,2022-03-30T17:00:00Z,8.625086
p01,2022-03-30T18:00:00Z,7.117846
p01,2022-03-30T19:00:00Z,6.830056
p01,2022-03-30T20:00:00Z,5.687980
p01,2022-03-30T21:00:00Z,4.794722
p01,2022-03-30T22:00:00Z,6.398242
p01,2022-03-30T23:00:00Z,5.847916
p01,2022-03-31T00:00:00Z,4.631858
p01,2022-03-31T01:00:00Z,6.737867
p01,2022-03-31T02:00:00Z,7.325125
p01,2022-03-31T03:00:00Z,8.218554
p01,2022-03-31T04:00:00Z,7.687506
p01,2022-03-31T05:00:00Z,9.548780
p01,2022-03-31T06:00:00Z,9.841864
p01,2022-03-31T07:00:00Z,10.642712
p01,2022-03-31T08:00:00Z,10.950846
p01,2022-03-31T09:00:00Z,11.202492
p01,2022-03-31T10:00:00Z,11.146247
p01,2022-03-31T11:00:00Z,12.624089
p01,2022-03-31T12:00:00Z,10.741142
p01,2022-03-31T13:00:00Z,11.015747
p01,2022-03-31T14:00:00Z,10.721097
p01,2022-03-31T15:00:00Z,8.951393
p01,2022-03-31T16:00:00Z,8.713675
p01,2022-03-31T17:00:00Z,7.570123
p01,2022-03-31T18:00:00Z,7.827402
p01,2022-03-31T19:00:00Z,6.660100
p01,2022-03-31T20:00:00Z,6.149660
p01,2022-03-31T21:00:00Z,5.492835
p01,2022-03-31T22:00:00Z,5.651598
p01,2022-03-31T23:00:00Z,5.302398
p01,2022-04-01T00:00:00Z,5.750813
p01,2022-04-01T01:00:00Z,7.181095
p01,2022-04-01T02:00:00Z,6.949981
p01,2022-04-01T03:00:00Z,8.514840
p01,2022-04-01T04:00:00Z,8.588571
p01,2022-04-01T05:00:00Z,9.777984
p01,2022-04-01T06:00:00Z,10.196947
p01,2022-04-01T07:00:00Z,10.932488
p01,2022-04-01T08:00:00Z,11.356346
p01,2022-04-01T09:00:00Z,11.860575
p01,2022-04-01T10:00:00Z,10.984756
p01,2022-04-01T11:00:00Z,11.421115
p01,2022-04-01T12:00:00Z,11.920174
p01,2022-04-01T13:00:00Z,10.712816
p01,2022-04-01T14:00:00Z,10.089940
p01,2022-04-01T15:00:00Z,8.990346
p01,2022-04-01T16:00:00Z,8.842788
p01,2022-04-01T17:00:00Z,8.837644
p01,2022-04-01T18:00:00Z,7.643313
p01,2022-04-01T19:00:00Z,7.051227
p01,2022-04-01T20:00:00Z,6.565765
p01,2022-04-01T21:00:00Z,6.910149
p01,2022-04-01T22:00:00Z,6.044754
p01,2022-04-01T23:00:00Z,6.346970
p01,2022-04-02T00:00:00Z,5.590575
p01,2022-04-02T01:00:00Z,5.782944
p01,2022-04-02T02:00:00Z,7.176328
p01,2022-04-02T03:00:00Z,7.569476
p01,2022-04-02T04:00:00Z,8.458834
p01,2022-04-02T05:00:00Z,8.645348
p01,2022-04-02T06:00:00Z,9.909687
p01,2022-04-02T07:00:00Z,10.257814
p01,2022-04-02T08:00:00Z,11.546803
p01,2022-04-02T09:00:00Z,12.709905
p01,2022-04-02T10:00:00Z,10.969669
p01,2022-04-02T11:00:00Z,11.368966
p01,2022-04-02T12:00:00Z,11.647493
p01,2022-04-02T13:00:00Z,10.531469
p01,2022-04-02T14:00:00Z,10.070163
p01,2022-04-02T15:00:00Z,9.892473
p01,2022-04-02T16:00:00Z,8.999824
p01,2022-04-02T17:00:00Z,7.671468
p01,2022-04-02T18:00:00Z,7.098161
p01,2022-04-02T19:00:00Z,6.410106
p01,2022-04-02T20:00:00Z,5.600487
p01,2022-04-02T21:00:00Z,5.443769
p01,2022-04-02T22:00:00Z,5.916276
p01,2022-04-02T23:00:00Z,5.790152
p01,2022-04-03T00:00:00Z,5.709005
p01,2022-04-03T01:00:00Z,7.439677
p01,2022-04-03T02:00:00Z,7.529701
p01,2022-04-03T03:00:00Z,8.864887
p01,2022-04-03T04:00:00Z,9.813560
p01,2022-04-03T05:00:00Z,9.618055
p01,2022-04-03T06:00:00Z,9.588759
p01,2022-04-03T07:00:00Z,10.375884
p01,2022-04-03T08:00:00Z,11.735977
p01,2022-04-03T09:00:00Z,11.595599
p01,2022-04-03T10:00:00Z,11.416253
p01,2022-04-03T11:00:00Z,11.546204
p01,2022-04-03T12:00:00Z,12.008075
p01,2022-04-03T13:00:00Z,11.371808
p01,2022-04-03T14:00:00Z,10.401310
p01,2022-04-03T15:00:00Z,9.975095
p01,2022-04-03T16:00:00Z,9.093078
p01,2022-04-03T17:00:00Z,8.080609
p01,2022-04-03T18:00:00Z,7.029921
p01,2022-04-03T19:00:00Z,6.546752
p01,2022-04-03T20:00:00Z,6.392828
p01,2022-04-03T21:00:00Z,5.603518
p01,2022-04-03T22:00:00Z,6.207806
p01,2022-04-03T23:00:00Z,5.953228
p01,2022-04-04T00:00:00Z,6.891451
p01,2022-04-04T01:00:00Z,5.648637
p01,2022-04-04T02:00:00Z,6.930722
p01,2022-04-04T03:00:00Z,7.926023
p01,2022-04-04T04:00:00Z,8.547235
p01,2022-04-04T05:00:00Z,9.803776
p01,2022-04-04T06:00:00Z,10.448699
p01,2022-04-04T07:00:00Z,11.525450
p01,2022-04-04T08:00:00Z,11.039614
p01,2022-04-04T09:00:00Z,12.312221
p01,2022-04-04T10:00:00Z,11.596884
p01,2022-04-04T11:00:00Z,12.002179
p01,2022-04-04T12:00:00Z,11.578296
p01,2022-04-04T13:00:00Z,9.687861
p01,2022-04-04T14:00:00Z,10.648048
p01,2022-04-04T15:00:00Z,10.056698
p01,2022-04-04T16:00:00Z,8.533373
p01,2022-04-04T17:00:00Z,8.599087
p01,2022-04-04T18:00:00Z,7.052788
p01,2022-04-04T19:00:00Z,6.532620
p01,2022-04-04T20:00:00Z,6.303655
p01,2022-04-04T21:00:00Z,6.253935
p01,2022-04-04T22:00:00Z,5.381006
p01,2022-04-04T23:00:00Z,5.291390
p01,2022-04-05T00:00:00Z,5.424875
p01,2022-04-05T01:00:00Z,7.245942
p01,2022-04-05T02:00:00Z,7.285814
p01,2022-04-05T03:00:00Z,8.237145
p01,2022-04-05T04:00:00Z,8.773523
p01,2022-04-05T05:00:00Z,9.267378
p01,2022-04-05T06:00:00Z,10.893494
p01,2022-04-05T07:00:00Z,10.663433
p01,2022-04-05T08:00:00Z,11.533601
p01,2022-04-05T09:00:00Z,10.866784
p01,2022-04-05T10:00:00Z,12.303734
p01,2022-04-05T11:00:00Z,12.025010
p01,2022-04-05T12:00:00Z,12.145121
p01,2022-04-05T13:00:00Z,11.453093
p01,2022-04-05T14:00:00Z,10.867473
p01,2022-04-05T15:00:00Z,9.866163
p01,2022-04-05T16:00:00Z,8.870283
p01,2022-04-05T17:00:00Z,8.302919
p01,2022-04-05T18:00:00Z,7.774497
p01,2022-04-05T19:00:00Z,6.936714
p01,2022-04-05T20:00:00Z,6.280205
p01,2022-04-05T21:00:00Z,5.969062
p01,2022-04-05T22:00:00Z,5.890080
p01,2022-04-05T23:00:00Z,4.810800
p01,2022-04-06T00:00:00Z,6.150686
p01,2022-04-06T01:00:00Z,6.614775
p01,2022-04-06T02:00:00Z,8.082764
p01,2022-04-06T03:00:00Z,7.621594
p01,2022-04-06T04:00:00Z,8.911498
p01,2022-04-06T05:00:00Z,9.302654
p01,2022-04-06T06:00:00Z,10.962377
p01,2022-04-06T07:00:00Z,11.111615
p01,2022-04-06T08:00:00Z,11.934447
p01,2022-04-06T09:00:00Z,11.955371
p01,2022-04-06T10:00:00Z,12.095985
p01,2022-04-06T11:00:00Z,11.681805
p01,2022-04-06T12:00:00Z,10.751299
p01,2022-04-06T13:00:00Z,11.083603
p01,2022-04-06T14:00:00Z,10.299404
p01,2022-04-06T15:00:00Z,9.881726
p01,2022-04-06T16:00:00Z,8.610014
p01,2022-04-06T17:00:00Z,8.744806
p01,2022-04-06T18:00:00Z,8.154524
p01,2022-04-06T19:00:00Z,6.692015
p01,2022-04-06T20:00:00Z,6.088023
p01,2022-04-06T21:00:00Z,5.514145
p01,2022-04-06T22:00:00Z,5.744293
p01,2022-04-06T23:00:00Z,6.362617
p01,2022-04-07T00:00:00Z,5.810896
p01,2022-04-07T01:00:00Z,7.655044
p01,2022-04-07T02:00:00Z,7.464829
p01,2022-04-07T03:00:00Z,7.339956
p01,2022-04-07T04:00:00Z,9.441496
p01,2022-04-07T05:00:00Z,9.522013
p01,2022-04-07T06:00:00Z,11.143775
p01,2022-04-07T07:00:00Z,11.118300
p01,2022-04-07T08:00:00Z,12.073444
p01,2022-04-07T09:00:00Z,11.839935
p01,2022-04-07T10:00:00Z,11.704876
p01,2022-04-07T11:00:00Z,11.097869
p01,2022-04-07T12:00:00Z,11.185348
p01,2022-04-07T13:00:00Z,11.393160
p01,2022-04-07T14:00:00Z,10.927770
p01,2022-04-07T15:00:00Z,9.269517
p01,2022-04-07T16:00:00Z,8.638580
p01,2022-04-07T17:00:00Z,8.236089
p01,2022-04-07T18:00:00Z,6.717015
p01,2022-04-07T19:00:00Z,6.556196
p01,2022-04-07T20:00:00Z,7.048991
p01,2022-04-07T21:00:00Z,6.752608
p01,2022-04-07T22:00:00Z,5.185897
p01,2022-04-07T23:00:00Z,6.494134
p01,2022-04-08T00:00:00Z,6.375326
p01,2022-04-08T01:00:00Z,5.699653
p01,2022-04-08T02:00:00Z,7.830628
p01,2022-04-08T03:00:00Z,8.547418
p01,2022-04-08T04:00:00Z,8.852877
p01,2022-04-08T05:00:00Z,9.589065
p01,2022-04-08T06:00:00Z,10.385010
p01,2022-04-08T07:00:00Z,10.400738
p01,2022-04-08T08:00:00Z,11.323584
p01,2022-04-08T09:00:00Z,11.217102
p01,2022-04-08T10:00:00Z,12.451702
p01,2022-04-08T11:00:00Z,11.504678
p01,2022-04-08T12:00:00Z,11.599454
p01,2022-04-08T13:00:00Z,11.757714
p01,2022-04-08T14:00:00Z,9.994285
p01,2022-04-08T15:00:00Z,8.355217
p01,2022-04-08T16:00:00Z,9.479446
p01,2022-04-08T17:00:00Z,8.325211
p01,2022-04-08T18:00:00Z,7.588702
p01,2022-04-08T19:00:00Z,7.237160
p01,2022-04-08T20:00:00Z,6.378970
p01,2022-04-08T21:00:00Z,6.166725
p01,2022-04-08T22:00:00Z,5.873195
p01,2022-04-08T23:00:00Z,5.471641
p01,2022-04-09T00:00:00Z,6.247681
p01,2022-04-09T01:00:00Z,7.252283
p01,2022-04-09T02:00:00Z,8.266723
p01,2022-04-09T03:00:00Z,8.448168
p01,2022-04-09T04:00:00Z,9.344627
p01,2022-04-09T05:00:00Z,9.597501
p01,2022-04-09T06:00:00Z,9.913489
p01,2022-04-09T07:00:00Z,11.836127
p01,2022-04-09T08:00:00Z,11.277952
p01,2022-04-09T09:00:00Z,11.444379
p01,2022-04-09T10:00:00Z,12.263708
p01,2022-04-09T11:00:00Z,11.959931
p01,2022-04-09T12:00:00Z,11.874153
p01,2022-04-09T13:00:00Z,10.496096
p01,2022-04-09T14:00:00Z,11.309250
p01,2022-04-09T15:00:00Z,9.752435
p01,2022-04-09T16:00:00Z,8.903440
p01,2022-04-09T17:00:00Z,7.635307
p01,2022-04-09T18:00:00Z,7.225130
p01,2022-04-09T19:00:00Z,6.856328
p01,2022-04-09T20:00:00Z,6.795227
p01,2022-04-09T21:00:00Z,6.230139
p01,2022-04-09T22:00:00Z,6.926207
p01,2022-04-09T23:00:00Z,6.034600
p01,2022-04-10T00:00:00Z,6.414994
p01,2022-04-10T01:00:00Z,6.386218
p01,2022-04-10T02:00:00Z,7.670906
p01,2022-04-10T03:00:00Z,8.022024
p01,2022-04-10T04:00:00Z,8.478684
p01,2022-04-10T05:00:00Z,10.356583
p01,2022-04-10T06:00:00Z,9.826353
p01,2022-04-10T07:00:00Z,10.370984
p01,2022-04-10T08:00:00Z,12.107220
p01,2022-04-10T09:00:00Z,12.547809
p01,2022-04-10T10:00:00Z,11.396638
p01,2022-04-10T11:00:00Z,12.300939
p01,2022-04-10T12:00:00Z,11.423516
p01,2022-04-10T13:00:00Z,10.891968
p01,2022-04-10T14:00:00Z,10.392040
p01,2022-04-10T15:00:00Z,9.961282
p01,2022-04-10T16:00:00Z,8.664022
p01,2022-04-10T17:00:00Z,7.617245
p01,2022-04-10T18:00:00Z,7.523328
p01,2022-04-10T19:00:00Z,6.525613
p01,2022-04-10T20:00:00Z,6.184065
p01,2022-04-10T21:00:00Z,6.072760
p01,2022-04-10T22:00:00Z,6.125400
p01,2022-04-10T23:00:00Z,5.900163
p01,2022-04-11T00:00:00Z,6.145248
p01,2022-04-11T01:00:00Z,6.917795
p01,2022-04-11T02:00:00Z,8.234031
p01,2022-04-11T03:00:00Z,8.763748
p01,2022-04-11T04:00:00Z,9.395092
p01,2022-04-11T05:00:00Z,9.690776
p01,2022-04-11T06:00:00Z,9.377394
p01,2022-04-11T07:00:00Z,11.701538
p01,2022-04-11T08:00:00Z,13.000410
p01,2022-04-11T09:00:00Z,11.982658
p01,2022-04-11T10:00:00Z,11.338446
p01,2022-04-11T11:00:00Z,11.791806
p01,2022-04-11T12:00:00Z,11.444768
p01,2022-04-11T13:00:00Z,10.645126
p01,2022-04-11T14:00:00Z,10.242131
p01,2022-04-11T15:00:00Z,9.166177
p01,2022-04-11T16:00:00Z,9.513942
p01,2022-04-11T17:00:00Z,8.826276
p01,2022-04-11T18:00:00Z,6.619293
p01,2022-04-11T19:00:00Z,7.144479
p01,2022-04-11T20:00:00Z,5.291212
p01,2022-04-11T21:00:00Z,5.883624
p01,2022-04-11T22:00:00Z,6.616127
p01,2022-04-11T23:00:00Z,7.221716
p01,2022-04-12T00:00:00Z,5.878827
p01,2022-04-12T01:00:00Z,6.250687
p01,2022-04-12T02:00:00Z,7.168581
p01,2022-04-12T03:00:00Z,7.843623
p01,2022-04-12T04:00:00Z,8.992985
p01,2022-04-12T05:00:00Z,9.376696
p01,2022-04-12T06:00:00Z,11.463374
p01,2022-04-12T07:00:00Z,10.878555
p01,2022-04-12T08:00:00Z,12.480746
p01,2022-04-12T09:00:00Z,12.379492
p01,2022-04-12T10:00:00Z,11.604359
p01,2022-04-12T11:00:00Z,11.747444
p01,2022-04-12T12:00:00Z,10.511075
p01,2022-04-12T13:00:00Z,10.899514
p01,2022-04-12T14:00:00Z,9.618900
p01,2022-04-12T15:00:00Z,8.828895
p01,2022-04-12T16:00:00Z,8.791177
p01,2022-04-12T17:00:00Z,8.539462
p01,2022-04-12T18:00:00Z,8.624311
p01,2022-04-12T19:00:00Z,6.898280
p01,2022-04-12T20:00:00Z,6.607153
p01,2022-04-12T21:00:00Z,6.498860
p01,2022-04-12T22:00:00Z,6.014113
p01,2022-04-12T23:00:00Z,5.851546
p01,2022-04-13T00:00:00Z,5.697558
p01,2022-04-13T01:00:00Z,7.147539
p01,2022-04-13T02:00:00Z,6.980196
p01,2022-04-13T03:00:00Z,8.200282
p01,2022-04-13T04:00:00Z,8.740389
p01,2022-04-13T05:00:00Z,10.150235
p01,2022-04-13T06:00:00Z,10.333538
p01,2022-04-13T07:00:00Z,9.834062
p01,2022-04-13T08:00:00Z,11.351093
p01,2022-04-13T09:00:00Z,12.494759
p01,2022-04-13T10:00:00Z,12.765727
p01,2022-04-13T11:00:00Z,11.118955
p01,2022-04-13T12:00:00Z,11.860246
p01,2022-04-13T13:00:00Z,10.710374
p01,2022-04-13T14:00:00Z,10.837351
p01,2022-04-13T15:00:00Z,9.244685
p01,2022-04-13T16:00:00Z,9.187913
p01,2022-04-13T17:00:00Z,7.653076
p01,2022-04-13T18:00:00Z,7.699399
p01,2022-04-13T19:00:00Z,7.469258
p01,2022-04-13T20:00:00Z,5.639216
p01,2022-04-13T21:00:00Z,6.536667
p01,2022-04-13T22:00:00Z,6.543751
p01,2022-04-13T23:00:00Z,5.952893
p01,2022-04-14T00:00:00Z,7.052877
p01,2022-04-14T01:00:00Z,6.242237
p01,2022-04-14T02:00:00Z,7.659765
p01,2022-04-14T03:00:00Z,8.585254
p01,2022-04-14T04:00:00Z,8.724521
p01,2022-04-14T05:00:00Z,10.169751
p01,2022-04-14T06:00:00Z,11.459522
p01,2022-04-14T07:00:00Z,11.167068
p01,2022-04-14T08:00:00Z,12.147166
p01,2022-04-14T09:00:00Z,11.081507
p01,2022-04-14T10:00:00Z,12.627373
p01,2022-04-14T11:00:00Z,11.589864
p01,2022-04-14T12:00:00Z,10.998388
p01,2022-04-14T13:00:00Z,11.054925
p01,2022-04-14T14:00:00Z,10.265438
p01,2022-04-14T15:00:00Z,10.138979
p01,2022-04-14T16:00:00Z,9.577593
p01,2022-04-14T17:00:00Z,8.399602
p01,2022-04-14T18:00:00Z,6.501041
p01,2022-04-14T19:00:00Z,7.762035
p01,2022-04-14T20:00:00Z,6.942824
p01,2022-04-14T21:00:00Z,6.327735
p01,2022-04-14T22:00:00Z,6.332061
p01,2022-04-14T23:00:00Z,6.254274
p01,2022-04-15T00:00:00Z,5.863510
p01,2022-04-15T01:00:00Z,6.340708
p01,2022-04-15T02:00:00Z,7.054666
p01,2022-04-15T03:00:00Z,7.743164
p01,2022-04-15T04:00:00Z,9.084925
p01,2022-04-15T05:00:00Z,9.247986
p01,2022-04-15T06:00:00Z,10.863934
p01,2022-04-15T07:00:00Z,11.324898
p01,2022-04-15T08:00:00Z,10.918815
p01,2022-04-15T09:00:00Z,11.601634
p01,2022-04-15T10:00:00Z,12.053804
p01,2022-04-15T11:00:00Z,12.070680
p01,2022-04-15T12:00:00Z,12.274599
p01,2022-04-15T13:00:00Z,10.666245
p01,2022-04-15T14:00:00Z,10.926842
p01,2022-04-15T15:00:00Z,9.149151
p01,2022-04-15T16:00:00Z,8.048230
p01,2022-04-15T17:00:00Z,7.655107
p01,2022-04-15T18:00:00Z,6.920922
p01,2022-04-15T19:00:00Z,8.178327
p01,2022-04-15T20:00:00Z,6.091103
p01,2022-04-15T21:00:00Z,6.250086
p01,2022-04-15T22:00:00Z,5.189189
p01,2022-04-15T23:00:00Z,5.529020
p01,2022-04-16T00:00:00Z,6.564986
p01,2022-04-16T01:00:00Z,6.914176
p01,2022-04-16T02:00:00Z,7.731354
p01,2022-04-16T03:00:00Z,8.804023
p01,2022-04-16T04:00:00Z,8.462839
p01,2022-04-16T05:00:00Z,9.410646
p01,2022-04-16T06:00:00Z,10.578344
p01,2022-04-16T07:00:00Z,11.433738
p01,2022-04-16T08:00:00Z,11.966065
p01,2022-04-16T09:00:00Z,11.358324
p01,2022-04-16T10:00:00Z,11.550693
p01,2022-04-16T11:00:00Z,11.865707
p01,2022-04-16T12:00:00Z,11.632675
p01,2022-04-16T13:00:00Z,10.679555
p01,2022-04-16T14:00:00Z,10.925670
p01,2022-04-16T15:00:00Z,9.005762
p01,2022-04-16T16:00:00Z,8.456605
p01,2022-04-16T17:00:00Z,7.976081
p01,2022-04-16T18:00:00Z,8.322615
p01,2022-04-16T19:00:00Z,6.833414
p01,2022-04-16T20:00:00Z,6.560994
p01,2022-04-16T21:00:00Z,5.761025
p01,2022-04-16T22:00:00Z,5.708856
p01,2022-04-16T23:00:00Z,4.666844
p01,2022-04-17T00:00:00Z,7.455620
p01,2022-04-17T01:00:00Z,7.462929
p01,2022-04-17T02:00:00Z,7.467833
p01,2022-04-17T03:00:00Z,8.215311
p01,2022-04-17T04:00:00Z,9.062286
p01,2022-04-17T05:00:00Z,10.015213
p01,2022-04-17T06:00:00Z,11.022100
p01,2022-04-17T07:00:00Z,10.874289
p01,2022-04-17T08:00:00Z,11.547120
p01,2022-04-17T09:00:00Z,11.892781
p01,2022-04-17T10:00:00Z,11.345973
p01,2022-04-17T11:00:00Z,11.895732
p01,2022-04-17T12:00:00Z,11.610984
p01,2022-04-17T13:00:00Z,12.182614
p01,2022-04-17T14:00:00Z,11.065606
p01,2022-04-17T15:00:00Z,10.748190
p01,2022-04-17T16:00:00Z,8.397789
p01,2022-04-17T17:00:00Z,7.078473
p01,2022-04-17T18:00:00Z,8.253375
p01,2022-04-17T19:00:00Z,7.093127
p01,2022-04-17T20:00:00Z,6.361336
p01,2022-04-17T21:00:00Z,5.999711
p01,2022-04-17T22:00:00Z,5.360202
p01,2022-04-17T23:00:00Z,6.173250
p01,2022-04-18T00:00:00Z,7.014676
p01,2022-04-18T01:00:00Z,6.628235
p01,2022-04-18T02:00:00Z,7.212046
p01,2022-04-18T03:00:00Z,7.402875
p01,2022-04-18T04:00:00Z,9.110477
p01,2022-04-18T05:00:00Z,9.339190
p01,2022-04-18T06:00:00Z,10.609235
p01,2022-04-18T07:00:00Z,10.294458
p01,2022-04-18T08:00:00Z,11.454667
p01,2022-04-18T09:00:00Z,11.846309
p01,2022-04-18T10:00:00Z,12.140070
p01,2022-04-18T11:00:00Z,12.844696
p01,2022-04-18T12:00:00Z,10.992371
p01,2022-04-18T13:00:00Z,10.352544
p01,2022-04-18T14:00:00Z,11.022539
p01,2022-04-18T15:00:00Z,8.998425
p01,2022-04-18T16:00:00Z,10.187841
p01,2022-04-18T17:00:00Z,8.106534
p01,2022-04-18T18:00:00Z,6.873832
p01,2022-04-18T19:00:00Z,6.703064
p01,2022-04-18T20:00:00Z,6.284105
p01,2022-04-18T21:00:00Z,6.731719
p01,2022-04-18T22:00:00Z,6.373287
p01,2022-04-18T23:00:00Z,6.769294
p01,2022-04-19T00:00:00Z,5.771347
p01,2022-04-19T01:00:00Z,6.847632
p01,2022-04-19T02:00:00Z,8.072419
p01,2022-04-19T03:00:00Z,8.396277
p01,2022-04-19T04:00:00Z,8.847795
p01,2022-04-19T05:00:00Z,9.882754
p01,2022-04-19T06:00:00Z,10.131674
p01,2022-04-19T07:00:00Z,10.579664
p01,2022-04-19T08:00:00Z,12.303660
p01,2022-04-19T09:00:00Z,12.419008
p01,2022-04-19T10:00:00Z,12.345229
p01,2022-04-19T11:00:00Z,12.189044
p01,2022-04-19T12:00:00Z,11.808498
p01,2022-04-19T13:00:00Z,11.468247
p01,2022-04-19T14:00:00Z,9.655734
p01,2022-04-19T15:00:00Z,9.688888
p01,2022-04-19T16:00:00Z,9.689000
p01,2022-04-19T17:00:00Z,8.109926
p01,2022-04-19T18:00:00Z,6.900494
p01,2022-04-19T19:00:00Z,6.650906
p01,2022-04-19T20:00:00Z,7.234140
p01,2022-04-19T21:00:00Z,5.819141
p01,2022-04-19T22:00:00Z,6.736610
p01,2022-04-19T23:00:00Z,6.126498
p01,2022-04-20T00:00:00Z,5.458812
p01,2022-04-20T01:00:00Z,7.630592
p01,2022-04-20T02:00:00Z,8.187284
p01,2022-04-20T03:00:00Z,8.210029
p01,2022-04-20T04:00:00Z,7.882009
p01,2022-04-20T05:00:00Z,9.062910
p01,2022-04-20T06:00:00Z,11.135307
p01,2022-04-20T07:00:00Z,11.405527
p01,2022-04-20T08:00:00Z,12.128631
p01,2022-04-20T09:00:00Z,11.867270
p01,2022-04-20T10:00:00Z,12.800493
p01,2022-04-20T11:00:00Z,12.667927
p01,2022-04-20T12:00:00Z,11.439452
p01,2022-04-20T13:00:00Z,12.004024
p01,2022-04-20T14:00:00Z,10.826433
p01,2022-04-20T15:00:00Z,10.079274
p01,2022-04-20T16:00:00Z,9.714383
p01,2022-04-20T17:00:00Z,7.410419
p01,2022-04-20T18:00:00Z,7.237256
p01,2022-04-20T19:00:00Z,7.777960
p01,2022-04-20T20:00:00Z,5.650132
p01,2022-04-20T21:00:00Z,6.034967
p01,2022-04-20T22:00:00Z,5.081261
p01,2022-04-20T23:00:00Z,6.641384
p01,2022-04-21T00:00:00Z,6.453355
p01,2022-04-21T01:00:00Z,6.264680
p01,2022-04-21T02:00:00Z,7.629865
p01,2022-04-21T03:00:00Z,7.870384
p01,2022-04-21T04:00:00Z,9.083096
p01,2022-04-21T05:00:00Z,9.248971
p01,2022-04-21T06:00:00Z,9.788608
p01,2022-04-21T07:00:00Z,10.637443
p01,2022-04-21T08:00:00Z,11.818316
p01,2022-04-21T09:00:00Z,12.206070
p01,2022-04-21T10:00:00Z,11.230614
p01,2022-04-21T11:00:00Z,11.280687
p01,2022-04-21T12:00:00Z,11.942725
p01,2022-04-21T13:00:00Z,10.556389
p01,2022-04-21T14:00:00Z,10.176974
p01,2022-04-21T15:00:00Z,9.846059
p01,2022-04-21T16:00:00Z,9.362765
p01,2022-04-21T17:00:00Z,7.273057
p01,2022-04-21T18:00:00Z,7.720775
p01,2022-04-21T19:00:00Z,7.318753
p01,2022-04-21T20:00:00Z,6.187559
p01,2022-04-21T21:00:00Z,6.338231
p01,2022-04-21T22:00:00Z,5.980134
p01,2022-04-21T23:00:00Z,5.471147
p01,2022-04-22T00:00:00Z,6.197428
p01,2022-04-22T01:00:00Z,7.561659
p01,2022-04-22T02:00:00Z,8.059238
p01,2022-04-22T03:00:00Z,7.604565
p01,2022-04-22T04:00:00Z,9.561444
p01,2022-04-22T05:00:00Z,10.460817
p01,2022-04-22T06:00:00Z,10.443280
p01,2022-04-22T07:00:00Z,11.253907
p01,2022-04-22T08:00:00Z,11.584439
p01,2022-04-22T09:00:00Z,11.634861
p01,2022-04-22T10:00:00Z,12.263868
p01,2022-04-22T11:00:00Z,12.171701
p01,2022-04-22T12:00:00Z,11.548762
p01,2022-04-22T13:00:00Z,11.223030
p01,2022-04-22T14:00:00Z,10.556822
p01,2022-04-22T15:00:00Z,9.029740
p01,2022-04-22T16:00:00Z,9.199164
p01,2022-04-22T17:00:00Z,7.670295
p01,2022-04-22T18:00:00Z,7.692574
p01,2022-04-22T19:00:00Z,6.192165
p01,2022-04-22T20:00:00Z,6.400326
p01,2022-04-22T21:00:00Z,5.919781
p01,2022-04-22T22:00:00Z,7.045079
p01,2022-04-22T23:00:00Z,5.726103
p01,2022-04-23T00:00:00Z,6.893655
p01,2022-04-23T01:00:00Z,6.073307
p01,2022-04-23T02:00:00Z,7.428298
p01,2022-04-23T03:00:00Z,9.007814
p01,2022-04-23T04:00:00Z,10.518317
p01,2022-04-23T05:00:00Z,10.258192
p01,2022-04-23T06:00:00Z,10.562421
p01,2022-04-23T07:00:00Z,10.643216
p01,2022-04-23T08:00:00Z,11.587894
p01,2022-04-23T09:00:00Z,12.122929
p01,2022-04-23T10:00:00Z,12.415990
p01,2022-04-23T11:00:00Z,12.090502
p01,2022-04-23T12:00:00Z,11.302855
p01,2022-04-23T13:00:00Z,11.670557
p01,2022-04-23T14:00:00Z,10.205801
p01,2022-04-23T15:00:00Z,10.277926
p01,2022-04-23T16:00:00Z,9.674283
p01,2022-04-23T17:00:00Z,7.706990
p01,2022-04-23T18:00:00Z,7.241545
p01,2022-04-23T19:00:00Z,6.720042
p01,2022-04-23T20:00:00Z,6.370093
p01,2022-04-23T21:00:00Z,5.239332
p01,2022-04-23T22:00:00Z,6.093199
p01,2022-04-23T23:00:00Z,5.575219
p01,2022-04-24T00:00:00Z,6.166997
p01,2022-04-24T01:00:00Z,6.518475
p01,2022-04-24T02:00:00Z,7.047105
p01,2022-04-24T03:00:00Z,7.770910
p01,2022-04-24T04:00:00Z,8.827073
p01,2022-04-24T05:00:00Z,9.591449
p01,2022-04-24T06:00:00Z,9.794830
p01,2022-04-24T07:00:00Z,11.371233
p01,2022-04-24T08:00:00Z,11.270765
p01,2022-04-24T09:00:00Z,12.404442
p01,2022-04-24T10:00:00Z,10.911798
p01,2022-04-24T11:00:00Z,12.010172
p01,2022-04-24T12:00:00Z,11.285485
p01,2022-04-24T13:00:00Z,10.863751
p01,2022-04-24T14:00:00Z,9.892872
p01,2022-04-24T15:00:00Z,9.412030
p01,2022-04-24T16:00:00Z,9.238180
p01,2022-04-24T17:00:00Z,7.929844
p01,2022-04-24T18:00:00Z,7.327549
p01,2022-04-24T19:00:00Z,6.381502
p01,2022-04-24T20:00:00Z,6.007604
p01,2022-04-24T21:00:00Z,6.750266
p01,2022-04-24T22:00:00Z,5.773774
p01,2022-04-24T23:00:00Z,6.397401
p01,2022-04-25T00:00:00Z,6.139182
p01,2022-04-25T01:00:00Z,7.499764
p01,2022-04-25T02:00:00Z,6.548958
p01,2022-04-25T03:00:00Z,8.372053
p01,2022-04-25T04:00:00Z,9.217593
p01,2022-04-25T05:00:00Z,9.254554
p01,2022-04-25T06:00:00Z,10.888944
p01,2022-04-25T07:00:00Z,11.221731
p01,2022-04-25T08:00:00Z,11.400183
p01,2022-04-25T09:00:00Z,11.600663
p01,2022-04-25T10:00:00Z,12.622227
p01,2022-04-25T11:00:00Z,11.341086
p01,2022-04-25T12:00:00Z,10.586643
p01,2022-04-25T13:00:00Z,10.811549
p01,2022-04-25T14:00:00Z,9.555949
p01,2022-04-25T15:00:00Z,10.124589
p01,2022-04-25T16:00:00Z,9.197788
p01,2022-04-25T17:00:00Z,9.590453
p01,2022-04-25T18:00:00Z,7.792640
p01,2022-04-25T19:00:00Z,6.508497
p01,2022-04-25T20:00:00Z,6.491684
p01,2022-04-25T21:00:00Z,4.985234
p01,2022-04-25T22:00:00Z,6.408850
p01,2022-04-25T23:00:00Z,6.071946
p01,2022-04-26T00:00:00Z,6.926644
p01,2022-04-26T01:00:00Z,6.743386
p01,2022-04-26T02:00:00Z,7.325655
p01,2022-04-26T03:00:00Z,8.773748
p01,2022-04-26T04:00:00Z,9.640942
p01,2022-04-26T05:00:00Z,9.749492
p01,2022-04-26T06:00:00Z,10.584164
p01,2022-04-26T07:00:00Z,11.230721
p01,2022-04-26T08:00:00Z,12.210615
p01,2022-04-26T09:00:00Z,11.414613
p01,2022-04-26T10:00:00Z,12.595817
p01,2022-04-26T11:00:00Z,11.712707
p01,2022-04-26T12:00:00Z,11.352819
p01,2022-04-26T13:00:00Z,11.346300
p01,2022-04-26T14:00:00Z,10.574634
p01,2022-04-26T15:00:00Z,9.418283
p01,2022-04-26T16:00:00Z,9.320477
p01,2022-04-26T17:00:00Z,7.841747
p01,2022-04-26T18:00:00Z,7.578201
p01,2022-04-26T19:00:00Z,7.089781
p01,2022-04-26T20:00:00Z,5.807784
p01,2022-04-26T21:00:00Z,6.392654
p01,2022-04-26T22:00:00Z,5.874983
p01,2022-04-26T23:00:00Z,5.502819
p01,2022-04-27T00:00:00Z,5.856130
p01,2022-04-27T01:00:00Z,7.011443
p01,2022-04-27T02:00:00Z,7.653280
p01,2022-04-27T03:00:00Z,7.506351
p01,2022-04-27T04:00:00Z,9.031558
p01,2022-04-27T05:00:00Z,9.842770
p01,2022-04-27T06:00:00Z,10.896380
p01,2022-04-27T07:00:00Z,11.274248
p01,2022-04-27T08:00:00Z,12.127729
p01,2022-04-27T09:00:00Z,11.643103
p01,2022-04-27T10:00:00Z,12.501939
p01,2022-04-27T11:00:00Z,11.757588
p01,2022-04-27T12:00:00Z,11.296002
p01,2022-04-27T13:00:00Z,11.371432
p01,2022-04-27T14:00:00Z,8.960192
p01,2022-04-27T15:00:00Z,9.966184
p01,2022-04-27T16:00:00Z,9.284307
p01,2022-04-27T17:00:00Z,8.890989
p01,2022-04-27T18:00:00Z,8.190817
p01,2022-04-27T19:00:00Z,6.003490
p01,2022-04-27T20:00:00Z,6.010468
p01,2022-04-27T21:00:00Z,5.869118
p01,2022-04-27T22:00:00Z,5.605434
p01,2022-04-27T23:00:00Z,6.407207
p01,2022-04-28T00:00:00Z,6.789139
p01,2022-04-28T01:00:00Z,7.028154
p01,2022-04-28T02:00:00Z,6.572246
p01,2022-04-28T03:00:00Z,8.132702
p01,2022-04-28T04:00:00Z,8.673811
p01,2022-04-28T05:00:00Z,9.703643
p01,2022-04-28T06:00:00Z,10.383887
p01,2022-04-28T07:00:00Z,11.246193
p01,2022-04-28T08:00:00Z,10.167747
p01,2022-04-28T09:00:00Z,11.741776
p01,2022-04-28T10:00:00Z,11.139547
p01,2022-04-28T11:00:00Z,12.009063
p01,2022-04-28T12:00:00Z,11.134439
p01,2022-04-28T13:00:00Z,10.043163
p01,2022-04-28T14:00:00Z,10.595594
p01,2022-04-28T15:00:00Z,10.103963
p01,2022-04-28T16:00:00Z,8.530202
p01,2022-04-28T17:00:00Z,8.442619
p01,2022-04-28T18:00:00Z,7.047829
p01,2022-04-28T19:00:00Z,6.878043
p01,2022-04-28T20:00:00Z,6.477709
p01,2022-04-28T21:00:00Z,5.984674
p01,2022-04-28T22:00:00Z,6.332082
p01,2022-04-28T23:00:00Z,6.359099
p01,2022-04-29T00:00:00Z,6.407496
p01,2022-04-29T01:00:00Z,7.764651
p01,2022-04-29T02:00:00Z,6.917184
p01,2022-04-29T03:00:00Z,7.712871
p01,2022-04-29T04:00:00Z,7.895585
p01,2022-04-29T05:00:00Z,10.090758
p01,2022-04-29T06:00:00Z,9.455851
p01,2022-04-29T07:00:00Z,10.222744
p01,2022-04-29T08:00:00Z,11.854131
p01,2022-04-29T09:00:00Z,11.230096
p01,2022-04-29T10:00:00Z,11.381997
p01,2022-04-29T11:00:00Z,12.184080
p01,2022-04-29T12:00:00Z,11.636813
p01,2022-04-29T13:00:00Z,11.371764
p01,2022-04-29T14:00:00Z,10.682434
p01,2022-04-29T15:00:00Z,9.796731
p01,2022-04-29T16:00:00Z,8.868757
p01,2022-04-29T17:00:00Z,8.011938
p01,2022-04-29T18:00:00Z,6.765412
p01,2022-04-29T19:00:00Z,5.745877
p01,2022-04-29T20:00:00Z,5.950170
p01,2022-04-29T21:00:00Z,5.951971
p01,2022-04-29T22:00:00Z,6.117248
p01,2022-04-29T23:00:00Z,6.039570
p01,2022-04-30T00:00:00Z,6.774999
p01,2022-04-30T01:00:00Z,6.625890
p01,2022-04-30T02:00:00Z,7.366893
p01,2022-04-30T03:00:00Z,7.914951
p01,2022-04-30T04:00:00Z,9.353853
p01,2022-04-30T05:00:00Z,9.492138
p01,2022-04-30T06:00:00Z,9.935008
p01,2022-04-30T07:00:00Z,10.486844
p01,2022-04-30T08:00:00Z,12.414321
p01,2022-04-30T09:00:00Z,12.123251
p01,2022-04-30T10:00:00Z,11.833144
p01,2022-04-30T11:00:00Z,12.390568
p01,2022-04-30T12:00:00Z,11.590831
p01,2022-04-30T13:00:00Z,10.809633
p01,2022-04-30T14:00:00Z,10.756977
p01,2022-04-30T15:00:00Z,9.868925
p01,2022-04-30T16:00:00Z,8.888959
p01,2022-04-30T17:00:00Z,8.539665
p01,2022-04-30T18:00:00Z,7.714554
p01,2022-04-30T19:00:00Z,6.545690
p01,2022-04-30T20:00:00Z,6.628887
p01,2022-04-30T21:00:00Z,6.068179
p01,2022-04-30T22:00:00Z,5.648602
p01,2022-04-30T23:00:00Z,5.834343
p01,2022-05-01T00:00:00Z,6.047366
p01,2022-05-01T01:00:00Z,6.609151
p01,2022-05-01T02:00:00Z,7.248109
p01,2022-05-01T03:00:00Z,8.110089
p01,2022-05-01T04:00:00Z,8.599350
p01,2022-05-01T05:00:00Z,9.918294
p01,2022-05-01T06:00:00Z,9.994082
p01,2022-05-01T07:00:00Z,10.890194
p01,2022-05-01T08:00:00Z,11.648012
p01,2022-05-01T09:00:00Z,11.462048
p01,2022-05-01T10:00:00Z,12.239595
p01,2022-05-01T11:00:00Z,12.122845
p01,2022-05-01T12:00:00Z,10.994435
p01,2022-05-01T13:00:00Z,10.988137
p01,2022-05-01T14:00:00Z,10.293785
p01,2022-05-01T15:00:00Z,9.573837
p01,2022-05-01T16:00:00Z,8.560890
p01,2022-05-01T17:00:00Z,8.018832
p01,2022-05-01T18:00:00Z,8.197214
p01,2022-05-01T19:00:00Z,6.537026
p01,2022-05-01T20:00:00Z,6.036731
p01,2022-05-01T21:00:00Z,5.865887
p01,2022-05-01T22:00:00Z,6.041636
p01,2022-05-01T23:00:00Z,5.580373
p01,2022-05-02T00:00:00Z,6.227489
p01,2022-05-02T01:00:00Z,6.442182
p01,2022-05-02T02:00:00Z,6.723294
p01,2022-05-02T03:00:00Z,8.055753
p01,2022-05-02T04:00:00Z,9.424337
p01,2022-05-02T05:00:00Z,9.584053
p01,2022-05-02T06:00:00Z,10.670075
p01,2022-05-02T07:00:00Z,9.881887
p01,2022-05-02T08:00:00Z,11.625864
p01,2022-05-02T09:00:00Z,12.040067
p01,2022-05-02T10:00:00Z,12.105558
p01,2022-05-02T11:00:00Z,11.249613
p01,2022-05-02T12:00:00Z,10.860334
p01,2022-05-02T13:00:00Z,11.480173
p01,2022-05-02T14:00:00Z,10.738782
p01,2022-05-02T15:00:00Z,10.200754
p01,2022-05-02T16:00:00Z,8.959877
p01,2022-05-02T17:00:00Z,7.779254
p01,2022-05-02T18:00:00Z,7.273202
p01,2022-05-02T19:00:00Z,6.351586
p01,2022-05-02T20:00:00Z,5.981908
p01,2022-05-02T21:00:00Z,5.833775
p01,2022-05-02T22:00:00Z,5.765454
p01,2022-05-02T23:00:00Z,5.396405
p01,2022-05-03T00:00:00Z,5.945488
p01,2022-05-03T01:00:00Z,6.877840
p01,2022-05-03T02:00:00Z,7.558627
p01,2022-05-03T03:00:00Z,8.184809
p01,2022-05-03T04:00:00Z,8.278579
p01,2022-05-03T05:00:00Z,8.736816
p01,2022-05-03T06:00:00Z,9.741721
p01,2022-05-03T07:00:00Z,10.973991
p01,2022-05-03T08:00:00Z,11.064573
p01,2022-05-03T09:00:00Z,11.794114
p01,2022-05-03T10:00:00Z,11.821917
p01,2022-05-03T11:00:00Z,11.841465
p01,2022-05-03T12:00:00Z,11.080908
p01,2022-05-03T13:00:00Z,11.798259
p01,2022-05-03T14:00:00Z,10.188246
p01,2022-05-03T15:00:00Z,9.775914
p01,2022-05-03T16:00:00Z,8.394183
p01,2022-05-03T17:00:00Z,8.213464
p01,2022-05-03T18:00:00Z,7.218502
p01,2022-05-03T19:00:00Z,6.647570
p01,2022-05-03T20:00:00Z,4.968382
p01,2022-05-03T21:00:00Z,6.009522
p01,2022-05-03T22:00:00Z,5.743404
p01,2022-05-03T23:00:00Z,5.638571
p01,2022-05-04T00:00:00Z,6.040248
p01,2022-05-04T01:00:00Z,6.665783
p01,2022-05-04T02:00:00Z,8.026732
p01,2022-05-04T03:00:00Z,7.669086
p01,2022-05-04T04:00:00Z,8.188494
p01,2022-05-04T05:00:00Z,10.007050
p01,2022-05-04T06:00:00Z,10.977035
p01,2022-05-04T07:00:00Z,9.913074
p01,2022-05-04T08:00:00Z,11.466855
p01,2022-05-04T09:00:00Z,11.711556
p01,2022-05-04T10:00:00Z,11.451681
p01,2022-05-04T11:00:00Z,11.071643
p01,2022-05-04T12:00:00Z,10.610088
p01,2022-05-04T13:00:00Z,10.651027
p01,2022-05-04T14:00:00Z,9.438740
p01,2022-05-04T15:00:00Z,9.605142
p01,2022-05-04T16:00:00Z,8.289480
p01,2022-05-04T17:00:00Z,8.203454
p01,2022-05-04T18:00:00Z,7.227849
p01,2022-05-04T19:00:00Z,6.779436
p01,2022-05-04T20:00:00Z,5.190435
p01,2022-05-04T21:00:00Z,5.762765
p01,2022-05-04T22:00:00Z,6.120931
p01,2022-05-04T23:00:00Z,4.983304
p01,2022-05-05T00:00:00Z,6.053656
p01,2022-05-05T01:00:00Z,5.872622
p01,2022-05-05T02:00:00Z,7.274660
p01,2022-05-05T03:00:00Z,7.713964
p01,2022-05-05T04:00:00Z,8.431247
p02,2021-10-17T05:00:00Z,-5.567316
p02,2021-10-17T06:00:00Z,-4.348724
p02,2021-10-17T07:00:00Z,-3.486952
p02,2021-10-17T08:00:00Z,-2.369109
p02,2021-10-17T09:00:00Z,-3.594748
p02,2021-10-17T10:00:00Z,-3.354666
p02,2021-10-17T11:00:00Z,-2.894278
p02,2021-10-17T12:00:00Z,-2.971112
p02,2021-10-17T13:00:00Z,-3.202980
p02,2021-10-17T14:00:00Z,-3.707351
p02,2021-10-17T15:00:00Z,-5.091205
p02,2021-10-17T16:00:00Z,-5.869096
p02,2021-10-17T17:00:00Z,-7.360409
p02,2021-10-17T18:00:00Z,-7.325784
p02,2021-10-17T19:00:00Z,-7.706884
p02,2021-10-17T20:00:00Z,-8.020832
p02,2021-10-17T21:00:00Z,-9.279953
p02,2021-10-17T22:00:00Z,-8.986467
p02,2021-10-17T23:00:00Z,-9.027051
p02,2021-10-18T00:00:00Z,-8.567167
p02,2021-10-18T01:00:00Z,-8.318174
p02,2021-10-18T02:00:00Z,-7.514410
p02,2021-10-18T03:00:00Z,-6.528159
p02,2021-10-18T04:00:00Z,-6.376705
p02,2021-10-18T05:00:00Z,-5.906561
p02,2021-10-18T06:00:00Z,-3.905915
p02,2021-10-18T07:00:00Z,-3.549802
p02,2021-10-18T08:00:00Z,-3.856041
p02,2021-10-18T09:00:00Z,-3.630346
p02,2021-10-18T10:00:00Z,-3.394362
p02,2021-10-18T11:00:00Z,-2.888150
p02,2021-10-18T12:00:00Z,-3.883068
p02,2021-10-18T13:00:00Z,-3.451666
p02,2021-10-18T14:00:00Z,-4.325801
p02,2021-10-18T15:00:00Z,-5.091179
p02,2021-10-18T16:00:00Z,-6.530029
p02,2021-10-18T17:00:00Z,-6.576222
p02,2021-10-18T18:00:00Z,-7.310492
p02,2021-10-18T19:00:00Z,-7.733454
p02,2021-10-18T20:00:00Z,-8.913003
p02,2021-10-18T21:00:00Z,-9.005136
p02,2021-10-18T22:00:00Z,-9.668538
p02,2021-10-18T23:00:00Z,-7.945866
p02,2021-10-19T00:00:00Z,-7.850230
p02,2021-10-19T01:00:00Z,-8.403501
p02,2021-10-19T02:00:00Z,-8.035988
p02,2021-10-19T03:00:00Z,-7.032718
p02,2021-10-19T04:00:00Z,-6.289466
p02,2021-10-19T05:00:00Z,-5.178177
p02,2021-10-19T06:00:00Z,-4.517296
p02,2021-10-19T07:00:00Z,-4.501278
p02,2021-10-19T08:00:00Z,-3.834418
p02,2021-10-19T09:00:00Z,-3.296129
p02,2021-10-19T10:00:00Z,-2.663723
p02,2021-10-19T11:00:00Z,-3.306298
p02,2021-10-19T12:00:00Z,-4.059858
p02,2021-10-19T13:00:00Z,-3.581396
p02,2021-10-19T14:00:00Z,-4.926332
p02,2021-10-19T15:00:00Z,-4.521994
p02,2021-10-19T16:00:00Z,-6.003812
p02,2021-10-19T17:00:00Z,-6.057333
p02,2021-10-19T18:00:00Z,-7.403631
p02,2021-10-19T19:00:00Z,-8.125825
p02,2021-10-19T20:00:00Z,-9.182876
p02,2021-10-19T21:00:00Z,-8.601793
p02,2021-10-19T22:00:00Z,-9.061547
p02,2021-10-19T23:00:00Z,-8.962680
p02,2021-10-20T00:00:00Z,-9.347108
p02,2021-10-20T01:00:00Z,-8.107371
p02,2021-10-20T02:00:00Z,-7.351417
p02,2021-10-20T03:00:00Z,-6.939957
p02,2021-10-20T04:00:00Z,-6.430883
p02,2021-10-20T05:00:00Z,-5.507105
p02,2021-10-20T06:00:00Z,-4.189435
p02,2021-10-20T07:00:00Z,-4.026070
p02,2021-10-20T08:00:00Z,-2.518147
p02,2021-10-20T09:00:00Z,-3.173738
p02,2021-10-20T10:00:00Z,-2.836372
p02,2021-10-20T11:00:00Z,-3.560650
p02,2021-10-20T12:00:00Z,-3.548298
p02,2021-10-20T13:00:00Z,-4.276743
p02,2021-10-20T14:00:00Z,-4.652766
p02,2021-10-20T15:00:00Z,-5.323888
p02,2021-10-20T16:00:00Z,-5.858852
p02,2021-10-20T17:00:00Z,-7.786422
p02,2021-10-20T18:00:00Z,-6.221594
p02,2021-10-20T19:00:00Z,-7.595252
p02,2021-10-20T20:00:00Z,-7.820089
p02,2021-10-20T21:00:00Z,-8.043453
p02,2021-10-20T22:00:00Z,-8.855082
p02,2021-10-20T23:00:00Z,-7.680109
p02,2021-10-21T00:00:00Z,-7.281949
p02,2021-10-21T01:00:00Z,-8.868455
p02,2021-10-21T02:00:00Z,-7.343817
p02,2021-10-21T03:00:00Z,-7.454866
p02,2021-10-21T04:00:00Z,-5.934131
p02,2021-10-21T05:00:00Z,-4.672255
p02,2021-10-21T06:00:00Z,-4.333798
p02,2021-10-21T07:00:00Z,-4.255234
p02,2021-10-21T08:00:00Z,-3.595645
p02,2021-10-21T09:00:00Z,-2.370853
p02,2021-10-21T10:00:00Z,-3.451227
p02,2021-10-21T11:00:00Z,-3.175965
p02,2021-10-21T12:00:00Z,-3.475999
p02,2021-10-21T13:00:00Z,-3.022169
p02,2021-10-21T14:00:00Z,-5.619627
p02,2021-10-21T15:00:00Z,-5.257596
p02,2021-10-21T16:00:00Z,-6.418934
p02,2021-10-21T17:00:00Z,-7.232062
p02,2021-10-21T18:00:00Z,-8.498601
p02,2021-10-21T19:00:00Z,-7.976968
p02,2021-10-21T20:00:00Z,-8.608892
p02,2021-10-21T21:00:00Z,-7.919601
p02,2021-10-21T22:00:00Z,-8.886905
p02,2021-10-21T23:00:00Z,-10.003287
p02,2021-10-22T00:00:00Z,-9.054096
p02,2021-10-22T01:00:00Z,-7.294691
p02,2021-10-22T02:00:00Z,-7.524849
p02,2021-10-22T03:00:00Z,-6.300870
p02,2021-10-22T04:00:00Z,-5.438548
p02,2021-10-22T05:00:00Z,-5.332434
p02,2021-10-22T06:00:00Z,-4.527775
p02,2021-10-22T07:00:00Z,-2.744773
p02,2021-10-22T08:00:00Z,-2.763964
p02,2021-10-22T09:00:00Z,-2.411117
p02,2021-10-22T10:00:00Z,-3.021295
p02,2021-10-22T11:00:00Z,-3.292287
p02,2021-10-22T12:00:00Z,-3.063456
p02,2021-10-22T13:00:00Z,-3.320536
p02,2021-10-22T14:00:00Z,-4.173742
p02,2021-10-22T15:00:00Z,-6.164057
p02,2021-10-22T16:00:00Z,-6.442667
p02,2021-10-22T17:00:00Z,-5.620498
p02,2021-10-22T18:00:00Z,-7.164442
p02,2021-10-22T19:00:00Z,-7.555381
p02,2021-10-22T20:00:00Z,-8.061231
p02,2021-10-22T21:00:00Z,-8.799970
p02,2021-10-22T22:00:00Z,-8.961041
p02,2021-10-22T23:00:00Z,-8.338036
p02,2021-10-23T00:00:00Z,-8.686274
p02,2021-10-23T01:00:00Z,-7.728712
p02,2021-10-23T02:00:00Z,-6.969801
p02,2021-10-23T03:00:00Z,-6.096261
p02,2021-10-23T04:00:00Z,-5.212875
p02,2021-10-23T05:00:00Z,-5.303597
p02,2021-10-23T06:00:00Z,-4.156090
p02,2021-10-23T07:00:00Z,-4.617677
p02,2021-10-23T08:00:00Z,-3.308066
p02,2021-10-23T09:00:00Z,-3.207542
p02,2021-10-23T10:00:00Z,-2.650797
p02,2021-10-23T11:00:00Z,-3.628981
p02,2021-10-23T12:00:00Z,-3.227385
p02,2021-10-23T13:00:00Z,-4.563278
p02,2021-10-23T14:00:00Z,-4.256051
p02,2021-10-23T15:00:00Z,-4.879829
p02,2021-10-23T16:00:00Z,-6.095634
p02,2021-10-23T17:00:00Z,-6.744273
p02,2021-10-23T18:00:00Z,-7.292626
p02,2021-10-23T19:00:00Z,-8.295895
p02,2021-10-23T20:00:00Z,-10.120401
p02,2021-10-23T21:00:00Z,-8.530661
p02,2021-10-23T22:00:00Z,-8.030626
p02,2021-10-23T23:00:00Z,-9.438246
p02,2021-10-24T00:00:00Z,-8.668996
p02,2021-10-24T01:00:00Z,-8.614383
p02,2021-10-24T02:00:00Z,-7.337887
p02,2021-10-24T03:00:00Z,-6.434019
p02,2021-10-24T04:00:00Z,-5.397572
p02,2021-10-24T05:00:00Z,-5.619136
p02,2021-10-24T06:00:00Z,-3.901353
p02,2021-10-24T07:00:00Z,-3.341656
p02,2021-10-24T08:00:00Z,-3.488455
p02,2021-10-24T09:00:00Z,-3.282906
p02,2021-10-24T10:00:00Z,-2.377328
p02,2021-10-24T11:00:00Z,-2.936306
p02,2021-10-24T12:00:00Z,-3.920723
p02,2021-10-24T13:00:00Z,-3.962735
p02,2021-10-24T14:00:00Z,-4.990415
p02,2021-10-24T15:00:00Z,-4.553582
p02,2021-10-24T16:00:00Z,-5.129036
p02,2021-10-24T17:00:00Z,-6.186892
p02,2021-10-24T18:00:00Z,-6.827717
p02,2021-10-24T19:00:00Z,-7.719784
p02,2021-10-24T20:00:00Z,-9.020158
p02,2021-10-24T21:00:00Z,-8.558022
p02,2021-10-24T22:00:00Z,-8.525740
p02,2021-10-24T23:00:00Z,-8.771579
p02,2021-10-25T00:00:00Z,-8.274242
p02,2021-10-25T01:00:00Z,-7.324939
p02,2021-10-25T02:00:00Z,-7.417972
p02,2021-10-25T03:00:00Z,-7.141838
p02,2021-10-25T04:00:00Z,-6.475113
p02,2021-10-25T05:00:00Z,-5.426270
p02,2021-10-25T06:00:00Z,-4.644264
p02,2021-10-25T07:00:00Z,-3.230182
p02,2021-10-25T08:00:00Z,-3.210966
p02,2021-10-25T09:00:00Z,-2.249568
p02,2021-10-25T10:00:00Z,-3.331945
p02,2021-10-25T11:00:00Z,-3.461674
p02,2021-10-25T12:00:00Z,-3.263588
p02,2021-10-25T13:00:00Z,-3.451579
p02,2021-10-25T14:00:00Z,-3.842201
p02,2021-10-25T15:00:00Z,-5.541862
p02,2021-10-25T16:00:00Z,-5.458808
p02,2021-10-25T17:00:00Z,-5.844429
p02,2021-10-25T18:00:00Z,-6.758440
p02,2021-10-25T19:00:00Z,-8.035328
p02,2021-10-25T20:00:00Z,-8.876465
p02,2021-10-25T21:00:00Z,-9.095428
p02,2021-10-25T22:00:00Z,-8.350328
p02,2021-10-25T23:00:00Z,-8.564603
p02,2021-10-26T00:00:00Z,-8.704469
p02,2021-10-26T01:00:00Z,-7.829228
p02,2021-10-26T02:00:00Z,-7.043835
p02,2021-10-26T03:00:00Z,-6.993242
p02,2021-10-26T04:00:00Z,-6.392288
p02,2021-10-26T05:00:00Z,-5.192761
p02,2021-10-26T06:00:00Z,-4.144533
p02,2021-10-26T07:00:00Z,-3.228190
p02,2021-10-26T08:00:00Z,-3.284228
p02,2021-10-26T09:00:00Z,-3.001630
p02,2021-10-26T10:00:00Z,-2.373246
p02,2021-10-26T11:00:00Z,-3.411173
p02,2021-10-26T12:00:00Z,-3.450337
p02,2021-10-26T13:00:00Z,-3.636321
p02,2021-10-26T14:00:00Z,-4.335839
p02,2021-10-26T15:00:00Z,-5.582811
p02,2021-10-26T16:00:00Z,-5.737131
p02,2021-10-26T17:00:00Z,-7.188790
p02,2021-10-26T18:00:00Z,-7.388680
p02,2021-10-26T19:00:00Z,-8.072615
p02,2021-10-26T20:00:00Z,-8.667167
p02,2021-10-26T21:00:00Z,-8.169065
p02,2021-10-26T22:00:00Z,-9.237617
p02,2021-10-26T23:00:00Z,-9.010467
p02,2021-10-27T00:00:00Z,-8.017863
p02,2021-10-27T01:00:00Z,-7.908651
p02,2021-10-27T02:00:00Z,-7.328733
p02,2021-10-27T03:00:00Z,-5.840296
p02,2021-10-27T04:00:00Z,-5.989723
p02,2021-10-27T05:00:00Z,-5.578368
p02,2021-10-27T06:00:00Z,-3.891253
p02,2021-10-27T07:00:00Z,-3.595358
p02,2021-10-27T08:00:00Z,-4.158047
p02,2021-10-27T09:00:00Z,-2.931675
p02,2021-10-27T10:00:00Z,-2.406370
p02,2021-10-27T11:00:00Z,-3.001400
p02,2021-10-27T12:00:00Z,-3.606334
p02,2021-10-27T13:00:00Z,-3.493073
p02,2021-10-27T14:00:00Z,-4.468515
p02,2021-10-27T15:00:00Z,-5.099895
p02,2021-10-27T16:00:00Z,-6.416511
p02,2021-10-27T17:00:00Z,-7.038104
p02,2021-10-27T18:00:00Z,-7.099060
p02,2021-10-27T19:00:00Z,-8.589999
p02,2021-10-27T20:00:00Z,-7.868641
p02,2021-10-27T21:00:00Z,-9.146177
p02,2021-10-27T22:00:00Z,-8.368866
p02,2021-10-27T23:00:00Z,-9.097714
p02,2021-10-28T00:00:00Z,-9.218899
p02,2021-10-28T01:00:00Z,-7.415402
p02,2021-10-28T02:00:00Z,-7.583343
p02,2021-10-28T03:00:00Z,-6.548271
p02,2021-10-28T04:00:00Z,-4.383975
p02,2021-10-28T05:00:00Z,-5.909030
p02,2021-10-28T06:00:00Z,-3.951033
p02,2021-10-28T07:00:00Z,-3.209141
p02,2021-10-28T08:00:00Z,-3.831181
p02,2021-10-28T09:00:00Z,-3.698203
p02,2021-10-28T10:00:00Z,-3.850252
p02,2021-10-28T11:00:00Z,-3.794406
p02,2021-10-28T12:00:00Z,-3.339204
p02,2021-10-28T13:00:00Z,-4.601698
p02,2021-10-28T14:00:00Z,-5.351979
p02,2021-10-28T15:00:00Z,-4.887616
p02,2021-10-28T16:00:00Z,-5.422144
p02,2021-10-28T17:00:00Z,-6.117588
p02,2021-10-28T18:00:00Z,-7.577751
p02,2021-10-28T19:00:00Z,-8.493628
p02,2021-10-28T20:00:00Z,-7.923609
p02,2021-10-28T21:00:00Z,-9.311253
p02,2021-10-28T22:00:00Z,-9.115416
p02,2021-10-28T23:00:00Z,-7.937049
p02,2021-10-29T00:00:00Z,-8.282386
p02,2021-10-29T01:00:00Z,-8.219610
p02,2021-10-29T02:00:00Z,-8.269695
p02,2021-10-29T03:00:00Z,-6.867731
p02,2021-10-29T04:00:00Z,-6.350014
p02,2021-10-29T05:00:00Z,-5.007618
p02,2021-10-29T06:00:00Z,-4.523895
p02,2021-10-29T07:00:00Z,-4.048921
p02,2021-10-29T08:00:00Z,-3.402451
p02,2021-10-29T09:00:00Z,-3.083784
p02,2021-10-29T10:00:00Z,-2.316082
p02,2021-10-29T11:00:00Z,-3.385516
p02,2021-10-29T12:00:00Z,-3.234414
p02,2021-10-29T13:00:00Z,-3.609699
p02,2021-10-29T14:00:00Z,-4.447354
p02,2021-10-29T15:00:00Z,-5.514122
p02,2021-10-29T16:00:00Z,-6.261577
p02,2021-10-29T17:00:00Z,-6.265255
p02,2021-10-29T18:00:00Z,-6.524197
p02,2021-10-29T19:00:00Z,-7.872617
p02,2021-10-29T20:00:00Z,-7.792856
p02,2021-10-29T21:00:00Z,-8.183257
p02,2021-10-29T22:00:00Z,-9.543940
p02,2021-10-29T23:00:00Z,-9.664269
p02,2021-10-30T00:00:00Z,-9.794361
p02,2021-10-30T01:00:00Z,-8.237658
p02,2021-10-30T02:00:00Z,-8.258878
p02,2021-10-30T03:00:00Z,-6.642021
p02,2021-10-30T04:00:00Z,-5.498035
p02,2021-10-30T05:00:00Z,-5.326938
p02,2021-10-30T06:00:00Z,-4.284321
p02,2021-10-30T07:00:00Z,-3.505599
p02,2021-10-30T08:00:00Z,-3.324341
p02,2021-10-30T09:00:00Z,-3.566832
p02,2021-10-30T10:00:00Z,-2.734339
p02,2021-10-30T11:00:00Z,-2.521808
p02,2021-10-30T12:00:00Z,-2.363957
p02,2021-10-30T13:00:00Z,-4.019432
p02,2021-10-30T14:00:00Z,-3.731421
p02,2021-10-30T15:00:00Z,-5.763769
p02,2021-10-30T16:00:00Z,-5.730393
p02,2021-10-30T17:00:00Z,-6.331006
p02,2021-10-30T18:00:00Z,-7.033474
p02,2021-10-30T19:00:00Z,-7.337191
p02,2021-10-30T20:00:00Z,-8.401178
p02,2021-10-30T21:00:00Z,-8.030839
p02,2021-10-30T22:00:00Z,-8.942140
p02,2021-10-30T23:00:00Z,-8.659956
p02,2021-10-31T00:00:00Z,-8.400907
p02,2021-10-31T01:00:00Z,-7.909909
p02,2021-10-31T02:00:00Z,-7.499412
p02,2021-10-31T03:00:00Z,-6.468010
p02,2021-10-31T04:00:00Z,-6.264995
p02,2021-10-31T05:00:00Z,-4.506575
p02,2021-10-31T06:00:00Z,-5.434579
p02,2021-10-31T07:00:00Z,-3.579724
p02,2021-10-31T08:00:00Z,-2.954357
p02,2021-10-31T09:00:00Z,-3.299555
p02,2021-10-31T10:00:00Z,-3.347650
p02,2021-10-31T11:00:00Z,-2.900649
p02,2021-10-31T12:00:00Z,-3.268483
p02,2021-10-31T13:00:00Z,-3.331772
p02,2021-10-31T14:00:00Z,-3.833301
p02,2021-10-31T15:00:00Z,-5.085649
p02,2021-10-31T16:00:00Z,-5.393166
p02,2021-10-31T17:00:00Z,-6.781229
p02,2021-10-31T18:00:00Z,-7.621140
p02,2021-10-31T19:00:00Z,-8.344921
p02,2021-10-31T20:00:00Z,-8.801070
p02,2021-10-31T21:00:00Z,-9.088843
p02,2021-10-31T22:00:00Z,-8.459685
p02,2021-10-31T23:00:00Z,-7.840876
p02,2021-11-01T00:00:00Z,-7.330083
p02,2021-11-01T01:00:00Z,-7.390533
p02,2021-11-01T02:00:00Z,-7.132728
p02,2021-11-01T03:00:00Z,-6.541800
p02,2021-11-01T04:00:00Z,-5.967120
p02,2021-11-01T05:00:00Z,-5.130278
p02,2021-11-01T06:00:00Z,-4.156383
p02,2021-11-01T07:00:00Z,-2.658517
p02,2021-11-01T08:00:00Z,-3.924053
p02,2021-11-01T09:00:00Z,-2.823787
p02,2021-11-01T10:00:00Z,-2.338172
p02,2021-11-01T11:00:00Z,-2.435583
p02,2021-11-01T12:00:00Z,-3.448110
p02,2021-11-01T13:00:00Z,-3.544104
p02,2021-11-01T14:00:00Z,-3.349857
p02,2021-11-01T15:00:00Z,-4.654159
p02,2021-11-01T16:00:00Z,-4.751265
p02,2021-11-01T17:00:00Z,-6.773610
p02,2021-11-01T18:00:00Z,-7.358998
p02,2021-11-01T19:00:00Z,-6.717356
p02,2021-11-01T20:00:00Z,-7.537145
p02,2021-11-01T21:00:00Z,-8.754798
p02,2021-11-01T22:00:00Z,-8.249619
p02,2021-11-01T23:00:00Z,-9.123161
p02,2021-11-02T00:00:00Z,-7.738070
p02,2021-11-02T01:00:00Z,-7.481373
p02,2021-11-02T02:00:00Z,-6.233068
p02,2021-11-02T03:00:00Z,-6.032625
p02,2021-11-02T04:00:00Z,-5.848660
p02,2021-11-02T05:00:00Z,-4.355989
p02,2021-11-02T06:00:00Z,-4.116680
p02,2021-11-02T07:00:00Z,-3.401257
p02,2021-11-02T08:00:00Z,-1.975618
p02,2021-11-02T09:00:00Z,-2.425622
p02,2021-11-02T10:00:00Z,-3.343429
p02,2021-11-02T11:00:00Z,-2.360207
p02,2021-11-02T12:00:00Z,-2.875543
p02,2021-11-02T13:00:00Z,-3.903823
p02,2021-11-02T14:00:00Z,-4.591835
p02,2021-11-02T15:00:00Z,-4.887190
p02,2021-11-02T16:00:00Z,-5.094620
p02,2021-11-02T17:00:00Z,-6.075502
p02,2021-11-02T18:00:00Z,-7.330509
p02,2021-11-02T19:00:00Z,-7.351472
p02,2021-11-02T20:00:00Z,-8.063863
p02,2021-11-02T21:00:00Z,-7.106537
p02,2021-11-02T22:00:00Z,-8.829275
p02,2021-11-02T23:00:00Z,-9.193089
p02,2021-11-03T00:00:00Z,-8.564292
p02,2021-11-03T01:00:00Z,-7.142335
p02,2021-11-03T02:00:00Z,-7.049440
p02,2021-11-03T03:00:00Z,-6.751150
p02,2021-11-03T04:00:00Z,-5.450591
p02,2021-11-03T05:00:00Z,-4.902706
p02,2021-11-03T06:00:00Z,-3.880147
p02,2021-11-03T07:00:00Z,-3.581198
p02,2021-11-03T08:00:00Z,-3.579953
p02,2021-11-03T09:00:00Z,-1.914187
p02,2021-11-03T10:00:00Z,-3.445548
p02,2021-11-03T11:00:00Z,-2.734459
p02,2021-11-03T12:00:00Z,-3.029241
p02,2021-11-03T13:00:00Z,-3.992987
p02,2021-11-03T14:00:00Z,-4.921945
p02,2021-11-03T15:00:00Z,-5.034561
p02,2021-11-03T16:00:00Z,-6.560442
p02,2021-11-03T17:00:00Z,-6.409942
p02,2021-11-03T18:00:00Z,-7.091580
p02,2021-11-03T19:00:00Z,-7.784706
p02,2021-11-03T20:00:00Z,-8.202721
p02,2021-11-03T21:00:00Z,-8.312227
p02,2021-11-03T22:00:00Z,-9.356590
p02,2021-11-03T23:00:00Z,-8.136844
p02,2021-11-04T00:00:00Z,-7.798716
p02,2021-11-04T01:00:00Z,-8.577116
p02,2021-11-04T02:00:00Z,-7.178739
p02,2021-11-04T03:00:00Z,-6.779738
p02,2021-11-04T04:00:00Z,-5.401393
p02,2021-11-04T05:00:00Z,-4.431213
p02,2021-11-04T06:00:00Z,-4.130688
p02,2021-11-04T07:00:00Z,-3.545179
p02,2021-11-04T08:00:00Z,-3.255791
p02,2021-11-04T09:00:00Z,-2.907004
p02,2021-11-04T10:00:00Z,-3.364217
p02,2021-11-04T11:00:00Z,-2.629880
p02,2021-11-04T12:00:00Z,-3.523822
p02,2021-11-04T13:00:00Z,-3.613077
p02,2021-11-04T14:00:00Z,-4.875688
p02,2021-11-04T15:00:00Z,-4.937198
p02,2021-11-04T16:00:00Z,-5.770714
p02,2021-11-04T17:00:00Z,-6.608303
p02,2021-11-04T18:00:00Z,-7.446585
p02,2021-11-04T19:00:00Z,-7.216883
p02,2021-11-04T20:00:00Z,-7.661216
p02,2021-11-04T21:00:00Z,-8.990073
p02,2021-11-04T22:00:00Z,-8.726146
p02,2021-11-04T23:00:00Z,-8.851309
p02,2021-11-05T00:00:00Z,-8.729648
p02,2021-11-05T01:00:00Z,-8.036454
p02,2021-11-05T02:00:00Z,-7.164409
p02,2021-11-05T03:00:00Z,-7.109009
p02,2021-11-05T04:00:00Z,-6.125298
p02,2021-11-05T05:00:00Z,-4.119653
p02,2021-11-05T06:00:00Z,-3.693091
p02,2021-11-05T07:00:00Z,-3.368321
p02,2021-11-05T08:00:00Z,-2.037027
p02,2021-11-05T09:00:00Z,-2.652774
p02,2021-11-05T10:00:00Z,-2.838399
p02,2021-11-05T11:00:00Z,-2.748907
p02,2021-11-05T12:00:00Z,-2.862231
p02,2021-11-05T13:00:00Z,-4.115681
p02,2021-11-05T14:00:00Z,-4.232828
p02,2021-11-05T15:00:00Z,-4.889671
p02,2021-11-05T16:00:00Z,-5.810068
p02,2021-11-05T17:00:00Z,-6.346288
p02,2021-11-05T18:00:00Z,-7.573155
p02,2021-11-05T19:00:00Z,-7.141508
p02,2021-11-05T20:00:00Z,-9.319685
p02,2021-11-05T21:00:00Z,-8.428039
p02,2021-11-05T22:00:00Z,-8.379579
p02,2021-11-05T23:00:00Z,-7.977525
p02,2021-11-06T00:00:00Z,-7.548677
p02,2021-11-06T01:00:00Z,-6.866317
p02,2021-11-06T02:00:00Z,-6.524929
p02,2021-11-06T03:00:00Z,-6.469397
p02,2021-11-06T04:00:00Z,-4.866797
p02,2021-11-06T05:00:00Z,-4.376933
p02,2021-11-06T06:00:00Z,-4.107535
p02,2021-11-06T07:00:00Z,-3.951537
p02,2021-11-06T08:00:00Z,-3.459521
p02,2021-11-06T09:00:00Z,-3.659873
p02,2021-11-06T10:00:00Z,-2.997752
p02,2021-11-06T11:00:00Z,-1.846647
p02,2021-11-06T12:00:00Z,-3.892003
p02,2021-11-06T13:00:00Z,-4.038245
p02,2021-11-06T14:00:00Z,-3.762939
p02,2021-11-06T15:00:00Z,-4.454964
p02,2021-11-06T16:00:00Z,-5.569691
p02,2021-11-06T17:00:00Z,-6.475981
p02,2021-11-06T18:00:00Z,-6.427970
p02,2021-11-06T19:00:00Z,-8.352429
p02,2021-11-06T20:00:00Z,-8.449767
p02,2021-11-06T21:00:00Z,-8.786988
p02,2021-11-06T22:00:00Z,-8.143942
p02,2021-11-06T23:00:00Z,-9.009681
p02,2021-11-07T00:00:00Z,-7.992011
p02,2021-11-07T01:00:00Z,-8.416086
p02,2021-11-07T02:00:00Z,-6.958593
p02,2021-11-07T03:00:00Z,-6.404550
p02,2021-11-07T04:00:00Z,-5.198159
p02,2021-11-07T05:00:00Z,-5.360831
p02,2021-11-07T06:00:00Z,-4.853753
p02,2021-11-07T07:00:00Z,-1.966502
p02,2021-11-07T08:00:00Z,-3.055646
p02,2021-11-07T09:00:00Z,-3.212144
p02,2021-11-07T10:00:00Z,-1.669424
p02,2021-11-07T11:00:00Z,-2.904060
p02,2021-11-07T12:00:00Z,-3.083967
p02,2021-11-07T13:00:00Z,-3.476852
p02,2021-11-07T14:00:00Z,-3.978458
p02,2021-11-07T15:00:00Z,-4.428724
p02,2021-11-07T16:00:00Z,-5.695379
p02,2021-11-07T17:00:00Z,-5.649446
p02,2021-11-07T18:00:00Z,-7.249016
p02,2021-11-07T19:00:00Z,-7.317182
p02,2021-11-07T20:00:00Z,-8.069346
p02,2021-11-07T21:00:00Z,-7.670603
p02,2021-11-07T22:00:00Z,-9.315474
p02,2021-11-07T23:00:00Z,-8.293761
p02,2021-11-08T00:00:00Z,-7.948488
p02,2021-11-08T01:00:00Z,-7.139157
p02,2021-11-08T02:00:00Z,-7.338499
p02,2021-11-08T03:00:00Z,-6.405800
p02,2021-11-08T04:00:00Z,-5.829580
p02,2021-11-08T05:00:00Z,-4.948847
p02,2021-11-08T06:00:00Z,-4.003347
p02,2021-11-08T07:00:00Z,-3.455160
p02,2021-11-08T08:00:00Z,-2.890204
p02,2021-11-08T09:00:00Z,-2.030716
p02,2021-11-08T10:00:00Z,-2.332315
p02,2021-11-08T11:00:00Z,-2.608024
p02,2021-11-08T12:00:00Z,-2.302063
p02,2021-11-08T13:00:00Z,-2.948898
p02,2021-11-08T14:00:00Z,-2.982369
p02,2021-11-08T15:00:00Z,-4.609104
p02,2021-11-08T16:00:00Z,-5.962406
p02,2021-11-08T17:00:00Z,-6.468522
p02,2021-11-08T18:00:00Z,-6.867488
p02,2021-11-08T19:00:00Z,-6.950192
p02,2021-11-08T20:00:00Z,-7.932252
p02,2021-11-08T21:00:00Z,-8.116418
p02,2021-11-08T22:00:00Z,-8.696908
p02,2021-11-08T23:00:00Z,-8.670074
p02,2021-11-09T00:00:00Z,-7.520093
p02,2021-11-09T01:00:00Z,-7.315669
p02,2021-11-09T02:00:00Z,-8.179794
p02,2021-11-09T03:00:00Z,-6.230334
p02,2021-11-09T04:00:00Z,-5.841032
p02,2021-11-09T05:00:00Z,-4.557738
p02,2021-11-09T06:00:00Z,-5.419797
p02,2021-11-09T07:00:00Z,-3.403524
p02,2021-11-09T08:00:00Z,-2.641114
p02,2021-11-09T09:00:00Z,-2.785644
p02,2021-11-09T10:00:00Z,-2.807807
p02,2021-11-09T11:00:00Z,-2.509895
p02,2021-11-09T12:00:00Z,-2.729330
p02,2021-11-09T13:00:00Z,-2.472213
p02,2021-11-09T14:00:00Z,-4.638421
p02,2021-11-09T15:00:00Z,-4.851548
p02,2021-11-09T16:00:00Z,-5.508889
p02,2021-11-09T17:00:00Z,-6.268870
p02,2021-11-09T18:00:00Z,-6.662182
p02,2021-11-09T19:00:00Z,-6.883633
p02,2021-11-09T20:00:00Z,-7.358372
p02,2021-11-09T21:00:00Z,-8.794842
p02,2021-11-09T22:00:00Z,-8.362531
p02,2021-11-09T23:00:00Z,-7.606806
p02,2021-11-10T00:00:00Z,-7.954691
p02,2021-11-10T01:00:00Z,-7.448745
p02,2021-11-10T02:00:00Z,-8.152502
p02,2021-11-10T03:00:00Z,-6.588447
p02,2021-11-10T04:00:00Z,-5.896478
p02,2021-11-10T05:00:00Z,-4.437821
p02,2021-11-10T06:00:00Z,-3.387269
p02,2021-11-10T07:00:00Z,-2.921761
p02,2021-11-10T08:00:00Z,-2.596203
p02,2021-11-10T09:00:00Z,-2.914285
p02,2021-11-10T10:00:00Z,-1.903460
p02,2021-11-10T11:00:00Z,-2.607455
p02,2021-11-10T12:00:00Z,-3.329399
p02,2021-11-10T13:00:00Z,-4.207017
p02,2021-11-10T14:00:00Z,-2.833943
p02,2021-11-10T15:00:00Z,-4.536890
p02,2021-11-10T16:00:00Z,-5.582135
p02,2021-11-10T17:00:00Z,-6.422018
p02,2021-11-10T18:00:00Z,-7.058972
p02,2021-11-10T19:00:00Z,-7.172140
p02,2021-11-10T20:00:00Z,-8.124834
p02,2021-11-10T21:00:00Z,-6.822208
p02,2021-11-10T22:00:00Z,-9.011875
p02,2021-11-10T23:00:00Z,-7.989100
p02,2021-11-11T00:00:00Z,-7.249019
p02,2021-11-11T01:00:00Z,-7.381786
p02,2021-11-11T02:00:00Z,-6.332606
p02,2021-11-11T03:00:00Z,-5.909781
p02,2021-11-11T04:00:00Z,-4.965062
p02,2021-11-11T05:00:00Z,-3.770543
p02,2021-11-11T06:00:00Z,-3.725136
p02,2021-11-11T07:00:00Z,-3.345369
p02,2021-11-11T08:00:00Z,-1.957598
p02,2021-11-11T09:00:00Z,-1.847988
p02,2021-11-11T10:00:00Z,-1.908181
p02,2021-11-11T11:00:00Z,-2.487550
p02,2021-11-11T12:00:00Z,-1.371739
p02,2021-11-11T13:00:00Z,-2.564621
p02,2021-11-11T14:00:00Z,-2.977434
p02,2021-11-11T15:00:00Z,-4.689664
p02,2021-11-11T16:00:00Z,-4.533927
p02,2021-11-11T17:00:00Z,-5.142183
p02,2021-11-11T18:00:00Z,-7.069071
p02,2021-11-11T19:00:00Z,-7.671941
p02,2021-11-11T20:00:00Z,-7.866746
p02,2021-11-11T21:00:00Z,-8.403856
p02,2021-11-11T22:00:00Z,-8.265316
p02,2021-11-11T23:00:00Z,-7.923378
p02,2021-11-12T00:00:00Z,-7.607519
p02,2021-11-12T01:00:00Z,-7.612700
p02,2021-11-12T02:00:00Z,-6.818171
p02,2021-11-12T03:00:00Z,-5.540699
p02,2021-11-12T04:00:00Z,-5.343859
p02,2021-11-12T05:00:00Z,-4.080691
p02,2021-11-12T06:00:00Z,-3.160615
p02,2021-11-12T07:00:00Z,-3.262856
p02,2021-11-12T08:00:00Z,-2.109911
p02,2021-11-12T09:00:00Z,-1.837491
p02,2021-11-12T10:00:00Z,-2.742202
p02,2021-11-12T11:00:00Z,-2.640154
p02,2021-11-12T12:00:00Z,-2.485795
p02,2021-11-12T13:00:00Z,-3.137641
p02,2021-11-12T14:00:00Z,-3.905804
p02,2021-11-12T15:00:00Z,-4.223646
p02,2021-11-12T16:00:00Z,-5.069358
p02,2021-11-12T17:00:00Z,-5.794079
p02,2021-11-12T18:00:00Z,-6.400438
p02,2021-11-12T19:00:00Z,-6.818680
p02,2021-11-12T20:00:00Z,-6.606830
p02,2021-11-12T21:00:00Z,-7.768973
p02,2021-11-12T22:00:00Z,-7.946771
p02,2021-11-12T23:00:00Z,-8.741098
p02,2021-11-13T00:00:00Z,-7.733248
p02,2021-11-13T01:00:00Z,-6.434681
p02,2021-11-13T02:00:00Z,-6.713670
p02,2021-11-13T03:00:00Z,-5.879568
p02,2021-11-13T04:00:00Z,-4.428332
p02,2021-11-13T05:00:00Z,-4.139172
p02,2021-11-13T06:00:00Z,-4.080568
p02,2021-11-13T07:00:00Z,-3.349987
p02,2021-11-13T08:00:00Z,-1.939292
p02,2021-11-13T09:00:00Z,-0.966425
p02,2021-11-13T10:00:00Z,-2.886240
p02,2021-11-13T11:00:00Z,-2.171116
p02,2021-11-13T12:00:00Z,-2.532920
p02,2021-11-13T13:00:00Z,-3.218623
p02,2021-11-13T14:00:00Z,-3.790671
p02,2021-11-13T15:00:00Z,-4.257679
p02,2021-11-13T16:00:00Z,-5.279851
p02,2021-11-13T17:00:00Z,-5.308654
p02,2021-11-13T18:00:00Z,-7.312022
p02,2021-11-13T19:00:00Z,-6.693111
p02,2021-11-13T20:00:00Z,-7.619303
p02,2021-11-13T21:00:00Z,-8.571719
p02,2021-11-13T22:00:00Z,-9.216199
p02,2021-11-13T23:00:00Z,-7.694459
p02,2021-11-14T00:00:00Z,-7.702586
p02,2021-11-14T01:00:00Z,-7.508886
p02,2021-11-14T02:00:00Z,-7.449319
p02,2021-11-14T03:00:00Z,-6.075889
p02,2021-11-14T04:00:00Z,-5.370103
p02,2021-11-14T05:00:00Z,-4.456326
p02,2021-11-14T06:00:00Z,-3.431110
p02,2021-11-14T07:00:00Z,-2.061791
p02,2021-11-14T08:00:00Z,-2.344924
p02,2021-11-14T09:00:00Z,-2.457212
p02,2021-11-14T10:00:00Z,-2.445936
p02,2021-11-14T11:00:00Z,-2.081645
p02,2021-11-14T12:00:00Z,-2.963774
p02,2021-11-14T13:00:00Z,-2.183150
p02,2021-11-14T14:00:00Z,-4.048158
p02,2021-11-14T15:00:00Z,-3.897880
p02,2021-11-14T16:00:00Z,-4.985947
p02,2021-11-14T17:00:00Z,-5.999707
p02,2021-11-14T18:00:00Z,-7.182503
p02,2021-11-14T19:00:00Z,-6.754965
p02,2021-11-14T20:00:00Z,-7.513387
p02,2021-11-14T21:00:00Z,-7.277103
p02,2021-11-14T22:00:00Z,-9.309070
p02,2021-11-14T23:00:00Z,-9.192349
p02,2021-11-15T00:00:00Z,-8.110788
p02,2021-11-15T01:00:00Z,-6.228799
p02,2021-11-15T02:00:00Z,-6.761967
p02,2021-11-15T03:00:00Z,-5.961382
p02,2021-11-15T04:00:00Z,-6.111222
p02,2021-11-15T05:00:00Z,-4.147649
p02,2021-11-15T06:00:00Z,-2.985519
p02,2021-11-15T07:00:00Z,-3.297878
p02,2021-11-15T08:00:00Z,-2.145852
p02,2021-11-15T09:00:00Z,-1.412583
p02,2021-11-15T10:00:00Z,-1.695459
p02,2021-11-15T11:00:00Z,-1.795306
p02,2021-11-15T12:00:00Z,-2.732449
p02,2021-11-15T13:00:00Z,-2.624561
p02,2021-11-15T14:00:00Z,-2.846861
p02,2021-11-15T15:00:00Z,-5.000205
p02,2021-11-15T16:00:00Z,-4.983273
p02,2021-11-15T17:00:00Z,-5.178916
p02,2021-11-15T18:00:00Z,-6.108514
p02,2021-11-15T19:00:00Z,-7.505897
p02,2021-11-15T20:00:00Z,-8.510462
p02,2021-11-15T21:00:00Z,-7.502648
p02,2021-11-15T22:00:00Z,-8.334759
p02,2021-11-15T23:00:00Z,-8.004364
p02,2021-11-16T00:00:00Z,-8.976677
p02,2021-11-16T01:00:00Z,-7.399841
p02,2021-11-16T02:00:00Z,-7.860611
p02,2021-11-16T03:00:00Z,-5.839635
p02,2021-11-16T04:00:00Z,-5.125116
p02,2021-11-16T05:00:00Z,-4.551050
p02,2021-11-16T06:00:00Z,-3.745947
p02,2021-11-16T07:00:00Z,-2.673424
p02,2021-11-16T08:00:00Z,-2.794871
p02,2021-11-16T09:00:00Z,-2.676032
p02,2021-11-16T10:00:00Z,-2.271780
p02,2021-11-16T11:00:00Z,-1.435553
p02,2021-11-16T12:00:00Z,-2.827924
p02,2021-11-16T13:00:00Z,-2.253336
p02,2021-11-16T14:00:00Z,-2.963238
p02,2021-11-16T15:00:00Z,-4.743302
p02,2021-11-16T16:00:00Z,-4.027086
p02,2021-11-16T17:00:00Z,-5.278408
p02,2021-11-16T18:00:00Z,-6.089034
p02,2021-11-16T19:00:00Z,-6.345446
p02,2021-11-16T20:00:00Z,-8.297024
p02,2021-11-16T21:00:00Z,-7.614831
p02,2021-11-16T22:00:00Z,-7.748838
p02,2021-11-16T23:00:00Z,-7.091104
p02,2021-11-17T00:00:00Z,-7.892981
p02,2021-11-17T01:00:00Z,-8.026405
p02,2021-11-17T02:00:00Z,-6.971305
p02,2021-11-17T03:00:00Z,-4.618856
p02,2021-11-17T04:00:00Z,-5.325035
p02,2021-11-17T05:00:00Z,-3.816644
p02,2021-11-17T06:00:00Z,-2.817021
p02,2021-11-17T07:00:00Z,-3.041556
p02,2021-11-17T08:00:00Z,-1.992500
p02,2021-11-17T09:00:00Z,-2.660944
p02,2021-11-17T10:00:00Z,-2.031530
p02,2021-11-17T11:00:00Z,-1.315421
p02,2021-11-17T12:00:00Z,-2.583198
p02,2021-11-17T13:00:00Z,-2.154329
p02,2021-11-17T14:00:00Z,-2.636303
p02,2021-11-17T15:00:00Z,-4.312075
p02,2021-11-17T16:00:00Z,-4.933258
p02,2021-11-17T17:00:00Z,-5.542758
p02,2021-11-17T18:00:00Z,-6.174877
p02,2021-11-17T19:00:00Z,-7.437659
p02,2021-11-17T20:00:00Z,-6.753891
p02,2021-11-17T21:00:00Z,-7.684093
p02,2021-11-17T22:00:00Z,-7.389396
p02,2021-11-17T23:00:00Z,-7.132368
p02,2021-11-18T00:00:00Z,-7.393797
p02,2021-11-18T01:00:00Z,-6.741914
p02,2021-11-18T02:00:00Z,-6.492118
p02,2021-11-18T03:00:00Z,-5.539137
p02,2021-11-18T04:00:00Z,-4.208462
p02,2021-11-18T05:00:00Z,-4.276328
p02,2021-11-18T06:00:00Z,-3.948031
p02,2021-11-18T07:00:00Z,-2.533496
p02,2021-11-18T08:00:00Z,-2.535880
p02,2021-11-18T09:00:00Z,-1.448495
p02,2021-11-18T10:00:00Z,-2.028957
p02,2021-11-18T11:00:00Z,-2.201138
p02,2021-11-18T12:00:00Z,-2.452596
p02,2021-11-18T13:00:00Z,-2.429617
p02,2021-11-18T14:00:00Z,-2.939311
p02,2021-11-18T15:00:00Z,-4.089722
p02,2021-11-18T16:00:00Z,-5.182604
p02,2021-11-18T17:00:00Z,-4.246793
p02,2021-11-18T18:00:00Z,-6.031286
p02,2021-11-18T19:00:00Z,-6.818916
p02,2021-11-18T20:00:00Z,-7.255318
p02,2021-11-18T21:00:00Z,-8.227934
p02,2021-11-18T22:00:00Z,-7.562496
p02,2021-11-18T23:00:00Z,-7.562237
p02,2021-11-19T00:00:00Z,-7.190947
p02,2021-11-19T01:00:00Z,-6.426917
p02,2021-11-19T02:00:00Z,-6.166750
p02,2021-11-19T03:00:00Z,-5.647273
p02,2021-11-19T04:00:00Z,-4.645293
p02,2021-11-19T05:00:00Z,-3.909204
p02,2021-11-19T06:00:00Z,-3.786587
p02,2021-11-19T07:00:00Z,-3.335256
p02,2021-11-19T08:00:00Z,-2.043079
p02,2021-11-19T09:00:00Z,-1.429800
p02,2021-11-19T10:00:00Z,-2.402628
p02,2021-11-19T11:00:00Z,-2.424637
p02,2021-11-19T12:00:00Z,-3.203760
p02,2021-11-19T13:00:00Z,-2.876661
p02,2021-11-19T14:00:00Z,-3.665516
p02,2021-11-19T15:00:00Z,-3.319347
p02,2021-11-19T16:00:00Z,-4.764212
p02,2021-11-19T17:00:00Z,-5.301292
p02,2021-11-19T18:00:00Z,-5.513073
p02,2021-11-19T19:00:00Z,-6.548894
p02,2021-11-19T20:00:00Z,-7.132042
p02,2021-11-19T21:00:00Z,-6.992140
p02,2021-11-19T22:00:00Z,-8.160196
p02,2021-11-19T23:00:00Z,-8.214185
p02,2021-11-20T00:00:00Z,-7.129662
p02,2021-11-20T01:00:00Z,-6.717787
p02,2021-11-20T02:00:00Z,-6.304158
p02,2021-11-20T03:00:00Z,-5.893556
p02,2021-11-20T04:00:00Z,-4.634356
p02,2021-11-20T05:00:00Z,-4.172022
p02,2021-11-20T06:00:00Z,-3.117503
p02,2021-11-20T07:00:00Z,-2.131686
p02,2021-11-20T08:00:00Z,-2.067506
p02,2021-11-20T09:00:00Z,-1.870210
p02,2021-11-20T10:00:00Z,-1.833777
p02,2021-11-20T11:00:00Z,-2.500940
p02,2021-11-20T12:00:00Z,-1.720039
p02,2021-11-20T13:00:00Z,-1.866925
p02,2021-11-20T14:00:00Z,-2.440794
p02,2021-11-20T15:00:00Z,-2.278323
p02,2021-11-20T16:00:00Z,-4.577102
p02,2021-11-20T17:00:00Z,-3.825761
p02,2021-11-20T18:00:00Z,-5.765917
p02,2021-11-20T19:00:00Z,-6.633135
p02,2021-11-20T20:00:00Z,-7.576637
p02,2021-11-20T21:00:00Z,-8.086293
p02,2021-11-20T22:00:00Z,-7.231553
p02,2021-11-20T23:00:00Z,-6.956180
p02,2021-11-21T00:00:00Z,-7.408507
p02,2021-11-21T01:00:00Z,-6.384422
p02,2021-11-21T02:00:00Z,-6.549748
p02,2021-11-21T03:00:00Z,-5.009195
p02,2021-11-21T04:00:00Z,-4.010844
p02,2021-11-21T05:00:00Z,-4.302535
p02,2021-11-21T06:00:00Z,-3.505636
p02,2021-11-21T07:00:00Z,-2.803723
p02,2021-11-21T08:00:00Z,-2.197460
p02,2021-11-21T09:00:00Z,-1.465057
p02,2021-11-21T10:00:00Z,-1.650622
p02,2021-11-21T11:00:00Z,-2.001597
p02,2021-11-21T12:00:00Z,-2.360002
p02,2021-11-21T13:00:00Z,-1.850890
p02,2021-11-21T14:00:00Z,-2.946027
p02,2021-11-21T15:00:00Z,-3.964625
p02,2021-11-21T16:00:00Z,-3.759736
p02,2021-11-21T17:00:00Z,-4.664218
p02,2021-11-21T18:00:00Z,-5.722686
p02,2021-11-21T19:00:00Z,-6.489963
p02,2021-11-21T20:00:00Z,-6.680196
p02,2021-11-21T21:00:00Z,-7.376431
p02,2021-11-21T22:00:00Z,-7.162718
p02,2021-11-21T23:00:00Z,-7.807084
p02,2021-11-22T00:00:00Z,-8.218251
p02,2021-11-22T01:00:00Z,-6.933304
p02,2021-11-22T02:00:00Z,-5.471007
p02,2021-11-22T03:00:00Z,-4.554913
p02,2021-11-22T04:00:00Z,-5.180163
p02,2021-11-22T05:00:00Z,-3.974544
p02,2021-11-22T06:00:00Z,-2.464737
p02,2021-11-22T07:00:00Z,-3.267479
p02,2021-11-22T08:00:00Z,-2.468715
p02,2021-11-22T09:00:00Z,-1.726663
p02,2021-11-22T10:00:00Z,-1.532114
p02,2021-11-22T11:00:00Z,-1.596381
p02,2021-11-22T12:00:00Z,-2.009434
p02,2021-11-22T13:00:00Z,-2.726032
p02,2021-11-22T14:00:00Z,-3.730666
p02,2021-11-22T15:00:00Z,-4.318344
p02,2021-11-22T16:00:00Z,-4.099492
p02,2021-11-22T17:00:00Z,-6.111797
p02,2021-11-22T18:00:00Z,-5.878023
p02,2021-11-22T19:00:00Z,-6.284547
p02,2021-11-22T20:00:00Z,-6.572136
p02,2021-11-22T21:00:00Z,-6.605472
p02,2021-11-22T22:00:00Z,-6.556301
p02,2021-11-22T23:00:00Z,-6.997020
p02,2021-11-23T00:00:00Z,-5.627518
p02,2021-11-23T01:00:00Z,-6.564743
p02,2021-11-23T02:00:00Z,-6.110820
p02,2021-11-23T03:00:00Z,-4.769284
p02,2021-11-23T04:00:00Z,-4.587644
p02,2021-11-23T05:00:00Z,-3.211446
p02,2021-11-23T06:00:00Z,-3.677652
p02,2021-11-23T07:00:00Z,-2.292938
p02,2021-11-23T08:00:00Z,-2.161522
p02,2021-11-23T09:00:00Z,-2.233401
p02,2021-11-23T10:00:00Z,-0.504059
p02,2021-11-23T11:00:00Z,-1.377565
p02,2021-11-23T12:00:00Z,-2.945028
p02,2021-11-23T13:00:00Z,-1.434928
p02,2021-11-23T14:00:00Z,-2.843338
p02,2021-11-23T15:00:00Z,-2.797403
p02,2021-11-23T16:00:00Z,-4.446700
p02,2021-11-23T17:00:00Z,-5.618364
p02,2021-11-23T18:00:00Z,-5.990262
p02,2021-11-23T19:00:00Z,-6.092758
p02,2021-11-23T20:00:00Z,-7.169661
p02,2021-11-23T21:00:00Z,-7.408324
p02,2021-11-23T22:00:00Z,-7.325255
p02,2021-11-23T23:00:00Z,-7.606066
p02,2021-11-24T00:00:00Z,-7.283567
p02,2021-11-24T01:00:00Z,-5.407038
p02,2021-11-24T02:00:00Z,-5.914458
p02,2021-11-24T03:00:00Z,-5.418781
p02,2021-11-24T04:00:00Z,-3.772402
p02,2021-11-24T05:00:00Z,-3.145649
p02,2021-11-24T06:00:00Z,-2.870068
p02,2021-11-24T07:00:00Z,-2.240168
p02,2021-11-24T08:00:00Z,-1.756306
p02,2021-11-24T09:00:00Z,-1.021626
p02,2021-11-24T10:00:00Z,-1.790699
p02,2021-11-24T11:00:00Z,-1.921655
p02,2021-11-24T12:00:00Z,-1.382546
p02,2021-11-24T13:00:00Z,-1.891785
p02,2021-11-24T14:00:00Z,-2.377397
p02,2021-11-24T15:00:00Z,-4.093002
p02,2021-11-24T16:00:00Z,-4.469744
p02,2021-11-24T17:00:00Z,-4.884723
p02,2021-11-24T18:00:00Z,-5.763751
p02,2021-11-24T19:00:00Z,-4.941341
p02,2021-11-24T20:00:00Z,-7.197065
p02,2021-11-24T21:00:00Z,-8.474717
p02,2021-11-24T22:00:00Z,-8.098597
p02,2021-11-24T23:00:00Z,-6.354610
p02,2021-11-25T00:00:00Z,-6.422701
p02,2021-11-25T01:00:00Z,-5.899203
p02,2021-11-25T02:00:00Z,-4.638286
p02,2021-11-25T03:00:00Z,-4.821694
p02,2021-11-25T04:00:00Z,-4.477620
p02,2021-11-25T05:00:00Z,-3.521169
p02,2021-11-25T06:00:00Z,-3.089118
p02,2021-11-25T07:00:00Z,-1.524320
p02,2021-11-25T08:00:00Z,-1.817086
p02,2021-11-25T09:00:00Z,-2.063521
p02,2021-11-25T10:00:00Z,-0.653527
p02,2021-11-25T11:00:00Z,-2.330996
p02,2021-11-25T12:00:00Z,-1.126998
p02,2021-11-25T13:00:00Z,-1.710253
p02,2021-11-25T14:00:00Z,-1.961437
p02,2021-11-25T15:00:00Z,-3.836676
p02,2021-11-25T16:00:00Z,-3.132759
p02,2021-11-25T17:00:00Z,-4.471464
p02,2021-11-25T18:00:00Z,-5.638850
p02,2021-11-25T19:00:00Z,-7.155574
p02,2021-11-25T20:00:00Z,-6.807190
p02,2021-11-25T21:00:00Z,-7.177305
p02,2021-11-25T22:00:00Z,-7.057558
p02,2021-11-25T23:00:00Z,-7.149913
p02,2021-11-26T00:00:00Z,-6.480726
p02,2021-11-26T01:00:00Z,-6.409607
p02,2021-11-26T02:00:00Z,-6.266300
p02,2021-11-26T03:00:00Z,-5.750748
p02,2021-11-26T04:00:00Z,-4.858361
p02,2021-11-26T05:00:00Z,-3.109137
p02,2021-11-26T06:00:00Z,-2.991002
p02,2021-11-26T07:00:00Z,-2.118367
p02,2021-11-26T08:00:00Z,-1.335718
p02,2021-11-26T09:00:00Z,-1.371156
p02,2021-11-26T10:00:00Z,-0.696143
p02,2021-11-26T11:00:00Z,-1.724003
p02,2021-11-26T12:00:00Z,-1.303138
p02,2021-11-26T13:00:00Z,-1.967517
p02,2021-11-26T14:00:00Z,-2.841097
p02,2021-11-26T15:00:00Z,-3.527203
p02,2021-11-26T16:00:00Z,-2.849005
p02,2021-11-26T17:00:00Z,-5.141138
p02,2021-11-26T18:00:00Z,-5.953000
p02,2021-11-26T19:00:00Z,-5.970177
p02,2021-11-26T20:00:00Z,-6.104397
p02,2021-11-26T21:00:00Z,-7.203809
p02,2021-11-26T22:00:00Z,-7.077385
p02,2021-11-26T23:00:00Z,-6.782007
p02,2021-11-27T00:00:00Z,-6.263304
p02,2021-11-27T01:00:00Z,-7.619562
p02,2021-11-27T02:00:00Z,-5.295483
p02,2021-11-27T03:00:00Z,-3.955348
p02,2021-11-27T04:00:00Z,-4.062776
p02,2021-11-27T05:00:00Z,-3.676198
p02,2021-11-27T06:00:00Z,-2.148755
p02,2021-11-27T07:00:00Z,-2.202668
p02,2021-11-27T08:00:00Z,-1.688386
p02,2021-11-27T09:00:00Z,-1.516328
p02,2021-11-27T10:00:00Z,-1.029409
p02,2021-11-27T11:00:00Z,-1.478856
p02,2021-11-27T12:00:00Z,-1.699872
p02,2021-11-27T13:00:00Z,-2.661400
p02,2021-11-27T14:00:00Z,-2.681199
p02,2021-11-27T15:00:00Z,-2.848225
p02,2021-11-27T16:00:00Z,-4.182398
p02,2021-11-27T17:00:00Z,-4.555699
p02,2021-11-27T18:00:00Z,-5.704796
p02,2021-11-27T19:00:00Z,-6.840109
p02,2021-11-27T20:00:00Z,-6.081244
p02,2021-11-27T21:00:00Z,-7.590655
p02,2021-11-27T22:00:00Z,-7.320374
p02,2021-11-27T23:00:00Z,-5.917786
p02,2021-11-28T00:00:00Z,-6.112152
p02,2021-11-28T01:00:00Z,-6.032556
p02,2021-11-28T02:00:00Z,-5.660342
p02,2021-11-28T03:00:00Z,-4.204307
p02,2021-11-28T04:00:00Z,-4.538725
p02,2021-11-28T05:00:00Z,-3.601275
p02,2021-11-28T06:00:00Z,-3.438137
p02,2021-11-28T07:00:00Z,-2.579744
p02,2021-11-28T08:00:00Z,-1.395381
p02,2021-11-28T09:00:00Z,-1.467394
p02,2021-11-28T10:00:00Z,-0.498918
p02,2021-11-28T11:00:00Z,-0.881328
p02,2021-11-28T12:00:00Z,-1.943109
p02,2021-11-28T13:00:00Z,-2.045501
p02,2021-11-28T14:00:00Z,-3.574397
p02,2021-11-28T15:00:00Z,-3.314377
p02,2021-11-28T16:00:00Z,-3.620981
p02,2021-11-28T17:00:00Z,-4.247169
p02,2021-11-28T18:00:00Z,-5.512037
p02,2021-11-28T19:00:00Z,-5.836310
p02,2021-11-28T20:00:00Z,-7.790488
p02,2021-11-28T21:00:00Z,-7.154464
p02,2021-11-28T22:00:00Z,-7.598617
p02,2021-11-28T23:00:00Z,-6.071628
p02,2021-11-29T00:00:00Z,-6.511151
p02,2021-11-29T01:00:00Z,-6.226489
p02,2021-11-29T02:00:00Z,-5.152889
p02,2021-11-29T03:00:00Z,-5.088771
p02,2021-11-29T04:00:00Z,-3.906150
p02,2021-11-29T05:00:00Z,-2.744256
p02,2021-11-29T06:00:00Z,-2.697760
p02,2021-11-29T07:00:00Z,-1.906476
p02,2021-11-29T08:00:00Z,-2.114671
p02,2021-11-29T09:00:00Z,-0.657912
p02,2021-11-29T10:00:00Z,-0.309848
p02,2021-11-29T11:00:00Z,-0.984895
p02,2021-11-29T12:00:00Z,-1.994303
p02,2021-11-29T13:00:00Z,-2.177102
p02,2021-11-29T14:00:00Z,-2.419914
p02,2021-11-29T15:00:00Z,-3.951038
p02,2021-11-29T16:00:00Z,-3.669883
p02,2021-11-29T17:00:00Z,-4.210655
p02,2021-11-29T18:00:00Z,-5.192348
p02,2021-11-29T19:00:00Z,-6.173886
p02,2021-11-29T20:00:00Z,-5.884919
p02,2021-11-29T21:00:00Z,-7.227919
p02,2021-11-29T22:00:00Z,-6.397632
p02,2021-11-29T23:00:00Z,-6.566219
p02,2021-11-30T00:00:00Z,-6.086775
p02,2021-11-30T01:00:00Z,-6.119207
p02,2021-11-30T02:00:00Z,-5.013513
p02,2021-11-30T03:00:00Z,-4.436515
p02,2021-11-30T04:00:00Z,-3.470213
p02,2021-11-30T05:00:00Z,-2.888947
p02,2021-11-30T06:00:00Z,-2.899910
p02,2021-11-30T07:00:00Z,-2.485856
p02,2021-11-30T08:00:00Z,-1.820850
p02,2021-11-30T09:00:00Z,-0.489355
p02,2021-11-30T10:00:00Z,-1.926850
p02,2021-11-30T11:00:00Z,-0.854962
p02,2021-11-30T12:00:00Z,-1.554646
p02,2021-11-30T13:00:00Z,-2.382326
p02,2021-11-30T14:00:00Z,-2.686199
p02,2021-11-30T15:00:00Z,-2.772180
p02,2021-11-30T16:00:00Z,-3.749257
p02,2021-11-30T17:00:00Z,-4.907798
p02,2021-11-30T18:00:00Z,-4.691751
p02,2021-11-30T19:00:00Z,-6.343244
p02,2021-11-30T20:00:00Z,-7.063267
p02,2021-11-30T21:00:00Z,-6.432441
p02,2021-11-30T22:00:00Z,-6.699818
p02,2021-11-30T23:00:00Z,-6.190874
p02,2021-12-01T00:00:00Z,-6.115816
p02,2021-12-01T01:00:00Z,-6.409027
p02,2021-12-01T02:00:00Z,-5.388914
p02,2021-12-01T03:00:00Z,-4.903427
p02,2021-12-01T04:00:00Z,-4.092059
p02,2021-12-01T05:00:00Z,-2.612626
p02,2021-12-01T06:00:00Z,-2.744375
p02,2021-12-01T07:00:00Z,-1.291432
p02,2021-12-01T08:00:00Z,-1.578436
p02,2021-12-01T09:00:00Z,-0.858350
p02,2021-12-01T10:00:00Z,-1.214847
p02,2021-12-01T11:00:00Z,-1.468929
p02,2021-12-01T12:00:00Z,-1.542999
p02,2021-12-01T13:00:00Z,-1.610653
p02,2021-12-01T14:00:00Z,-2.226012
p02,2021-12-01T15:00:00Z,-2.608908
p02,2021-12-01T16:00:00Z,-3.928655
p02,2021-12-01T17:00:00Z,-5.237725
p02,2021-12-01T18:00:00Z,-5.958010
p02,2021-12-01T19:00:00Z,-6.873479
p02,2021-12-01T20:00:00Z,-6.332693
p02,2021-12-01T21:00:00Z,-6.076973
p02,2021-12-01T22:00:00Z,-6.680323
p02,2021-12-01T23:00:00Z,-6.076571
p02,2021-12-02T00:00:00Z,-5.609521
p02,2021-12-02T01:00:00Z,-5.798769
p02,2021-12-02T02:00:00Z,-5.160594
p02,2021-12-02T03:00:00Z,-4.230988
p02,2021-12-02T04:00:00Z,-3.740134
p02,2021-12-02T05:00:00Z,-3.634434
p02,2021-12-02T06:00:00Z,-1.376815
p02,2021-12-02T07:00:00Z,-2.300292
p02,2021-12-02T08:00:00Z,-0.994121
p02,2021-12-02T09:00:00Z,-1.036101
p02,2021-12-02T10:00:00Z,-1.146896
p02,2021-12-02T11:00:00Z,-1.244656
p02,2021-12-02T12:00:00Z,-1.008539
p02,2021-12-02T13:00:00Z,-2.320220
p02,2021-12-02T14:00:00Z,-1.776099
p02,2021-12-02T15:00:00Z,-2.758815
p02,2021-12-02T16:00:00Z,-3.457122
p02,2021-12-02T17:00:00Z,-4.957475
p02,2021-12-02T18:00:00Z,-5.707315
p02,2021-12-02T19:00:00Z,-5.332912
p02,2021-12-02T20:00:00Z,-6.499536
p02,2021-12-02T21:00:00Z,-6.359426
p02,2021-12-02T22:00:00Z,-6.638101
p02,2021-12-02T23:00:00Z,-7.104108
p02,2021-12-03T00:00:00Z,-6.024223
p02,2021-12-03T01:00:00Z,-5.483496
p02,2021-12-03T02:00:00Z,-5.704312
p02,2021-12-03T03:00:00Z,-4.846157
p02,2021-12-03T04:00:00Z,-3.242691
p02,2021-12-03T05:00:00Z,-2.833915
p02,2021-12-03T06:00:00Z,-1.836921
p02,2021-12-03T07:00:00Z,-0.831686
p02,2021-12-03T08:00:00Z,-1.681139
p02,2021-12-03T09:00:00Z,-0.985698
p02,2021-12-03T10:00:00Z,-1.641083
p02,2021-12-03T11:00:00Z,-0.399334
p02,2021-12-03T12:00:00Z,-0.709566
p02,2021-12-03T13:00:00Z,-1.689498
p02,2021-12-03T14:00:00Z,-2.681954
p02,2021-12-03T15:00:00Z,-2.904872
p02,2021-12-03T16:00:00Z,-3.681008
p02,2021-12-03T17:00:00Z,-3.653834
p02,2021-12-03T18:00:00Z,-5.527032
p02,2021-12-03T19:00:00Z,-5.573402
p02,2021-12-03T20:00:00Z,-6.090397
p02,2021-12-03T21:00:00Z,-6.693046
p02,2021-12-03T22:00:00Z,-6.025684
p02,2021-12-03T23:00:00Z,-6.779275
p02,2021-12-04T00:00:00Z,-5.428008
p02,2021-12-04T01:00:00Z,-5.203535
p02,2021-12-04T02:00:00Z,-5.192383
p02,2021-12-04T03:00:00Z,-4.325358
p02,2021-12-04T04:00:00Z,-3.533805
p02,2021-12-04T05:00:00Z,-2.880781
p02,2021-12-04T06:00:00Z,-2.702550
p02,2021-12-04T07:00:00Z,-0.314521
p02,2021-12-04T08:00:00Z,-0.990124
p02,2021-12-04T09:00:00Z,-0.899481
p02,2021-12-04T10:00:00Z,0.144225
p02,2021-12-04T11:00:00Z,-1.020531
p02,2021-12-04T12:00:00Z,-0.821859
p02,2021-12-04T13:00:00Z,-1.239777
p02,2021-12-04T14:00:00Z,-1.811600
p02,2021-12-04T15:00:00Z,-2.727631
p02,2021-12-04T16:00:00Z,-3.326580
p02,2021-12-04T17:00:00Z,-3.196481
p02,2021-12-04T18:00:00Z,-3.763498
p02,2021-12-04T19:00:00Z,-6.120272
p02,2021-12-04T20:00:00Z,-6.233566
p02,2021-12-04T21:00:00Z,-6.421132
p02,2021-12-04T22:00:00Z,-6.594113
p02,2021-12-04T23:00:00Z,-5.930269
p02,2021-12-05T00:00:00Z,-5.513143
p02,2021-12-05T01:00:00Z,-5.347447
p02,2021-12-05T02:00:00Z,-5.906433
p02,2021-12-05T03:00:00Z,-4.747728
p02,2021-12-05T04:00:00Z,-2.906265
p02,2021-12-05T05:00:00Z,-2.896499
p02,2021-12-05T06:00:00Z,-1.108993
p02,2021-12-05T07:00:00Z,-0.840864
p02,2021-12-05T08:00:00Z,-1.486118
p02,2021-12-05T09:00:00Z,-1.464403
p02,2021-12-05T10:00:00Z,-1.751644
p02,2021-12-05T11:00:00Z,-0.252573
p02,2021-12-05T12:00:00Z,-0.607368
p02,2021-12-05T13:00:00Z,-1.030224
p02,2021-12-05T14:00:00Z,-1.801862
p02,2021-12-05T15:00:00Z,-3.286836
p02,2021-12-05T16:00:00Z,-4.043819
p02,2021-12-05T17:00:00Z,-4.961280
p02,2021-12-05T18:00:00Z,-4.768708
p02,2021-12-05T19:00:00Z,-5.723005
p02,2021-12-05T20:00:00Z,-5.058163
p02,2021-12-05T21:00:00Z,-6.822207
p02,2021-12-05T22:00:00Z,-6.541901
p02,2021-12-05T23:00:00Z,-5.763912
p02,2021-12-06T00:00:00Z,-5.918284
p02,2021-12-06T01:00:00Z,-5.543892
p02,2021-12-06T02:00:00Z,-4.603224
p02,2021-12-06T03:00:00Z,-4.083504
p02,2021-12-06T04:00:00Z,-3.225795
p02,2021-12-06T05:00:00Z,-2.406157
p02,2021-12-06T06:00:00Z,-1.087162
p02,2021-12-06T07:00:00Z,-1.783806
p02,2021-12-06T08:00:00Z,-1.226975
p02,2021-12-06T09:00:00Z,-0.384240
p02,2021-12-06T10:00:00Z,-0.891265
p02,2021-12-06T11:00:00Z,-0.294770
p02,2021-12-06T12:00:00Z,-0.471344
p02,2021-12-06T13:00:00Z,-0.681778
p02,2021-12-06T14:00:00Z,-1.891713
p02,2021-12-06T15:00:00Z,-1.499269
p02,2021-12-06T16:00:00Z,-2.512436
p02,2021-12-06T17:00:00Z,-4.484582
p02,2021-12-06T18:00:00Z,-4.686552
p02,2021-12-06T19:00:00Z,-4.388813
p02,2021-12-06T20:00:00Z,-5.900739
p02,2021-12-06T21:00:00Z,-6.211576
p02,2021-12-06T22:00:00Z,-6.536183
p02,2021-12-06T23:00:00Z,-5.812427
p02,2021-12-07T00:00:00Z,-6.484876
p02,2021-12-07T01:00:00Z,-4.755084
p02,2021-12-07T02:00:00Z,-4.954888
p02,2021-12-07T03:00:00Z,-3.822986
p02,2021-12-07T04:00:00Z,-3.470822
p02,2021-12-07T05:00:00Z,-3.638326
p02,2021-12-07T06:00:00Z,-1.257622
p02,2021-12-07T07:00:00Z,-0.433227
p02,2021-12-07T08:00:00Z,0.085032
p02,2021-12-07T09:00:00Z,-0.091132
p02,2021-12-07T10:00:00Z,0.247525
p02,2021-12-07T11:00:00Z,0.074489
p02,2021-12-07T12:00:00Z,-0.724468
p02,2021-12-07T13:00:00Z,-0.323501
p02,2021-12-07T14:00:00Z,-2.208424
p02,2021-12-07T15:00:00Z,-2.116581
p02,2021-12-07T16:00:00Z,-3.816420
p02,2021-12-07T17:00:00Z,-3.480322
p02,2021-12-07T18:00:00Z,-4.252541
p02,2021-12-07T19:00:00Z,-4.646883
p02,2021-12-07T20:00:00Z,-5.705336
p02,2021-12-07T21:00:00Z,-5.548183
p02,2021-12-07T22:00:00Z,-5.317301
p02,2021-12-07T23:00:00Z,-6.834315
p02,2021-12-08T00:00:00Z,-6.156109
p02,2021-12-08T01:00:00Z,-5.703795
p02,2021-12-08T02:00:00Z,-4.918801
p02,2021-12-08T03:00:00Z,-3.413599
p02,2021-12-08T04:00:00Z,-3.148613
p02,2021-12-08T05:00:00Z,-2.544126
p02,2021-12-08T06:00:00Z,-2.155922
p02,2021-12-08T07:00:00Z,-1.025364
p02,2021-12-08T08:00:00Z,0.243058
p02,2021-12-08T09:00:00Z,0.093534
p02,2021-12-08T10:00:00Z,0.234250
p02,2021-12-08T11:00:00Z,-0.151642
p02,2021-12-08T12:00:00Z,0.212422
p02,2021-12-08T13:00:00Z,-0.768884
p02,2021-12-08T14:00:00Z,-1.336167
p02,2021-12-08T15:00:00Z,-2.050096
p02,2021-12-08T16:00:00Z,-2.023761
p02,2021-12-08T17:00:00Z,-4.420878
p02,2021-12-08T18:00:00Z,-4.071835
p02,2021-12-08T19:00:00Z,-5.609147
p02,2021-12-08T20:00:00Z,-5.260908
p02,2021-12-08T21:00:00Z,-5.560134
p02,2021-12-08T22:00:00Z,-5.168151
p02,2021-12-08T23:00:00Z,-5.852377
p02,2021-12-09T00:00:00Z,-5.198608
p02,2021-12-09T01:00:00Z,-3.974831
p02,2021-12-09T02:00:00Z,-3.854359
p02,2021-12-09T03:00:00Z,-3.300617
p02,2021-12-09T04:00:00Z,-2.543349
p02,2021-12-09T05:00:00Z,-1.669347
p02,2021-12-09T06:00:00Z,-1.660442
p02,2021-12-09T07:00:00Z,-1.189531
p02,2021-12-09T08:00:00Z,-0.288334
p02,2021-12-09T09:00:00Z,0.190570
p02,2021-12-09T10:00:00Z,-0.037469
p02,2021-12-09T11:00:00Z,-0.443066
p02,2021-12-09T12:00:00Z,-0.537934
p02,2021-12-09T13:00:00Z,-1.007109
p02,2021-12-09T14:00:00Z,-1.324162
p02,2021-12-09T15:00:00Z,-1.789255
p02,2021-12-09T16:00:00Z,-3.423919
p02,2021-12-09T17:00:00Z,-2.526305
p02,2021-12-09T18:00:00Z,-4.282002
p02,2021-12-09T19:00:00Z,-4.877196
p02,2021-12-09T20:00:00Z,-4.621956
p02,2021-12-09T21:00:00Z,-5.563750
p02,2021-12-09T22:00:00Z,-5.294653
p02,2021-12-09T23:00:00Z,-5.312321
p02,2021-12-10T00:00:00Z,-5.134816
p02,2021-12-10T01:00:00Z,-4.978518
p02,2021-12-10T02:00:00Z,-4.497861
p02,2021-12-10T03:00:00Z,-3.444707
p02,2021-12-10T04:00:00Z,-3.268397
p02,2021-12-10T05:00:00Z,-2.265858
p02,2021-12-10T06:00:00Z,-0.994954
p02,2021-12-10T07:00:00Z,-0.904008
p02,2021-12-10T08:00:00Z,0.132455
p02,2021-12-10T09:00:00Z,-0.373307
p02,2021-12-10T10:00:00Z,0.752299
p02,2021-12-10T11:00:00Z,-0.454460
p02,2021-12-10T12:00:00Z,0.210474
p02,2021-12-10T13:00:00Z,-0.274535
p02,2021-12-10T14:00:00Z,-1.684370
p02,2021-12-10T15:00:00Z,-2.369202
p02,2021-12-10T16:00:00Z,-2.635549
p02,2021-12-10T17:00:00Z,-3.395598
p02,2021-12-10T18:00:00Z,-3.806168
p02,2021-12-10T19:00:00Z,-4.621124
p02,2021-12-10T20:00:00Z,-5.742082
p02,2021-12-10T21:00:00Z,-5.902183
p02,2021-12-10T22:00:00Z,-6.455171
p02,2021-12-10T23:00:00Z,-4.448473
p02,2021-12-11T00:00:00Z,-5.336825
p02,2021-12-11T01:00:00Z,-5.567299
p02,2021-12-11T02:00:00Z,-3.920575
p02,2021-12-11T03:00:00Z,-4.027023
p02,2021-12-11T04:00:00Z,-2.127279
p02,2021-12-11T05:00:00Z,-2.622912
p02,2021-12-11T06:00:00Z,-1.189139
p02,2021-12-11T07:00:00Z,0.102266
p02,2021-12-11T08:00:00Z,0.338979
p02,2021-12-11T09:00:00Z,0.251351
p02,2021-12-11T10:00:00Z,-0.809699
p02,2021-12-11T11:00:00Z,-0.642910
p02,2021-12-11T12:00:00Z,-0.896921
p02,2021-12-11T13:00:00Z,-1.087650
p02,2021-12-11T14:00:00Z,-1.417767
p02,2021-12-11T15:00:00Z,-1.174562
p02,2021-12-11T16:00:00Z,-2.789086
p02,2021-12-11T17:00:00Z,-3.135853
p02,2021-12-11T18:00:00Z,-4.350839
p02,2021-12-11T19:00:00Z,-4.887823
p02,2021-12-11T20:00:00Z,-5.161197
p02,2021-12-11T21:00:00Z,-4.726933
p02,2021-12-11T22:00:00Z,-5.781365
p02,2021-12-11T23:00:00Z,-4.802905
p02,2021-12-12T00:00:00Z,-5.154619
p02,2021-12-12T01:00:00Z,-5.619948
p02,2021-12-12T02:00:00Z,-3.414321
p02,2021-12-12T03:00:00Z,-3.420533
p02,2021-12-12T04:00:00Z,-2.419872
p02,2021-12-12T05:00:00Z,-1.765632
p02,2021-12-12T06:00:00Z,-0.791864
p02,2021-12-12T07:00:00Z,0.849204
p02,2021-12-12T08:00:00Z,-0.244704
p02,2021-12-12T09:00:00Z,0.253828
p02,2021-12-12T10:00:00Z,0.168191
p02,2021-12-12T11:00:00Z,-0.140189
p02,2021-12-12T12:00:00Z,-1.099520
p02,2021-12-12T13:00:00Z,-0.251501
p02,2021-12-12T14:00:00Z,-1.131321
p02,2021-12-12T15:00:00Z,-2.537911
p02,2021-12-12T16:00:00Z,-2.344252
p02,2021-12-12T17:00:00Z,-3.556733
p02,2021-12-12T18:00:00Z,-3.748689
p02,2021-12-12T19:00:00Z,-4.992205
p02,2021-12-12T20:00:00Z,-4.955108
p02,2021-12-12T21:00:00Z,-4.695584
p02,2021-12-12T22:00:00Z,-5.998314
p02,2021-12-12T23:00:00Z,-5.180156
p02,2021-12-13T00:00:00Z,-5.468042
p02,2021-12-13T01:00:00Z,-3.820625
p02,2021-12-13T02:00:00Z,-3.741625
p02,2021-12-13T03:00:00Z,-3.595274
p02,2021-12-13T04:00:00Z,-2.031470
p02,2021-12-13T05:00:00Z,-1.575744
p02,2021-12-13T06:00:00Z,-1.142915
p02,2021-12-13T07:00:00Z,-0.624283
p02,2021-12-13T08:00:00Z,0.295441
p02,2021-12-13T09:00:00Z,1.148463
p02,2021-12-13T10:00:00Z,0.772959
p02,2021-12-13T11:00:00Z,0.654858
p02,2021-12-13T12:00:00Z,0.289532
p02,2021-12-13T13:00:00Z,-0.001741
p02,2021-12-13T14:00:00Z,-1.915459
p02,2021-12-13T15:00:00Z,-1.729313
p02,2021-12-13T16:00:00Z,-3.300270
p02,2021-12-13T17:00:00Z,-3.174966
p02,2021-12-13T18:00:00Z,-4.207248
p02,2021-12-13T19:00:00Z,-5.212847
p02,2021-12-13T20:00:00Z,-4.404625
p02,2021-12-13T21:00:00Z,-4.664436
p02,2021-12-13T22:00:00Z,-5.236963
p02,2021-12-13T23:00:00Z,-5.089585
p02,2021-12-14T00:00:00Z,-4.516471
p02,2021-12-14T01:00:00Z,-4.570791
p02,2021-12-14T02:00:00Z,-4.870376
p02,2021-12-14T03:00:00Z,-3.612710
p02,2021-12-14T04:00:00Z,-0.512275
p02,2021-12-14T05:00:00Z,-1.631751
p02,2021-12-14T06:00:00Z,-1.325320
p02,2021-12-14T07:00:00Z,1.004799
p02,2021-12-14T08:00:00Z,0.023448
p02,2021-12-14T09:00:00Z,-0.119990
p02,2021-12-14T10:00:00Z,0.722895
p02,2021-12-14T11:00:00Z,-0.356056
p02,2021-12-14T12:00:00Z,0.192143
p02,2021-12-14T13:00:00Z,0.578399
p02,2021-12-14T14:00:00Z,-0.905270
p02,2021-12-14T15:00:00Z,-2.034128
p02,2021-12-14T16:00:00Z,-2.478443
p02,2021-12-14T17:00:00Z,-2.974015
p02,2021-12-14T18:00:00Z,-3.404786
p02,2021-12-14T19:00:00Z,-3.878141
p02,2021-12-14T20:00:00Z,-5.222242
p02,2021-12-14T21:00:00Z,-5.475155
p02,2021-12-14T22:00:00Z,-4.723987
p02,2021-12-14T23:00:00Z,-4.425382
p02,2021-12-15T00:00:00Z,-5.250757
p02,2021-12-15T01:00:00Z,-4.987741
p02,2021-12-15T02:00:00Z,-3.171718
p02,2021-12-15T03:00:00Z,-3.027810
p02,2021-12-15T04:00:00Z,-2.118208
p02,2021-12-15T05:00:00Z,-0.996420
p02,2021-12-15T06:00:00Z,-0.802659
p02,2021-12-15T07:00:00Z,-0.995810
p02,2021-12-15T08:00:00Z,0.504305
p02,2021-12-15T09:00:00Z,1.347701
p02,2021-12-15T10:00:00Z,0.612445
p02,2021-12-15T11:00:00Z,0.453751
p02,2021-12-15T12:00:00Z,0.181725
p02,2021-12-15T13:00:00Z,-0.686555
p02,2021-12-15T14:00:00Z,-0.684254
p02,2021-12-15T15:00:00Z,-0.953860
p02,2021-12-15T16:00:00Z,-1.859528
p02,2021-12-15T17:00:00Z,-3.410400
p02,2021-12-15T18:00:00Z,-3.965178
p02,2021-12-15T19:00:00Z,-4.403114
p02,2021-12-15T20:00:00Z,-3.676067
p02,2021-12-15T21:00:00Z,-4.108449
p02,2021-12-15T22:00:00Z,-5.246816
p02,2021-12-15T23:00:00Z,-5.916986
p02,2021-12-16T00:00:00Z,-4.490006
p02,2021-12-16T01:00:00Z,-4.111302
p02,2021-12-16T02:00:00Z,-4.025185
p02,2021-12-16T03:00:00Z,-2.506274
p02,2021-12-16T04:00:00Z,-2.224021
p02,2021-12-16T05:00:00Z,-1.945921
p02,2021-12-16T06:00:00Z,-0.261739
p02,2021-12-16T07:00:00Z,0.547132
p02,2021-12-16T08:00:00Z,1.037668
p02,2021-12-16T09:00:00Z,0.590574
p02,2021-12-16T10:00:00Z,1.305846
p02,2021-12-16T11:00:00Z,1.405199
p02,2021-12-16T12:00:00Z,0.180235
p02,2021-12-16T13:00:00Z,0.352183
p02,2021-12-16T14:00:00Z,-0.335767
p02,2021-12-16T15:00:00Z,-1.063054
p02,2021-12-16T16:00:00Z,-1.821351
p02,2021-12-16T17:00:00Z,-2.866504
p02,2021-12-16T18:00:00Z,-4.705538
p02,2021-12-16T19:00:00Z,-3.994447
p02,2021-12-16T20:00:00Z,-3.990588
p02,2021-12-16T21:00:00Z,-5.833213
p02,2021-12-16T22:00:00Z,-4.754855
p02,2021-12-16T23:00:00Z,-5.011352
p02,2021-12-17T00:00:00Z,-4.633443
p02,2021-12-17T01:00:00Z,-4.347629
p02,2021-12-17T02:00:00Z,-3.517068
p02,2021-12-17T03:00:00Z,-3.497173
p02,2021-12-17T04:00:00Z,-1.547642
p02,2021-12-17T05:00:00Z,-1.118045
p02,2021-12-17T06:00:00Z,-0.283748
p02,2021-12-17T07:00:00Z,0.095954
p02,2021-12-17T08:00:00Z,0.845983
p02,2021-12-17T09:00:00Z,0.954408
p02,2021-12-17T10:00:00Z,0.611771
p02,2021-12-17T11:00:00Z,1.603186
p02,2021-12-17T12:00:00Z,0.587692
p02,2021-12-17T13:00:00Z,0.434223
p02,2021-12-17T14:00:00Z,-0.362949
p02,2021-12-17T15:00:00Z,-0.928186
p02,2021-12-17T16:00:00Z,-2.190390
p02,2021-12-17T17:00:00Z,-3.001751
p02,2021-12-17T18:00:00Z,-3.122381
p02,2021-12-17T19:00:00Z,-3.847952
p02,2021-12-17T20:00:00Z,-4.560394
p02,2021-12-17T21:00:00Z,-4.929471
p02,2021-12-17T22:00:00Z,-4.500894
p02,2021-12-17T23:00:00Z,-5.018271
p02,2021-12-18T00:00:00Z,-3.694751
p02,2021-12-18T01:00:00Z,-3.731895
p02,2021-12-18T02:00:00Z,-3.035736
p02,2021-12-18T03:00:00Z,-1.825149
p02,2021-12-18T04:00:00Z,-1.580468
p02,2021-12-18T05:00:00Z,-0.581010
p02,2021-12-18T06:00:00Z,-0.312685
p02,2021-12-18T07:00:00Z,1.106134
p02,2021-12-18T08:00:00Z,0.429395
p02,2021-12-18T09:00:00Z,0.743234
p02,2021-12-18T10:00:00Z,1.336905
p02,2021-12-18T11:00:00Z,0.613562
p02,2021-12-18T12:00:00Z,1.544816
p02,2021-12-18T13:00:00Z,-0.509550
p02,2021-12-18T14:00:00Z,0.162379
p02,2021-12-18T15:00:00Z,-1.597089
p02,2021-12-18T16:00:00Z,-1.545251
p02,2021-12-18T17:00:00Z,-2.216161
p02,2021-12-18T18:00:00Z,-3.629655
p02,2021-12-18T19:00:00Z,-4.767860
p02,2021-12-18T20:00:00Z,-5.364157
p02,2021-12-18T21:00:00Z,-4.251162
p02,2021-12-18T22:00:00Z,-4.568949
p02,2021-12-18T23:00:00Z,-5.346102
p02,2021-12-19T00:00:00Z,-4.354997
p02,2021-12-19T01:00:00Z,-4.771064
p02,2021-12-19T02:00:00Z,-4.273875
p02,2021-12-19T03:00:00Z,-2.958154
p02,2021-12-19T04:00:00Z,-1.806218
p02,2021-12-19T05:00:00Z,-0.450759
p02,2021-12-19T06:00:00Z,-0.203711
p02,2021-12-19T07:00:00Z,0.867013
p02,2021-12-19T08:00:00Z,0.908874
p02,2021-12-19T09:00:00Z,0.569794
p02,2021-12-19T10:00:00Z,0.808985
p02,2021-12-19T11:00:00Z,0.847209
p02,2021-12-19T12:00:00Z,-0.211233
p02,2021-12-19T13:00:00Z,0.727766
p02,2021-12-19T14:00:00Z,0.338333
p02,2021-12-19T15:00:00Z,-0.649197
p02,2021-12-19T16:00:00Z,-1.086868
p02,2021-12-19T17:00:00Z,-2.567993
p02,2021-12-19T18:00:00Z,-3.564794
p02,2021-12-19T19:00:00Z,-4.111736
p02,2021-12-19T20:00:00Z,-4.081343
p02,2021-12-19T21:00:00Z,-4.074065
p02,2021-12-19T22:00:00Z,-3.890863
p02,2021-12-19T23:00:00Z,-5.002284
p02,2021-12-20T00:00:00Z,-4.045520
p02,2021-12-20T01:00:00Z,-2.999922
p02,2021-12-20T02:00:00Z,-2.509402
p02,2021-12-20T03:00:00Z,-2.565126
p02,2021-12-20T04:00:00Z,-1.174667
p02,2021-12-20T05:00:00Z,-1.300541
p02,2021-12-20T06:00:00Z,0.196111
p02,2021-12-20T07:00:00Z,0.300695
p02,2021-12-20T08:00:00Z,1.712762
p02,2021-12-20T09:00:00Z,1.241909
p02,2021-12-20T10:00:00Z,0.794770
p02,2021-12-20T11:00:00Z,1.570930
p02,2021-12-20T12:00:00Z,1.590138
p02,2021-12-20T13:00:00Z,0.084692
p02,2021-12-20T14:00:00Z,-0.234002
p02,2021-12-20T15:00:00Z,-1.229129
p02,2021-12-20T16:00:00Z,-2.125659
p02,2021-12-20T17:00:00Z,-2.243545
p02,2021-12-20T18:00:00Z,-3.431840
p02,2021-12-20T19:00:00Z,-3.165754
p02,2021-12-20T20:00:00Z,-4.869945
p02,2021-12-20T21:00:00Z,-4.526085
p02,2021-12-20T22:00:00Z,-4.519779
p02,2021-12-20T23:00:00Z,-4.545198
p02,2021-12-21T00:00:00Z,-4.610694
p02,2021-12-21T01:00:00Z,-3.605400
p02,2021-12-21T02:00:00Z,-2.382201
p02,2021-12-21T03:00:00Z,-2.696905
p02,2021-12-21T04:00:00Z,-1.833230
p02,2021-12-21T05:00:00Z,-0.663658
p02,2021-12-21T06:00:00Z,-0.813529
p02,2021-12-21T07:00:00Z,-0.787918
p02,2021-12-21T08:00:00Z,1.155041
p02,2021-12-21T09:00:00Z,1.961902
p02,2021-12-21T10:00:00Z,1.131029
p02,2021-12-21T11:00:00Z,1.031854
p02,2021-12-21T12:00:00Z,0.969667
p02,2021-12-21T13:00:00Z,0.875123
p02,2021-12-21T14:00:00Z,0.782117
p02,2021-12-21T15:00:00Z,-0.626966
p02,2021-12-21T16:00:00Z,-1.322670
p02,2021-12-21T17:00:00Z,-1.977808
p02,2021-12-21T18:00:00Z,-2.908792
p02,2021-12-21T19:00:00Z,-2.710014
p02,2021-12-21T20:00:00Z,-4.918490
p02,2021-12-21T21:00:00Z,-4.024557
p02,2021-12-21T22:00:00Z,-4.417259
p02,2021-12-21T23:00:00Z,-4.472019
p02,2021-12-22T00:00:00Z,-4.317563
p02,2021-12-22T01:00:00Z,-4.035352
p02,2021-12-22T02:00:00Z,-2.602635
p02,2021-12-22T03:00:00Z,-1.775788
p02,2021-12-22T04:00:00Z,-2.003975
p02,2021-12-22T05:00:00Z,-0.325165
p02,2021-12-22T06:00:00Z,0.185282
p02,2021-12-22T07:00:00Z,1.503755
p02,2021-12-22T08:00:00Z,0.798919
p02,2021-12-22T09:00:00Z,1.018194
p02,2021-12-22T10:00:00Z,1.424713
p02,2021-12-22T11:00:00Z,1.552315
p02,2021-12-22T12:00:00Z,1.276985
p02,2021-12-22T13:00:00Z,0.793731
p02,2021-12-22T14:00:00Z,0.527709
p02,2021-12-22T15:00:00Z,-0.619774
p02,2021-12-22T16:00:00Z,-0.752137
p02,2021-12-22T17:00:00Z,-2.084027
p02,2021-12-22T18:00:00Z,-3.371788
p02,2021-12-22T19:00:00Z,-3.049666
p02,2021-12-22T20:00:00Z,-4.281088
p02,2021-12-22T21:00:00Z,-3.435402
p02,2021-12-22T22:00:00Z,-4.060448
p02,2021-12-22T23:00:00Z,-5.507804
p02,2021-12-23T00:00:00Z,-4.788000
p02,2021-12-23T01:00:00Z,-3.299020
p02,2021-12-23T02:00:00Z,-3.375754
p02,2021-12-23T03:00:00Z,-1.434839
p02,2021-12-23T04:00:00Z,-1.094297
p02,2021-12-23T05:00:00Z,-1.033447
p02,2021-12-23T06:00:00Z,0.060495
p02,2021-12-23T07:00:00Z,0.711739
p02,2021-12-23T08:00:00Z,1.410996
p02,2021-12-23T09:00:00Z,1.648601
p02,2021-12-23T10:00:00Z,2.288159
p02,2021-12-23T11:00:00Z,1.327860
p02,2021-12-23T12:00:00Z,1.624705
p02,2021-12-23T13:00:00Z,0.947804
p02,2021-12-23T14:00:00Z,-0.704440
p02,2021-12-23T15:00:00Z,-1.052228
p02,2021-12-23T16:00:00Z,-0.778453
p02,2021-12-23T17:00:00Z,-1.929753
p02,2021-12-23T18:00:00Z,-1.678782
p02,2021-12-23T19:00:00Z,-4.455586
p02,2021-12-23T20:00:00Z,-3.425413
p02,2021-12-23T21:00:00Z,-3.730079
p02,2021-12-23T22:00:00Z,-3.708017
p02,2021-12-23T23:00:00Z,-4.916842
p02,2021-12-24T00:00:00Z,-3.672164
p02,2021-12-24T01:00:00Z,-3.211097
p02,2021-12-24T02:00:00Z,-2.018268
p02,2021-12-24T03:00:00Z,-2.338658
p02,2021-12-24T04:00:00Z,-0.920442
p02,2021-12-24T05:00:00Z,-0.407678
p02,2021-12-24T06:00:00Z,0.113140
p02,2021-12-24T07:00:00Z,1.837097
p02,2021-12-24T08:00:00Z,1.097900
p02,2021-12-24T09:00:00Z,2.206692
p02,2021-12-24T10:00:00Z,2.143913
p02,2021-12-24T11:00:00Z,1.588146
p02,2021-12-24T12:00:00Z,2.491328
p02,2021-12-24T13:00:00Z,1.680250
p02,2021-12-24T14:00:00Z,0.773860
p02,2021-12-24T15:00:00Z,-0.846192
p02,2021-12-24T16:00:00Z,-1.242377
p02,2021-12-24T17:00:00Z,-1.817099
p02,2021-12-24T18:00:00Z,-2.479510
p02,2021-12-24T19:00:00Z,-3.302185
p02,2021-12-24T20:00:00Z,-4.735953
p02,2021-12-24T21:00:00Z,-4.242048
p02,2021-12-24T22:00:00Z,-3.631146
p02,2021-12-24T23:00:00Z,-4.583510
p02,2021-12-25T00:00:00Z,-3.266585
p02,2021-12-25T01:00:00Z,-3.291276
p02,2021-12-25T02:00:00Z,-2.984682
p02,2021-12-25T03:00:00Z,-2.309595
p02,2021-12-25T04:00:00Z,-1.137213
p02,2021-12-25T05:00:00Z,-0.534310
p02,2021-12-25T06:00:00Z,1.123262
p02,2021-12-25T07:00:00Z,0.668324
p02,2021-12-25T08:00:00Z,1.376410
p02,2021-12-25T09:00:00Z,1.687202
p02,2021-12-25T10:00:00Z,1.771817
p02,2021-12-25T11:00:00Z,2.205078
p02,2021-12-25T12:00:00Z,1.989823
p02,2021-12-25T13:00:00Z,0.926480
p02,2021-12-25T14:00:00Z,1.440094
p02,2021-12-25T15:00:00Z,0.756175
p02,2021-12-25T16:00:00Z,-0.932503
p02,2021-12-25T17:00:00Z,-1.941816
p02,2021-12-25T18:00:00Z,-2.019623
p02,2021-12-25T19:00:00Z,-3.097426
p02,2021-12-25T20:00:00Z,-4.453330
p02,2021-12-25T21:00:00Z,-3.262327
p02,2021-12-25T22:00:00Z,-4.212465
p02,2021-12-25T23:00:00Z,-3.606483
p02,2021-12-26T00:00:00Z,-3.942385
p02,2021-12-26T01:00:00Z,-2.948701
p02,2021-12-26T02:00:00Z,-2.617273
p02,2021-12-26T03:00:00Z,-2.126547
p02,2021-12-26T04:00:00Z,-1.166083
p02,2021-12-26T05:00:00Z,-0.337077
p02,2021-12-26T06:00:00Z,1.125534
p02,2021-12-26T07:00:00Z,1.174068
p02,2021-12-26T08:00:00Z,2.523497
p02,2021-12-26T09:00:00Z,2.399222
p02,2021-12-26T10:00:00Z,1.790586
p02,2021-12-26T11:00:00Z,2.745455
p02,2021-12-26T12:00:00Z,2.129464
p02,2021-12-26T13:00:00Z,0.687679
p02,2021-12-26T14:00:00Z,0.230407
p02,2021-12-26T15:00:00Z,-0.311021
p02,2021-12-26T16:00:00Z,-0.871587
p02,2021-12-26T17:00:00Z,-1.523880
p02,2021-12-26T18:00:00Z,-1.628372
p02,2021-12-26T19:00:00Z,-2.103253
p02,2021-12-26T20:00:00Z,-3.671661
p02,2021-12-26T21:00:00Z,-3.278602
p02,2021-12-26T22:00:00Z,-4.049882
p02,2021-12-26T23:00:00Z,-4.217374
p02,2021-12-27T00:00:00Z,-3.741132
p02,2021-12-27T01:00:00Z,-2.975640
p02,2021-12-27T02:00:00Z,-2.707644
p02,2021-12-27T03:00:00Z,-1.134896
p02,2021-12-27T04:00:00Z,-0.759758
p02,2021-12-27T05:00:00Z,-0.142716
p02,2021-12-27T06:00:00Z,0.581662
p02,2021-12-27T07:00:00Z,0.746580
p02,2021-12-27T08:00:00Z,1.282307
p02,2021-12-27T09:00:00Z,2.495654
p02,2021-12-27T10:00:00Z,2.467044
p02,2021-12-27T11:00:00Z,2.446508
p02,2021-12-27T12:00:00Z,2.006914
p02,2021-12-27T13:00:00Z,1.111425
p02,2021-12-27T14:00:00Z,0.075731
p02,2021-12-27T15:00:00Z,0.260955
p02,2021-12-27T16:00:00Z,-0.194355
p02,2021-12-27T17:00:00Z,-1.073362
p02,2021-12-27T18:00:00Z,-2.098688
p02,2021-12-27T19:00:00Z,-2.947575
p02,2021-12-27T20:00:00Z,-4.152902
p02,2021-12-27T21:00:00Z,-3.328920
p02,2021-12-27T22:00:00Z,-3.325338
p02,2021-12-27T23:00:00Z,-4.056781
p02,2021-12-28T00:00:00Z,-3.787759
p02,2021-12-28T01:00:00Z,-2.353464
p02,2021-12-28T02:00:00Z,-2.137412
p02,2021-12-28T03:00:00Z,-1.580561
p02,2021-12-28T04:00:00Z,0.002300
p02,2021-12-28T05:00:00Z,0.016001
p02,2021-12-28T06:00:00Z,0.784849
p02,2021-12-28T07:00:00Z,0.983666
p02,2021-12-28T08:00:00Z,2.273180
p02,2021-12-28T09:00:00Z,1.630517
p02,2021-12-28T10:00:00Z,1.699167
p02,2021-12-28T11:00:00Z,1.783398
p02,2021-12-28T12:00:00Z,1.687057
p02,2021-12-28T13:00:00Z,1.349597
p02,2021-12-28T14:00:00Z,0.512410
p02,2021-12-28T15:00:00Z,0.451074
p02,2021-12-28T16:00:00Z,-0.174977
p02,2021-12-28T17:00:00Z,-0.954021
p02,2021-12-28T18:00:00Z,-1.627465
p02,2021-12-28T19:00:00Z,-2.876288
p02,2021-12-28T20:00:00Z,-3.212590
p02,2021-12-28T21:00:00Z,-2.890849
p02,2021-12-28T22:00:00Z,-3.428734
p02,2021-12-28T23:00:00Z,-3.607745
p02,2021-12-29T00:00:00Z,-2.844779
p02,2021-12-29T01:00:00Z,-2.635929
p02,2021-12-29T02:00:00Z,-1.705373
p02,2021-12-29T03:00:00Z,-1.883303
p02,2021-12-29T04:00:00Z,0.041828
p02,2021-12-29T05:00:00Z,0.989050
p02,2021-12-29T06:00:00Z,1.626075
p02,2021-12-29T07:00:00Z,1.748839
p02,2021-12-29T08:00:00Z,1.851939
p02,2021-12-29T09:00:00Z,2.647530
p02,2021-12-29T10:00:00Z,2.590387
p02,2021-12-29T11:00:00Z,1.997862
p02,2021-12-29T12:00:00Z,1.724328
p02,2021-12-29T13:00:00Z,2.083565
p02,2021-12-29T14:00:00Z,2.107934
p02,2021-12-29T15:00:00Z,0.104393
p02,2021-12-29T16:00:00Z,0.273339
p02,2021-12-29T17:00:00Z,-0.826756
p02,2021-12-29T18:00:00Z,-0.854396
p02,2021-12-29T19:00:00Z,-2.568948
p02,2021-12-29T20:00:00Z,-3.212142
p02,2021-12-29T21:00:00Z,-2.674581
p02,2021-12-29T22:00:00Z,-4.500786
p02,2021-12-29T23:00:00Z,-3.200340
p02,2021-12-30T00:00:00Z,-3.553038
p02,2021-12-30T01:00:00Z,-2.438813
p02,2021-12-30T02:00:00Z,-1.289177
p02,2021-12-30T03:00:00Z,-1.723044
p02,2021-12-30T04:00:00Z,-0.386238
p02,2021-12-30T05:00:00Z,0.251610
p02,2021-12-30T06:00:00Z,1.343082
p02,2021-12-30T07:00:00Z,1.912220
p02,2021-12-30T08:00:00Z,2.581738
p02,2021-12-30T09:00:00Z,3.654128
p02,2021-12-30T10:00:00Z,2.541317
p02,2021-12-30T11:00:00Z,3.258567
p02,2021-12-30T12:00:00Z,2.825619
p02,2021-12-30T13:00:00Z,1.258116
p02,2021-12-30T14:00:00Z,1.276843
p02,2021-12-30T15:00:00Z,0.070476
p02,2021-12-30T16:00:00Z,-0.349702
p02,2021-12-30T17:00:00Z,0.132755
p02,2021-12-30T18:00:00Z,-1.332777
p02,2021-12-30T19:00:00Z,-1.984332
p02,2021-12-30T20:00:00Z,-1.845440
p02,2021-12-30T21:00:00Z,-2.981547
p02,2021-12-30T22:00:00Z,-3.311674
p02,2021-12-30T23:00:00Z,-2.921879
p02,2021-12-31T00:00:00Z,-2.224673
p02,2021-12-31T01:00:00Z,-2.582002
p02,2021-12-31T02:00:00Z,-0.855264
p02,2021-12-31T03:00:00Z,-1.811133
p02,2021-12-31T04:00:00Z,-0.856392
p02,2021-12-31T05:00:00Z,0.760960
p02,2021-12-31T06:00:00Z,1.189671
p02,2021-12-31T07:00:00Z,3.074056
p02,2021-12-31T08:00:00Z,2.818666
p02,2021-12-31T09:00:00Z,2.651096
p02,2021-12-31T10:00:00Z,2.652743
p02,2021-12-31T11:00:00Z,3.153382
p02,2021-12-31T12:00:00Z,2.920266
p02,2021-12-31T13:00:00Z,0.945247
p02,2021-12-31T14:00:00Z,2.114919
p02,2021-12-31T15:00:00Z,1.046424
p02,2021-12-31T16:00:00Z,-0.466626
p02,2021-12-31T17:00:00Z,-0.567991
p02,2021-12-31T18:00:00Z,-2.032068
p02,2021-12-31T19:00:00Z,-2.059139
p02,2021-12-31T20:00:00Z,-2.092465
p02,2021-12-31T21:00:00Z,-1.878004
p02,2021-12-31T22:00:00Z,-2.854102
p02,2021-12-31T23:00:00Z,-3.541153
p02,2022-01-01T00:00:00Z,-3.244831
p02,2022-01-01T01:00:00Z,-2.127515
p02,2022-01-01T02:00:00Z,-1.450172
p02,2022-01-01T03:00:00Z,-0.592199
p02,2022-01-01T04:00:00Z,-0.272403
p02,2022-01-01T05:00:00Z,0.466626
p02,2022-01-01T06:00:00Z,1.666000
p02,2022-01-01T07:00:00Z,1.585826
p02,2022-01-01T08:00:00Z,2.146092
p02,2022-01-01T09:00:00Z,2.816264
p02,2022-01-01T10:00:00Z,3.304689
p02,2022-01-01T11:00:00Z,2.105014
p02,2022-01-01T12:00:00Z,2.104329
p02,2022-01-01T13:00:00Z,3.061465
p02,2022-01-01T14:00:00Z,0.964983
p02,2022-01-01T15:00:00Z,1.064454
p02,2022-01-01T16:00:00Z,0.338835
p02,2022-01-01T17:00:00Z,-1.092889
p02,2022-01-01T18:00:00Z,-1.374379
p02,2022-01-01T19:00:00Z,-2.176113
p02,2022-01-01T20:00:00Z,-2.203099
p02,2022-01-01T21:00:00Z,-2.820751
p02,2022-01-01T22:00:00Z,-2.599753
p02,2022-01-01T23:00:00Z,-3.334087
p02,2022-01-02T00:00:00Z,-2.642500
p02,2022-01-02T01:00:00Z,-2.420800
p02,2022-01-02T02:00:00Z,-2.218751
p02,2022-01-02T03:00:00Z,-0.354898
p02,2022-01-02T04:00:00Z,0.848779
p02,2022-01-02T05:00:00Z,-0.001818
p02,2022-01-02T06:00:00Z,2.007885
p02,2022-01-02T07:00:00Z,2.591226
p02,2022-01-02T08:00:00Z,2.947719
p02,2022-01-02T09:00:00Z,2.703462
p02,2022-01-02T10:00:00Z,3.170264
p02,2022-01-02T11:00:00Z,2.145200
p02,2022-01-02T12:00:00Z,2.281485
p02,2022-01-02T13:00:00Z,3.997300
p02,2022-01-02T14:00:00Z,0.473443
p02,2022-01-02T15:00:00Z,0.303343
p02,2022-01-02T16:00:00Z,0.354501
p02,2022-01-02T17:00:00Z,0.101378
p02,2022-01-02T18:00:00Z,-1.077627
p02,2022-01-02T19:00:00Z,-1.761224
p02,2022-01-02T20:00:00Z,-3.202106
p02,2022-01-02T21:00:00Z,-2.425564
p02,2022-01-02T22:00:00Z,-3.417347
p02,2022-01-02T23:00:00Z,-1.470726
p02,2022-01-03T00:00:00Z,-3.354462
p02,2022-01-03T01:00:00Z,-1.860959
p02,2022-01-03T02:00:00Z,-0.012089
p02,2022-01-03T03:00:00Z,-0.685253
p02,2022-01-03T04:00:00Z,-0.024496
p02,2022-01-03T05:00:00Z,0.734853
p02,2022-01-03T06:00:00Z,0.635742
p02,2022-01-03T07:00:00Z,1.628149
p02,2022-01-03T08:00:00Z,3.001396
p02,2022-01-03T09:00:00Z,2.637516
p02,2022-01-03T10:00:00Z,2.519712
p02,2022-01-03T11:00:00Z,3.518719
p02,2022-01-03T12:00:00Z,2.808960
p02,2022-01-03T13:00:00Z,1.556626
p02,2022-01-03T14:00:00Z,1.333394
p02,2022-01-03T15:00:00Z,0.641500
p02,2022-01-03T16:00:00Z,-0.428505
p02,2022-01-03T17:00:00Z,-1.730973
p02,2022-01-03T18:00:00Z,-0.811439
p02,2022-01-03T19:00:00Z,-2.354055
p02,2022-01-03T20:00:00Z,-2.957998
p02,2022-01-03T21:00:00Z,-2.144997
p02,2022-01-03T22:00:00Z,-2.388279
p02,2022-01-03T23:00:00Z,-2.366879
p02,2022-01-04T00:00:00Z,-3.027915
p02,2022-01-04T01:00:00Z,-1.903262
p02,2022-01-04T02:00:00Z,-1.272724
p02,2022-01-04T03:00:00Z,-0.035052
p02,2022-01-04T04:00:00Z,0.104528
p02,2022-01-04T05:00:00Z,-0.093725
p02,2022-01-04T06:00:00Z,2.403003
p02,2022-01-04T07:00:00Z,2.250500
p02,2022-01-04T08:00:00Z,2.402075
p02,2022-01-04T09:00:00Z,2.914971
p02,2022-01-04T10:00:00Z,3.838940
p02,2022-01-04T11:00:00Z,2.837160
p02,2022-01-04T12:00:00Z,2.610579
p02,2022-01-04T13:00:00Z,2.350005
p02,2022-01-04T14:00:00Z,2.053346
p02,2022-01-04T15:00:00Z,1.189310
p02,2022-01-04T16:00:00Z,0.494343
p02,2022-01-04T17:00:00Z,0.066808
p02,2022-01-04T18:00:00Z,-0.429626
p02,2022-01-04T19:00:00Z,-0.874496
p02,2022-01-04T20:00:00Z,-1.904902
p02,2022-01-04T21:00:00Z,-2.203202
p02,2022-01-04T22:00:00Z,-2.019971
p02,2022-01-04T23:00:00Z,-2.713419
p02,2022-01-05T00:00:00Z,-1.935962
p02,2022-01-05T01:00:00Z,-1.791140
p02,2022-01-05T02:00:00Z,-1.236881
p02,2022-01-05T03:00:00Z,-0.186040
p02,2022-01-05T04:00:00Z,0.311099
p02,2022-01-05T05:00:00Z,0.551236
p02,2022-01-05T06:00:00Z,2.075381
p02,2022-01-05T07:00:00Z,3.930453
p02,2022-01-05T08:00:00Z,3.247286
p02,2022-01-05T09:00:00Z,3.092276
p02,2022-01-05T10:00:00Z,3.424841
p02,2022-01-05T11:00:00Z,3.580764
p02,2022-01-05T12:00:00Z,2.836233
p02,2022-01-05T13:00:00Z,2.256177
p02,2022-01-05T14:00:00Z,1.796698
p02,2022-01-05T15:00:00Z,1.602738
p02,2022-01-05T16:00:00Z,1.033109
p02,2022-01-05T17:00:00Z,-0.783040
p02,2022-01-05T18:00:00Z,-0.991130
p02,2022-01-05T19:00:00Z,-1.520992
p02,2022-01-05T20:00:00Z,-2.363416
p02,2022-01-05T21:00:00Z,-2.337517
p02,2022-01-05T22:00:00Z,-3.539902
p02,2022-01-05T23:00:00Z,-2.353960
p02,2022-01-06T00:00:00Z,-2.216549
p02,2022-01-06T01:00:00Z,-1.524009
p02,2022-01-06T02:00:00Z,-0.295349
p02,2022-01-06T03:00:00Z,0.166609
p02,2022-01-06T04:00:00Z,0.178034
p02,2022-01-06T05:00:00Z,1.320373
p02,2022-01-06T06:00:00Z,2.370255
p02,2022-01-06T07:00:00Z,2.576181
p02,2022-01-06T08:00:00Z,3.464937
p02,2022-01-06T09:00:00Z,2.842758
p02,2022-01-06T10:00:00Z,2.808476
p02,2022-01-06T11:00:00Z,3.529268
p02,2022-01-06T12:00:00Z,3.770016
p02,2022-01-06T13:00:00Z,2.385112
p02,2022-01-06T14:00:00Z,2.148885
p02,2022-01-06T15:00:00Z,1.080243
p02,2022-01-06T16:00:00Z,1.936891
p02,2022-01-06T17:00:00Z,0.077091
p02,2022-01-06T18:00:00Z,-1.340422
p02,2022-01-06T19:00:00Z,-1.178709
p02,2022-01-06T20:00:00Z,-2.734478
p02,2022-01-06T21:00:00Z,-2.420441
p02,2022-01-06T22:00:00Z,-2.119442
p02,2022-01-06T23:00:00Z,-2.636698
p02,2022-01-07T00:00:00Z,-1.597503
p02,2022-01-07T01:00:00Z,-1.565000
p02,2022-01-07T02:00:00Z,-1.646344
p02,2022-01-07T03:00:00Z,-0.703539
p02,2022-01-07T04:00:00Z,1.257850
p02,2022-01-07T05:00:00Z,1.314807
p02,2022-01-07T06:00:00Z,2.374847
p02,2022-01-07T07:00:00Z,3.310096
p02,2022-01-07T08:00:00Z,4.649778
p02,2022-01-07T09:00:00Z,3.844781
p02,2022-01-07T10:00:00Z,4.622240
p02,2022-01-07T11:00:00Z,4.250466
p02,2022-01-07T12:00:00Z,4.265536
p02,2022-01-07T13:00:00Z,3.012415
p02,2022-01-07T14:00:00Z,2.353897
p02,2022-01-07T15:00:00Z,1.836927
p02,2022-01-07T16:00:00Z,1.438019
p02,2022-01-07T17:00:00Z,-0.806543
p02,2022-01-07T18:00:00Z,-0.525500
p02,2022-01-07T19:00:00Z,-0.550343
p02,2022-01-07T20:00:00Z,-1.525911
p02,2022-01-07T21:00:00Z,-1.590884
p02,2022-01-07T22:00:00Z,-1.909098
p02,2022-01-07T23:00:00Z,-2.134354
p02,2022-01-08T00:00:00Z,-1.153152
p02,2022-01-08T01:00:00Z,-1.185278
p02,2022-01-08T02:00:00Z,0.106382
p02,2022-01-08T03:00:00Z,0.839774
p02,2022-01-08T04:00:00Z,0.698926
p02,2022-01-08T05:00:00Z,1.080723
p02,2022-01-08T06:00:00Z,3.154974
p02,2022-01-08T07:00:00Z,2.515635
p02,2022-01-08T08:00:00Z,2.181214
p02,2022-01-08T09:00:00Z,3.816369
p02,2022-01-08T10:00:00Z,4.504562
p02,2022-01-08T11:00:00Z,2.860929
p02,2022-01-08T12:00:00Z,4.064637
p02,2022-01-08T13:00:00Z,3.208830
p02,2022-01-08T14:00:00Z,2.153093
p02,2022-01-08T15:00:00Z,0.598923
p02,2022-01-08T16:00:00Z,1.329956
p02,2022-01-08T17:00:00Z,-0.738952
p02,2022-01-08T18:00:00Z,-0.966683
p02,2022-01-08T19:00:00Z,-1.041218
p02,2022-01-08T20:00:00Z,-1.301650
p02,2022-01-08T21:00:00Z,-2.029692
p02,2022-01-08T22:00:00Z,-1.872500
p02,2022-01-08T23:00:00Z,-2.310016
p02,2022-01-09T00:00:00Z,-2.072712
p02,2022-01-09T01:00:00Z,-1.653372
p02,2022-01-09T02:00:00Z,0.131667
p02,2022-01-09T03:00:00Z,0.160047
p02,2022-01-09T04:00:00Z,0.670478
p02,2022-01-09T05:00:00Z,2.477712
p02,2022-01-09T06:00:00Z,2.307547
p02,2022-01-09T07:00:00Z,3.119040
p02,2022-01-09T08:00:00Z,4.456195
p02,2022-01-09T09:00:00Z,3.224167
p02,2022-01-09T10:00:00Z,3.886613
p02,2022-01-09T11:00:00Z,4.700040
p02,2022-01-09T12:00:00Z,3.328822
p02,2022-01-09T13:00:00Z,3.115742
p02,2022-01-09T14:00:00Z,2.687480
p02,2022-01-09T15:00:00Z,0.962002
p02,2022-01-09T16:00:00Z,0.882321
p02,2022-01-09T17:00:00Z,-0.074801
p02,2022-01-09T18:00:00Z,-0.009205
p02,2022-01-09T19:00:00Z,-1.190831
p02,2022-01-09T20:00:00Z,-1.669827
p02,2022-01-09T21:00:00Z,-2.036589
p02,2022-01-09T22:00:00Z,-0.331434
p02,2022-01-09T23:00:00Z,-2.546140
p02,2022-01-10T00:00:00Z,-1.223704
p02,2022-01-10T01:00:00Z,-1.512362
p02,2022-01-10T02:00:00Z,-0.995001
p02,2022-01-10T03:00:00Z,1.352821
p02,2022-01-10T04:00:00Z,0.819544
p02,2022-01-10T05:00:00Z,1.413598
p02,2022-01-10T06:00:00Z,3.007041
p02,2022-01-10T07:00:00Z,2.161521
p02,2022-01-10T08:00:00Z,3.958850
p02,2022-01-10T09:00:00Z,3.526333
p02,2022-01-10T10:00:00Z,3.835786
p02,2022-01-10T11:00:00Z,3.751268
p02,2022-01-10T12:00:00Z,3.999252
p02,2022-01-10T13:00:00Z,3.773810
p02,2022-01-10T14:00:00Z,2.077767
p02,2022-01-10T15:00:00Z,3.092558
p02,2022-01-10T16:00:00Z,0.437106
p02,2022-01-10T17:00:00Z,0.705177
p02,2022-01-10T18:00:00Z,-0.330088
p02,2022-01-10T19:00:00Z,-0.919005
p02,2022-01-10T20:00:00Z,-1.874997
p02,2022-01-10T21:00:00Z,-2.584031
p02,2022-01-10T22:00:00Z,-1.891406
p02,2022-01-10T23:00:00Z,-2.292964
p02,2022-01-11T00:00:00Z,-0.411920
p02,2022-01-11T01:00:00Z,-0.231799
p02,2022-01-11T02:00:00Z,-0.335269
p02,2022-01-11T03:00:00Z,0.152031
p02,2022-01-11T04:00:00Z,0.944254
p02,2022-01-11T05:00:00Z,2.348439
p02,2022-01-11T06:00:00Z,3.460659
p02,2022-01-11T07:00:00Z,2.619100
p02,2022-01-11T08:00:00Z,4.282550
p02,2022-01-11T09:00:00Z,4.029672
p02,2022-01-11T10:00:00Z,3.510550
p02,2022-01-11T11:00:00Z,3.885345
p02,2022-01-11T12:00:00Z,4.032843
p02,2022-01-11T13:00:00Z,3.548301
p02,2022-01-11T14:00:00Z,3.693441
p02,2022-01-11T15:00:00Z,1.604366
p02,2022-01-11T16:00:00Z,1.363412
p02,2022-01-11T17:00:00Z,1.160173
p02,2022-01-11T18:00:00Z,0.422124
p02,2022-01-11T19:00:00Z,-1.069679
p02,2022-01-11T20:00:00Z,-1.986971
p02,2022-01-11T21:00:00Z,-1.473223
p02,2022-01-11T22:00:00Z,-1.415344
p02,2022-01-11T23:00:00Z,-2.545712
p02,2022-01-12T00:00:00Z,-1.632254
p02,2022-01-12T01:00:00Z,-1.247139
p02,2022-01-12T02:00:00Z,-0.458482
p02,2022-01-12T03:00:00Z,0.102790
p02,2022-01-12T04:00:00Z,1.512629
p02,2022-01-12T05:00:00Z,2.141039
p02,2022-01-12T06:00:00Z,2.377276
p02,2022-01-12T07:00:00Z,3.420415
p02,2022-01-12T08:00:00Z,4.187951
p02,2022-01-12T09:00:00Z,5.054901
p02,2022-01-12T10:00:00Z,4.676458
p02,2022-01-12T11:00:00Z,4.289566
p02,2022-01-12T12:00:00Z,3.514251
p02,2022-01-12T13:00:00Z,3.647512
p02,2022-01-12T14:00:00Z,2.714253
p02,2022-01-12T15:00:00Z,2.210636
p02,2022-01-12T16:00:00Z,0.860221
p02,2022-01-12T17:00:00Z,0.412562
p02,2022-01-12T18:00:00Z,-0.115089
p02,2022-01-12T19:00:00Z,-1.340135
p02,2022-01-12T20:00:00Z,-1.213365
p02,2022-01-12T21:00:00Z,-1.150314
p02,2022-01-12T22:00:00Z,-2.012358
p02,2022-01-12T23:00:00Z,-1.597653
p02,2022-01-13T00:00:00Z,-0.414044
p02,2022-01-13T01:00:00Z,-0.130001
p02,2022-01-13T02:00:00Z,0.019555
p02,2022-01-13T03:00:00Z,0.904914
p02,2022-01-13T04:00:00Z,1.241496
p02,2022-01-13T05:00:00Z,2.407370
p02,2022-01-13T06:00:00Z,3.764025
p02,2022-01-13T07:00:00Z,4.166622
p02,2022-01-13T08:00:00Z,4.293873
p02,2022-01-13T09:00:00Z,4.964320
p02,2022-01-13T10:00:00Z,3.620862
p02,2022-01-13T11:00:00Z,3.516449
p02,2022-01-13T12:00:00Z,4.192502
p02,2022-01-13T13:00:00Z,4.058291
p02,2022-01-13T14:00:00Z,3.620186
p02,2022-01-13T15:00:00Z,1.974238
p02,2022-01-13T16:00:00Z,2.185526
p02,2022-01-13T17:00:00Z,1.070709
p02,2022-01-13T18:00:00Z,0.380647
p02,2022-01-13T19:00:00Z,0.003500
p02,2022-01-13T20:00:00Z,-1.608948
p02,2022-01-13T21:00:00Z,-1.001306
p02,2022-01-13T22:00:00Z,-1.958069
p02,2022-01-13T23:00:00Z,-1.727907
p02,2022-01-14T00:00:00Z,-0.999759
p02,2022-01-14T01:00:00Z,-0.450252
p02,2022-01-14T02:00:00Z,0.066052
p02,2022-01-14T03:00:00Z,2.089081
p02,2022-01-14T04:00:00Z,2.042820
p02,2022-01-14T05:00:00Z,1.619905
p02,2022-01-14T06:00:00Z,2.646310
p02,2022-01-14T07:00:00Z,4.091967
p02,2022-01-14T08:00:00Z,4.462900
p02,2022-01-14T09:00:00Z,5.093850
p02,2022-01-14T10:00:00Z,4.573203
p02,2022-01-14T11:00:00Z,4.815292
p02,2022-01-14T12:00:00Z,5.169057
p02,2022-01-14T13:00:00Z,4.702805
p02,2022-01-14T14:00:00Z,3.860426
p02,2022-01-14T15:00:00Z,2.594508
p02,2022-01-14T16:00:00Z,1.477288
p02,2022-01-14T17:00:00Z,0.777222
p02,2022-01-14T18:00:00Z,-0.120108
p02,2022-01-14T19:00:00Z,0.229462
p02,2022-01-14T20:00:00Z,-0.178673
p02,2022-01-14T21:00:00Z,-1.001916
p02,2022-01-14T22:00:00Z,-1.898497
p02,2022-01-14T23:00:00Z,-0.502705
p02,2022-01-15T00:00:00Z,-0.342580
p02,2022-01-15T01:00:00Z,-0.471799
p02,2022-01-15T02:00:00Z,0.866523
p02,2022-01-15T03:00:00Z,1.485875
p02,2022-01-15T04:00:00Z,1.626734
p02,2022-01-15T05:00:00Z,2.077329
p02,2022-01-15T06:00:00Z,2.760208
p02,2022-01-15T07:00:00Z,3.988341
p02,2022-01-15T08:00:00Z,4.532211
p02,2022-01-15T09:00:00Z,5.675035
p02,2022-01-15T10:00:00Z,4.740383
p02,2022-01-15T11:00:00Z,5.204575
p02,2022-01-15T12:00:00Z,4.870191
p02,2022-01-15T13:00:00Z,2.849258
p02,2022-01-15T14:00:00Z,3.675641
p02,2022-01-15T15:00:00Z,2.591456
p02,2022-01-15T16:00:00Z,1.800814
p02,2022-01-15T17:00:00Z,0.859562
p02,2022-01-15T18:00:00Z,0.518843
p02,2022-01-15T19:00:00Z,-0.083167
p02,2022-01-15T20:00:00Z,-0.735873
p02,2022-01-15T21:00:00Z,-1.180450
p02,2022-01-15T22:00:00Z,-1.363292
p02,2022-01-15T23:00:00Z,0.128049
p02,2022-01-16T00:00:00Z,-0.376490
p02,2022-01-16T01:00:00Z,0.465142
p02,2022-01-16T02:00:00Z,0.095385
p02,2022-01-16T03:00:00Z,0.992963
p02,2022-01-16T04:00:00Z,2.106663
p02,2022-01-16T05:00:00Z,3.022415
p02,2022-01-16T06:00:00Z,3.221224
p02,2022-01-16T07:00:00Z,4.519314
p02,2022-01-16T08:00:00Z,3.857279
p02,2022-01-16T09:00:00Z,5.710531
p02,2022-01-16T10:00:00Z,5.024355
p02,2022-01-16T11:00:00Z,4.539340
p02,2022-01-16T12:00:00Z,5.017497
p02,2022-01-16T13:00:00Z,3.838166
p02,2022-01-16T14:00:00Z,3.661163
p02,2022-01-16T15:00:00Z,1.365035
p02,2022-01-16T16:00:00Z,1.899840
p02,2022-01-16T17:00:00Z,0.495769
p02,2022-01-16T18:00:00Z,-0.397378
p02,2022-01-16T19:00:00Z,0.951933
p02,2022-01-16T20:00:00Z,-0.126727
p02,2022-01-16T21:00:00Z,-1.764166
p02,2022-01-16T22:00:00Z,-0.065379
p02,2022-01-16T23:00:00Z,-0.699225
p02,2022-01-17T00:00:00Z,-0.812879
p02,2022-01-17T01:00:00Z,-0.571790
p02,2022-01-17T02:00:00Z,1.290637
p02,2022-01-17T03:00:00Z,1.612033
p02,2022-01-17T04:00:00Z,0.986256
p02,2022-01-17T05:00:00Z,2.606611
p02,2022-01-17T06:00:00Z,4.468162
p02,2022-01-17T07:00:00Z,3.486800
p02,2022-01-17T08:00:00Z,4.291810
p02,2022-01-17T09:00:00Z,5.154490
p02,2022-01-17T10:00:00Z,5.524667
p02,2022-01-17T11:00:00Z,3.825625
p02,2022-01-17T12:00:00Z,4.172392
p02,2022-01-17T13:00:00Z,3.980858
p02,2022-01-17T14:00:00Z,4.373889
p02,2022-01-17T15:00:00Z,3.709120
p02,2022-01-17T16:00:00Z,1.476319
p02,2022-01-17T17:00:00Z,2.165623
p02,2022-01-17T18:00:00Z,1.610894
p02,2022-01-17T19:00:00Z,-0.052024
p02,2022-01-17T20:00:00Z,-0.220071
p02,2022-01-17T21:00:00Z,-0.440238
p02,2022-01-17T22:00:00Z,-0.240740
p02,2022-01-17T23:00:00Z,-1.599109
p02,2022-01-18T00:00:00Z,-0.590995
p02,2022-01-18T01:00:00Z,-0.836172
p02,2022-01-18T02:00:00Z,1.804756
p02,2022-01-18T03:00:00Z,2.020610
p02,2022-01-18T04:00:00Z,2.463734
p02,2022-01-18T05:00:00Z,2.353384
p02,2022-01-18T06:00:00Z,3.215002
p02,2022-01-18T07:00:00Z,3.983677
p02,2022-01-18T08:00:00Z,3.962993
p02,2022-01-18T09:00:00Z,5.646070
p02,2022-01-18T10:00:00Z,5.183020
p02,2022-01-18T11:00:00Z,5.487250
p02,2022-01-18T12:00:00Z,4.786562
p02,2022-01-18T13:00:00Z,4.728314
p02,2022-01-18T14:00:00Z,4.043456
p02,2022-01-18T15:00:00Z,2.557369
p02,2022-01-18T16:00:00Z,1.742797
p02,2022-01-18T17:00:00Z,1.749114
p02,2022-01-18T18:00:00Z,1.060847
p02,2022-01-18T19:00:00Z,0.647227
p02,2022-01-18T20:00:00Z,-0.233579
p02,2022-01-18T21:00:00Z,-0.181457
p02,2022-01-18T22:00:00Z,-0.524701
p02,2022-01-18T23:00:00Z,-0.640926
p02,2022-01-19T00:00:00Z,-0.601860
p02,2022-01-19T01:00:00Z,0.257405
p02,2022-01-19T02:00:00Z,1.191104
p02,2022-01-19T03:00:00Z,1.962542
p02,2022-01-19T04:00:00Z,3.003864
p02,2022-01-19T05:00:00Z,2.209112
p02,2022-01-19T06:00:00Z,3.551645
p02,2022-01-19T07:00:00Z,4.698111
p02,2022-01-19T08:00:00Z,4.923219
p02,2022-01-19T09:00:00Z,5.120966
p02,2022-01-19T10:00:00Z,5.606381
p02,2022-01-19T11:00:00Z,5.529784
p02,2022-01-19T12:00:00Z,5.174802
p02,2022-01-19T13:00:00Z,5.025701
p02,2022-01-19T14:00:00Z,4.083784
p02,2022-01-19T15:00:00Z,2.854604
p02,2022-01-19T16:00:00Z,2.011408
p02,2022-01-19T17:00:00Z,1.980258
p02,2022-01-19T18:00:00Z,1.385791
p02,2022-01-19T19:00:00Z,1.318111
p02,2022-01-19T20:00:00Z,-0.150975
p02,2022-01-19T21:00:00Z,-0.196405
p02,2022-01-19T22:00:00Z,-0.196292
p02,2022-01-19T23:00:00Z,-0.454733
p02,2022-01-20T00:00:00Z,0.331790
p02,2022-01-20T01:00:00Z,0.183731
p02,2022-01-20T02:00:00Z,0.982058
p02,2022-01-20T03:00:00Z,1.199916
p02,2022-01-20T04:00:00Z,2.317841
p02,2022-01-20T05:00:00Z,3.516291
p02,2022-01-20T06:00:00Z,4.632255
p02,2022-01-20T07:00:00Z,4.303589
p02,2022-01-20T08:00:00Z,4.374070
p02,2022-01-20T09:00:00Z,4.631190
p02,2022-01-20T10:00:00Z,5.994053
p02,2022-01-20T11:00:00Z,5.566271
p02,2022-01-20T12:00:00Z,5.040237
p02,2022-01-20T13:00:00Z,4.802004
p02,2022-01-20T14:00:00Z,3.455865
p02,2022-01-20T15:00:00Z,3.478422
p02,2022-01-20T16:00:00Z,2.378238
p02,2022-01-20T17:00:00Z,1.348277
p02,2022-01-20T18:00:00Z,1.419705
p02,2022-01-20T19:00:00Z,0.059763
p02,2022-01-20T20:00:00Z,-0.695098
p02,2022-01-20T21:00:00Z,0.253549
p02,2022-01-20T22:00:00Z,-0.438051
p02,2022-01-20T23:00:00Z,-1.015694
p02,2022-01-21T00:00:00Z,0.586581
p02,2022-01-21T01:00:00Z,0.698887
p02,2022-01-21T02:00:00Z,0.287366
p02,2022-01-21T03:00:00Z,1.994109
p02,2022-01-21T04:00:00Z,2.451740
p02,2022-01-21T05:00:00Z,3.588586
p02,2022-01-21T06:00:00Z,4.070427
p02,2022-01-21T07:00:00Z,4.557735
p02,2022-01-21T08:00:00Z,5.398356
p02,2022-01-21T09:00:00Z,5.495903
p02,2022-01-21T10:00:00Z,6.605015
p02,2022-01-21T11:00:00Z,5.499095
p02,2022-01-21T12:00:00Z,4.968949
p02,2022-01-21T13:00:00Z,5.393834
p02,2022-01-21T14:00:00Z,3.760503
p02,2022-01-21T15:00:00Z,3.197279
p02,2022-01-21T16:00:00Z,2.570415
p02,2022-01-21T17:00:00Z,1.540763
p02,2022-01-21T18:00:00Z,1.857098
p02,2022-01-21T19:00:00Z,1.179798
p02,2022-01-21T20:00:00Z,0.284962
p02,2022-01-21T21:00:00Z,-0.424923
p02,2022-01-21T22:00:00Z,-0.288376
p02,2022-01-21T23:00:00Z,-0.156760
p02,2022-01-22T00:00:00Z,-0.618757
p02,2022-01-22T01:00:00Z,0.614453
p02,2022-01-22T02:00:00Z,1.377477
p02,2022-01-22T03:00:00Z,1.790122
p02,2022-01-22T04:00:00Z,3.382455
p02,2022-01-22T05:00:00Z,3.767507
p02,2022-01-22T06:00:00Z,4.431579
p02,2022-01-22T07:00:00Z,5.172929
p02,2022-01-22T08:00:00Z,4.575892
p02,2022-01-22T09:00:00Z,5.345091
p02,2022-01-22T10:00:00Z,6.353614
p02,2022-01-22T11:00:00Z,6.213779
p02,2022-01-22T12:00:00Z,5.553755
p02,2022-01-22T13:00:00Z,5.130673
p02,2022-01-22T14:00:00Z,3.863848
p02,2022-01-22T15:00:00Z,2.502221
p02,2022-01-22T16:00:00Z,2.247810
p02,2022-01-22T17:00:00Z,1.731646
p02,2022-01-22T18:00:00Z,1.419867
p02,2022-01-22T19:00:00Z,0.321194
p02,2022-01-22T20:00:00Z,0.547976
p02,2022-01-22T21:00:00Z,0.424563
p02,2022-01-22T22:00:00Z,0.512415
p02,2022-01-22T23:00:00Z,-1.331031
p02,2022-01-23T00:00:00Z,0.598780
p02,2022-01-23T01:00:00Z,0.348146
p02,2022-01-23T02:00:00Z,1.041801
p02,2022-01-23T03:00:00Z,1.733560
p02,2022-01-23T04:00:00Z,3.229973
p02,2022-01-23T05:00:00Z,3.636723
p02,2022-01-23T06:00:00Z,4.309225
p02,2022-01-23T07:00:00Z,4.519281
p02,2022-01-23T08:00:00Z,5.776704
p02,2022-01-23T09:00:00Z,5.847471
p02,2022-01-23T10:00:00Z,5.502743
p02,2022-01-23T11:00:00Z,6.361095
p02,2022-01-23T12:00:00Z,5.395481
p02,2022-01-23T13:00:00Z,5.435724
p02,2022-01-23T14:00:00Z,4.486439
p02,2022-01-23T15:00:00Z,3.144981
p02,2022-01-23T16:00:00Z,3.007669
p02,2022-01-23T17:00:00Z,1.702623
p02,2022-01-23T18:00:00Z,2.194152
p02,2022-01-23T19:00:00Z,0.317244
p02,2022-01-23T20:00:00Z,0.025896
p02,2022-01-23T21:00:00Z,0.348550
p02,2022-01-23T22:00:00Z,1.481301
p02,2022-01-23T23:00:00Z,0.066073
p02,2022-01-24T00:00:00Z,0.700878
p02,2022-01-24T01:00:00Z,2.356440
p02,2022-01-24T02:00:00Z,0.986727
p02,2022-01-24T03:00:00Z,2.254268
p02,2022-01-24T04:00:00Z,4.536776
p02,2022-01-24T05:00:00Z,3.591885
p02,2022-01-24T06:00:00Z,3.973419
p02,2022-01-24T07:00:00Z,4.590435
p02,2022-01-24T08:00:00Z,6.075207
p02,2022-01-24T09:00:00Z,6.020142
p02,2022-01-24T10:00:00Z,5.294763
p02,2022-01-24T11:00:00Z,6.316537
p02,2022-01-24T12:00:00Z,5.461692
p02,2022-01-24T13:00:00Z,5.392384
p02,2022-01-24T14:00:00Z,4.335854
p02,2022-01-24T15:00:00Z,4.424237
p02,2022-01-24T16:00:00Z,3.144729
p02,2022-01-24T17:00:00Z,2.047672
p02,2022-01-24T18:00:00Z,0.775615
p02,2022-01-24T19:00:00Z,0.345239
p02,2022-01-24T20:00:00Z,-0.012662
p02,2022-01-24T21:00:00Z,0.031546
p02,2022-01-24T22:00:00Z,0.881097
p02,2022-01-24T23:00:00Z,1.648924
p02,2022-01-25T00:00:00Z,-0.128951
p02,2022-01-25T01:00:00Z,1.185271
p02,2022-01-25T02:00:00Z,1.784648
p02,2022-01-25T03:00:00Z,2.745079
p02,2022-01-25T04:00:00Z,3.318526
p02,2022-01-25T05:00:00Z,3.426385
p02,2022-01-25T06:00:00Z,4.563957
p02,2022-01-25T07:00:00Z,5.674092
p02,2022-01-25T08:00:00Z,6.203297
p02,2022-01-25T09:00:00Z,5.960610
p02,2022-01-25T10:00:00Z,5.107772
p02,2022-01-25T11:00:00Z,6.923262
p02,2022-01-25T12:00:00Z,5.597522
p02,2022-01-25T13:00:00Z,5.520506
p02,2022-01-25T14:00:00Z,4.197375
p02,2022-01-25T15:00:00Z,4.158032
p02,2022-01-25T16:00:00Z,4.593660
p02,2022-01-25T17:00:00Z,1.956418
p02,2022-01-25T18:00:00Z,1.587710
p02,2022-01-25T19:00:00Z,0.537324
p02,2022-01-25T20:00:00Z,1.412438
p02,2022-01-25T21:00:00Z,0.641229
p02,2022-01-25T22:00:00Z,0.174088
p02,2022-01-25T23:00:00Z,-0.569496
p02,2022-01-26T00:00:00Z,0.531732
p02,2022-01-26T01:00:00Z,1.053561
p02,2022-01-26T02:00:00Z,1.849046
p02,2022-01-26T03:00:00Z,2.735004
p02,2022-01-26T04:00:00Z,3.827318
p02,2022-01-26T05:00:00Z,3.416279
p02,2022-01-26T06:00:00Z,4.984192
p02,2022-01-26T07:00:00Z,5.866302
p02,2022-01-26T08:00:00Z,6.444898
p02,2022-01-26T09:00:00Z,6.347637
p02,2022-01-26T10:00:00Z,5.993204
p02,2022-01-26T11:00:00Z,5.724462
p02,2022-01-26T12:00:00Z,5.641523
p02,2022-01-26T13:00:00Z,5.676307
p02,2022-01-26T14:00:00Z,4.548719
p02,2022-01-26T15:00:00Z,3.649648
p02,2022-01-26T16:00:00Z,2.783107
p02,2022-01-26T17:00:00Z,2.113480
p02,2022-01-26T18:00:00Z,1.470083
p02,2022-01-26T19:00:00Z,1.090721
p02,2022-01-26T20:00:00Z,1.643327
p02,2022-01-26T21:00:00Z,0.611796
p02,2022-01-26T22:00:00Z,0.254562
p02,2022-01-26T23:00:00Z,0.259035
p02,2022-01-27T00:00:00Z,1.088715
p02,2022-01-27T01:00:00Z,1.345117
p02,2022-01-27T02:00:00Z,2.763850
p02,2022-01-27T03:00:00Z,2.721484
p02,2022-01-27T04:00:00Z,3.574013
p02,2022-01-27T05:00:00Z,5.892059
p02,2022-01-27T06:00:00Z,4.853143
p02,2022-01-27T07:00:00Z,5.188311
p02,2022-01-27T08:00:00Z,6.365919
p02,2022-01-27T09:00:00Z,6.312820
p02,2022-01-27T10:00:00Z,6.086215
p02,2022-01-27T11:00:00Z,6.117457
p02,2022-01-27T12:00:00Z,5.598858
p02,2022-01-27T13:00:00Z,5.718818
p02,2022-01-27T14:00:00Z,5.306503
p02,2022-01-27T15:00:00Z,3.414954
p02,2022-01-27T16:00:00Z,2.619053
p02,2022-01-27T17:00:00Z,2.959201
p02,2022-01-27T18:00:00Z,1.531592
p02,2022-01-27T19:00:00Z,1.437534
p02,2022-01-27T20:00:00Z,1.042812
p02,2022-01-27T21:00:00Z,0.291903
p02,2022-01-27T22:00:00Z,0.416216
p02,2022-01-27T23:00:00Z,-0.544540
p02,2022-01-28T00:00:00Z,1.645764
p02,2022-01-28T01:00:00Z,1.634052
p02,2022-01-28T02:00:00Z,1.322985
p02,2022-01-28T03:00:00Z,2.864884
p02,2022-01-28T04:00:00Z,2.551960
p02,2022-01-28T05:00:00Z,3.570514
p02,2022-01-28T06:00:00Z,5.302217
p02,2022-01-28T07:00:00Z,5.706087
p02,2022-01-28T08:00:00Z,7.039927
p02,2022-01-28T09:00:00Z,6.498923
p02,2022-01-28T10:00:00Z,6.699093
p02,2022-01-28T11:00:00Z,7.114407
p02,2022-01-28T12:00:00Z,6.271278
p02,2022-01-28T13:00:00Z,4.982937
p02,2022-01-28T14:00:00Z,5.510355
p02,2022-01-28T15:00:00Z,3.929477
p02,2022-01-28T16:00:00Z,3.363755
p02,2022-01-28T17:00:00Z,2.268687
p02,2022-01-28T18:00:00Z,2.060422
p02,2022-01-28T19:00:00Z,1.604474
p02,2022-01-28T20:00:00Z,0.891127
p02,2022-01-28T21:00:00Z,0.630172
p02,2022-01-28T22:00:00Z,1.133129
p02,2022-01-28T23:00:00Z,-0.313649
p02,2022-01-29T00:00:00Z,0.912473
p02,2022-01-29T01:00:00Z,1.672987
p02,2022-01-29T02:00:00Z,3.036631
p02,2022-01-29T03:00:00Z,2.883708
p02,2022-01-29T04:00:00Z,4.351968
p02,2022-01-29T05:00:00Z,4.125205
p02,2022-01-29T06:00:00Z,5.135362
p02,2022-01-29T07:00:00Z,6.351126
p02,2022-01-29T08:00:00Z,6.167779
p02,2022-01-29T09:00:00Z,6.356276
p02,2022-01-29T10:00:00Z,6.306906
p02,2022-01-29T11:00:00Z,6.686288
p02,2022-01-29T12:00:00Z,6.381376
p02,2022-01-29T13:00:00Z,6.460658
p02,2022-01-29T14:00:00Z,5.330270
p02,2022-01-29T15:00:00Z,5.200282
p02,2022-01-29T16:00:00Z,3.461720
p02,2022-01-29T17:00:00Z,3.313778
p02,2022-01-29T18:00:00Z,2.172630
p02,2022-01-29T19:00:00Z,2.373828
p02,2022-01-29T20:00:00Z,0.789513
p02,2022-01-29T21:00:00Z,1.504521
p02,2022-01-29T22:00:00Z,0.004433
p02,2022-01-29T23:00:00Z,0.327991
p02,2022-01-30T00:00:00Z,0.984808
p02,2022-01-30T01:00:00Z,1.363785
p02,2022-01-30T02:00:00Z,1.980174
p02,2022-01-30T03:00:00Z,3.722952
p02,2022-01-30T04:00:00Z,4.356331
p02,2022-01-30T05:00:00Z,3.997653
p02,2022-01-30T06:00:00Z,5.719720
p02,2022-01-30T07:00:00Z,5.826384
p02,2022-01-30T08:00:00Z,6.077938
p02,2022-01-30T09:00:00Z,6.800725
p02,2022-01-30T10:00:00Z,6.930630
p02,2022-01-30T11:00:00Z,6.462300
p02,2022-01-30T12:00:00Z,6.035420
p02,2022-01-30T13:00:00Z,6.225488
p02,2022-01-30T14:00:00Z,5.643432
p02,2022-01-30T15:00:00Z,4.521312
p02,2022-01-30T16:00:00Z,4.186665
p02,2022-01-30T17:00:00Z,2.653637
p02,2022-01-30T18:00:00Z,2.208060
p02,2022-01-30T19:00:00Z,1.192528
p02,2022-01-30T20:00:00Z,0.954683
p02,2022-01-30T21:00:00Z,0.507676
p02,2022-01-30T22:00:00Z,0.900447
p02,2022-01-30T23:00:00Z,0.354065
p02,2022-01-31T00:00:00Z,1.890989
p02,2022-01-31T01:00:00Z,2.843357
p02,2022-01-31T02:00:00Z,2.613916
p02,2022-01-31T03:00:00Z,2.359743
p02,2022-01-31T04:00:00Z,3.424363
p02,2022-01-31T05:00:00Z,4.737826
p02,2022-01-31T06:00:00Z,5.661788
p02,2022-01-31T07:00:00Z,5.435625
p02,2022-01-31T08:00:00Z,6.871915
p02,2022-01-31T09:00:00Z,6.436917
p02,2022-01-31T10:00:00Z,6.129422
p02,2022-01-31T11:00:00Z,7.231062
p02,2022-01-31T12:00:00Z,6.751064
p02,2022-01-31T13:00:00Z,5.600945
p02,2022-01-31T14:00:00Z,6.286231
p02,2022-01-31T15:00:00Z,4.722450
p02,2022-01-31T16:00:00Z,5.015473
p02,2022-01-31T17:00:00Z,2.360252
p02,2022-01-31T18:00:00Z,2.375327
p02,2022-01-31T19:00:00Z,1.251217
p02,2022-01-31T20:00:00Z,1.376415
p02,2022-01-31T21:00:00Z,1.118053
p02,2022-01-31T22:00:00Z,0.594099
p02,2022-01-31T23:00:00Z,1.022003
p02,2022-02-01T00:00:00Z,1.796789
p02,2022-02-01T01:00:00Z,1.825402
p02,2022-02-01T02:00:00Z,3.166176
p02,2022-02-01T03:00:00Z,3.390903
p02,2022-02-01T04:00:00Z,4.051110
p02,2022-02-01T05:00:00Z,4.607218
p02,2022-02-01T06:00:00Z,6.215804
p02,2022-02-01T07:00:00Z,6.478716
p02,2022-02-01T08:00:00Z,6.166644
p02,2022-02-01T09:00:00Z,6.608230
p02,2022-02-01T10:00:00Z,8.441037
p02,2022-02-01T11:00:00Z,6.725406
p02,2022-02-01T12:00:00Z,8.093839
p02,2022-02-01T13:00:00Z,6.179944
p02,2022-02-01T14:00:00Z,5.775368
p02,2022-02-01T15:00:00Z,4.709563
p02,2022-02-01T16:00:00Z,4.230629
p02,2022-02-01T17:00:00Z,2.538856
p02,2022-02-01T18:00:00Z,2.380352
p02,2022-02-01T19:00:00Z,1.488842
p02,2022-02-01T20:00:00Z,1.543415
p02,2022-02-01T21:00:00Z,1.749243
p02,2022-02-01T22:00:00Z,1.613153
p02,2022-02-01T23:00:00Z,2.078799
p02,2022-02-02T00:00:00Z,1.419100
p02,2022-02-02T01:00:00Z,1.833572
p02,2022-02-02T02:00:00Z,2.209148
p02,2022-02-02T03:00:00Z,2.818768
p02,2022-02-02T04:00:00Z,4.755587
p02,2022-02-02T05:00:00Z,4.429844
p02,2022-02-02T06:00:00Z,5.406099
p02,2022-02-02T07:00:00Z,6.224605
p02,2022-02-02T08:00:00Z,7.080920
p02,2022-02-02T09:00:00Z,7.148735
p02,2022-02-02T10:00:00Z,6.771571
p02,2022-02-02T11:00:00Z,7.487793
p02,2022-02-02T12:00:00Z,7.157982
p02,2022-02-02T13:00:00Z,6.553158
p02,2022-02-02T14:00:00Z,6.414065
p02,2022-02-02T15:00:00Z,5.138532
p02,2022-02-02T16:00:00Z,4.535432
p02,2022-02-02T17:00:00Z,3.758150
p02,2022-02-02T18:00:00Z,3.339931
p02,2022-02-02T19:00:00Z,2.647587
p02,2022-02-02T20:00:00Z,1.947190
p02,2022-02-02T21:00:00Z,1.945412
p02,2022-02-02T22:00:00Z,1.354959
p02,2022-02-02T23:00:00Z,1.649022
p02,2022-02-03T00:00:00Z,1.750579
p02,2022-02-03T01:00:00Z,2.456253
p02,2022-02-03T02:00:00Z,2.253035
p02,2022-02-03T03:00:00Z,3.735058
p02,2022-02-03T04:00:00Z,4.312084
p02,2022-02-03T05:00:00Z,5.055384
p02,2022-02-03T06:00:00Z,6.506851
p02,2022-02-03T07:00:00Z,6.786956
p02,2022-02-03T08:00:00Z,6.826876
p02,2022-02-03T09:00:00Z,7.130025
p02,2022-02-03T10:00:00Z,7.733879
p02,2022-02-03T11:00:00Z,7.542670
p02,2022-02-03T12:00:00Z,6.907328
p02,2022-02-03T13:00:00Z,6.489496
p02,2022-02-03T14:00:00Z,5.816295
p02,2022-02-03T15:00:00Z,5.283520
p02,2022-02-03T16:00:00Z,5.315101
p02,2022-02-03T17:00:00Z,3.513138
p02,2022-02-03T18:00:00Z,3.396387
p02,2022-02-03T19:00:00Z,2.763123
p02,2022-02-03T20:00:00Z,1.697730
p02,2022-02-03T21:00:00Z,1.661333
p02,2022-02-03T22:00:00Z,0.633739
p02,2022-02-03T23:00:00Z,2.032736
p02,2022-02-04T00:00:00Z,2.743847
p02,2022-02-04T01:00:00Z,1.894573
p02,2022-02-04T02:00:00Z,3.060701
p02,2022-02-04T03:00:00Z,4.543267
p02,2022-02-04T04:00:00Z,3.865557
p02,2022-02-04T05:00:00Z,5.428566
p02,2022-02-04T06:00:00Z,6.528772
p02,2022-02-04T07:00:00Z,7.697936
p02,2022-02-04T08:00:00Z,7.186157
p02,2022-02-04T09:00:00Z,6.739746
p02,2022-02-04T10:00:00Z,7.086736
p02,2022-02-04T11:00:00Z,6.816563
p02,2022-02-04T12:00:00Z,7.322037
p02,2022-02-04T13:00:00Z,7.030479
p02,2022-02-04T14:00:00Z,6.145097
p02,2022-02-04T15:00:00Z,5.307524
p02,2022-02-04T16:00:00Z,4.651645
p02,2022-02-04T17:00:00Z,3.443593
p02,2022-02-04T18:00:00Z,2.575813
p02,2022-02-04T19:00:00Z,2.192237
p02,2022-02-04T20:00:00Z,1.533840
p02,2022-02-04T21:00:00Z,1.833396
p02,2022-02-04T22:00:00Z,1.688182
p02,2022-02-04T23:00:00Z,1.568853
p02,2022-02-05T00:00:00Z,1.284251
p02,2022-02-05T01:00:00Z,1.818784
p02,2022-02-05T02:00:00Z,2.988808
p02,2022-02-05T03:00:00Z,3.547679
p02,2022-02-05T04:00:00Z,4.698808
p02,2022-02-05T05:00:00Z,4.727720
p02,2022-02-05T06:00:00Z,5.989534
p02,2022-02-05T07:00:00Z,8.059724
p02,2022-02-05T08:00:00Z,8.473954
p02,2022-02-05T09:00:00Z,7.226055
p02,2022-02-05T10:00:00Z,6.806503
p02,2022-02-05T11:00:00Z,7.498019
p02,2022-02-05T12:00:00Z,6.336074
p02,2022-02-05T13:00:00Z,6.433190
p02,2022-02-05T14:00:00Z,6.110359
p02,2022-02-05T15:00:00Z,5.183421
p02,2022-02-05T16:00:00Z,4.659303
p02,2022-02-05T17:00:00Z,4.150827
p02,2022-02-05T18:00:00Z,3.578265
p02,2022-02-05T19:00:00Z,3.383615
p02,2022-02-05T20:00:00Z,2.932788
p02,2022-02-05T21:00:00Z,1.670308
p02,2022-02-05T22:00:00Z,0.980813
p02,2022-02-05T23:00:00Z,2.454203
p02,2022-02-06T00:00:00Z,1.069627
p02,2022-02-06T01:00:00Z,3.570175
p02,2022-02-06T02:00:00Z,3.663664
p02,2022-02-06T03:00:00Z,2.693792
p02,2022-02-06T04:00:00Z,4.410643
p02,2022-02-06T05:00:00Z,6.151007
p02,2022-02-06T06:00:00Z,6.959414
p02,2022-02-06T07:00:00Z,7.372897
p02,2022-02-06T08:00:00Z,7.769665
p02,2022-02-06T09:00:00Z,7.424353
p02,2022-02-06T10:00:00Z,7.896303
p02,2022-02-06T11:00:00Z,7.005549
p02,2022-02-06T12:00:00Z,7.228103
p02,2022-02-06T13:00:00Z,7.000780
p02,2022-02-06T14:00:00Z,6.365385
p02,2022-02-06T15:00:00Z,5.077832
p02,2022-02-06T16:00:00Z,4.680531
p02,2022-02-06T17:00:00Z,3.848844
p02,2022-02-06T18:00:00Z,2.859222
p02,2022-02-06T19:00:00Z,3.047333
p02,2022-02-06T20:00:00Z,1.531374
p02,2022-02-06T21:00:00Z,2.312255
p02,2022-02-06T22:00:00Z,2.445266
p02,2022-02-06T23:00:00Z,1.706358
p02,2022-02-07T00:00:00Z,2.394551
p02,2022-02-07T01:00:00Z,3.343791
p02,2022-02-07T02:00:00Z,2.837322
p02,2022-02-07T03:00:00Z,5.604232
p02,2022-02-07T04:00:00Z,5.349137
p02,2022-02-07T05:00:00Z,6.235817
p02,2022-02-07T06:00:00Z,7.782952
p02,2022-02-07T07:00:00Z,7.483280
p02,2022-02-07T08:00:00Z,8.275636
p02,2022-02-07T09:00:00Z,7.558009
p02,2022-02-07T10:00:00Z,7.379803
p02,2022-02-07T11:00:00Z,8.214498
p02,2022-02-07T12:00:00Z,7.902620
p02,2022-02-07T13:00:00Z,6.817398
p02,2022-02-07T14:00:00Z,5.804977
p02,2022-02-07T15:00:00Z,6.591435
p02,2022-02-07T16:00:00Z,4.253518
p02,2022-02-07T17:00:00Z,4.859824
p02,2022-02-07T18:00:00Z,3.267712
p02,2022-02-07T19:00:00Z,2.621113
p02,2022-02-07T20:00:00Z,2.554273
p02,2022-02-07T21:00:00Z,2.982173
p02,2022-02-07T22:00:00Z,2.613284
p02,2022-02-07T23:00:00Z,1.897874
p02,2022-02-08T00:00:00Z,1.752868
p02,2022-02-08T01:00:00Z,2.611501
p02,2022-02-08T02:00:00Z,3.303967
p02,2022-02-08T03:00:00Z,4.574021
p02,2022-02-08T04:00:00Z,5.504734
p02,2022-02-08T05:00:00Z,5.569138
p02,2022-02-08T06:00:00Z,7.310330
p02,2022-02-08T07:00:00Z,7.221276
p02,2022-02-08T08:00:00Z,6.959225
p02,2022-02-08T09:00:00Z,7.401392
p02,2022-02-08T10:00:00Z,8.531795
p02,2022-02-08T11:00:00Z,8.072288
p02,2022-02-08T12:00:00Z,7.714586
p02,2022-02-08T13:00:00Z,6.714003
p02,2022-02-08T14:00:00Z,6.744239
p02,2022-02-08T15:00:00Z,5.511076
p02,2022-02-08T16:00:00Z,5.389286
p02,2022-02-08T17:00:00Z,4.054210
p02,2022-02-08T18:00:00Z,2.856100
p02,2022-02-08T19:00:00Z,3.755790
p02,2022-02-08T20:00:00Z,1.635887
p02,2022-02-08T21:00:00Z,2.432229
p02,2022-02-08T22:00:00Z,2.461251
p02,2022-02-08T23:00:00Z,1.769240
p02,2022-02-09T00:00:00Z,2.412277
p02,2022-02-09T01:00:00Z,3.479965
p02,2022-02-09T02:00:00Z,3.340012
p02,2022-02-09T03:00:00Z,4.451161
p02,2022-02-09T04:00:00Z,5.089670
p02,2022-02-09T05:00:00Z,5.836352
p02,2022-02-09T06:00:00Z,5.819152
p02,2022-02-09T07:00:00Z,7.105066
p02,2022-02-09T08:00:00Z,7.878037
p02,2022-02-09T09:00:00Z,8.181759
p02,2022-02-09T10:00:00Z,8.442938
p02,2022-02-09T11:00:00Z,7.941645
p02,2022-02-09T12:00:00Z,7.978999
p02,2022-02-09T13:00:00Z,8.317834
p02,2022-02-09T14:00:00Z,7.194224
p02,2022-02-09T15:00:00Z,5.935972
p02,2022-02-09T16:00:00Z,5.924306
p02,2022-02-09T17:00:00Z,5.122977
p02,2022-02-09T18:00:00Z,3.868394
p02,2022-02-09T19:00:00Z,3.386413
p02,2022-02-09T20:00:00Z,2.818234
p02,2022-02-09T21:00:00Z,1.728327
p02,2022-02-09T22:00:00Z,2.763530
p02,2022-02-09T23:00:00Z,1.860410
p02,2022-02-10T00:00:00Z,2.357397
p02,2022-02-10T01:00:00Z,2.709900
p02,2022-02-10T02:00:00Z,3.453173
p02,2022-02-10T03:00:00Z,4.319105
p02,2022-02-10T04:00:00Z,4.719849
p02,2022-02-10T05:00:00Z,6.907547
p02,2022-02-10T06:00:00Z,5.931502
p02,2022-02-10T07:00:00Z,7.695548
p02,2022-02-10T08:00:00Z,7.857867
p02,2022-02-10T09:00:00Z,7.766579
p02,2022-02-10T10:00:00Z,8.140103
p02,2022-02-10T11:00:00Z,9.088000
p02,2022-02-10T12:00:00Z,8.107019
p02,2022-02-10T13:00:00Z,7.748573
p02,2022-02-10T14:00:00Z,7.305109
p02,2022-02-10T15:00:00Z,5.925312
p02,2022-02-10T16:00:00Z,6.338732
p02,2022-02-10T17:00:00Z,4.353465
p02,2022-02-10T18:00:00Z,4.609891
p02,2022-02-10T19:00:00Z,3.008346
p02,2022-02-10T20:00:00Z,2.350102
p02,2022-02-10T21:00:00Z,2.336141
p02,2022-02-10T22:00:00Z,2.438251
p02,2022-02-10T23:00:00Z,2.483351
p02,2022-02-11T00:00:00Z,2.121333
p02,2022-02-11T01:00:00Z,2.759160
p02,2022-02-11T02:00:00Z,4.029028
p02,2022-02-11T03:00:00Z,3.996598
p02,2022-02-11T04:00:00Z,4.940566
p02,2022-02-11T05:00:00Z,6.516633
p02,2022-02-11T06:00:00Z,6.963928
p02,2022-02-11T07:00:00Z,7.173131
p02,2022-02-11T08:00:00Z,7.476231
p02,2022-02-11T09:00:00Z,8.203016
p02,2022-02-11T10:00:00Z,8.558319
p02,2022-02-11T11:00:00Z,8.193219
p02,2022-02-11T12:00:00Z,9.067798
p02,2022-02-11T13:00:00Z,8.234304
p02,2022-02-11T14:00:00Z,7.508973
p02,2022-02-11T15:00:00Z,6.668926
p02,2022-02-11T16:00:00Z,5.699772
p02,2022-02-11T17:00:00Z,4.153741
p02,2022-02-11T18:00:00Z,3.964472
p02,2022-02-11T19:00:00Z,3.005023
p02,2022-02-11T20:00:00Z,2.059832
p02,2022-02-11T21:00:00Z,3.032903
p02,2022-02-11T22:00:00Z,2.983390
p02,2022-02-11T23:00:00Z,1.885401
p02,2022-02-12T00:00:00Z,2.600888
p02,2022-02-12T01:00:00Z,3.067039
p02,2022-02-12T02:00:00Z,3.582578
p02,2022-02-12T03:00:00Z,5.430605
p02,2022-02-12T04:00:00Z,4.654569
p02,2022-02-12T05:00:00Z,5.049219
p02,2022-02-12T06:00:00Z,6.253564
p02,2022-02-12T07:00:00Z,7.648697
p02,2022-02-12T08:00:00Z,7.565581
p02,2022-02-12T09:00:00Z,8.666091
p02,2022-02-12T10:00:00Z,8.947723
p02,2022-02-12T11:00:00Z,8.279382
p02,2022-02-12T12:00:00Z,8.208076
p02,2022-02-12T13:00:00Z,8.040253
p02,2022-02-12T14:00:00Z,7.395647
p02,2022-02-12T15:00:00Z,6.401716
p02,2022-02-12T16:00:00Z,5.724131
p02,2022-02-12T17:00:00Z,5.546783
p02,2022-02-12T18:00:00Z,4.063650
p02,2022-02-12T19:00:00Z,3.487573
p02,2022-02-12T20:00:00Z,3.306420
p02,2022-02-12T21:00:00Z,2.580825
p02,2022-02-12T22:00:00Z,2.760551
p02,2022-02-12T23:00:00Z,3.290165
p02,2022-02-13T00:00:00Z,3.027163
p02,2022-02-13T01:00:00Z,4.151829
p02,2022-02-13T02:00:00Z,4.822014
p02,2022-02-13T03:00:00Z,5.597900
p02,2022-02-13T04:00:00Z,6.355078
p02,2022-02-13T05:00:00Z,7.557675
p02,2022-02-13T06:00:00Z,7.212788
p02,2022-02-13T07:00:00Z,8.021167
p02,2022-02-13T08:00:00Z,8.446152
p02,2022-02-13T09:00:00Z,9.210151
p02,2022-02-13T10:00:00Z,9.119153
p02,2022-02-13T11:00:00Z,7.142041
p02,2022-02-13T12:00:00Z,8.660460
p02,2022-02-13T13:00:00Z,7.351408
p02,2022-02-13T14:00:00Z,7.592453
p02,2022-02-13T15:00:00Z,6.677125
p02,2022-02-13T16:00:00Z,5.970688
p02,2022-02-13T17:00:00Z,5.782172
p02,2022-02-13T18:00:00Z,3.826102
p02,2022-02-13T19:00:00Z,3.529208
p02,2022-02-13T20:00:00Z,4.236542
p02,2022-02-13T21:00:00Z,2.916411
p02,2022-02-13T22:00:00Z,2.341492
p02,2022-02-13T23:00:00Z,2.557719
p02,2022-02-14T00:00:00Z,2.891026
p02,2022-02-14T01:00:00Z,4.169623
p02,2022-02-14T02:00:00Z,3.433760
p02,2022-02-14T03:00:00Z,4.929117
p02,2022-02-14T04:00:00Z,5.447253
p02,2022-02-14T05:00:00Z,5.365590
p02,2022-02-14T06:00:00Z,7.110944
p02,2022-02-14T07:00:00Z,7.982407
p02,2022-02-14T08:00:00Z,9.234864
p02,2022-02-14T09:00:00Z,8.827684
p02,2022-02-14T10:00:00Z,8.629117
p02,2022-02-14T11:00:00Z,9.191509
p02,2022-02-14T12:00:00Z,9.173484
p02,2022-02-14T13:00:00Z,7.392684
p02,2022-02-14T14:00:00Z,7.478052
p02,2022-02-14T15:00:00Z,6.140524
p02,2022-02-14T16:00:00Z,5.885339
p02,2022-02-14T17:00:00Z,4.810869
p02,2022-02-14T18:00:00Z,4.857508
p02,2022-02-14T19:00:00Z,3.041431
p02,2022-02-14T20:00:00Z,3.624221
p02,2022-02-14T21:00:00Z,1.637371
p02,2022-02-14T22:00:00Z,3.268234
p02,2022-02-14T23:00:00Z,3.081751
p02,2022-02-15T00:00:00Z,3.125730
p02,2022-02-15T01:00:00Z,4.014771
p02,2022-02-15T02:00:00Z,5.246007
p02,2022-02-15T03:00:00Z,4.987925
p02,2022-02-15T04:00:00Z,6.048148
p02,2022-02-15T05:00:00Z,6.784074
p02,2022-02-15T06:00:00Z,7.006613
p02,2022-02-15T07:00:00Z,8.674457
p02,2022-02-15T08:00:00Z,8.589523
p02,2022-02-15T09:00:00Z,10.294291
p02,2022-02-15T10:00:00Z,8.785874
p02,2022-02-15T11:00:00Z,9.091182
p02,2022-02-15T12:00:00Z,9.075590
p02,2022-02-15T13:00:00Z,8.369920
p02,2022-02-15T14:00:00Z,6.986125
p02,2022-02-15T15:00:00Z,5.878834
p02,2022-02-15T16:00:00Z,4.869285
p02,2022-02-15T17:00:00Z,5.605377
p02,2022-02-15T18:00:00Z,5.266948
p02,2022-02-15T19:00:00Z,4.513514
p02,2022-02-15T20:00:00Z,3.618432
p02,2022-02-15T21:00:00Z,3.457812
p02,2022-02-15T22:00:00Z,2.222238
p02,2022-02-15T23:00:00Z,3.821912
p02,2022-02-16T00:00:00Z,4.341649
p02,2022-02-16T01:00:00Z,4.040292
p02,2022-02-16T02:00:00Z,3.898037
p02,2022-02-16T03:00:00Z,5.102556
p02,2022-02-16T04:00:00Z,5.608403
p02,2022-02-16T05:00:00Z,6.529829
p02,2022-02-16T06:00:00Z,8.380931
p02,2022-02-16T07:00:00Z,7.596912
p02,2022-02-16T08:00:00Z,9.206638
p02,2022-02-16T09:00:00Z,8.715628
p02,2022-02-16T10:00:00Z,9.160064
p02,2022-02-16T11:00:00Z,9.336828
p02,2022-02-16T12:00:00Z,8.999483
p02,2022-02-16T13:00:00Z,7.707053
p02,2022-02-16T14:00:00Z,8.354722
p02,2022-02-16T15:00:00Z,7.291760
p02,2022-02-16T16:00:00Z,6.386607
p02,2022-02-16T17:00:00Z,5.026779
p02,2022-02-16T18:00:00Z,4.941861
p02,2022-02-16T19:00:00Z,4.685975
p02,2022-02-16T20:00:00Z,3.798566
p02,2022-02-16T21:00:00Z,3.270755
p02,2022-02-16T22:00:00Z,2.924044
p02,2022-02-16T23:00:00Z,3.086330
p02,2022-02-17T00:00:00Z,3.234526
p02,2022-02-17T01:00:00Z,4.224858
p02,2022-02-17T02:00:00Z,4.370318
p02,2022-02-17T03:00:00Z,5.593252
p02,2022-02-17T04:00:00Z,6.146591
p02,2022-02-17T05:00:00Z,7.355314
p02,2022-02-17T06:00:00Z,7.503956
p02,2022-02-17T07:00:00Z,7.769663
p02,2022-02-17T08:00:00Z,8.789336
p02,2022-02-17T09:00:00Z,8.832553
p02,2022-02-17T10:00:00Z,8.996775
p02,2022-02-17T11:00:00Z,9.543603
p02,2022-02-17T12:00:00Z,8.086885
p02,2022-02-17T13:00:00Z,8.792299
p02,2022-02-17T14:00:00Z,7.271474
p02,2022-02-17T15:00:00Z,7.666952
p02,2022-02-17T16:00:00Z,6.283565
p02,2022-02-17T17:00:00Z,6.343136
p02,2022-02-17T18:00:00Z,4.847404
p02,2022-02-17T19:00:00Z,3.233638
p02,2022-02-17T20:00:00Z,3.373170
p02,2022-02-17T21:00:00Z,2.441744
p02,2022-02-17T22:00:00Z,2.167789
p02,2022-02-17T23:00:00Z,2.944341
p02,2022-02-18T00:00:00Z,3.424656
p02,2022-02-18T01:00:00Z,5.201080
p02,2022-02-18T02:00:00Z,4.179167
p02,2022-02-18T03:00:00Z,4.949481
p02,2022-02-18T04:00:00Z,6.149911
p02,2022-02-18T05:00:00Z,7.656260
p02,2022-02-18T06:00:00Z,7.980482
p02,2022-02-18T07:00:00Z,8.637577
p02,2022-02-18T08:00:00Z,8.443582
p02,2022-02-18T09:00:00Z,9.122370
p02,2022-02-18T10:00:00Z,10.279665
p02,2022-02-18T11:00:00Z,10.050092
p02,2022-02-18T12:00:00Z,8.611220
p02,2022-02-18T13:00:00Z,8.047876
p02,2022-02-18T14:00:00Z,8.254865
p02,2022-02-18T15:00:00Z,6.786331
p02,2022-02-18T16:00:00Z,6.900246
p02,2022-02-18T17:00:00Z,6.248042
p02,2022-02-18T18:00:00Z,5.065662
p02,2022-02-18T19:00:00Z,4.053752
p02,2022-02-18T20:00:00Z,3.420063
p02,2022-02-18T21:00:00Z,3.403537
p02,2022-02-18T22:00:00Z,2.955391
p02,2022-02-18T23:00:00Z,2.856167
p02,2022-02-19T00:00:00Z,4.247485
p02,2022-02-19T01:00:00Z,3.898261
p02,2022-02-19T02:00:00Z,4.248858
p02,2022-02-19T03:00:00Z,5.519929
p02,2022-02-19T04:00:00Z,5.595609
p02,2022-02-19T05:00:00Z,8.086496
p02,2022-02-19T06:00:00Z,7.543873
p02,2022-02-19T07:00:00Z,8.299154
p02,2022-02-19T08:00:00Z,9.508454
p02,2022-02-19T09:00:00Z,9.518496
p02,2022-02-19T10:00:00Z,9.123898
p02,2022-02-19T11:00:00Z,9.367069
p02,2022-02-19T12:00:00Z,9.425945
p02,2022-02-19T13:00:00Z,7.530279
p02,2022-02-19T14:00:00Z,8.599335
p02,2022-02-19T15:00:00Z,7.325545
p02,2022-02-19T16:00:00Z,5.804853
p02,2022-02-19T17:00:00Z,5.613314
p02,2022-02-19T18:00:00Z,4.936247
p02,2022-02-19T19:00:00Z,3.625414
p02,2022-02-19T20:00:00Z,4.186690
p02,2022-02-19T21:00:00Z,3.711687
p02,2022-02-19T22:00:00Z,2.554468
p02,2022-02-19T23:00:00Z,3.365840
p02,2022-02-20T00:00:00Z,3.724835
p02,2022-02-20T01:00:00Z,4.669661
p02,2022-02-20T02:00:00Z,4.058049
p02,2022-02-20T03:00:00Z,6.035296
p02,2022-02-20T04:00:00Z,6.416566
p02,2022-02-20T05:00:00Z,7.377752
p02,2022-02-20T06:00:00Z,7.470096
p02,2022-02-20T07:00:00Z,7.938783
p02,2022-02-20T08:00:00Z,8.367873
p02,2022-02-20T09:00:00Z,9.082937
p02,2022-02-20T10:00:00Z,9.185101
p02,2022-02-20T11:00:00Z,9.950987
p02,2022-02-20T12:00:00Z,9.233375
p02,2022-02-20T13:00:00Z,8.740844
p02,2022-02-20T14:00:00Z,7.976978
p02,2022-02-20T15:00:00Z,6.874024
p02,2022-02-20T16:00:00Z,6.348368
p02,2022-02-20T17:00:00Z,5.960190
p02,2022-02-20T18:00:00Z,5.756133
p02,2022-02-20T19:00:00Z,4.555054
p02,2022-02-20T20:00:00Z,3.461410
p02,2022-02-20T21:00:00Z,3.837692
p02,2022-02-20T22:00:00Z,3.192741
p02,2022-02-20T23:00:00Z,3.793470
p02,2022-02-21T00:00:00Z,3.187635
p02,2022-02-21T01:00:00Z,4.562537
p02,2022-02-21T02:00:00Z,4.773144
p02,2022-02-21T03:00:00Z,5.745323
p02,2022-02-21T04:00:00Z,6.140139
p02,2022-02-21T05:00:00Z,7.976831
p02,2022-02-21T06:00:00Z,7.570039
p02,2022-02-21T07:00:00Z,8.799665
p02,2022-02-21T08:00:00Z,9.646038
p02,2022-02-21T09:00:00Z,10.322466
p02,2022-02-21T10:00:00Z,10.474275
p02,2022-02-21T11:00:00Z,9.488223
p02,2022-02-21T12:00:00Z,9.935550
p02,2022-02-21T13:00:00Z,8.246457
p02,2022-02-21T14:00:00Z,7.359578
p02,2022-02-21T15:00:00Z,7.620568
p02,2022-02-21T16:00:00Z,7.023160
p02,2022-02-21T17:00:00Z,5.888411
p02,2022-02-21T18:00:00Z,5.422636
p02,2022-02-21T19:00:00Z,4.366032
p02,2022-02-21T20:00:00Z,4.681865
p02,2022-02-21T21:00:00Z,4.526849
p02,2022-02-21T22:00:00Z,3.742140
p02,2022-02-21T23:00:00Z,3.807822
p02,2022-02-22T00:00:00Z,4.361916
p02,2022-02-22T01:00:00Z,5.079152
p02,2022-02-22T02:00:00Z,4.848133
p02,2022-02-22T03:00:00Z,6.795726
p02,2022-02-22T04:00:00Z,5.570364
p02,2022-02-22T05:00:00Z,7.190604
p02,2022-02-22T06:00:00Z,8.203944
p02,2022-02-22T07:00:00Z,9.388182
p02,2022-02-22T08:00:00Z,9.015948
p02,2022-02-22T09:00:00Z,10.138259
p02,2022-02-22T10:00:00Z,9.472948
p02,2022-02-22T11:00:00Z,10.482314
p02,2022-02-22T12:00:00Z,9.439726
p02,2022-02-22T13:00:00Z,8.396447
p02,2022-02-22T14:00:00Z,8.046762
p02,2022-02-22T15:00:00Z,6.818755
p02,2022-02-22T16:00:00Z,7.402555
p02,2022-02-22T17:00:00Z,6.064455
p02,2022-02-22T18:00:00Z,5.465484
p02,2022-02-22T19:00:00Z,4.795698
p02,2022-02-22T20:00:00Z,4.193234
p02,2022-02-22T21:00:00Z,3.620494
p02,2022-02-22T22:00:00Z,3.475138
p02,2022-02-22T23:00:00Z,3.791643
p02,2022-02-23T00:00:00Z,3.639219
p02,2022-02-23T01:00:00Z,3.264886
p02,2022-02-23T02:00:00Z,5.622808
p02,2022-02-23T03:00:00Z,6.641614
p02,2022-02-23T04:00:00Z,6.596592
p02,2022-02-23T05:00:00Z,6.823385
p02,2022-02-23T06:00:00Z,8.395976
p02,2022-02-23T07:00:00Z,9.507344
p02,2022-02-23T08:00:00Z,8.901192
p02,2022-02-23T09:00:00Z,9.445115
p02,2022-02-23T10:00:00Z,9.525703
p02,2022-02-23T11:00:00Z,10.065351
p02,2022-02-23T12:00:00Z,10.000171
p02,2022-02-23T13:00:00Z,9.599053
p02,2022-02-23T14:00:00Z,8.180229
p02,2022-02-23T15:00:00Z,7.529007
p02,2022-02-23T16:00:00Z,6.749401
p02,2022-02-23T17:00:00Z,6.630225
p02,2022-02-23T18:00:00Z,5.119123
p02,2022-02-23T19:00:00Z,5.446932
p02,2022-02-23T20:00:00Z,3.657384
p02,2022-02-23T21:00:00Z,4.237298
p02,2022-02-23T22:00:00Z,3.619626
p02,2022-02-23T23:00:00Z,4.500868
p02,2022-02-24T00:00:00Z,4.651205
p02,2022-02-24T01:00:00Z,4.391314
p02,2022-02-24T02:00:00Z,5.074593
p02,2022-02-24T03:00:00Z,6.672757
p02,2022-02-24T04:00:00Z,8.269572
p02,2022-02-24T05:00:00Z,7.382150
p02,2022-02-24T06:00:00Z,8.045179
p02,2022-02-24T07:00:00Z,9.245668
p02,2022-02-24T08:00:00Z,8.632020
p02,2022-02-24T09:00:00Z,9.191245
p02,2022-02-24T10:00:00Z,10.591136
p02,2022-02-24T11:00:00Z,8.834331
p02,2022-02-24T12:00:00Z,9.329681
p02,2022-02-24T13:00:00Z,9.497113
p02,2022-02-24T14:00:00Z,8.716671
p02,2022-02-24T15:00:00Z,8.154463
p02,2022-02-24T16:00:00Z,7.985054
p02,2022-02-24T17:00:00Z,5.991964
p02,2022-02-24T18:00:00Z,5.312629
p02,2022-02-24T19:00:00Z,4.180138
p02,2022-02-24T20:00:00Z,3.725416
p02,2022-02-24T21:00:00Z,4.353319
p02,2022-02-24T22:00:00Z,3.459423
p02,2022-02-24T23:00:00Z,4.834964
p02,2022-02-25T00:00:00Z,4.462728
p02,2022-02-25T01:00:00Z,5.377714
p02,2022-02-25T02:00:00Z,5.425170
p02,2022-02-25T03:00:00Z,5.771243
p02,2022-02-25T04:00:00Z,5.746426
p02,2022-02-25T05:00:00Z,7.311796
p02,2022-02-25T06:00:00Z,8.821797
p02,2022-02-25T07:00:00Z,9.372237
p02,2022-02-25T08:00:00Z,9.999743
p02,2022-02-25T09:00:00Z,10.105811
p02,2022-02-25T10:00:00Z,9.955890
p02,2022-02-25T11:00:00Z,9.034607
p02,2022-02-25T12:00:00Z,9.670817
p02,2022-02-25T13:00:00Z,8.994472
p02,2022-02-25T14:00:00Z,9.090920
p02,2022-02-25T15:00:00Z,7.905249
p02,2022-02-25T16:00:00Z,7.239719
p02,2022-02-25T17:00:00Z,6.995577
p02,2022-02-25T18:00:00Z,5.630232
p02,2022-02-25T19:00:00Z,5.517816
p02,2022-02-25T20:00:00Z,5.311163
p02,2022-02-25T21:00:00Z,4.948132
p02,2022-02-25T22:00:00Z,2.953949
p02,2022-02-25T23:00:00Z,3.709713
p02,2022-02-26T00:00:00Z,4.846794
p02,2022-02-26T01:00:00Z,4.700746
p02,2022-02-26T02:00:00Z,6.147969
p02,2022-02-26T03:00:00Z,6.622432
p02,2022-02-26T04:00:00Z,6.726616
p02,2022-02-26T05:00:00Z,8.604883
p02,2022-02-26T06:00:00Z,8.348446
p02,2022-02-26T07:00:00Z,8.667341
p02,2022-02-26T08:00:00Z,10.278549
p02,2022-02-26T09:00:00Z,9.946428
p02,2022-02-26T10:00:00Z,9.657580
p02,2022-02-26T11:00:00Z,9.500193
p02,2022-02-26T12:00:00Z,9.715076
p02,2022-02-26T13:00:00Z,9.764360
p02,2022-02-26T14:00:00Z,8.400836
p02,2022-02-26T15:00:00Z,8.048516
p02,2022-02-26T16:00:00Z,8.310610
p02,2022-02-26T17:00:00Z,7.967780
p02,2022-02-26T18:00:00Z,5.624855
p02,2022-02-26T19:00:00Z,4.533137
p02,2022-02-26T20:00:00Z,4.920917
p02,2022-02-26T21:00:00Z,4.729255
p02,2022-02-26T22:00:00Z,3.897453
p02,2022-02-26T23:00:00Z,3.766663
p02,2022-02-27T00:00:00Z,5.421204
p02,2022-02-27T01:00:00Z,5.068356
p02,2022-02-27T02:00:00Z,6.077030
p02,2022-02-27T03:00:00Z,6.505311
p02,2022-02-27T04:00:00Z,8.085717
p02,2022-02-27T05:00:00Z,7.463705
p02,2022-02-27T06:00:00Z,7.769095
p02,2022-02-27T07:00:00Z,9.889167
p02,2022-02-27T08:00:00Z,9.460743
p02,2022-02-27T09:00:00Z,9.963088
p02,2022-02-27T10:00:00Z,9.780870
p02,2022-02-27T11:00:00Z,10.776407
p02,2022-02-27T12:00:00Z,10.030399
p02,2022-02-27T13:00:00Z,9.595218
p02,2022-02-27T14:00:00Z,8.859090
p02,2022-02-27T15:00:00Z,8.345255
p02,2022-02-27T16:00:00Z,7.646544
p02,2022-02-27T17:00:00Z,6.732093
p02,2022-02-27T18:00:00Z,5.010341
p02,2022-02-27T19:00:00Z,4.947077
p02,2022-02-27T20:00:00Z,4.588888
p02,2022-02-27T21:00:00Z,4.117633
p02,2022-02-27T22:00:00Z,4.735652
p02,2022-02-27T23:00:00Z,4.272315
p02,2022-02-28T00:00:00Z,4.765770
p02,2022-02-28T01:00:00Z,5.049168
p02,2022-02-28T02:00:00Z,5.209860
p02,2022-02-28T03:00:00Z,6.433249
p02,2022-02-28T04:00:00Z,6.840871
p02,2022-02-28T05:00:00Z,8.266095
p02,2022-02-28T06:00:00Z,8.705798
p02,2022-02-28T07:00:00Z,8.388477
p02,2022-02-28T08:00:00Z,9.864371
p02,2022-02-28T09:00:00Z,11.472177
p02,2022-02-28T10:00:00Z,10.626820
p02,2022-02-28T11:00:00Z,10.415987
p02,2022-02-28T12:00:00Z,9.932775
p02,2022-02-28T13:00:00Z,10.060008
p02,2022-02-28T14:00:00Z,8.510593
p02,2022-02-28T15:00:00Z,8.085741
p02,2022-02-28T16:00:00Z,6.304588
p02,2022-02-28T17:00:00Z,6.416842
p02,2022-02-28T18:00:00Z,6.446964
p02,2022-02-28T19:00:00Z,4.996169
p02,2022-02-28T20:00:00Z,5.704773
p02,2022-02-28T21:00:00Z,3.736428
p02,2022-02-28T22:00:00Z,4.953071
p02,2022-02-28T23:00:00Z,4.744092
p02,2022-03-01T00:00:00Z,5.497301
p02,2022-03-01T01:00:00Z,5.688876
p02,2022-03-01T02:00:00Z,5.940630
p02,2022-03-01T03:00:00Z,6.363898
p02,2022-03-01T04:00:00Z,7.335092
p02,2022-03-01T05:00:00Z,7.538931
p02,2022-03-01T06:00:00Z,9.107355
p02,2022-03-01T07:00:00Z,8.844217
p02,2022-03-01T08:00:00Z,9.172732
p02,2022-03-01T09:00:00Z,10.510971
p02,2022-03-01T10:00:00Z,11.190867
p02,2022-03-01T11:00:00Z,10.369775
p02,2022-03-01T12:00:00Z,10.928259
p02,2022-03-01T13:00:00Z,9.922168
p02,2022-03-01T14:00:00Z,9.349806
p02,2022-03-01T15:00:00Z,8.041252
p02,2022-03-01T16:00:00Z,7.454030
p02,2022-03-01T17:00:00Z,5.621681
p02,2022-03-01T18:00:00Z,5.958066
p02,2022-03-01T19:00:00Z,5.867061
p02,2022-03-01T20:00:00Z,4.993717
p02,2022-03-01T21:00:00Z,4.827977
p02,2022-03-01T22:00:00Z,4.897906
p02,2022-03-01T23:00:00Z,4.760328
p02,2022-03-02T00:00:00Z,5.011601
p02,2022-03-02T01:00:00Z,5.818002
p02,2022-03-02T02:00:00Z,6.981475
p02,2022-03-02T03:00:00Z,6.457690
p02,2022-03-02T04:00:00Z,7.937396
p02,2022-03-02T05:00:00Z,8.517119
p02,2022-03-02T06:00:00Z,9.764519
p02,2022-03-02T07:00:00Z,10.650399
p02,2022-03-02T08:00:00Z,10.374716
p02,2022-03-02T09:00:00Z,10.040186
p02,2022-03-02T10:00:00Z,11.125093
p02,2022-03-02T11:00:00Z,11.599582
p02,2022-03-02T12:00:00Z,11.075615
p02,2022-03-02T13:00:00Z,9.036945
p02,2022-03-02T14:00:00Z,9.085497
p02,2022-03-02T15:00:00Z,7.965470
p02,2022-03-02T16:00:00Z,8.105086
p02,2022-03-02T17:00:00Z,7.216409
p02,2022-03-02T18:00:00Z,7.316585
p02,2022-03-02T19:00:00Z,5.305462
p02,2022-03-02T20:00:00Z,5.611774
p02,2022-03-02T21:00:00Z,3.873061
p02,2022-03-02T22:00:00Z,5.237835
p02,2022-03-02T23:00:00Z,5.791900
p02,2022-03-03T00:00:00Z,4.501724
p02,2022-03-03T01:00:00Z,5.954453
p02,2022-03-03T02:00:00Z,5.659600
p02,2022-03-03T03:00:00Z,7.019217
p02,2022-03-03T04:00:00Z,7.450813
p02,2022-03-03T05:00:00Z,8.510146
p02,2022-03-03T06:00:00Z,8.292948
p02,2022-03-03T07:00:00Z,9.183151
p02,2022-03-03T08:00:00Z,10.439349
p02,2022-03-03T09:00:00Z,10.743342
p02,2022-03-03T10:00:00Z,11.119354
p02,2022-03-03T11:00:00Z,10.344025
p02,2022-03-03T12:00:00Z,10.609584
p02,2022-03-03T13:00:00Z,9.849495
p02,2022-03-03T14:00:00Z,9.568292
p02,2022-03-03T15:00:00Z,8.355229
p02,2022-03-03T16:00:00Z,8.377570
p02,2022-03-03T17:00:00Z,7.072345
p02,2022-03-03T18:00:00Z,6.938183
p02,2022-03-03T19:00:00Z,5.657422
p02,2022-03-03T20:00:00Z,5.538567
p02,2022-03-03T21:00:00Z,4.799521
p02,2022-03-03T22:00:00Z,5.677539
p02,2022-03-03T23:00:00Z,4.797673
p02,2022-03-04T00:00:00Z,5.166821
p02,2022-03-04T01:00:00Z,5.199501
p02,2022-03-04T02:00:00Z,6.809295
p02,2022-03-04T03:00:00Z,6.590759
p02,2022-03-04T04:00:00Z,8.062172
p02,2022-03-04T05:00:00Z,7.853768
p02,2022-03-04T06:00:00Z,8.740098
p02,2022-03-04T07:00:00Z,9.835496
p02,2022-03-04T08:00:00Z,11.175630
p02,2022-03-04T09:00:00Z,10.695339
p02,2022-03-04T10:00:00Z,10.376017
p02,2022-03-04T11:00:00Z,10.457468
p02,2022-03-04T12:00:00Z,10.486882
p02,2022-03-04T13:00:00Z,10.075993
p02,2022-03-04T14:00:00Z,9.144012
p02,2022-03-04T15:00:00Z,8.613085
p02,2022-03-04T16:00:00Z,7.343709
p02,2022-03-04T17:00:00Z,6.966556
p02,2022-03-04T18:00:00Z,7.371299
p02,2022-03-04T19:00:00Z,6.507307
p02,2022-03-04T20:00:00Z,5.125006
p02,2022-03-04T21:00:00Z,5.316950
p02,2022-03-04T22:00:00Z,6.083492
p02,2022-03-04T23:00:00Z,5.766300
p02,2022-03-05T00:00:00Z,5.691940
p02,2022-03-05T01:00:00Z,6.172132
p02,2022-03-05T02:00:00Z,6.412371
p02,2022-03-05T03:00:00Z,6.455228
p02,2022-03-05T04:00:00Z,7.477126
p02,2022-03-05T05:00:00Z,8.278021
p02,2022-03-05T06:00:00Z,9.408294
p02,2022-03-05T07:00:00Z,9.833591
p02,2022-03-05T08:00:00Z,10.948086
p02,2022-03-05T09:00:00Z,11.367637
p02,2022-03-05T10:00:00Z,10.447106
p02,2022-03-05T11:00:00Z,10.646764
p02,2022-03-05T12:00:00Z,10.158850
p02,2022-03-05T13:00:00Z,9.559908
p02,2022-03-05T14:00:00Z,10.250870
p02,2022-03-05T15:00:00Z,8.580417
p02,2022-03-05T16:00:00Z,6.680001
p02,2022-03-05T17:00:00Z,7.402968
p02,2022-03-05T18:00:00Z,7.310576
p02,2022-03-05T19:00:00Z,5.813694
p02,2022-03-05T20:00:00Z,4.714790
p02,2022-03-05T21:00:00Z,4.273352
p02,2022-03-05T22:00:00Z,6.264923
p02,2022-03-05T23:00:00Z,4.717284
p02,2022-03-06T00:00:00Z,5.504814
p02,2022-03-06T01:00:00Z,5.347229
p02,2022-03-06T02:00:00Z,6.549621
p02,2022-03-06T03:00:00Z,6.608130
p02,2022-03-06T04:00:00Z,8.001553
p02,2022-03-06T05:00:00Z,9.404721
p02,2022-03-06T06:00:00Z,9.179403
p02,2022-03-06T07:00:00Z,9.857618
p02,2022-03-06T08:00:00Z,9.792742
p02,2022-03-06T09:00:00Z,10.196301
p02,2022-03-06T10:00:00Z,10.800870
p02,2022-03-06T11:00:00Z,10.636777
p02,2022-03-06T12:00:00Z,10.298439
p02,2022-03-06T13:00:00Z,10.482413
p02,2022-03-06T14:00:00Z,9.947604
p02,2022-03-06T15:00:00Z,9.352638
p02,2022-03-06T16:00:00Z,7.718988
p02,2022-03-06T17:00:00Z,7.245659
p02,2022-03-06T18:00:00Z,6.396709
p02,2022-03-06T19:00:00Z,5.990340
p02,2022-03-06T20:00:00Z,5.009496
p02,2022-03-06T21:00:00Z,5.377732
p02,2022-03-06T22:00:00Z,4.857659
p02,2022-03-06T23:00:00Z,4.998644
p02,2022-03-07T00:00:00Z,6.011389
p02,2022-03-07T01:00:00Z,6.466015
p02,2022-03-07T02:00:00Z,7.166858
p02,2022-03-07T03:00:00Z,6.829232
p02,2022-03-07T04:00:00Z,7.504836
p02,2022-03-07T05:00:00Z,8.177337
p02,2022-03-07T06:00:00Z,9.312120
p02,2022-03-07T07:00:00Z,9.957847
p02,2022-03-07T08:00:00Z,10.709899
p02,2022-03-07T09:00:00Z,10.789918
p02,2022-03-07T10:00:00Z,11.613650
p02,2022-03-07T11:00:00Z,10.878830
p02,2022-03-07T12:00:00Z,9.783351
p02,2022-03-07T13:00:00Z,9.752918
p02,2022-03-07T14:00:00Z,9.495693
p02,2022-03-07T15:00:00Z,8.847833
p02,2022-03-07T16:00:00Z,7.779536
p02,2022-03-07T17:00:00Z,7.244420
p02,2022-03-07T18:00:00Z,6.837241
p02,2022-03-07T19:00:00Z,5.193568
p02,2022-03-07T20:00:00Z,5.868943
p02,2022-03-07T21:00:00Z,4.792534
p02,2022-03-07T22:00:00Z,4.809989
p02,2022-03-07T23:00:00Z,4.737244
p02,2022-03-08T00:00:00Z,5.847764
p02,2022-03-08T01:00:00Z,5.646079
p02,2022-03-08T02:00:00Z,6.381128
p02,2022-03-08T03:00:00Z,7.820463
p02,2022-03-08T04:00:00Z,8.297373
p02,2022-03-08T05:00:00Z,8.515548
p02,2022-03-08T06:00:00Z,8.844557
p02,2022-03-08T07:00:00Z,10.568156
p02,2022-03-08T08:00:00Z,10.325259
p02,2022-03-08T09:00:00Z,11.152994
p02,2022-03-08T10:00:00Z,10.811940
p02,2022-03-08T11:00:00Z,10.987600
p02,2022-03-08T12:00:00Z,10.906436
p02,2022-03-08T13:00:00Z,10.195872
p02,2022-03-08T14:00:00Z,10.223466
p02,2022-03-08T15:00:00Z,7.702015
p02,2022-03-08T16:00:00Z,7.991719
p02,2022-03-08T17:00:00Z,7.698147
p02,2022-03-08T18:00:00Z,6.742112
p02,2022-03-08T19:00:00Z,6.252808
p02,2022-03-08T20:00:00Z,5.095830
p02,2022-03-08T21:00:00Z,5.036522
p02,2022-03-08T22:00:00Z,5.560065
p02,2022-03-08T23:00:00Z,6.036132
p02,2022-03-09T00:00:00Z,6.362395
p02,2022-03-09T01:00:00Z,5.747792
p02,2022-03-09T02:00:00Z,7.108448
p02,2022-03-09T03:00:00Z,7.772335
p02,2022-03-09T04:00:00Z,8.779579
p02,2022-03-09T05:00:00Z,9.039897
p02,2022-03-09T06:00:00Z,10.138778
p02,2022-03-09T07:00:00Z,9.961159
p02,2022-03-09T08:00:00Z,10.947605
p02,2022-03-09T09:00:00Z,10.228955
p02,2022-03-09T10:00:00Z,10.959141
p02,2022-03-09T11:00:00Z,11.316312
p02,2022-03-09T12:00:00Z,10.307113
p02,2022-03-09T13:00:00Z,10.561413
p02,2022-03-09T14:00:00Z,9.885926
p02,2022-03-09T15:00:00Z,9.134598
p02,2022-03-09T16:00:00Z,8.043436
p02,2022-03-09T17:00:00Z,7.108252
p02,2022-03-09T18:00:00Z,7.017552
p02,2022-03-09T19:00:00Z,6.237015
p02,2022-03-09T20:00:00Z,6.121731
p02,2022-03-09T21:00:00Z,6.271917
p02,2022-03-09T22:00:00Z,5.450594
p02,2022-03-09T23:00:00Z,5.264452
p02,2022-03-10T00:00:00Z,5.397940
p02,2022-03-10T01:00:00Z,6.637000
p02,2022-03-10T02:00:00Z,6.465898
p02,2022-03-10T03:00:00Z,6.821415
p02,2022-03-10T04:00:00Z,7.977011
p02,2022-03-10T05:00:00Z,9.333223
p02,2022-03-10T06:00:00Z,9.812391
p02,2022-03-10T07:00:00Z,10.552555
p02,2022-03-10T08:00:00Z,11.681293
p02,2022-03-10T09:00:00Z,11.703516
p02,2022-03-10T10:00:00Z,10.965385
p02,2022-03-10T11:00:00Z,10.964351
p02,2022-03-10T12:00:00Z,10.932237
p02,2022-03-10T13:00:00Z,10.581219
p02,2022-03-10T14:00:00Z,10.523514
p02,2022-03-10T15:00:00Z,9.237643
p02,2022-03-10T16:00:00Z,9.657834
p02,2022-03-10T17:00:00Z,6.822928
p02,2022-03-10T18:00:00Z,6.761745
p02,2022-03-10T19:00:00Z,6.482343
p02,2022-03-10T20:00:00Z,6.168619
p02,2022-03-10T21:00:00Z,6.261041
p02,2022-03-10T22:00:00Z,5.612426
p02,2022-03-10T23:00:00Z,5.177807
p02,2022-03-11T00:00:00Z,6.046403
p02,2022-03-11T01:00:00Z,6.429388
p02,2022-03-11T02:00:00Z,6.667608
p02,2022-03-11T03:00:00Z,8.487642
p02,2022-03-11T04:00:00Z,7.152696
p02,2022-03-11T05:00:00Z,9.463003
p02,2022-03-11T06:00:00Z,9.821035
p02,2022-03-11T07:00:00Z,9.852899
p02,2022-03-11T08:00:00Z,10.957083
p02,2022-03-11T09:00:00Z,11.353320
p02,2022-03-11T10:00:00Z,11.880183
p02,2022-03-11T11:00:00Z,10.839541
p02,2022-03-11T12:00:00Z,11.221127
p02,2022-03-11T13:00:00Z,10.715161
p02,2022-03-11T14:00:00Z,9.893241
p02,2022-03-11T15:00:00Z,8.655607
p02,2022-03-11T16:00:00Z,7.871214
p02,2022-03-11T17:00:00Z,7.927076
p02,2022-03-11T18:00:00Z,7.080766
p02,2022-03-11T19:00:00Z,6.106715
p02,2022-03-11T20:00:00Z,5.918713
p02,2022-03-11T21:00:00Z,5.721221
p02,2022-03-11T22:00:00Z,4.834408
p02,2022-03-11T23:00:00Z,5.808669
p02,2022-03-12T00:00:00Z,5.687326
p02,2022-03-12T01:00:00Z,6.771318
p02,2022-03-12T02:00:00Z,7.398847
p02,2022-03-12T03:00:00Z,7.736362
p02,2022-03-12T04:00:00Z,8.059391
p02,2022-03-12T05:00:00Z,9.241141
p02,2022-03-12T06:00:00Z,9.134845
p02,2022-03-12T07:00:00Z,10.624138
p02,2022-03-12T08:00:00Z,11.091465
p02,2022-03-12T09:00:00Z,11.371809
p02,2022-03-12T10:00:00Z,12.203520
p02,2022-03-12T11:00:00Z,11.184329
p02,2022-03-12T12:00:00Z,10.474444
p02,2022-03-12T13:00:00Z,11.703062
p02,2022-03-12T14:00:00Z,9.953533
p02,2022-03-12T15:00:00Z,8.959411
p02,2022-03-12T16:00:00Z,8.084247
p02,2022-03-12T17:00:00Z,7.996330
p02,2022-03-12T18:00:00Z,7.551507
p02,2022-03-12T19:00:00Z,6.638291
p02,2022-03-12T20:00:00Z,5.883876
p02,2022-03-12T21:00:00Z,5.368901
p02,2022-03-12T22:00:00Z,6.948133
p02,2022-03-12T23:00:00Z,4.818169
p02,2022-03-13T00:00:00Z,5.015668
p02,2022-03-13T01:00:00Z,6.505048
p02,2022-03-13T02:00:00Z,7.501206
p02,2022-03-13T03:00:00Z,8.538100
p02,2022-03-13T04:00:00Z,8.073005
p02,2022-03-13T05:00:00Z,8.588971
p02,2022-03-13T06:00:00Z,9.515448
p02,2022-03-13T07:00:00Z,10.470394
p02,2022-03-13T08:00:00Z,10.963445
p02,2022-03-13T09:00:00Z,12.192226
p02,2022-03-13T10:00:00Z,11.677402
p02,2022-03-13T11:00:00Z,11.401886
p02,2022-03-13T12:00:00Z,10.818966
p02,2022-03-13T13:00:00Z,10.727831
p02,2022-03-13T14:00:00Z,11.141519
p02,2022-03-13T15:00:00Z,9.074421
p02,2022-03-13T16:00:00Z,7.935969
p02,2022-03-13T17:00:00Z,7.143066
p02,2022-03-13T18:00:00Z,6.723499
p02,2022-03-13T19:00:00Z,5.554401
p02,2022-03-13T20:00:00Z,6.294039
p02,2022-03-13T21:00:00Z,5.201170
p02,2022-03-13T22:00:00Z,6.236560
p02,2022-03-13T23:00:00Z,5.102689
p02,2022-03-14T00:00:00Z,6.358882
p02,2022-03-14T01:00:00Z,5.949638
p02,2022-03-14T02:00:00Z,7.342190
p02,2022-03-14T03:00:00Z,8.129312
p02,2022-03-14T04:00:00Z,7.793392
p02,2022-03-14T05:00:00Z,9.687471
p02,2022-03-14T06:00:00Z,10.542240
p02,2022-03-14T07:00:00Z,9.955422
p02,2022-03-14T08:00:00Z,10.842791
p02,2022-03-14T09:00:00Z,11.074072
p02,2022-03-14T10:00:00Z,12.234863
p02,2022-03-14T11:00:00Z,11.633328
p02,2022-03-14T12:00:00Z,10.814400
p02,2022-03-14T13:00:00Z,11.012151
p02,2022-03-14T14:00:00Z,10.390365
p02,2022-03-14T15:00:00Z,9.439179
p02,2022-03-14T16:00:00Z,8.531718
p02,2022-03-14T17:00:00Z,7.274690
p02,2022-03-14T18:00:00Z,7.507406
p02,2022-03-14T19:00:00Z,6.194831
p02,2022-03-14T20:00:00Z,6.825270
p02,2022-03-14T21:00:00Z,5.640113
p02,2022-03-14T22:00:00Z,6.037237
p02,2022-03-14T23:00:00Z,6.102915
p02,2022-03-15T00:00:00Z,6.707999
p02,2022-03-15T01:00:00Z,6.280512
p02,2022-03-15T02:00:00Z,8.240066
p02,2022-03-15T03:00:00Z,8.037738
p02,2022-03-15T04:00:00Z,8.907143
p02,2022-03-15T05:00:00Z,8.691184
p02,2022-03-15T06:00:00Z,9.551468
p02,2022-03-15T07:00:00Z,10.887101
p02,2022-03-15T08:00:00Z,11.161302
p02,2022-03-15T09:00:00Z,11.555136
p02,2022-03-15T10:00:00Z,11.827865
p02,2022-03-15T11:00:00Z,11.627638
p02,2022-03-15T12:00:00Z,11.072921
p02,2022-03-15T13:00:00Z,10.244267
p02,2022-03-15T14:00:00Z,10.137160
p02,2022-03-15T15:00:00Z,10.472371
p02,2022-03-15T16:00:00Z,8.363140
p02,2022-03-15T17:00:00Z,7.733734
p02,2022-03-15T18:00:00Z,8.440228
p02,2022-03-15T19:00:00Z,5.837624
p02,2022-03-15T20:00:00Z,6.167350
p02,2022-03-15T21:00:00Z,5.641490
p02,2022-03-15T22:00:00Z,6.474216
p02,2022-03-15T23:00:00Z,6.860128
p02,2022-03-16T00:00:00Z,5.538755
p02,2022-03-16T01:00:00Z,6.252953
p02,2022-03-16T02:00:00Z,7.692794
p02,2022-03-16T03:00:00Z,7.851388
p02,2022-03-16T04:00:00Z,8.952312
p02,2022-03-16T05:00:00Z,8.514760
p02,2022-03-16T06:00:00Z,10.137787
p02,2022-03-16T07:00:00Z,11.591954
p02,2022-03-16T08:00:00Z,11.068722
p02,2022-03-16T09:00:00Z,11.502224
p02,2022-03-16T10:00:00Z,11.621337
p02,2022-03-16T11:00:00Z,11.157158
p02,2022-03-16T12:00:00Z,10.926047
p02,2022-03-16T13:00:00Z,11.325235
p02,2022-03-16T14:00:00Z,10.425182
p02,2022-03-16T15:00:00Z,9.954646
p02,2022-03-16T16:00:00Z,8.554647
p02,2022-03-16T17:00:00Z,8.278135
p02,2022-03-16T18:00:00Z,6.775991
p02,2022-03-16T19:00:00Z,6.495661
p02,2022-03-16T20:00:00Z,6.317431
p02,2022-03-16T21:00:00Z,5.728956
p02,2022-03-16T22:00:00Z,5.344479
p02,2022-03-16T23:00:00Z,6.465019
p02,2022-03-17T00:00:00Z,6.089979
p02,2022-03-17T01:00:00Z,6.529059
p02,2022-03-17T02:00:00Z,6.896321
p02,2022-03-17T03:00:00Z,8.493333
p02,2022-03-17T04:00:00Z,8.466083
p02,2022-03-17T05:00:00Z,9.497290
p02,2022-03-17T06:00:00Z,10.502222
p02,2022-03-17T07:00:00Z,11.980263
p02,2022-03-17T08:00:00Z,11.837774
p02,2022-03-17T09:00:00Z,11.449548
p02,2022-03-17T10:00:00Z,11.963038
p02,2022-03-17T11:00:00Z,11.603557
p02,2022-03-17T12:00:00Z,10.906339
p02,2022-03-17T13:00:00Z,11.191594
p02,2022-03-17T14:00:00Z,10.688474
p02,2022-03-17T15:00:00Z,9.981277
p02,2022-03-17T16:00:00Z,9.024767
p02,2022-03-17T17:00:00Z,9.054760
p02,2022-03-17T18:00:00Z,6.951399
p02,2022-03-17T19:00:00Z,6.422497
p02,2022-03-17T20:00:00Z,6.446533
p02,2022-03-17T21:00:00Z,5.969444
p02,2022-03-17T22:00:00Z,5.733409
p02,2022-03-17T23:00:00Z,5.695922
p02,2022-03-18T00:00:00Z,5.561281
p02,2022-03-18T01:00:00Z,7.171982
p02,2022-03-18T02:00:00Z,7.530256
p02,2022-03-18T03:00:00Z,8.064590
p02,2022-03-18T04:00:00Z,8.616911
p02,2022-03-18T05:00:00Z,9.244818
p02,2022-03-18T06:00:00Z,10.478864
p02,2022-03-18T07:00:00Z,11.116143
p02,2022-03-18T08:00:00Z,12.139760
p02,2022-03-18T09:00:00Z,11.618967
p02,2022-03-18T10:00:00Z,11.613514
p02,2022-03-18T11:00:00Z,11.280426
p02,2022-03-18T12:00:00Z,11.811054
p02,2022-03-18T13:00:00Z,10.984663
p02,2022-03-18T14:00:00Z,10.415030
p02,2022-03-18T15:00:00Z,9.565605
p02,2022-03-18T16:00:00Z,8.540829
p02,2022-03-18T17:00:00Z,7.888171
p02,2022-03-18T18:00:00Z,7.289453
p02,2022-03-18T19:00:00Z,6.393874
p02,2022-03-18T20:00:00Z,5.580165
p02,2022-03-18T21:00:00Z,6.674416
p02,2022-03-18T22:00:00Z,5.469558
p02,2022-03-18T23:00:00Z,6.027719
p02,2022-03-19T00:00:00Z,6.636727
p02,2022-03-19T01:00:00Z,7.428199
p02,2022-03-19T02:00:00Z,8.033654
p02,2022-03-19T03:00:00Z,8.189260
p02,2022-03-19T04:00:00Z,10.328518
p02,2022-03-19T05:00:00Z,10.162008
p02,2022-03-19T06:00:00Z,10.054995
p02,2022-03-19T07:00:00Z,10.523429
p02,2022-03-19T08:00:00Z,11.334593
p02,2022-03-19T09:00:00Z,12.545116
p02,2022-03-19T10:00:00Z,11.493929
p02,2022-03-19T11:00:00Z,12.046349
p02,2022-03-19T12:00:00Z,11.942490
p02,2022-03-19T13:00:00Z,10.823267
p02,2022-03-19T14:00:00Z,10.493594
p02,2022-03-19T15:00:00Z,10.238638
p02,2022-03-19T16:00:00Z,9.166375
p02,2022-03-19T17:00:00Z,7.857120
p02,2022-03-19T18:00:00Z,6.931876
p02,2022-03-19T19:00:00Z,6.288322
p02,2022-03-19T20:00:00Z,5.857693
p02,2022-03-19T21:00:00Z,6.295923
p02,2022-03-19T22:00:00Z,6.336241
p02,2022-03-19T23:00:00Z,6.971777
p02,2022-03-20T00:00:00Z,5.880215
p02,2022-03-20T01:00:00Z,6.497710
p02,2022-03-20T02:00:00Z,7.586319
p02,2022-03-20T03:00:00Z,8.683068
p02,2022-03-20T04:00:00Z,9.824307
p02,2022-03-20T05:00:00Z,10.611269
p02,2022-03-20T06:00:00Z,10.394263
p02,2022-03-20T07:00:00Z,11.527222
p02,2022-03-20T08:00:00Z,11.198005
p02,2022-03-20T09:00:00Z,12.206405
p02,2022-03-20T10:00:00Z,11.215037
p02,2022-03-20T11:00:00Z,12.329102
p02,2022-03-20T12:00:00Z,12.271503
p02,2022-03-20T13:00:00Z,11.009141
p02,2022-03-20T14:00:00Z,9.128238
p02,2022-03-20T15:00:00Z,9.800833
p02,2022-03-20T16:00:00Z,9.162559
p02,2022-03-20T17:00:00Z,8.396540
p02,2022-03-20T18:00:00Z,6.855456
p02,2022-03-20T19:00:00Z,8.157370
p02,2022-03-20T20:00:00Z,6.592324
p02,2022-03-20T21:00:00Z,6.055384
p02,2022-03-20T22:00:00Z,6.388854
p02,2022-03-20T23:00:00Z,5.924629
p02,2022-03-21T00:00:00Z,5.970677
p02,2022-03-21T01:00:00Z,6.336366
p02,2022-03-21T02:00:00Z,7.270591
p02,2022-03-21T03:00:00Z,7.689706
p02,2022-03-21T04:00:00Z,9.861158
p02,2022-03-21T05:00:00Z,9.624435
p02,2022-03-21T06:00:00Z,10.634169
p02,2022-03-21T07:00:00Z,11.113428
p02,2022-03-21T08:00:00Z,12.261147
p02,2022-03-21T09:00:00Z,11.560011
p02,2022-03-21T10:00:00Z,13.131164
p02,2022-03-21T11:00:00Z,12.030060
p02,2022-03-21T12:00:00Z,10.661115
p02,2022-03-21T13:00:00Z,11.153246
p02,2022-03-21T14:00:00Z,10.758654
p02,2022-03-21T15:00:00Z,9.713990
p02,2022-03-21T16:00:00Z,8.602094
p02,2022-03-21T17:00:00Z,8.859857
p02,2022-03-21T18:00:00Z,6.446329
p02,2022-03-21T19:00:00Z,7.564548
p02,2022-03-21T20:00:00Z,6.647291
p02,2022-03-21T21:00:00Z,6.214206
p02,2022-03-21T22:00:00Z,6.511988
p02,2022-03-21T23:00:00Z,6.696463
p02,2022-03-22T00:00:00Z,5.704140
p02,2022-03-22T01:00:00Z,7.186524
p02,2022-03-22T02:00:00Z,7.756574
p02,2022-03-22T03:00:00Z,7.778074
p02,2022-03-22T04:00:00Z,8.874431
p02,2022-03-22T05:00:00Z,9.947206
p02,2022-03-22T06:00:00Z,9.776857
p02,2022-03-22T07:00:00Z,11.511827
p02,2022-03-22T08:00:00Z,12.367287
p02,2022-03-22T09:00:00Z,11.585745
p02,2022-03-22T10:00:00Z,12.941115
p02,2022-03-22T11:00:00Z,12.060976
p02,2022-03-22T12:00:00Z,11.830257
p02,2022-03-22T13:00:00Z,12.326403
p02,2022-03-22T14:00:00Z,9.353745
p02,2022-03-22T15:00:00Z,10.197758
p02,2022-03-22T16:00:00Z,9.472265
p02,2022-03-22T17:00:00Z,7.834519
p02,2022-03-22T18:00:00Z,7.595461
p02,2022-03-22T19:00:00Z,6.870166
p02,2022-03-22T20:00:00Z,5.477764
p02,2022-03-22T21:00:00Z,6.854442
p02,2022-03-22T22:00:00Z,7.068440
p02,2022-03-22T23:00:00Z,5.960028
p02,2022-03-23T00:00:00Z,6.936699
p02,2022-03-23T01:00:00Z,6.723610
p02,2022-03-23T02:00:00Z,7.230160
p02,2022-03-23T03:00:00Z,8.817875
p02,2022-03-23T04:00:00Z,8.990360
p02,2022-03-23T05:00:00Z,9.283857
p02,2022-03-23T06:00:00Z,10.284607
p02,2022-03-23T07:00:00Z,11.381278
p02,2022-03-23T08:00:00Z,12.299373
p02,2022-03-23T09:00:00Z,12.143078
p02,2022-03-23T10:00:00Z,11.753320
p02,2022-03-23T11:00:00Z,11.948231
p02,2022-03-23T12:00:00Z,11.836732
p02,2022-03-23T13:00:00Z,12.024848
p02,2022-03-23T14:00:00Z,10.666868
p02,2022-03-23T15:00:00Z,10.355903
p02,2022-03-23T16:00:00Z,9.188717
p02,2022-03-23T17:00:00Z,8.120800
p02,2022-03-23T18:00:00Z,7.972562
p02,2022-03-23T19:00:00Z,6.655443
p02,2022-03-23T20:00:00Z,6.854997
p02,2022-03-23T21:00:00Z,7.056200
p02,2022-03-23T22:00:00Z,6.051656
p02,2022-03-23T23:00:00Z,5.642441
p02,2022-03-24T00:00:00Z,5.864807
p02,2022-03-24T01:00:00Z,7.147320
p02,2022-03-24T02:00:00Z,7.425117
p02,2022-03-24T03:00:00Z,8.969715
p02,2022-03-24T04:00:00Z,9.123472
p02,2022-03-24T05:00:00Z,11.017024
p02,2022-03-24T06:00:00Z,11.263870
p02,2022-03-24T07:00:00Z,11.390168
p02,2022-03-24T08:00:00Z,11.926018
p02,2022-03-24T09:00:00Z,12.423229
p02,2022-03-24T10:00:00Z,12.291271
p02,2022-03-24T11:00:00Z,11.706661
p02,2022-03-24T12:00:00Z,11.910208
p02,2022-03-24T13:00:00Z,11.093538
p02,2022-03-24T14:00:00Z,10.806101
p02,2022-03-24T15:00:00Z,10.199337
p02,2022-03-24T16:00:00Z,10.094830
p02,2022-03-24T17:00:00Z,8.336956
p02,2022-03-24T18:00:00Z,7.556599
p02,2022-03-24T19:00:00Z,6.781070
p02,2022-03-24T20:00:00Z,6.615331
p02,2022-03-24T21:00:00Z,6.508038
p02,2022-03-24T22:00:00Z,5.431080
p02,2022-03-24T23:00:00Z,5.744939
p02,2022-03-25T00:00:00Z,6.916604
p02,2022-03-25T01:00:00Z,7.608660
p02,2022-03-25T02:00:00Z,7.135047
p02,2022-03-25T03:00:00Z,7.946914
p02,2022-03-25T04:00:00Z,9.487218
p02,2022-03-25T05:00:00Z,10.744447
p02,2022-03-25T06:00:00Z,11.162825
p02,2022-03-25T07:00:00Z,11.765792
p02,2022-03-25T08:00:00Z,10.938393
p02,2022-03-25T09:00:00Z,12.027531
p02,2022-03-25T10:00:00Z,11.997729
p02,2022-03-25T11:00:00Z,12.097745
p02,2022-03-25T12:00:00Z,11.719201
p02,2022-03-25T13:00:00Z,11.033886
p02,2022-03-25T14:00:00Z,10.227970
p02,2022-03-25T15:00:00Z,10.676454
p02,2022-03-25T16:00:00Z,9.677134
p02,2022-03-25T17:00:00Z,8.270239
p02,2022-03-25T18:00:00Z,7.986477
p02,2022-03-25T19:00:00Z,7.999610
p02,2022-03-25T20:00:00Z,7.079179
p02,2022-03-25T21:00:00Z,7.072381
p02,2022-03-25T22:00:00Z,7.177827
p02,2022-03-25T23:00:00Z,7.715070
p02,2022-03-26T00:00:00Z,6.376580
p02,2022-03-26T01:00:00Z,8.033756
p02,2022-03-26T02:00:00Z,8.168801
p02,2022-03-26T03:00:00Z,8.069018
p02,2022-03-26T04:00:00Z,10.247092
p02,2022-03-26T05:00:00Z,9.775313
p02,2022-03-26T06:00:00Z,11.050790
p02,2022-03-26T07:00:00Z,11.403691
p02,2022-03-26T08:00:00Z,11.479049
p02,2022-03-26T09:00:00Z,12.368955
p02,2022-03-26T10:00:00Z,13.176330
p02,2022-03-26T11:00:00Z,12.229971
p02,2022-03-26T12:00:00Z,11.776655
p02,2022-03-26T13:00:00Z,11.723338
p02,2022-03-26T14:00:00Z,10.944686
p02,2022-03-26T15:00:00Z,9.963564
p02,2022-03-26T16:00:00Z,9.283160
p02,2022-03-26T17:00:00Z,9.003433
p02,2022-03-26T18:00:00Z,8.140854
p02,2022-03-26T19:00:00Z,7.847100
p02,2022-03-26T20:00:00Z,7.053317
p02,2022-03-26T21:00:00Z,8.034701
p02,2022-03-26T22:00:00Z,6.744773
p02,2022-03-26T23:00:00Z,6.510727
p02,2022-03-27T00:00:00Z,5.663188
p02,2022-03-27T01:00:00Z,7.185159
p02,2022-03-27T02:00:00Z,7.804451
p02,2022-03-27T03:00:00Z,8.928295
p02,2022-03-27T04:00:00Z,9.439656
p02,2022-03-27T05:00:00Z,11.023127
p02,2022-03-27T06:00:00Z,11.184724
p02,2022-03-27T07:00:00Z,11.934403
p02,2022-03-27T08:00:00Z,11.385342
p02,2022-03-27T09:00:00Z,12.422593
p02,2022-03-27T10:00:00Z,11.950588
p02,2022-03-27T11:00:00Z,12.579292
p02,2022-03-27T12:00:00Z,11.974583
p02,2022-03-27T13:00:00Z,11.412907
p02,2022-03-27T14:00:00Z,11.499612
p02,2022-03-27T15:00:00Z,10.039085
p02,2022-03-27T16:00:00Z,9.550782
p02,2022-03-27T17:00:00Z,9.171038
p02,2022-03-27T18:00:00Z,7.575180
p02,2022-03-27T19:00:00Z,6.659967
p02,2022-03-27T20:00:00Z,6.892712
p02,2022-03-27T21:00:00Z,6.698590
p02,2022-03-27T22:00:00Z,6.054664
p02,2022-03-27T23:00:00Z,6.635413
p02,2022-03-28T00:00:00Z,6.764106
p02,2022-03-28T01:00:00Z,6.870764
p02,2022-03-28T02:00:00Z,8.960272
p02,2022-03-28T03:00:00Z,8.468513
p02,2022-03-28T04:00:00Z,9.657712
p02,2022-03-28T05:00:00Z,10.952883
p02,2022-03-28T06:00:00Z,11.453943
p02,2022-03-28T07:00:00Z,12.001873
p02,2022-03-28T08:00:00Z,11.664337
p02,2022-03-28T09:00:00Z,12.392007
p02,2022-03-28T10:00:00Z,12.867833
p02,2022-03-28T11:00:00Z,12.209330
p02,2022-03-28T12:00:00Z,11.945584
p02,2022-03-28T13:00:00Z,12.354301
p02,2022-03-28T14:00:00Z,10.567155
p02,2022-03-28T15:00:00Z,10.911450
p02,2022-03-28T16:00:00Z,8.593464
p02,2022-03-28T17:00:00Z,8.806428
p02,2022-03-28T18:00:00Z,8.533458
p02,2022-03-28T19:00:00Z,6.957603
p02,2022-03-28T20:00:00Z,6.379556
p02,2022-03-28T21:00:00Z,7.940965
p02,2022-03-28T22:00:00Z,6.951779
p02,2022-03-28T23:00:00Z,6.864720
p02,2022-03-29T00:00:00Z,7.207795
p02,2022-03-29T01:00:00Z,7.173227
p02,2022-03-29T02:00:00Z,7.556550
p02,2022-03-29T03:00:00Z,8.429447
p02,2022-03-29T04:00:00Z,9.006427
p02,2022-03-29T05:00:00Z,9.946121
p02,2022-03-29T06:00:00Z,11.650719
p02,2022-03-29T07:00:00Z,12.226185
p02,2022-03-29T08:00:00Z,11.076782
p02,2022-03-29T09:00:00Z,12.693356
p02,2022-03-29T10:00:00Z,11.910233
p02,2022-03-29T11:00:00Z,11.990493
p02,2022-03-29T12:00:00Z,12.388233
p02,2022-03-29T13:00:00Z,10.501040
p02,2022-03-29T14:00:00Z,11.412566
p02,2022-03-29T15:00:00Z,9.607132
p02,2022-03-29T16:00:00Z,9.306436
p02,2022-03-29T17:00:00Z,9.286864
p02,2022-03-29T18:00:00Z,7.637494
p02,2022-03-29T19:00:00Z,7.236965
p02,2022-03-29T20:00:00Z,7.098520
p02,2022-03-29T21:00:00Z,6.975457
p02,2022-03-29T22:00:00Z,6.291153
p02,2022-03-29T23:00:00Z,6.007592
p02,2022-03-30T00:00:00Z,7.343875
p02,2022-03-30T01:00:00Z,7.354042
p02,2022-03-30T02:00:00Z,7.798427
p02,2022-03-30T03:00:00Z,8.762985
p02,2022-03-30T04:00:00Z,9.535623
p02,2022-03-30T05:00:00Z,10.517541
p02,2022-03-30T06:00:00Z,10.788730
p02,2022-03-30T07:00:00Z,11.687956
p02,2022-03-30T08:00:00Z,11.916236
p02,2022-03-30T09:00:00Z,13.162889
p02,2022-03-30T10:00:00Z,13.117151
p02,2022-03-30T11:00:00Z,11.635268
p02,2022-03-30T12:00:00Z,12.782766
p02,2022-03-30T13:00:00Z,12.017804
p02,2022-03-30T14:00:00Z,10.794762
p02,2022-03-30T15:00:00Z,10.722660
p02,2022-03-30T16:00:00Z,8.600121
p02,2022-03-30T17:00:00Z,8.823765
p02,2022-03-30T18:00:00Z,7.937391
p02,2022-03-30T19:00:00Z,7.115690
p02,2022-03-30T20:00:00Z,7.819002
p02,2022-03-30T21:00:00Z,6.456438
p02,2022-03-30T22:00:00Z,7.071118
p02,2022-03-30T23:00:00Z,6.485654
p02,2022-03-31T00:00:00Z,7.266639
p02,2022-03-31T01:00:00Z,8.012888
p02,2022-03-31T02:00:00Z,7.633957
p02,2022-03-31T03:00:00Z,8.559035
p02,2022-03-31T04:00:00Z,10.012270
p02,2022-03-31T05:00:00Z,9.934041
p02,2022-03-31T06:00:00Z,11.151050
p02,2022-03-31T07:00:00Z,11.494447
p02,2022-03-31T08:00:00Z,12.948747
p02,2022-03-31T09:00:00Z,12.193291
p02,2022-03-31T10:00:00Z,13.106911
p02,2022-03-31T11:00:00Z,11.995741
p02,2022-03-31T12:00:00Z,13.154734
p02,2022-03-31T13:00:00Z,12.054570
p02,2022-03-31T14:00:00Z,10.248677
p02,2022-03-31T15:00:00Z,10.274132
p02,2022-03-31T16:00:00Z,9.334276
p02,2022-03-31T17:00:00Z,8.446289
p02,2022-03-31T18:00:00Z,9.365731
p02,2022-03-31T19:00:00Z,7.266366
p02,2022-03-31T20:00:00Z,7.082488
p02,2022-03-31T21:00:00Z,7.372184
p02,2022-03-31T22:00:00Z,6.634271
p02,2022-03-31T23:00:00Z,6.883407
p02,2022-04-01T00:00:00Z,7.208842
p02,2022-04-01T01:00:00Z,7.239597
p02,2022-04-01T02:00:00Z,7.738898
p02,2022-04-01T03:00:00Z,9.190420
p02,2022-04-01T04:00:00Z,8.881862
p02,2022-04-01T05:00:00Z,9.909172
p02,2022-04-01T06:00:00Z,10.919917
p02,2022-04-01T07:00:00Z,11.333325
p02,2022-04-01T08:00:00Z,12.945542
p02,2022-04-01T09:00:00Z,12.431773
p02,2022-04-01T10:00:00Z,12.230478
p02,2022-04-01T11:00:00Z,11.953816
p02,2022-04-01T12:00:00Z,12.031230
p02,2022-04-01T13:00:00Z,11.658659
p02,2022-04-01T14:00:00Z,11.098788
p02,2022-04-01T15:00:00Z,10.773487
p02,2022-04-01T16:00:00Z,8.836755
p02,2022-04-01T17:00:00Z,8.473363
p02,2022-04-01T18:00:00Z,7.710004
p02,2022-04-01T19:00:00Z,7.182235
p02,2022-04-01T20:00:00Z,7.368897
p02,2022-04-01T21:00:00Z,6.811581
p02,2022-04-01T22:00:00Z,7.106760
p02,2022-04-01T23:00:00Z,6.784160
p02,2022-04-02T00:00:00Z,8.435462
p02,2022-04-02T01:00:00Z,7.514475
p02,2022-04-02T02:00:00Z,8.081613
p02,2022-04-02T03:00:00Z,8.124804
p02,2022-04-02T04:00:00Z,9.810785
p02,2022-04-02T05:00:00Z,11.271353
p02,2022-04-02T06:00:00Z,11.018201
p02,2022-04-02T07:00:00Z,11.662688
p02,2022-04-02T08:00:00Z,12.047493
p02,2022-04-02T09:00:00Z,12.708562
p02,2022-04-02T10:00:00Z,13.217738
p02,2022-04-02T11:00:00Z,12.197716
p02,2022-04-02T12:00:00Z,11.838121
p02,2022-04-02T13:00:00Z,12.307270
p02,2022-04-02T14:00:00Z,11.186455
p02,2022-04-02T15:00:00Z,11.039528
p02,2022-04-02T16:00:00Z,9.855172
p02,2022-04-02T17:00:00Z,10.298856
p02,2022-04-02T18:00:00Z,7.970082
p02,2022-04-02T19:00:00Z,7.802121
p02,2022-04-02T20:00:00Z,6.831631
p02,2022-04-02T21:00:00Z,6.322521
p02,2022-04-02T22:00:00Z,6.740090
p02,2022-04-02T23:00:00Z,6.784944
p02,2022-04-03T00:00:00Z,7.174472
p02,2022-04-03T01:00:00Z,7.332122
p02,2022-04-03T02:00:00Z,8.599047
p02,2022-04-03T03:00:00Z,8.735422
p02,2022-04-03T04:00:00Z,10.073958
p02,2022-04-03T05:00:00Z,10.416643
p02,2022-04-03T06:00:00Z,11.131023
p02,2022-04-03T07:00:00Z,11.791392
p02,2022-04-03T08:00:00Z,12.485403
p02,2022-04-03T09:00:00Z,12.439728
p02,2022-04-03T10:00:00Z,12.469960
p02,2022-04-03T11:00:00Z,11.504848
p02,2022-04-03T12:00:00Z,12.707437
p02,2022-04-03T13:00:00Z,12.733515
p02,2022-04-03T14:00:00Z,11.099212
p02,2022-04-03T15:00:00Z,10.552452
p02,2022-04-03T16:00:00Z,9.383796
p02,2022-04-03T17:00:00Z,8.560757
p02,2022-04-03T18:00:00Z,7.252231
p02,2022-04-03T19:00:00Z,7.681002
p02,2022-04-03T20:00:00Z,7.742383
p02,2022-04-03T21:00:00Z,7.636946
p02,2022-04-03T22:00:00Z,6.220181
p02,2022-04-03T23:00:00Z,6.586253
p02,2022-04-04T00:00:00Z,7.869371
p02,2022-04-04T01:00:00Z,8.647293
p02,2022-04-04T02:00:00Z,8.858003
p02,2022-04-04T03:00:00Z,8.199810
p02,2022-04-04T04:00:00Z,10.596286
p02,2022-04-04T05:00:00Z,11.254640
p02,2022-04-04T06:00:00Z,10.670182
p02,2022-04-04T07:00:00Z,11.120658
p02,2022-04-04T08:00:00Z,13.431856
p02,2022-04-04T09:00:00Z,12.598953
p02,2022-04-04T10:00:00Z,13.497388
p02,2022-04-04T11:00:00Z,12.578111
p02,2022-04-04T12:00:00Z,12.145677
p02,2022-04-04T13:00:00Z,11.787335
p02,2022-04-04T14:00:00Z,11.253470
p02,2022-04-04T15:00:00Z,9.952410
p02,2022-04-04T16:00:00Z,8.809117
p02,2022-04-04T17:00:00Z,9.268405
p02,2022-04-04T18:00:00Z,7.884695
p02,2022-04-04T19:00:00Z,7.180617
p02,2022-04-04T20:00:00Z,6.942999
p02,2022-04-04T21:00:00Z,7.729330
p02,2022-04-04T22:00:00Z,6.630383
p02,2022-04-04T23:00:00Z,6.805796
p02,2022-04-05T00:00:00Z,7.502131
p02,2022-04-05T01:00:00Z,7.689040
p02,2022-04-05T02:00:00Z,8.338747
p02,2022-04-05T03:00:00Z,8.733498
p02,2022-04-05T04:00:00Z,9.942016
p02,2022-04-05T05:00:00Z,10.351646
p02,2022-04-05T06:00:00Z,11.098468
p02,2022-04-05T07:00:00Z,11.074877
p02,2022-04-05T08:00:00Z,12.586654
p02,2022-04-05T09:00:00Z,13.072486
p02,2022-04-05T10:00:00Z,12.454601
p02,2022-04-05T11:00:00Z,12.333160
p02,2022-04-05T12:00:00Z,12.115153
p02,2022-04-05T13:00:00Z,11.833638
p02,2022-04-05T14:00:00Z,11.318319
p02,2022-04-05T15:00:00Z,10.529791
p02,2022-04-05T16:00:00Z,9.543782
p02,2022-04-05T17:00:00Z,9.012216
p02,2022-04-05T18:00:00Z,9.128071
p02,2022-04-05T19:00:00Z,8.255266
p02,2022-04-05T20:00:00Z,7.104770
p02,2022-04-05T21:00:00Z,7.215741
p02,2022-04-05T22:00:00Z,6.460751
p02,2022-04-05T23:00:00Z,7.141911
p02,2022-04-06T00:00:00Z,7.766707
p02,2022-04-06T01:00:00Z,8.128814
p02,2022-04-06T02:00:00Z,8.160482
p02,2022-04-06T03:00:00Z,9.798497
p02,2022-04-06T04:00:00Z,9.587478
p02,2022-04-06T05:00:00Z,10.271721
p02,2022-04-06T06:00:00Z,12.513302
p02,2022-04-06T07:00:00Z,12.203545
p02,2022-04-06T08:00:00Z,12.986143
p02,2022-04-06T09:00:00Z,12.476276
p02,2022-04-06T10:00:00Z,12.074693
p02,2022-04-06T11:00:00Z,13.093231
p02,2022-04-06T12:00:00Z,12.345032
p02,2022-04-06T13:00:00Z,12.690686
p02,2022-04-06T14:00:00Z,11.631605
p02,2022-04-06T15:00:00Z,10.772054
p02,2022-04-06T16:00:00Z,9.893473
p02,2022-04-06T17:00:00Z,7.653113
p02,2022-04-06T18:00:00Z,7.515544
p02,2022-04-06T19:00:00Z,7.305106
p02,2022-04-06T20:00:00Z,7.137719
p02,2022-04-06T21:00:00Z,7.512781
p02,2022-04-06T22:00:00Z,6.210928
p02,2022-04-06T23:00:00Z,7.245068
p02,2022-04-07T00:00:00Z,6.884426
p02,2022-04-07T01:00:00Z,7.729519
p02,2022-04-07T02:00:00Z,7.422935
p02,2022-04-07T03:00:00Z,9.236725
p02,2022-04-07T04:00:00Z,9.625697
p02,2022-04-07T05:00:00Z,10.443527
p02,2022-04-07T06:00:00Z,11.336090
p02,2022-04-07T07:00:00Z,12.225350
p02,2022-04-07T08:00:00Z,12.062159
p02,2022-04-07T09:00:00Z,12.636612
p02,2022-04-07T10:00:00Z,13.419212
p02,2022-04-07T11:00:00Z,12.423053
p02,2022-04-07T12:00:00Z,12.207819
p02,2022-04-07T13:00:00Z,11.434930
p02,2022-04-07T14:00:00Z,11.394343
p02,2022-04-07T15:00:00Z,10.849291
p02,2022-04-07T16:00:00Z,9.740764
p02,2022-04-07T17:00:00Z,9.469988
p02,2022-04-07T18:00:00Z,8.589628
p02,2022-04-07T19:00:00Z,7.532799
p02,2022-04-07T20:00:00Z,7.306123
p02,2022-04-07T21:00:00Z,6.516650
p02,2022-04-07T22:00:00Z,6.829850
p02,2022-04-07T23:00:00Z,7.229901
p02,2022-04-08T00:00:00Z,7.419088
p02,2022-04-08T01:00:00Z,7.193817
p02,2022-04-08T02:00:00Z,7.783294
p02,2022-04-08T03:00:00Z,8.813530
p02,2022-04-08T04:00:00Z,10.183362
p02,2022-04-08T05:00:00Z,10.178458
p02,2022-04-08T06:00:00Z,11.827936
p02,2022-04-08T07:00:00Z,12.701895
p02,2022-04-08T08:00:00Z,12.235879
p02,2022-04-08T09:00:00Z,12.692451
p02,2022-04-08T10:00:00Z,12.876254
p02,2022-04-08T11:00:00Z,13.504905
p02,2022-04-08T12:00:00Z,11.646173
p02,2022-04-08T13:00:00Z,12.213306
p02,2022-04-08T14:00:00Z,11.473595
p02,2022-04-08T15:00:00Z,11.776207
p02,2022-04-08T16:00:00Z,9.855262
p02,2022-04-08T17:00:00Z,7.466583
p02,2022-04-08T18:00:00Z,8.207139
p02,2022-04-08T19:00:00Z,8.181426
p02,2022-04-08T20:00:00Z,7.752436
p02,2022-04-08T21:00:00Z,7.120130
p02,2022-04-08T22:00:00Z,7.011354
p02,2022-04-08T23:00:00Z,6.994777
p02,2022-04-09T00:00:00Z,6.739823
p02,2022-04-09T01:00:00Z,8.073208
p02,2022-04-09T02:00:00Z,8.376651
p02,2022-04-09T03:00:00Z,9.290321
p02,2022-04-09T04:00:00Z,10.132326
p02,2022-04-09T05:00:00Z,11.380710
p02,2022-04-09T06:00:00Z,11.466961
p02,2022-04-09T07:00:00Z,11.965643
p02,2022-04-09T08:00:00Z,11.620485
p02,2022-04-09T09:00:00Z,12.550453
p02,2022-04-09T10:00:00Z,13.411754
p02,2022-04-09T11:00:00Z,13.899238
p02,2022-04-09T12:00:00Z,12.791831
p02,2022-04-09T13:00:00Z,12.361197
p02,2022-04-09T14:00:00Z,11.975185
p02,2022-04-09T15:00:00Z,10.871280
p02,2022-04-09T16:00:00Z,9.424731
p02,2022-04-09T17:00:00Z,8.722502
p02,2022-04-09T18:00:00Z,7.431058
p02,2022-04-09T19:00:00Z,8.170057
p02,2022-04-09T20:00:00Z,7.247408
p02,2022-04-09T21:00:00Z,6.724611
p02,2022-04-09T22:00:00Z,6.401363
p02,2022-04-09T23:00:00Z,6.586009
p02,2022-04-10T00:00:00Z,7.573314
p02,2022-04-10T01:00:00Z,7.611871
p02,2022-04-10T02:00:00Z,8.756786
p02,2022-04-10T03:00:00Z,8.906505
p02,2022-04-10T04:00:00Z,9.941084
p02,2022-04-10T05:00:00Z,11.095452
p02,2022-04-10T06:00:00Z,11.487134
p02,2022-04-10T07:00:00Z,12.823142
p02,2022-04-10T08:00:00Z,12.969672
p02,2022-04-10T09:00:00Z,11.949262
p02,2022-04-10T10:00:00Z,12.851897
p02,2022-04-10T11:00:00Z,13.348899
p02,2022-04-10T12:00:00Z,12.407249
p02,2022-04-10T13:00:00Z,11.586280
p02,2022-04-10T14:00:00Z,10.778309
p02,2022-04-10T15:00:00Z,11.495959
p02,2022-04-10T16:00:00Z,9.870739
p02,2022-04-10T17:00:00Z,8.846413
p02,2022-04-10T18:00:00Z,7.916957
p02,2022-04-10T19:00:00Z,8.320038
p02,2022-04-10T20:00:00Z,7.604726
p02,2022-04-10T21:00:00Z,7.339576
p02,2022-04-10T22:00:00Z,7.280354
p02,2022-04-10T23:00:00Z,7.927843
p02,2022-04-11T00:00:00Z,7.232708
p02,2022-04-11T01:00:00Z,8.079573
p02,2022-04-11T02:00:00Z,7.927437
p02,2022-04-11T03:00:00Z,8.070735
p02,2022-04-11T04:00:00Z,10.445892
p02,2022-04-11T05:00:00Z,10.804811
p02,2022-04-11T06:00:00Z,11.930205
p02,2022-04-11T07:00:00Z,12.041478
p02,2022-04-11T08:00:00Z,12.704850
p02,2022-04-11T09:00:00Z,13.086267
p02,2022-04-11T10:00:00Z,12.759907
p02,2022-04-11T11:00:00Z,13.283448
p02,2022-04-11T12:00:00Z,11.888510
p02,2022-04-11T13:00:00Z,11.447496
p02,2022-04-11T14:00:00Z,11.530932
p02,2022-04-11T15:00:00Z,10.464672
p02,2022-04-11T16:00:00Z,10.390791
p02,2022-04-11T17:00:00Z,9.217941
p02,2022-04-11T18:00:00Z,9.102859
p02,2022-04-11T19:00:00Z,8.149233
p02,2022-04-11T20:00:00Z,7.309859
p02,2022-04-11T21:00:00Z,7.198069
p02,2022-04-11T22:00:00Z,6.457674
p02,2022-04-11T23:00:00Z,7.779218
p02,2022-04-12T00:00:00Z,6.711778
p02,2022-04-12T01:00:00Z,7.844643
p02,2022-04-12T02:00:00Z,8.484542
p02,2022-04-12T03:00:00Z,9.139654
p02,2022-04-12T04:00:00Z,9.602911
p02,2022-04-12T05:00:00Z,10.249903
p02,2022-04-12T06:00:00Z,11.943084
p02,2022-04-12T07:00:00Z,12.057071
p02,2022-04-12T08:00:00Z,13.289495
p02,2022-04-12T09:00:00Z,12.540185
p02,2022-04-12T10:00:00Z,13.841624
p02,2022-04-12T11:00:00Z,13.116542
p02,2022-04-12T12:00:00Z,12.742567
p02,2022-04-12T13:00:00Z,11.383053
p02,2022-04-12T14:00:00Z,12.456119
p02,2022-04-12T15:00:00Z,10.232737
p02,2022-04-12T16:00:00Z,9.610729
p02,2022-04-12T17:00:00Z,9.590915
p02,2022-04-12T18:00:00Z,7.874033
p02,2022-04-12T19:00:00Z,9.078365
p02,2022-04-12T20:00:00Z,6.520862
p02,2022-04-12T21:00:00Z,7.562783
p02,2022-04-12T22:00:00Z,7.425398
p02,2022-04-12T23:00:00Z,7.123609
p02,2022-04-13T00:00:00Z,7.474623
p02,2022-04-13T01:00:00Z,7.359213
p02,2022-04-13T02:00:00Z,7.904074
p02,2022-04-13T03:00:00Z,9.209484
p02,2022-04-13T04:00:00Z,9.592479
p02,2022-04-13T05:00:00Z,10.712920
p02,2022-04-13T06:00:00Z,11.270045
p02,2022-04-13T07:00:00Z,13.036355
p02,2022-04-13T08:00:00Z,12.718417
p02,2022-04-13T09:00:00Z,12.917529
p02,2022-04-13T10:00:00Z,12.625040
p02,2022-04-13T11:00:00Z,12.698584
p02,2022-04-13T12:00:00Z,12.686213
p02,2022-04-13T13:00:00Z,11.550305
p02,2022-04-13T14:00:00Z,11.018034
p02,2022-04-13T15:00:00Z,10.306990
p02,2022-04-13T16:00:00Z,10.486424
p02,2022-04-13T17:00:00Z,9.139612
p02,2022-04-13T18:00:00Z,8.590799
p02,2022-04-13T19:00:00Z,8.205683
p02,2022-04-13T20:00:00Z,7.737816
p02,2022-04-13T21:00:00Z,6.397336
p02,2022-04-13T22:00:00Z,7.013706
p02,2022-04-13T23:00:00Z,7.932466
p02,2022-04-14T00:00:00Z,7.610303
p02,2022-04-14T01:00:00Z,8.607784
p02,2022-04-14T02:00:00Z,8.393038
p02,2022-04-14T03:00:00Z,9.163209
p02,2022-04-14T04:00:00Z,10.022045
p02,2022-04-14T05:00:00Z,10.257859
p02,2022-04-14T06:00:00Z,11.673006
p02,2022-04-14T07:00:00Z,12.659016
p02,2022-04-14T08:00:00Z,12.497852
p02,2022-04-14T09:00:00Z,13.756243
p02,2022-04-14T10:00:00Z,13.251692
p02,2022-04-14T11:00:00Z,12.305549
p02,2022-04-14T12:00:00Z,12.240093
p02,2022-04-14T13:00:00Z,11.838350
p02,2022-04-14T14:00:00Z,10.523965
p02,2022-04-14T15:00:00Z,11.262506
p02,2022-04-14T16:00:00Z,9.897460
p02,2022-04-14T17:00:00Z,8.898223
p02,2022-04-14T18:00:00Z,8.597845
p02,2022-04-14T19:00:00Z,7.557302
p02,2022-04-14T20:00:00Z,6.889386
p02,2022-04-14T21:00:00Z,7.728490
p02,2022-04-14T22:00:00Z,7.359633
p02,2022-04-14T23:00:00Z,7.206106
p02,2022-04-15T00:00:00Z,7.460966
p02,2022-04-15T01:00:00Z,7.895921
p02,2022-04-15T02:00:00Z,9.331016
p02,2022-04-15T03:00:00Z,9.737339
p02,2022-04-15T04:00:00Z,10.528152
p02,2022-04-15T05:00:00Z,11.296443
p02,2022-04-15T06:00:00Z,12.260395
p02,2022-04-15T07:00:00Z,12.133499
p02,2022-04-15T08:00:00Z,12.950768
p02,2022-04-15T09:00:00Z,12.948288
p02,2022-04-15T10:00:00Z,12.209960
p02,2022-04-15T11:00:00Z,12.744691
p02,2022-04-15T12:00:00Z,11.281190
p02,2022-04-15T13:00:00Z,12.118949
p02,2022-04-15T14:00:00Z,11.553569
p02,2022-04-15T15:00:00Z,10.966617
p02,2022-04-15T16:00:00Z,9.778780
p02,2022-04-15T17:00:00Z,8.814228
p02,2022-04-15T18:00:00Z,8.190306
p02,2022-04-15T19:00:00Z,7.824488
p02,2022-04-15T20:00:00Z,6.978580
p02,2022-04-15T21:00:00Z,8.098339
p02,2022-04-15T22:00:00Z,7.051142
p02,2022-04-15T23:00:00Z,7.161631
p02,2022-04-16T00:00:00Z,7.451414
p02,2022-04-16T01:00:00Z,7.410421
p02,2022-04-16T02:00:00Z,8.042010
p02,2022-04-16T03:00:00Z,9.561906
p02,2022-04-16T04:00:00Z,10.402694
p02,2022-04-16T05:00:00Z,10.818708
p02,2022-04-16T06:00:00Z,11.283253
p02,2022-04-16T07:00:00Z,12.017232
p02,2022-04-16T08:00:00Z,13.107591
p02,2022-04-16T09:00:00Z,13.919094
p02,2022-04-16T10:00:00Z,13.182304
p02,2022-04-16T11:00:00Z,13.844229
p02,2022-04-16T12:00:00Z,12.282358
p02,2022-04-16T13:00:00Z,12.601787
p02,2022-04-16T14:00:00Z,12.182215
p02,2022-04-16T15:00:00Z,10.003254
p02,2022-04-16T16:00:00Z,9.651198
p02,2022-04-16T17:00:00Z,8.982619
p02,2022-04-16T18:00:00Z,7.773726
p02,2022-04-16T19:00:00Z,7.758256
p02,2022-04-16T20:00:00Z,6.627899
p02,2022-04-16T21:00:00Z,6.538057
p02,2022-04-16T22:00:00Z,7.842060
p02,2022-04-16T23:00:00Z,7.046694
p02,2022-04-17T00:00:00Z,7.969407
p02,2022-04-17T01:00:00Z,7.850861
p02,2022-04-17T02:00:00Z,8.020589
p02,2022-04-17T03:00:00Z,8.606651
p02,2022-04-17T04:00:00Z,10.218217
p02,2022-04-17T05:00:00Z,11.233925
p02,2022-04-17T06:00:00Z,12.327569
p02,2022-04-17T07:00:00Z,12.046345
p02,2022-04-17T08:00:00Z,12.388323
p02,2022-04-17T09:00:00Z,12.775540
p02,2022-04-17T10:00:00Z,12.781519
p02,2022-04-17T11:00:00Z,13.714354
p02,2022-04-17T12:00:00Z,12.611961
p02,2022-04-17T13:00:00Z,11.585368
p02,2022-04-17T14:00:00Z,11.142042
p02,2022-04-17T15:00:00Z,10.917755
p02,2022-04-17T16:00:00Z,9.619174
p02,2022-04-17T17:00:00Z,9.306319
p02,2022-04-17T18:00:00Z,8.625489
p02,2022-04-17T19:00:00Z,7.401821
p02,2022-04-17T20:00:00Z,7.802268
p02,2022-04-17T21:00:00Z,7.527586
p02,2022-04-17T22:00:00Z,6.374776
p02,2022-04-17T23:00:00Z,7.641992
p02,2022-04-18T00:00:00Z,7.403922
p02,2022-04-18T01:00:00Z,7.694596
p02,2022-04-18T02:00:00Z,9.004528
p02,2022-04-18T03:00:00Z,8.751538
p02,2022-04-18T04:00:00Z,9.321329
p02,2022-04-18T05:00:00Z,10.629995
p02,2022-04-18T06:00:00Z,12.107644
p02,2022-04-18T07:00:00Z,11.431185
p02,2022-04-18T08:00:00Z,11.944565
p02,2022-04-18T09:00:00Z,13.168846
p02,2022-04-18T10:00:00Z,12.177131
p02,2022-04-18T11:00:00Z,12.718401
p02,2022-04-18T12:00:00Z,13.691489
p02,2022-04-18T13:00:00Z,11.480639
p02,2022-04-18T14:00:00Z,11.638601
p02,2022-04-18T15:00:00Z,11.142630
p02,2022-04-18T16:00:00Z,9.332783
p02,2022-04-18T17:00:00Z,9.586260
p02,2022-04-18T18:00:00Z,8.338558
p02,2022-04-18T19:00:00Z,7.496778
p02,2022-04-18T20:00:00Z,7.404536
p02,2022-04-18T21:00:00Z,6.344954
p02,2022-04-18T22:00:00Z,7.073068
p02,2022-04-18T23:00:00Z,8.436600
p02,2022-04-19T00:00:00Z,6.747688
p02,2022-04-19T01:00:00Z,7.917035
p02,2022-04-19T02:00:00Z,8.712280
p02,2022-04-19T03:00:00Z,9.707701
p02,2022-04-19T04:00:00Z,10.227244
p02,2022-04-19T05:00:00Z,10.596372
p02,2022-04-19T06:00:00Z,11.495494
p02,2022-04-19T07:00:00Z,12.501088
p02,2022-04-19T08:00:00Z,13.026209
p02,2022-04-19T09:00:00Z,12.924106
p02,2022-04-19T10:00:00Z,13.079203
p02,2022-04-19T11:00:00Z,13.351818
p02,2022-04-19T12:00:00Z,12.623529
p02,2022-04-19T13:00:00Z,11.957095
p02,2022-04-19T14:00:00Z,11.803517
p02,2022-04-19T15:00:00Z,10.421535
p02,2022-04-19T16:00:00Z,8.954162
p02,2022-04-19T17:00:00Z,8.725162
p02,2022-04-19T18:00:00Z,7.619149
p02,2022-04-19T19:00:00Z,7.513047
p02,2022-04-19T20:00:00Z,7.432962
p02,2022-04-19T21:00:00Z,6.892690
p02,2022-04-19T22:00:00Z,6.582774
p02,2022-04-19T23:00:00Z,6.799641
p02,2022-04-20T00:00:00Z,8.145148
p02,2022-04-20T01:00:00Z,8.544966
p02,2022-04-20T02:00:00Z,8.889966
p02,2022-04-20T03:00:00Z,9.560895
p02,2022-04-20T04:00:00Z,9.801322
p02,2022-04-20T05:00:00Z,11.309410
p02,2022-04-20T06:00:00Z,11.157786
p02,2022-04-20T07:00:00Z,12.745870
p02,2022-04-20T08:00:00Z,11.763518
p02,2022-04-20T09:00:00Z,12.833924
p02,2022-04-20T10:00:00Z,13.097088
p02,2022-04-20T11:00:00Z,13.009284
p02,2022-04-20T12:00:00Z,12.444328
p02,2022-04-20T13:00:00Z,12.298624
p02,2022-04-20T14:00:00Z,12.007839
p02,2022-04-20T15:00:00Z,10.114995
p02,2022-04-20T16:00:00Z,10.097906
p02,2022-04-20T17:00:00Z,9.095049
p02,2022-04-20T18:00:00Z,8.379076
p02,2022-04-20T19:00:00Z,7.421025
p02,2022-04-20T20:00:00Z,7.103606
p02,2022-04-20T21:00:00Z,7.705329
p02,2022-04-20T22:00:00Z,6.291305
p02,2022-04-20T23:00:00Z,6.995836
p02,2022-04-21T00:00:00Z,7.853164
p02,2022-04-21T01:00:00Z,8.113709
p02,2022-04-21T02:00:00Z,8.813895
p02,2022-04-21T03:00:00Z,8.898791
p02,2022-04-21T04:00:00Z,9.435308
p02,2022-04-21T05:00:00Z,10.140444
p02,2022-04-21T06:00:00Z,11.317386
p02,2022-04-21T07:00:00Z,12.152207
p02,2022-04-21T08:00:00Z,11.559350
p02,2022-04-21T09:00:00Z,13.109634
p02,2022-04-21T10:00:00Z,12.765746
p02,2022-04-21T11:00:00Z,12.406293
p02,2022-04-21T12:00:00Z,12.089046
p02,2022-04-21T13:00:00Z,12.449451
p02,2022-04-21T14:00:00Z,12.458461
p02,2022-04-21T15:00:00Z,10.109476
p02,2022-04-21T16:00:00Z,10.155511
p02,2022-04-21T17:00:00Z,9.361009
p02,2022-04-21T18:00:00Z,8.808590
p02,2022-04-21T19:00:00Z,8.302031
p02,2022-04-21T20:00:00Z,8.128121
p02,2022-04-21T21:00:00Z,7.692097
p02,2022-04-21T22:00:00Z,5.849975
p02,2022-04-21T23:00:00Z,6.387925
p02,2022-04-22T00:00:00Z,7.093934
p02,2022-04-22T01:00:00Z,9.001911
p02,2022-04-22T02:00:00Z,8.467215
p02,2022-04-22T03:00:00Z,9.651685
p02,2022-04-22T04:00:00Z,10.284090
p02,2022-04-22T05:00:00Z,10.540012
p02,2022-04-22T06:00:00Z,11.449499
p02,2022-04-22T07:00:00Z,12.325819
p02,2022-04-22T08:00:00Z,12.266010
p02,2022-04-22T09:00:00Z,12.886016
p02,2022-04-22T10:00:00Z,12.692521
p02,2022-04-22T11:00:00Z,12.922985
p02,2022-04-22T12:00:00Z,11.905274
p02,2022-04-22T13:00:00Z,12.656259
p02,2022-04-22T14:00:00Z,10.958868
p02,2022-04-22T15:00:00Z,10.985903
p02,2022-04-22T16:00:00Z,10.461205
p02,2022-04-22T17:00:00Z,9.360472
p02,2022-04-22T18:00:00Z,7.740754
p02,2022-04-22T19:00:00Z,7.440977
p02,2022-04-22T20:00:00Z,7.553269
p02,2022-04-22T21:00:00Z,7.649905
p02,2022-04-22T22:00:00Z,6.882710
p02,2022-04-22T23:00:00Z,6.785466
p02,2022-04-23T00:00:00Z,7.194342
p02,2022-04-23T01:00:00Z,7.948679
p02,2022-04-23T02:00:00Z,8.422104
p02,2022-04-23T03:00:00Z,9.508776
p02,2022-04-23T04:00:00Z,9.462925
p02,2022-04-23T05:00:00Z,10.521774
p02,2022-04-23T06:00:00Z,12.679784
p02,2022-04-23T07:00:00Z,11.216374
p02,2022-04-23T08:00:00Z,12.236157
p02,2022-04-23T09:00:00Z,11.897333
p02,2022-04-23T10:00:00Z,13.367559
p02,2022-04-23T11:00:00Z,13.134001
p02,2022-04-23T12:00:00Z,12.414671
p02,2022-04-23T13:00:00Z,11.945093
p02,2022-04-23T14:00:00Z,11.548355
p02,2022-04-23T15:00:00Z,10.445226
p02,2022-04-23T16:00:00Z,9.607084
p02,2022-04-23T17:00:00Z,8.998323
p02,2022-04-23T18:00:00Z,8.994588
p02,2022-04-23T19:00:00Z,8.345778
p02,2022-04-23T20:00:00Z,7.594662
p02,2022-04-23T21:00:00Z,7.176916
p02,2022-04-23T22:00:00Z,6.568378
p02,2022-04-23T23:00:00Z,7.557856
p02,2022-04-24T00:00:00Z,7.302561
p02,2022-04-24T01:00:00Z,6.705347
p02,2022-04-24T02:00:00Z,8.420247
p02,2022-04-24T03:00:00Z,8.604626
p02,2022-04-24T04:00:00Z,9.105829
p02,2022-04-24T05:00:00Z,11.251627
p02,2022-04-24T06:00:00Z,10.879168
p02,2022-04-24T07:00:00Z,12.130712
p02,2022-04-24T08:00:00Z,12.645430
p02,2022-04-24T09:00:00Z,13.313871
p02,2022-04-24T10:00:00Z,13.603061
p02,2022-04-24T11:00:00Z,13.653233
p02,2022-04-24T12:00:00Z,12.762939
p02,2022-04-24T13:00:00Z,12.556070
p02,2022-04-24T14:00:00Z,11.432953
p02,2022-04-24T15:00:00Z,10.642346
p02,2022-04-24T16:00:00Z,10.428568
p02,2022-04-24T17:00:00Z,9.449095
p02,2022-04-24T18:00:00Z,8.873923
p02,2022-04-24T19:00:00Z,7.829646
p02,2022-04-24T20:00:00Z,7.298967
p02,2022-04-24T21:00:00Z,8.569413
p02,2022-04-24T22:00:00Z,6.859127
p02,2022-04-24T23:00:00Z,6.724396
p02,2022-04-25T00:00:00Z,7.892425
p02,2022-04-25T01:00:00Z,7.396330
p02,2022-04-25T02:00:00Z,7.619983
p02,2022-04-25T03:00:00Z,8.716800
p02,2022-04-25T04:00:00Z,9.826826
p02,2022-04-25T05:00:00Z,10.545590
p02,2022-04-25T06:00:00Z,10.416104
p02,2022-04-25T07:00:00Z,11.769747
p02,2022-04-25T08:00:00Z,12.550202
p02,2022-04-25T09:00:00Z,13.747110
p02,2022-04-25T10:00:00Z,13.219926
p02,2022-04-25T11:00:00Z,13.211469
p02,2022-04-25T12:00:00Z,12.848957
p02,2022-04-25T13:00:00Z,11.347833
p02,2022-04-25T14:00:00Z,11.172487
p02,2022-04-25T15:00:00Z,10.782322
p02,2022-04-25T16:00:00Z,10.294155
p02,2022-04-25T17:00:00Z,9.567544
p02,2022-04-25T18:00:00Z,8.539584
p02,2022-04-25T19:00:00Z,7.834080
p02,2022-04-25T20:00:00Z,7.331594
p02,2022-04-25T21:00:00Z,6.319423
p02,2022-04-25T22:00:00Z,6.481370
p02,2022-04-25T23:00:00Z,6.401208
p02,2022-04-26T00:00:00Z,8.233838
p02,2022-04-26T01:00:00Z,7.956308
p02,2022-04-26T02:00:00Z,8.094649
p02,2022-04-26T03:00:00Z,8.071517
p02,2022-04-26T04:00:00Z,10.530731
p02,2022-04-26T05:00:00Z,10.086113
p02,2022-04-26T06:00:00Z,11.482014
p02,2022-04-26T07:00:00Z,12.685363
p02,2022-04-26T08:00:00Z,13.083875
p02,2022-04-26T09:00:00Z,12.662129
p02,2022-04-26T10:00:00Z,12.871872
p02,2022-04-26T11:00:00Z,13.195760
p02,2022-04-26T12:00:00Z,13.545898
p02,2022-04-26T13:00:00Z,11.986735
p02,2022-04-26T14:00:00Z,11.138686
p02,2022-04-26T15:00:00Z,10.864714
p02,2022-04-26T16:00:00Z,11.677099
p02,2022-04-26T17:00:00Z,8.781474
p02,2022-04-26T18:00:00Z,7.265205
p02,2022-04-26T19:00:00Z,8.454876
p02,2022-04-26T20:00:00Z,7.654546
p02,2022-04-26T21:00:00Z,7.354835
p02,2022-04-26T22:00:00Z,7.791835
p02,2022-04-26T23:00:00Z,7.284532
p02,2022-04-27T00:00:00Z,6.949785
p02,2022-04-27T01:00:00Z,7.819207
p02,2022-04-27T02:00:00Z,8.816067
p02,2022-04-27T03:00:00Z,9.209770
p02,2022-04-27T04:00:00Z,9.573429
p02,2022-04-27T05:00:00Z,9.922513
p02,2022-04-27T06:00:00Z,11.652628
p02,2022-04-27T07:00:00Z,12.770773
p02,2022-04-27T08:00:00Z,12.771343
p02,2022-04-27T09:00:00Z,13.487780
p02,2022-04-27T10:00:00Z,13.092244
p02,2022-04-27T11:00:00Z,11.966390
p02,2022-04-27T12:00:00Z,12.201790
p02,2022-04-27T13:00:00Z,10.576218
p02,2022-04-27T14:00:00Z,10.822048
p02,2022-04-27T15:00:00Z,10.854788
p02,2022-04-27T16:00:00Z,9.961295
p02,2022-04-27T17:00:00Z,8.569841
p02,2022-04-27T18:00:00Z,7.765355
p02,2022-04-27T19:00:00Z,7.740787
p02,2022-04-27T20:00:00Z,7.570879
p02,2022-04-27T21:00:00Z,7.030678
p02,2022-04-27T22:00:00Z,7.051741
p02,2022-04-27T23:00:00Z,6.124639
p02,2022-04-28T00:00:00Z,6.737354
p02,2022-04-28T01:00:00Z,7.365385
p02,2022-04-28T02:00:00Z,9.131171
p02,2022-04-28T03:00:00Z,7.657918
p02,2022-04-28T04:00:00Z,9.573252
p02,2022-04-28T05:00:00Z,10.650099
p02,2022-04-28T06:00:00Z,12.071521
p02,2022-04-28T07:00:00Z,12.825218
p02,2022-04-28T08:00:00Z,12.976062
p02,2022-04-28T09:00:00Z,12.605079
p02,2022-04-28T10:00:00Z,12.297591
p02,2022-04-28T11:00:00Z,12.681574
p02,2022-04-28T12:00:00Z,12.927596
p02,2022-04-28T13:00:00Z,12.194846
p02,2022-04-28T14:00:00Z,10.795672
p02,2022-04-28T15:00:00Z,10.945384
p02,2022-04-28T16:00:00Z,10.117862
p02,2022-04-28T17:00:00Z,8.625473
p02,2022-04-28T18:00:00Z,8.121625
p02,2022-04-28T19:00:00Z,8.468943
p02,2022-04-28T20:00:00Z,7.502454
p02,2022-04-28T21:00:00Z,6.875763
p02,2022-04-28T22:00:00Z,6.651741
p02,2022-04-28T23:00:00Z,7.285111
p02,2022-04-29T00:00:00Z,7.130645
p02,2022-04-29T01:00:00Z,7.711211
p02,2022-04-29T02:00:00Z,7.478305
p02,2022-04-29T03:00:00Z,7.859620
p02,2022-04-29T04:00:00Z,9.620030
p02,2022-04-29T05:00:00Z,10.091362
p02,2022-04-29T06:00:00Z,10.655516
p02,2022-04-29T07:00:00Z,11.447657
p02,2022-04-29T08:00:00Z,11.496517
p02,2022-04-29T09:00:00Z,12.849093
p02,2022-04-29T10:00:00Z,13.501475
p02,2022-04-29T11:00:00Z,12.288985
p02,2022-04-29T12:00:00Z,12.519733
p02,2022-04-29T13:00:00Z,11.013395
p02,2022-04-29T14:00:00Z,12.262053
p02,2022-04-29T15:00:00Z,10.870682
p02,2022-04-29T16:00:00Z,8.873103
p02,2022-04-29T17:00:00Z,9.313601
p02,2022-04-29T18:00:00Z,7.836797
p02,2022-04-29T19:00:00Z,7.799283
p02,2022-04-29T20:00:00Z,6.594344
p02,2022-04-29T21:00:00Z,6.749144
p02,2022-04-29T22:00:00Z,6.081921
p02,2022-04-29T23:00:00Z,6.898506
p02,2022-04-30T00:00:00Z,7.709077
p02,2022-04-30T01:00:00Z,6.732765
p02,2022-04-30T02:00:00Z,8.477730
p02,2022-04-30T03:00:00Z,9.116454
p02,2022-04-30T04:00:00Z,9.756449
p02,2022-04-30T05:00:00Z,11.327352
p02,2022-04-30T06:00:00Z,11.570212
p02,2022-04-30T07:00:00Z,12.667708
p02,2022-04-30T08:00:00Z,12.279601
p02,2022-04-30T09:00:00Z,11.784629
p02,2022-04-30T10:00:00Z,11.920968
p02,2022-04-30T11:00:00Z,12.776510
p02,2022-04-30T12:00:00Z,11.261348
p02,2022-04-30T13:00:00Z,11.240425
p02,2022-04-30T14:00:00Z,10.838511
p02,2022-04-30T15:00:00Z,9.301019
p02,2022-04-30T16:00:00Z,9.036657
p02,2022-04-30T17:00:00Z,9.032745
p02,2022-04-30T18:00:00Z,7.856561
p02,2022-04-30T19:00:00Z,6.868602
p02,2022-04-30T20:00:00Z,6.573504
p02,2022-04-30T21:00:00Z,6.093813
p02,2022-04-30T22:00:00Z,6.691151
p02,2022-04-30T23:00:00Z,7.129639
p02,2022-05-01T00:00:00Z,7.115793
p02,2022-05-01T01:00:00Z,7.306129
p02,2022-05-01T02:00:00Z,8.409360
p02,2022-05-01T03:00:00Z,9.368145
p02,2022-05-01T04:00:00Z,9.933149
p02,2022-05-01T05:00:00Z,11.145502
p02,2022-05-01T06:00:00Z,11.877490
p02,2022-05-01T07:00:00Z,11.996802
p02,2022-05-01T08:00:00Z,12.294948
p02,2022-05-01T09:00:00Z,13.058409
p02,2022-05-01T10:00:00Z,13.261037
p02,2022-05-01T11:00:00Z,12.687051
p02,2022-05-01T12:00:00Z,12.683675
p02,2022-05-01T13:00:00Z,11.883187
p02,2022-05-01T14:00:00Z,10.811432
p02,2022-05-01T15:00:00Z,11.050733
p02,2022-05-01T16:00:00Z,9.705977
p02,2022-05-01T17:00:00Z,8.649921
p02,2022-05-01T18:00:00Z,7.729775
p02,2022-05-01T19:00:00Z,7.670311
p02,2022-05-01T20:00:00Z,7.604603
p02,2022-05-01T21:00:00Z,7.467221
p02,2022-05-01T22:00:00Z,5.590500
p02,2022-05-01T23:00:00Z,6.756894
p02,2022-05-02T00:00:00Z,7.058825
p02,2022-05-02T01:00:00Z,6.899401
p02,2022-05-02T02:00:00Z,8.604670
p02,2022-05-02T03:00:00Z,9.380343
p02,2022-05-02T04:00:00Z,9.021826
p02,2022-05-02T05:00:00Z,10.937168
p02,2022-05-02T06:00:00Z,11.107894
p02,2022-05-02T07:00:00Z,12.672471
p02,2022-05-02T08:00:00Z,13.053530
p02,2022-05-02T09:00:00Z,12.292901
p02,2022-05-02T10:00:00Z,11.934865
p02,2022-05-02T11:00:00Z,11.932613
p02,2022-05-02T12:00:00Z,12.572754
p02,2022-05-02T13:00:00Z,11.264261
p02,2022-05-02T14:00:00Z,10.801755
p02,2022-05-02T15:00:00Z,10.740181
p02,2022-05-02T16:00:00Z,9.749037
p02,2022-05-02T17:00:00Z,9.692411
p02,2022-05-02T18:00:00Z,7.727911
p02,2022-05-02T19:00:00Z,6.756309
p02,2022-05-02T20:00:00Z,6.739915
p02,2022-05-02T21:00:00Z,6.102513
p02,2022-05-02T22:00:00Z,6.949181
p02,2022-05-02T23:00:00Z,6.383303
p02,2022-05-03T00:00:00Z,7.484182
p02,2022-05-03T01:00:00Z,7.750558
p02,2022-05-03T02:00:00Z,8.358969
p02,2022-05-03T03:00:00Z,9.358504
p02,2022-05-03T04:00:00Z,9.397208
p02,2022-05-03T05:00:00Z,11.019647
p02,2022-05-03T06:00:00Z,11.648445
p02,2022-05-03T07:00:00Z,11.597430
p02,2022-05-03T08:00:00Z,12.383639
p02,2022-05-03T09:00:00Z,12.156752
p02,2022-05-03T10:00:00Z,12.657023
p02,2022-05-03T11:00:00Z,12.412418
p02,2022-05-03T12:00:00Z,13.339482
p02,2022-05-03T13:00:00Z,11.939870
p02,2022-05-03T14:00:00Z,11.580060
p02,2022-05-03T15:00:00Z,10.099242
p02,2022-05-03T16:00:00Z,10.083201
p02,2022-05-03T17:00:00Z,9.149753
p02,2022-05-03T18:00:00Z,7.686306
p02,2022-05-03T19:00:00Z,7.718670
p02,2022-05-03T20:00:00Z,6.818237
p02,2022-05-03T21:00:00Z,6.197489
p02,2022-05-03T22:00:00Z,6.662554
p02,2022-05-03T23:00:00Z,6.465713
p02,2022-05-04T00:00:00Z,6.273944
p02,2022-05-04T01:00:00Z,7.638044
p02,2022-05-04T02:00:00Z,8.611399
p02,2022-05-04T03:00:00Z,9.374636
p02,2022-05-04T04:00:00Z,9.631526
p02,2022-05-04T05:00:00Z,10.016699
p02,2022-05-04T06:00:00Z,11.064655
p02,2022-05-04T07:00:00Z,12.126274
p02,2022-05-04T08:00:00Z,12.452234
p02,2022-05-04T09:00:00Z,12.207263
p02,2022-05-04T10:00:00Z,13.069071
p02,2022-05-04T11:00:00Z,12.471898
p02,2022-05-04T12:00:00Z,11.654313
p02,2022-05-04T13:00:00Z,11.477944
p02,2022-05-04T14:00:00Z,10.825300
p02,2022-05-04T15:00:00Z,10.574462
p02,2022-05-04T16:00:00Z,9.656560
p02,2022-05-04T17:00:00Z,9.308047
p02,2022-05-04T18:00:00Z,8.855175
p02,2022-05-04T19:00:00Z,8.256976
p02,2022-05-04T20:00:00Z,6.967205
p02,2022-05-04T21:00:00Z,7.560877
p02,2022-05-04T22:00:00Z,5.508938
p02,2022-05-04T23:00:00Z,6.581287
p02,2022-05-05T00:00:00Z,6.568878
p02,2022-05-05T01:00:00Z,7.433038
p02,2022-05-05T02:00:00Z,7.286619
p02,2022-05-05T03:00:00Z,8.393241
p02,2022-05-05T04:00:00Z,9.753878
