id,time,value
p01,2021-09-01T00:00:00Z,-6.222332
p01,2021-09-01T01:00:00Z,-5.044219
p01,2021-09-01T02:00:00Z,-5.167671
p01,2021-09-01T03:00:00Z,-4.839897
p01,2021-09-01T04:00:00Z,-4.167949
p01,2021-09-01T05:00:00Z,-4.003968
p01,2021-09-01T06:00:00Z,-3.089408
p01,2021-09-01T07:00:00Z,-3.271008
p01,2021-09-01T08:00:00Z,-5.494894
p01,2021-09-01T09:00:00Z,-5.060424
p01,2021-09-01T10:00:00Z,-6.474529
p01,2021-09-01T11:00:00Z,-6.941505
p01,2021-09-01T12:00:00Z,-7.846570
p01,2021-09-01T13:00:00Z,-8.022176
p01,2021-09-01T14:00:00Z,-8.757576
p01,2021-09-01T15:00:00Z,-9.264846
p01,2021-09-01T16:00:00Z,-9.607859
p01,2021-09-01T17:00:00Z,-10.598042
p01,2021-09-01T18:00:00Z,-9.521475
p01,2021-09-01T19:00:00Z,-8.800403
p01,2021-09-01T20:00:00Z,-9.001820
p01,2021-09-01T21:00:00Z,-8.288467
p01,2021-09-01T22:00:00Z,-8.592043
p01,2021-09-01T23:00:00Z,-7.071354
p01,2021-09-02T00:00:00Z,-6.981753
p01,2021-09-02T01:00:00Z,-5.588675
p01,2021-09-02T02:00:00Z,-4.713409
p01,2021-09-02T03:00:00Z,-3.774401
p01,2021-09-02T04:00:00Z,-4.077069
p01,2021-09-02T05:00:00Z,-4.422803
p01,2021-09-02T06:00:00Z,-4.006882
p01,2021-09-02T07:00:00Z,-4.123434
p01,2021-09-02T08:00:00Z,-4.815722
p01,2021-09-02T09:00:00Z,-4.761369
p01,2021-09-02T10:00:00Z,-6.007096
p01,2021-09-02T11:00:00Z,-6.870390
p01,2021-09-02T12:00:00Z,-7.800501
p01,2021-09-02T13:00:00Z,-8.447701
p01,2021-09-02T14:00:00Z,-9.276088
p01,2021-09-02T15:00:00Z,-9.075312
p01,2021-09-02T16:00:00Z,-10.670036
p01,2021-09-02T17:00:00Z,-10.030355
p01,2021-09-02T18:00:00Z,-10.331924
p01,2021-09-02T19:00:00Z,-9.345434
p01,2021-09-02T20:00:00Z,-9.430954
p01,2021-09-02T21:00:00Z,-7.974566
p01,2021-09-02T22:00:00Z,-8.509120
p01,2021-09-02T23:00:00Z,-6.996027
p01,2021-09-03T00:00:00Z,-6.120485
p01,2021-09-03T01:00:00Z,-5.322795
p01,2021-09-03T02:00:00Z,-5.056007
p01,2021-09-03T03:00:00Z,-4.219856
p01,2021-09-03T04:00:00Z,-3.477595
p01,2021-09-03T05:00:00Z,-4.458243
p01,2021-09-03T06:00:00Z,-4.688625
p01,2021-09-03T07:00:00Z,-3.159311
p01,2021-09-03T08:00:00Z,-4.431389
p01,2021-09-03T09:00:00Z,-5.884015
p01,2021-09-03T10:00:00Z,-6.193876
p01,2021-09-03T11:00:00Z,-7.276691
p01,2021-09-03T12:00:00Z,-7.905238
p01,2021-09-03T13:00:00Z,-8.822049
p01,2021-09-03T14:00:00Z,-10.450734
p01,2021-09-03T15:00:00Z,-10.356864
p01,2021-09-03T16:00:00Z,-9.161737
p01,2021-09-03T17:00:00Z,-10.667498
p01,2021-09-03T18:00:00Z,-9.105730
p01,2021-09-03T19:00:00Z,-9.197205
p01,2021-09-03T20:00:00Z,-9.191352
p01,2021-09-03T21:00:00Z,-9.111087
p01,2021-09-03T22:00:00Z,-7.360745
p01,2021-09-03T23:00:00Z,-7.428500
p01,2021-09-04T00:00:00Z,-6.092820
p01,2021-09-04T01:00:00Z,-4.923285
p01,2021-09-04T02:00:00Z,-5.335283
p01,2021-09-04T03:00:00Z,-4.411106
p01,2021-09-04T04:00:00Z,-3.601699
p01,2021-09-04T05:00:00Z,-4.507059
p01,2021-09-04T06:00:00Z,-3.750238
p01,2021-09-04T07:00:00Z,-3.524172
p01,2021-09-04T08:00:00Z,-4.841595
p01,2021-09-04T09:00:00Z,-5.525765
p01,2021-09-04T10:00:00Z,-6.631981
p01,2021-09-04T11:00:00Z,-7.562600
p01,2021-09-04T12:00:00Z,-8.234976
p01,2021-09-04T13:00:00Z,-7.979639
p01,2021-09-04T14:00:00Z,-9.054186
p01,2021-09-04T15:00:00Z,-9.722726
p01,2021-09-04T16:00:00Z,-10.130516
p01,2021-09-04T17:00:00Z,-9.508583
p01,2021-09-04T18:00:00Z,-9.749434
p01,2021-09-04T19:00:00Z,-9.052127
p01,2021-09-04T20:00:00Z,-9.182921
p01,2021-09-04T21:00:00Z,-8.070262
p01,2021-09-04T22:00:00Z,-7.582003
p01,2021-09-04T23:00:00Z,-7.376745
p01,2021-09-05T00:00:00Z,-5.836756
p01,2021-09-05T01:00:00Z,-5.691706
p01,2021-09-05T02:00:00Z,-5.040683
p01,2021-09-05T03:00:00Z,-3.821309
p01,2021-09-05T04:00:00Z,-3.495569
p01,2021-09-05T05:00:00Z,-4.084398
p01,2021-09-05T06:00:00Z,-4.168196
p01,2021-09-05T07:00:00Z,-3.619372
p01,2021-09-05T08:00:00Z,-4.693431
p01,2021-09-05T09:00:00Z,-5.872324
p01,2021-09-05T10:00:00Z,-5.738302
p01,2021-09-05T11:00:00Z,-7.035029
p01,2021-09-05T12:00:00Z,-8.074881
p01,2021-09-05T13:00:00Z,-8.298898
p01,2021-09-05T14:00:00Z,-9.472922
p01,2021-09-05T15:00:00Z,-8.601792
p01,2021-09-05T16:00:00Z,-9.692851
p01,2021-09-05T17:00:00Z,-10.642443
p01,2021-09-05T18:00:00Z,-10.191836
p01,2021-09-05T19:00:00Z,-9.133473
p01,2021-09-05T20:00:00Z,-8.961416
p01,2021-09-05T21:00:00Z,-7.863413
p01,2021-09-05T22:00:00Z,-8.013866
p01,2021-09-05T23:00:00Z,-6.436575
p01,2021-09-06T00:00:00Z,-5.999386
p01,2021-09-06T01:00:00Z,-6.073811
p01,2021-09-06T02:00:00Z,-4.955879
p01,2021-09-06T03:00:00Z,-4.874971
p01,2021-09-06T04:00:00Z,-4.718056
p01,2021-09-06T05:00:00Z,-4.523266
p01,2021-09-06T06:00:00Z,-3.533752
p01,2021-09-06T07:00:00Z,-4.462291
p01,2021-09-06T08:00:00Z,-3.905078
p01,2021-09-06T09:00:00Z,-4.721523
p01,2021-09-06T10:00:00Z,-6.472377
p01,2021-09-06T11:00:00Z,-6.795107
p01,2021-09-06T12:00:00Z,-7.659334
p01,2021-09-06T13:00:00Z,-7.806474
p01,2021-09-06T14:00:00Z,-8.598462
p01,2021-09-06T15:00:00Z,-9.298409
p01,2021-09-06T16:00:00Z,-9.868147
p01,2021-09-06T17:00:00Z,-10.784827
p01,2021-09-06T18:00:00Z,-9.163444
p01,2021-09-06T19:00:00Z,-8.809310
p01,2021-09-06T20:00:00Z,-9.183544
p01,2021-09-06T21:00:00Z,-8.737504
p01,2021-09-06T22:00:00Z,-8.108259
p01,2021-09-06T23:00:00Z,-6.497802
p01,2021-09-07T00:00:00Z,-5.446277
p01,2021-09-07T01:00:00Z,-5.807445
p01,2021-09-07T02:00:00Z,-4.524551
p01,2021-09-07T03:00:00Z,-5.205953
p01,2021-09-07T04:00:00Z,-4.778397
p01,2021-09-07T05:00:00Z,-3.223507
p01,2021-09-07T06:00:00Z,-3.931200
p01,2021-09-07T07:00:00Z,-4.532454
p01,2021-09-07T08:00:00Z,-4.408847
p01,2021-09-07T09:00:00Z,-5.231091
p01,2021-09-07T10:00:00Z,-5.854258
p01,2021-09-07T11:00:00Z,-6.898124
p01,2021-09-07T12:00:00Z,-8.970491
p01,2021-09-07T13:00:00Z,-8.419054
p01,2021-09-07T14:00:00Z,-7.487152
p01,2021-09-07T15:00:00Z,-10.725007
p01,2021-09-07T16:00:00Z,-9.847137
p01,2021-09-07T17:00:00Z,-8.174791
p01,2021-09-07T18:00:00Z,-10.348274
p01,2021-09-07T19:00:00Z,-8.773812
p01,2021-09-07T20:00:00Z,-9.952419
p01,2021-09-07T21:00:00Z,-8.916970
p01,2021-09-07T22:00:00Z,-7.580791
p01,2021-09-07T23:00:00Z,-7.542402
p01,2021-09-08T00:00:00Z,-6.022602
p01,2021-09-08T01:00:00Z,-5.248922
p01,2021-09-08T02:00:00Z,-4.765722
p01,2021-09-08T03:00:00Z,-3.584130
p01,2021-09-08T04:00:00Z,-4.229065
p01,2021-09-08T05:00:00Z,-3.676243
p01,2021-09-08T06:00:00Z,-3.937904
p01,2021-09-08T07:00:00Z,-4.453062
p01,2021-09-08T08:00:00Z,-6.036409
p01,2021-09-08T09:00:00Z,-5.264395
p01,2021-09-08T10:00:00Z,-6.275830
p01,2021-09-08T11:00:00Z,-7.218272
p01,2021-09-08T12:00:00Z,-7.858984
p01,2021-09-08T13:00:00Z,-8.108861
p01,2021-09-08T14:00:00Z,-10.486153
p01,2021-09-08T15:00:00Z,-9.106751
p01,2021-09-08T16:00:00Z,-9.516993
p01,2021-09-08T17:00:00Z,-10.339128
p01,2021-09-08T18:00:00Z,-10.370836
p01,2021-09-08T19:00:00Z,-9.056413
p01,2021-09-08T20:00:00Z,-9.011414
p01,2021-09-08T21:00:00Z,-8.138148
p01,2021-09-08T22:00:00Z,-6.757888
p01,2021-09-08T23:00:00Z,-7.095957
p01,2021-09-09T00:00:00Z,-6.074948
p01,2021-09-09T01:00:00Z,-4.711095
p01,2021-09-09T02:00:00Z,-4.110046
p01,2021-09-09T03:00:00Z,-5.086394
p01,2021-09-09T04:00:00Z,-3.831015
p01,2021-09-09T05:00:00Z,-3.990735
p01,2021-09-09T06:00:00Z,-3.217623
p01,2021-09-09T07:00:00Z,-5.702737
p01,2021-09-09T08:00:00Z,-3.987557
p01,2021-09-09T09:00:00Z,-6.397822
p01,2021-09-09T10:00:00Z,-6.568405
p01,2021-09-09T11:00:00Z,-7.013188
p01,2021-09-09T12:00:00Z,-7.269891
p01,2021-09-09T13:00:00Z,-8.653476
p01,2021-09-09T14:00:00Z,-9.139025
p01,2021-09-09T15:00:00Z,-9.536678
p01,2021-09-09T16:00:00Z,-10.728647
p01,2021-09-09T17:00:00Z,-9.130433
p01,2021-09-09T18:00:00Z,-10.696096
p01,2021-09-09T19:00:00Z,-9.531338
p01,2021-09-09T20:00:00Z,-9.744805
p01,2021-09-09T21:00:00Z,-8.191674
p01,2021-09-09T22:00:00Z,-7.442482
p01,2021-09-09T23:00:00Z,-7.683684
p01,2021-09-10T00:00:00Z,-5.586938
p01,2021-09-10T01:00:00Z,-4.798189
p01,2021-09-10T02:00:00Z,-6.038368
p01,2021-09-10T03:00:00Z,-3.930226
p01,2021-09-10T04:00:00Z,-3.382424
p01,2021-09-10T05:00:00Z,-3.191514
p01,2021-09-10T06:00:00Z,-4.882145
p01,2021-09-10T07:00:00Z,-4.002352
p01,2021-09-10T08:00:00Z,-5.469414
p01,2021-09-10T09:00:00Z,-5.494900
p01,2021-09-10T10:00:00Z,-6.201946
p01,2021-09-10T11:00:00Z,-6.708371
p01,2021-09-10T12:00:00Z,-8.413856
p01,2021-09-10T13:00:00Z,-8.406753
p01,2021-09-10T14:00:00Z,-8.002173
p01,2021-09-10T15:00:00Z,-8.937968
p01,2021-09-10T16:00:00Z,-9.451222
p01,2021-09-10T17:00:00Z,-10.070266
p01,2021-09-10T18:00:00Z,-9.478979
p01,2021-09-10T19:00:00Z,-8.474766
p01,2021-09-10T20:00:00Z,-9.167602
p01,2021-09-10T21:00:00Z,-7.709950
p01,2021-09-10T22:00:00Z,-7.283277
p01,2021-09-10T23:00:00Z,-6.969501
p01,2021-09-11T00:00:00Z,-7.084853
p01,2021-09-11T01:00:00Z,-5.804950
p01,2021-09-11T02:00:00Z,-4.677468
p01,2021-09-11T03:00:00Z,-4.516770
p01,2021-09-11T04:00:00Z,-4.105077
p01,2021-09-11T05:00:00Z,-4.606593
p01,2021-09-11T06:00:00Z,-4.008162
p01,2021-09-11T07:00:00Z,-4.907007
p01,2021-09-11T08:00:00Z,-4.588961
p01,2021-09-11T09:00:00Z,-4.999268
p01,2021-09-11T10:00:00Z,-5.826311
p01,2021-09-11T11:00:00Z,-6.382364
p01,2021-09-11T12:00:00Z,-7.549761
p01,2021-09-11T13:00:00Z,-7.800937
p01,2021-09-11T14:00:00Z,-9.874891
p01,2021-09-11T15:00:00Z,-8.564136
p01,2021-09-11T16:00:00Z,-10.351116
p01,2021-09-11T17:00:00Z,-10.194021
p01,2021-09-11T18:00:00Z,-9.919938
p01,2021-09-11T19:00:00Z,-9.492443
p01,2021-09-11T20:00:00Z,-9.580221
p01,2021-09-11T21:00:00Z,-8.532240
p01,2021-09-11T22:00:00Z,-8.255052
p01,2021-09-11T23:00:00Z,-7.455291
p01,2021-09-12T00:00:00Z,-6.080453
p01,2021-09-12T01:00:00Z,-5.002955
p01,2021-09-12T02:00:00Z,-5.339579
p01,2021-09-12T03:00:00Z,-4.092820
p01,2021-09-12T04:00:00Z,-3.728186
p01,2021-09-12T05:00:00Z,-3.585095
p01,2021-09-12T06:00:00Z,-3.333264
p01,2021-09-12T07:00:00Z,-4.496389
p01,2021-09-12T08:00:00Z,-4.074066
p01,2021-09-12T09:00:00Z,-5.989029
p01,2021-09-12T10:00:00Z,-6.173341
p01,2021-09-12T11:00:00Z,-7.435267
p01,2021-09-12T12:00:00Z,-8.237297
p01,2021-09-12T13:00:00Z,-8.441351
p01,2021-09-12T14:00:00Z,-9.112304
p01,2021-09-12T15:00:00Z,-9.253670
p01,2021-09-12T16:00:00Z,-10.018510
p01,2021-09-12T17:00:00Z,-9.455717
p01,2021-09-12T18:00:00Z,-9.864676
p01,2021-09-12T19:00:00Z,-8.735037
p01,2021-09-12T20:00:00Z,-8.752982
p01,2021-09-12T21:00:00Z,-8.963186
p01,2021-09-12T22:00:00Z,-7.042749
p01,2021-09-12T23:00:00Z,-6.667356
p01,2021-09-13T00:00:00Z,-4.737808
p01,2021-09-13T01:00:00Z,-5.307354
p01,2021-09-13T02:00:00Z,-4.522312
p01,2021-09-13T03:00:00Z,-4.833594
p01,2021-09-13T04:00:00Z,-4.469482
p01,2021-09-13T05:00:00Z,-4.118158
p01,2021-09-13T06:00:00Z,-4.028900
p01,2021-09-13T07:00:00Z,-4.420131
p01,2021-09-13T08:00:00Z,-4.176685
p01,2021-09-13T09:00:00Z,-6.433557
p01,2021-09-13T10:00:00Z,-5.841640
p01,2021-09-13T11:00:00Z,-7.524976
p01,2021-09-13T12:00:00Z,-7.115103
p01,2021-09-13T13:00:00Z,-8.623105
p01,2021-09-13T14:00:00Z,-8.623147
p01,2021-09-13T15:00:00Z,-9.802339
p01,2021-09-13T16:00:00Z,-10.504392
p01,2021-09-13T17:00:00Z,-8.771089
p01,2021-09-13T18:00:00Z,-9.660264
p01,2021-09-13T19:00:00Z,-8.692017
p01,2021-09-13T20:00:00Z,-9.334892
p01,2021-09-13T21:00:00Z,-8.291565
p01,2021-09-13T22:00:00Z,-7.801355
p01,2021-09-13T23:00:00Z,-6.723021
p01,2021-09-14T00:00:00Z,-6.775432
p01,2021-09-14T01:00:00Z,-4.972730
p01,2021-09-14T02:00:00Z,-4.540194
p01,2021-09-14T03:00:00Z,-4.483571
p01,2021-09-14T04:00:00Z,-4.117023
p01,2021-09-14T05:00:00Z,-3.017659
p01,2021-09-14T06:00:00Z,-4.975222
p01,2021-09-14T07:00:00Z,-4.320478
p01,2021-09-14T08:00:00Z,-4.909899
p01,2021-09-14T09:00:00Z,-4.988346
p01,2021-09-14T10:00:00Z,-5.484227
p01,2021-09-14T11:00:00Z,-6.208365
p01,2021-09-14T12:00:00Z,-8.372065
p01,2021-09-14T13:00:00Z,-8.930992
p01,2021-09-14T14:00:00Z,-8.970380
p01,2021-09-14T15:00:00Z,-9.650324
p01,2021-09-14T16:00:00Z,-9.864540
p01,2021-09-14T17:00:00Z,-9.579188
p01,2021-09-14T18:00:00Z,-10.392431
p01,2021-09-14T19:00:00Z,-9.144475
p01,2021-09-14T20:00:00Z,-7.723875
p01,2021-09-14T21:00:00Z,-7.939407
p01,2021-09-14T22:00:00Z,-7.834784
p01,2021-09-14T23:00:00Z,-7.386155
p01,2021-09-15T00:00:00Z,-5.519644
p01,2021-09-15T01:00:00Z,-4.995119
p01,2021-09-15T02:00:00Z,-5.558687
p01,2021-09-15T03:00:00Z,-4.243763
p01,2021-09-15T04:00:00Z,-3.611396
p01,2021-09-15T05:00:00Z,-3.001553
p01,2021-09-15T06:00:00Z,-3.722033
p01,2021-09-15T07:00:00Z,-4.153663
p01,2021-09-15T08:00:00Z,-5.043546
p01,2021-09-15T09:00:00Z,-5.095925
p01,2021-09-15T10:00:00Z,-5.530518
p01,2021-09-15T11:00:00Z,-5.973161
p01,2021-09-15T12:00:00Z,-7.487987
p01,2021-09-15T13:00:00Z,-7.252724
p01,2021-09-15T14:00:00Z,-8.902007
p01,2021-09-15T15:00:00Z,-9.527052
p01,2021-09-15T16:00:00Z,-9.484963
p01,2021-09-15T17:00:00Z,-10.682160
p01,2021-09-15T18:00:00Z,-9.524642
p01,2021-09-15T19:00:00Z,-9.018011
p01,2021-09-15T20:00:00Z,-8.037404
p01,2021-09-15T21:00:00Z,-8.365490
p01,2021-09-15T22:00:00Z,-7.235758
p01,2021-09-15T23:00:00Z,-7.221781
p01,2021-09-16T00:00:00Z,-6.723884
p01,2021-09-16T01:00:00Z,-6.253154
p01,2021-09-16T02:00:00Z,-4.281679
p01,2021-09-16T03:00:00Z,-4.629085
p01,2021-09-16T04:00:00Z,-4.035802
p01,2021-09-16T05:00:00Z,-4.483043
p01,2021-09-16T06:00:00Z,-4.126984
p01,2021-09-16T07:00:00Z,-3.875338
p01,2021-09-16T08:00:00Z,-4.972690
p01,2021-09-16T09:00:00Z,-5.324873
p01,2021-09-16T10:00:00Z,-5.785621
p01,2021-09-16T11:00:00Z,-6.819132
p01,2021-09-16T12:00:00Z,-8.180968
p01,2021-09-16T13:00:00Z,-7.809154
p01,2021-09-16T14:00:00Z,-8.657202
p01,2021-09-16T15:00:00Z,-8.389162
p01,2021-09-16T16:00:00Z,-9.918783
p01,2021-09-16T17:00:00Z,-10.378157
p01,2021-09-16T18:00:00Z,-9.386778
p01,2021-09-16T19:00:00Z,-9.563327
p01,2021-09-16T20:00:00Z,-9.008101
p01,2021-09-16T21:00:00Z,-9.121023
p01,2021-09-16T22:00:00Z,-7.721876
p01,2021-09-16T23:00:00Z,-6.308514
p01,2021-09-17T00:00:00Z,-5.470013
p01,2021-09-17T01:00:00Z,-5.364867
p01,2021-09-17T02:00:00Z,-6.385406
p01,2021-09-17T03:00:00Z,-3.808593
p01,2021-09-17T04:00:00Z,-3.926950
p01,2021-09-17T05:00:00Z,-4.333396
p01,2021-09-17T06:00:00Z,-3.924680
p01,2021-09-17T07:00:00Z,-4.010266
p01,2021-09-17T08:00:00Z,-5.056880
p01,2021-09-17T09:00:00Z,-4.919027
p01,2021-09-17T10:00:00Z,-6.323645
p01,2021-09-17T11:00:00Z,-6.677211
p01,2021-09-17T12:00:00Z,-7.984467
p01,2021-09-17T13:00:00Z,-7.907001
p01,2021-09-17T14:00:00Z,-9.067987
p01,2021-09-17T15:00:00Z,-9.764481
p01,2021-09-17T16:00:00Z,-9.728777
p01,2021-09-17T17:00:00Z,-9.981511
p01,2021-09-17T18:00:00Z,-9.433315
p01,2021-09-17T19:00:00Z,-9.022678
p01,2021-09-17T20:00:00Z,-8.063365
p01,2021-09-17T21:00:00Z,-8.087749
p01,2021-09-17T22:00:00Z,-7.566647
p01,2021-09-17T23:00:00Z,-5.620026
p01,2021-09-18T00:00:00Z,-5.300024
p01,2021-09-18T01:00:00Z,-4.688354
p01,2021-09-18T02:00:00Z,-3.636637
p01,2021-09-18T03:00:00Z,-3.299447
p01,2021-09-18T04:00:00Z,-3.135743
p01,2021-09-18T05:00:00Z,-3.303105
p01,2021-09-18T06:00:00Z,-3.428876
p01,2021-09-18T07:00:00Z,-4.017897
p01,2021-09-18T08:00:00Z,-4.249480
p01,2021-09-18T09:00:00Z,-4.868937
p01,2021-09-18T10:00:00Z,-5.781277
p01,2021-09-18T11:00:00Z,-7.457477
p01,2021-09-18T12:00:00Z,-7.689436
p01,2021-09-18T13:00:00Z,-7.806984
p01,2021-09-18T14:00:00Z,-8.469799
p01,2021-09-18T15:00:00Z,-9.406804
p01,2021-09-18T16:00:00Z,-9.606411
p01,2021-09-18T17:00:00Z,-10.098925
p01,2021-09-18T18:00:00Z,-10.553015
p01,2021-09-18T19:00:00Z,-8.932245
p01,2021-09-18T20:00:00Z,-8.617125
p01,2021-09-18T21:00:00Z,-7.935150
p01,2021-09-18T22:00:00Z,-6.790878
p01,2021-09-18T23:00:00Z,-5.796706
p01,2021-09-19T00:00:00Z,-6.040398
p01,2021-09-19T01:00:00Z,-4.771749
p01,2021-09-19T02:00:00Z,-4.770884
p01,2021-09-19T03:00:00Z,-3.411049
p01,2021-09-19T04:00:00Z,-4.344631
p01,2021-09-19T05:00:00Z,-4.253989
p01,2021-09-19T06:00:00Z,-3.550335
p01,2021-09-19T07:00:00Z,-4.172562
p01,2021-09-19T08:00:00Z,-3.806761
p01,2021-09-19T09:00:00Z,-4.706322
p01,2021-09-19T10:00:00Z,-4.931059
p01,2021-09-19T11:00:00Z,-6.439911
p01,2021-09-19T12:00:00Z,-7.424846
p01,2021-09-19T13:00:00Z,-8.431898
p01,2021-09-19T14:00:00Z,-8.727648
p01,2021-09-19T15:00:00Z,-9.980109
p01,2021-09-19T16:00:00Z,-9.464267
p01,2021-09-19T17:00:00Z,-9.134417
p01,2021-09-19T18:00:00Z,-9.039719
p01,2021-09-19T19:00:00Z,-8.159217
p01,2021-09-19T20:00:00Z,-8.967463
p01,2021-09-19T21:00:00Z,-7.819736
p01,2021-09-19T22:00:00Z,-6.993975
p01,2021-09-19T23:00:00Z,-6.501425
p01,2021-09-20T00:00:00Z,-6.519518
p01,2021-09-20T01:00:00Z,-4.759004
p01,2021-09-20T02:00:00Z,-4.881499
p01,2021-09-20T03:00:00Z,-3.800046
p01,2021-09-20T04:00:00Z,-3.005489
p01,2021-09-20T05:00:00Z,-4.212878
p01,2021-09-20T06:00:00Z,-3.772549
p01,2021-09-20T07:00:00Z,-4.046350
p01,2021-09-20T08:00:00Z,-4.967690
p01,2021-09-20T09:00:00Z,-6.060091
p01,2021-09-20T10:00:00Z,-5.470877
p01,2021-09-20T11:00:00Z,-7.728977
p01,2021-09-20T12:00:00Z,-8.287695
p01,2021-09-20T13:00:00Z,-7.732751
p01,2021-09-20T14:00:00Z,-7.800662
p01,2021-09-20T15:00:00Z,-8.540261
p01,2021-09-20T16:00:00Z,-10.248309
p01,2021-09-20T17:00:00Z,-9.602051
p01,2021-09-20T18:00:00Z,-10.209112
p01,2021-09-20T19:00:00Z,-9.460164
p01,2021-09-20T20:00:00Z,-8.077105
p01,2021-09-20T21:00:00Z,-8.037491
p01,2021-09-20T22:00:00Z,-7.691858
p01,2021-09-20T23:00:00Z,-7.819663
p01,2021-09-21T00:00:00Z,-4.942695
p01,2021-09-21T01:00:00Z,-5.193243
p01,2021-09-21T02:00:00Z,-4.479742
p01,2021-09-21T03:00:00Z,-4.456236
p01,2021-09-21T04:00:00Z,-3.441590
p01,2021-09-21T05:00:00Z,-3.450141
p01,2021-09-21T06:00:00Z,-3.818212
p01,2021-09-21T07:00:00Z,-3.575445
p01,2021-09-21T08:00:00Z,-4.512525
p01,2021-09-21T09:00:00Z,-5.431247
p01,2021-09-21T10:00:00Z,-5.638575
p01,2021-09-21T11:00:00Z,-7.093954
p01,2021-09-21T12:00:00Z,-7.460811
p01,2021-09-21T13:00:00Z,-7.375074
p01,2021-09-21T14:00:00Z,-8.846765
p01,2021-09-21T15:00:00Z,-9.389248
p01,2021-09-21T16:00:00Z,-9.356888
p01,2021-09-21T17:00:00Z,-9.588290
p01,2021-09-21T18:00:00Z,-9.525356
p01,2021-09-21T19:00:00Z,-9.590930
p01,2021-09-21T20:00:00Z,-8.337058
p01,2021-09-21T21:00:00Z,-8.619976
p01,2021-09-21T22:00:00Z,-7.486959
p01,2021-09-21T23:00:00Z,-6.752140
p01,2021-09-22T00:00:00Z,-5.529646
p01,2021-09-22T01:00:00Z,-5.019587
p01,2021-09-22T02:00:00Z,-4.618982
p01,2021-09-22T03:00:00Z,-3.951145
p01,2021-09-22T04:00:00Z,-3.527215
p01,2021-09-22T05:00:00Z,-4.361146
p01,2021-09-22T06:00:00Z,-3.049187
p01,2021-09-22T07:00:00Z,-3.114921
p01,2021-09-22T08:00:00Z,-4.150958
p01,2021-09-22T09:00:00Z,-3.865345
p01,2021-09-22T10:00:00Z,-5.279190
p01,2021-09-22T11:00:00Z,-6.524733
p01,2021-09-22T12:00:00Z,-8.235931
p01,2021-09-22T13:00:00Z,-7.601924
p01,2021-09-22T14:00:00Z,-8.950460
p01,2021-09-22T15:00:00Z,-8.891013
p01,2021-09-22T16:00:00Z,-9.248020
p01,2021-09-22T17:00:00Z,-8.549176
p01,2021-09-22T18:00:00Z,-9.855798
p01,2021-09-22T19:00:00Z,-8.859055
p01,2021-09-22T20:00:00Z,-8.940307
p01,2021-09-22T21:00:00Z,-8.358061
p01,2021-09-22T22:00:00Z,-6.852399
p01,2021-09-22T23:00:00Z,-6.128875
p01,2021-09-23T00:00:00Z,-5.709404
p01,2021-09-23T01:00:00Z,-4.873830
p01,2021-09-23T02:00:00Z,-4.072129
p01,2021-09-23T03:00:00Z,-3.656541
p01,2021-09-23T04:00:00Z,-2.920168
p01,2021-09-23T05:00:00Z,-3.221608
p01,2021-09-23T06:00:00Z,-2.873510
p01,2021-09-23T07:00:00Z,-3.722250
p01,2021-09-23T08:00:00Z,-4.222703
p01,2021-09-23T09:00:00Z,-3.945118
p01,2021-09-23T10:00:00Z,-5.210409
p01,2021-09-23T11:00:00Z,-5.945300
p01,2021-09-23T12:00:00Z,-6.851677
p01,2021-09-23T13:00:00Z,-7.660479
p01,2021-09-23T14:00:00Z,-8.987946
p01,2021-09-23T15:00:00Z,-8.694024
p01,2021-09-23T16:00:00Z,-8.538681
p01,2021-09-23T17:00:00Z,-9.105042
p01,2021-09-23T18:00:00Z,-10.286687
p01,2021-09-23T19:00:00Z,-9.171419
p01,2021-09-23T20:00:00Z,-8.890229
p01,2021-09-23T21:00:00Z,-7.962484
p01,2021-09-23T22:00:00Z,-7.380062
p01,2021-09-23T23:00:00Z,-7.125870
p01,2021-09-24T00:00:00Z,-5.913390
p01,2021-09-24T01:00:00Z,-4.397402
p01,2021-09-24T02:00:00Z,-4.558823
p01,2021-09-24T03:00:00Z,-4.964556
p01,2021-09-24T04:00:00Z,-3.211790
p01,2021-09-24T05:00:00Z,-3.241990
p01,2021-09-24T06:00:00Z,-4.465901
p01,2021-09-24T07:00:00Z,-3.937089
p01,2021-09-24T08:00:00Z,-4.111046
p01,2021-09-24T09:00:00Z,-4.214143
p01,2021-09-24T10:00:00Z,-5.527409
p01,2021-09-24T11:00:00Z,-6.663563
p01,2021-09-24T12:00:00Z,-7.159558
p01,2021-09-24T13:00:00Z,-7.359066
p01,2021-09-24T14:00:00Z,-8.058328
p01,2021-09-24T15:00:00Z,-9.130215
p01,2021-09-24T16:00:00Z,-8.866836
p01,2021-09-24T17:00:00Z,-9.159670
p01,2021-09-24T18:00:00Z,-10.182617
p01,2021-09-24T19:00:00Z,-9.018002
p01,2021-09-24T20:00:00Z,-8.797530
p01,2021-09-24T21:00:00Z,-7.697995
p01,2021-09-24T22:00:00Z,-7.431478
p01,2021-09-24T23:00:00Z,-6.973860
p01,2021-09-25T00:00:00Z,-5.617462
p01,2021-09-25T01:00:00Z,-4.018313
p01,2021-09-25T02:00:00Z,-3.435721
p01,2021-09-25T03:00:00Z,-4.616738
p01,2021-09-25T04:00:00Z,-2.885044
p01,2021-09-25T05:00:00Z,-3.228040
p01,2021-09-25T06:00:00Z,-3.591458
p01,2021-09-25T07:00:00Z,-4.149838
p01,2021-09-25T08:00:00Z,-3.991834
p01,2021-09-25T09:00:00Z,-5.241375
p01,2021-09-25T10:00:00Z,-5.948893
p01,2021-09-25T11:00:00Z,-6.980160
p01,2021-09-25T12:00:00Z,-7.019530
p01,2021-09-25T13:00:00Z,-7.634517
p01,2021-09-25T14:00:00Z,-8.400772
p01,2021-09-25T15:00:00Z,-9.583775
p01,2021-09-25T16:00:00Z,-10.079773
p01,2021-09-25T17:00:00Z,-9.332962
p01,2021-09-25T18:00:00Z,-8.650628
p01,2021-09-25T19:00:00Z,-9.647501
p01,2021-09-25T20:00:00Z,-8.054429
p01,2021-09-25T21:00:00Z,-7.689139
p01,2021-09-25T22:00:00Z,-8.244417
p01,2021-09-25T23:00:00Z,-6.354413
p01,2021-09-26T00:00:00Z,-5.132364
p01,2021-09-26T01:00:00Z,-5.206676
p01,2021-09-26T02:00:00Z,-4.251632
p01,2021-09-26T03:00:00Z,-4.189014
p01,2021-09-26T04:00:00Z,-3.837090
p01,2021-09-26T05:00:00Z,-3.035834
p01,2021-09-26T06:00:00Z,-3.892423
p01,2021-09-26T07:00:00Z,-3.482098
p01,2021-09-26T08:00:00Z,-3.829128
p01,2021-09-26T09:00:00Z,-4.534535
p01,2021-09-26T10:00:00Z,-5.860510
p01,2021-09-26T11:00:00Z,-5.478430
p01,2021-09-26T12:00:00Z,-7.044502
p01,2021-09-26T13:00:00Z,-6.670431
p01,2021-09-26T14:00:00Z,-8.244869
p01,2021-09-26T15:00:00Z,-8.454614
p01,2021-09-26T16:00:00Z,-9.114733
p01,2021-09-26T17:00:00Z,-9.450407
p01,2021-09-26T18:00:00Z,-8.845437
p01,2021-09-26T19:00:00Z,-8.636080
p01,2021-09-26T20:00:00Z,-8.482490
p01,2021-09-26T21:00:00Z,-6.987172
p01,2021-09-26T22:00:00Z,-6.385096
p01,2021-09-26T23:00:00Z,-5.089603
p01,2021-09-27T00:00:00Z,-4.869597
p01,2021-09-27T01:00:00Z,-4.056615
p01,2021-09-27T02:00:00Z,-4.828796
p01,2021-09-27T03:00:00Z,-2.872963
p01,2021-09-27T04:00:00Z,-2.522549
p01,2021-09-27T05:00:00Z,-3.091033
p01,2021-09-27T06:00:00Z,-2.854272
p01,2021-09-27T07:00:00Z,-3.315771
p01,2021-09-27T08:00:00Z,-4.551536
p01,2021-09-27T09:00:00Z,-4.544021
p01,2021-09-27T10:00:00Z,-4.796658
p01,2021-09-27T11:00:00Z,-6.531214
p01,2021-09-27T12:00:00Z,-7.261029
p01,2021-09-27T13:00:00Z,-7.945255
p01,2021-09-27T14:00:00Z,-8.270870
p01,2021-09-27T15:00:00Z,-8.347260
p01,2021-09-27T16:00:00Z,-8.994799
p01,2021-09-27T17:00:00Z,-8.838503
p01,2021-09-27T18:00:00Z,-9.205697
p01,2021-09-27T19:00:00Z,-8.470114
p01,2021-09-27T20:00:00Z,-8.318020
p01,2021-09-27T21:00:00Z,-8.681191
p01,2021-09-27T22:00:00Z,-7.699871
p01,2021-09-27T23:00:00Z,-6.019241
p01,2021-09-28T00:00:00Z,-5.984825
p01,2021-09-28T01:00:00Z,-5.292736
p01,2021-09-28T02:00:00Z,-4.436680
p01,2021-09-28T03:00:00Z,-4.388629
p01,2021-09-28T04:00:00Z,-3.519579
p01,2021-09-28T05:00:00Z,-4.083062
p01,2021-09-28T06:00:00Z,-3.608420
p01,2021-09-28T07:00:00Z,-3.753805
p01,2021-09-28T08:00:00Z,-3.369907
p01,2021-09-28T09:00:00Z,-4.911232
p01,2021-09-28T10:00:00Z,-5.327023
p01,2021-09-28T11:00:00Z,-6.096066
p01,2021-09-28T12:00:00Z,-6.438723
p01,2021-09-28T13:00:00Z,-6.569686
p01,2021-09-28T14:00:00Z,-8.231094
p01,2021-09-28T15:00:00Z,-9.086257
p01,2021-09-28T16:00:00Z,-9.034074
p01,2021-09-28T17:00:00Z,-8.204488
p01,2021-09-28T18:00:00Z,-9.735912
p01,2021-09-28T19:00:00Z,-9.007928
p01,2021-09-28T20:00:00Z,-8.109119
p01,2021-09-28T21:00:00Z,-7.926394
p01,2021-09-28T22:00:00Z,-5.952634
p01,2021-09-28T23:00:00Z,-6.576017
p01,2021-09-29T00:00:00Z,-5.208488
p01,2021-09-29T01:00:00Z,-4.427437
p01,2021-09-29T02:00:00Z,-4.016090
p01,2021-09-29T03:00:00Z,-4.186866
p01,2021-09-29T04:00:00Z,-4.036903
p01,2021-09-29T05:00:00Z,-4.100114
p01,2021-09-29T06:00:00Z,-2.555490
p01,2021-09-29T07:00:00Z,-3.791272
p01,2021-09-29T08:00:00Z,-3.948593
p01,2021-09-29T09:00:00Z,-4.419112
p01,2021-09-29T10:00:00Z,-5.351560
p01,2021-09-29T11:00:00Z,-6.381046
p01,2021-09-29T12:00:00Z,-6.563961
p01,2021-09-29T13:00:00Z,-8.537012
p01,2021-09-29T14:00:00Z,-7.267511
p01,2021-09-29T15:00:00Z,-9.368925
p01,2021-09-29T16:00:00Z,-9.421181
p01,2021-09-29T17:00:00Z,-9.017669
p01,2021-09-29T18:00:00Z,-9.455147
p01,2021-09-29T19:00:00Z,-8.832078
p01,2021-09-29T20:00:00Z,-7.606003
p01,2021-09-29T21:00:00Z,-7.237766
p01,2021-09-29T22:00:00Z,-7.690791
p01,2021-09-29T23:00:00Z,-5.507808
p01,2021-09-30T00:00:00Z,-4.893893
p01,2021-09-30T01:00:00Z,-4.540987
p01,2021-09-30T02:00:00Z,-4.261263
p01,2021-09-30T03:00:00Z,-3.762756
p01,2021-09-30T04:00:00Z,-3.435082
p01,2021-09-30T05:00:00Z,-2.621353
p01,2021-09-30T06:00:00Z,-2.725570
p01,2021-09-30T07:00:00Z,-3.400363
p01,2021-09-30T08:00:00Z,-4.010359
p01,2021-09-30T09:00:00Z,-5.469691
p01,2021-09-30T10:00:00Z,-4.841247
p01,2021-09-30T11:00:00Z,-5.953488
p01,2021-09-30T12:00:00Z,-6.430855
p01,2021-09-30T13:00:00Z,-8.606630
p01,2021-09-30T14:00:00Z,-7.557886
p01,2021-09-30T15:00:00Z,-9.386627
p01,2021-09-30T16:00:00Z,-8.598211
p01,2021-09-30T17:00:00Z,-9.288174
p01,2021-09-30T18:00:00Z,-8.900270
p01,2021-09-30T19:00:00Z,-7.786983
p01,2021-09-30T20:00:00Z,-7.610097
p01,2021-09-30T21:00:00Z,-8.037470
p01,2021-09-30T22:00:00Z,-5.839801
p01,2021-09-30T23:00:00Z,-5.899066
p01,2021-10-01T00:00:00Z,-5.058464
p01,2021-10-01T01:00:00Z,-4.232133
p01,2021-10-01T02:00:00Z,-4.576024
p01,2021-10-01T03:00:00Z,-3.716983
p01,2021-10-01T04:00:00Z,-3.434292
p01,2021-10-01T05:00:00Z,-2.869983
p01,2021-10-01T06:00:00Z,-2.960688
p01,2021-10-01T07:00:00Z,-3.440652
p01,2021-10-01T08:00:00Z,-4.139631
p01,2021-10-01T09:00:00Z,-3.804502
p01,2021-10-01T10:00:00Z,-5.341750
p01,2021-10-01T11:00:00Z,-6.644204
p01,2021-10-01T12:00:00Z,-6.735051
p01,2021-10-01T13:00:00Z,-7.315516
p01,2021-10-01T14:00:00Z,-8.218623
p01,2021-10-01T15:00:00Z,-8.812968
p01,2021-10-01T16:00:00Z,-8.474981
p01,2021-10-01T17:00:00Z,-8.549842
p01,2021-10-01T18:00:00Z,-8.747301
p01,2021-10-01T19:00:00Z,-8.894998
p01,2021-10-01T20:00:00Z,-7.518195
p01,2021-10-01T21:00:00Z,-6.733761
p01,2021-10-01T22:00:00Z,-6.722744
p01,2021-10-01T23:00:00Z,-6.245681
p01,2021-10-02T00:00:00Z,-5.284822
p01,2021-10-02T01:00:00Z,-4.968198
p01,2021-10-02T02:00:00Z,-3.462859
p01,2021-10-02T03:00:00Z,-4.384089
p01,2021-10-02T04:00:00Z,-2.853424
p01,2021-10-02T05:00:00Z,-2.911125
p01,2021-10-02T06:00:00Z,-3.362309
p01,2021-10-02T07:00:00Z,-2.908081
p01,2021-10-02T08:00:00Z,-4.327748
p01,2021-10-02T09:00:00Z,-4.589604
p01,2021-10-02T10:00:00Z,-4.468849
p01,2021-10-02T11:00:00Z,-5.923598
p01,2021-10-02T12:00:00Z,-6.792199
p01,2021-10-02T13:00:00Z,-7.821556
p01,2021-10-02T14:00:00Z,-7.674871
p01,2021-10-02T15:00:00Z,-8.776336
p01,2021-10-02T16:00:00Z,-8.359342
p01,2021-10-02T17:00:00Z,-8.561693
p01,2021-10-02T18:00:00Z,-8.708260
p01,2021-10-02T19:00:00Z,-7.959544
p01,2021-10-02T20:00:00Z,-6.977636
p01,2021-10-02T21:00:00Z,-8.243279
p01,2021-10-02T22:00:00Z,-7.046647
p01,2021-10-02T23:00:00Z,-5.843197
p01,2021-10-03T00:00:00Z,-5.145794
p01,2021-10-03T01:00:00Z,-3.965134
p01,2021-10-03T02:00:00Z,-3.573770
p01,2021-10-03T03:00:00Z,-4.146030
p01,2021-10-03T04:00:00Z,-2.010554
p01,2021-10-03T05:00:00Z,-2.772896
p01,2021-10-03T06:00:00Z,-3.210905
p01,2021-10-03T07:00:00Z,-3.387350
p01,2021-10-03T08:00:00Z,-3.705262
p01,2021-10-03T09:00:00Z,-5.152308
p01,2021-10-03T10:00:00Z,-4.965829
p01,2021-10-03T11:00:00Z,-5.201265
p01,2021-10-03T12:00:00Z,-7.100773
p01,2021-10-03T13:00:00Z,-7.853365
p01,2021-10-03T14:00:00Z,-8.328879
p01,2021-10-03T15:00:00Z,-8.193879
p01,2021-10-03T16:00:00Z,-9.410573
p01,2021-10-03T17:00:00Z,-7.446514
p01,2021-10-03T18:00:00Z,-8.830485
p01,2021-10-03T19:00:00Z,-8.245356
p01,2021-10-03T20:00:00Z,-7.378451
p01,2021-10-03T21:00:00Z,-7.463382
p01,2021-10-03T22:00:00Z,-6.488571
p01,2021-10-03T23:00:00Z,-6.373539
p01,2021-10-04T00:00:00Z,-4.284327
p01,2021-10-04T01:00:00Z,-4.312834
p01,2021-10-04T02:00:00Z,-3.228230
p01,2021-10-04T03:00:00Z,-3.719119
p01,2021-10-04T04:00:00Z,-3.382527
p01,2021-10-04T05:00:00Z,-2.798994
p01,2021-10-04T06:00:00Z,-2.662497
p01,2021-10-04T07:00:00Z,-2.527979
p01,2021-10-04T08:00:00Z,-3.863483
p01,2021-10-04T09:00:00Z,-4.801250
p01,2021-10-04T10:00:00Z,-4.988761
p01,2021-10-04T11:00:00Z,-5.725990
p01,2021-10-04T12:00:00Z,-7.037721
p01,2021-10-04T13:00:00Z,-6.893620
p01,2021-10-04T14:00:00Z,-7.042396
p01,2021-10-04T15:00:00Z,-8.158036
p01,2021-10-04T16:00:00Z,-8.394737
p01,2021-10-04T17:00:00Z,-8.842783
p01,2021-10-04T18:00:00Z,-9.249880
p01,2021-10-04T19:00:00Z,-8.740127
p01,2021-10-04T20:00:00Z,-7.806668
p01,2021-10-04T21:00:00Z,-6.194367
p01,2021-10-04T22:00:00Z,-6.267465
p01,2021-10-04T23:00:00Z,-5.359665
p01,2021-10-05T00:00:00Z,-5.176944
p01,2021-10-05T01:00:00Z,-3.626232
p01,2021-10-05T02:00:00Z,-3.422561
p01,2021-10-05T03:00:00Z,-3.991023
p01,2021-10-05T04:00:00Z,-2.400137
p01,2021-10-05T05:00:00Z,-3.169581
p01,2021-10-05T06:00:00Z,-3.435456
p01,2021-10-05T07:00:00Z,-2.168393
p01,2021-10-05T08:00:00Z,-2.987942
p01,2021-10-05T09:00:00Z,-4.192027
p01,2021-10-05T10:00:00Z,-4.983473
p01,2021-10-05T11:00:00Z,-5.699641
p01,2021-10-05T12:00:00Z,-6.798919
p01,2021-10-05T13:00:00Z,-7.322388
p01,2021-10-05T14:00:00Z,-8.843973
p01,2021-10-05T15:00:00Z,-8.055206
p01,2021-10-05T16:00:00Z,-7.898419
p01,2021-10-05T17:00:00Z,-9.281011
p01,2021-10-05T18:00:00Z,-8.144736
p01,2021-10-05T19:00:00Z,-7.344468
p01,2021-10-05T20:00:00Z,-7.121016
p01,2021-10-05T21:00:00Z,-6.468944
p01,2021-10-05T22:00:00Z,-5.801436
p01,2021-10-05T23:00:00Z,-5.650554
p01,2021-10-06T00:00:00Z,-4.793278
p01,2021-10-06T01:00:00Z,-4.133216
p01,2021-10-06T02:00:00Z,-3.578317
p01,2021-10-06T03:00:00Z,-3.090885
p01,2021-10-06T04:00:00Z,-3.072554
p01,2021-10-06T05:00:00Z,-2.954160
p01,2021-10-06T06:00:00Z,-3.359561
p01,2021-10-06T07:00:00Z,-2.493584
p01,2021-10-06T08:00:00Z,-3.264123
p01,2021-10-06T09:00:00Z,-4.417694
p01,2021-10-06T10:00:00Z,-5.012553
p01,2021-10-06T11:00:00Z,-5.781824
p01,2021-10-06T12:00:00Z,-6.371191
p01,2021-10-06T13:00:00Z,-6.967891
p01,2021-10-06T14:00:00Z,-8.104774
p01,2021-10-06T15:00:00Z,-7.887576
p01,2021-10-06T16:00:00Z,-8.626527
p01,2021-10-06T17:00:00Z,-8.803493
p01,2021-10-06T18:00:00Z,-8.080310
p01,2021-10-06T19:00:00Z,-7.261063
p01,2021-10-06T20:00:00Z,-7.722937
p01,2021-10-06T21:00:00Z,-5.753025
p01,2021-10-06T22:00:00Z,-6.299539
p01,2021-10-06T23:00:00Z,-4.817697
p01,2021-10-07T00:00:00Z,-4.722840
p01,2021-10-07T01:00:00Z,-4.937136
p01,2021-10-07T02:00:00Z,-2.674821
p01,2021-10-07T03:00:00Z,-2.626222
p01,2021-10-07T04:00:00Z,-2.982410
p01,2021-10-07T05:00:00Z,-2.349694
p01,2021-10-07T06:00:00Z,-2.625654
p01,2021-10-07T07:00:00Z,-2.853226
p01,2021-10-07T08:00:00Z,-2.807246
p01,2021-10-07T09:00:00Z,-4.544941
p01,2021-10-07T10:00:00Z,-5.451459
p01,2021-10-07T11:00:00Z,-3.704603
p01,2021-10-07T12:00:00Z,-5.639994
p01,2021-10-07T13:00:00Z,-7.249774
p01,2021-10-07T14:00:00Z,-7.117267
p01,2021-10-07T15:00:00Z,-8.277528
p01,2021-10-07T16:00:00Z,-8.119391
p01,2021-10-07T17:00:00Z,-8.614335
p01,2021-10-07T18:00:00Z,-8.317546
p01,2021-10-07T19:00:00Z,-8.301454
p01,2021-10-07T20:00:00Z,-6.842988
p01,2021-10-07T21:00:00Z,-7.029990
p01,2021-10-07T22:00:00Z,-6.416319
p01,2021-10-07T23:00:00Z,-5.028252
p01,2021-10-08T00:00:00Z,-5.457162
p01,2021-10-08T01:00:00Z,-4.327111
p01,2021-10-08T02:00:00Z,-3.416196
p01,2021-10-08T03:00:00Z,-2.779140
p01,2021-10-08T04:00:00Z,-2.437271
p01,2021-10-08T05:00:00Z,-2.466836
p01,2021-10-08T06:00:00Z,-2.580764
p01,2021-10-08T07:00:00Z,-3.303730
p01,2021-10-08T08:00:00Z,-3.613448
p01,2021-10-08T09:00:00Z,-4.032713
p01,2021-10-08T10:00:00Z,-5.093781
p01,2021-10-08T11:00:00Z,-5.413536
p01,2021-10-08T12:00:00Z,-6.674130
p01,2021-10-08T13:00:00Z,-7.206093
p01,2021-10-08T14:00:00Z,-7.735288
p01,2021-10-08T15:00:00Z,-6.892034
p01,2021-10-08T16:00:00Z,-8.144312
p01,2021-10-08T17:00:00Z,-8.658768
p01,2021-10-08T18:00:00Z,-7.815321
p01,2021-10-08T19:00:00Z,-7.743132
p01,2021-10-08T20:00:00Z,-7.415112
p01,2021-10-08T21:00:00Z,-6.653638
p01,2021-10-08T22:00:00Z,-5.570119
p01,2021-10-08T23:00:00Z,-5.544443
p01,2021-10-09T00:00:00Z,-4.922833
p01,2021-10-09T01:00:00Z,-3.768119
p01,2021-10-09T02:00:00Z,-2.891165
p01,2021-10-09T03:00:00Z,-3.209068
p01,2021-10-09T04:00:00Z,-2.857991
p01,2021-10-09T05:00:00Z,-2.653163
p01,2021-10-09T06:00:00Z,-2.075470
p01,2021-10-09T07:00:00Z,-3.018363
p01,2021-10-09T08:00:00Z,-3.384248
p01,2021-10-09T09:00:00Z,-3.641860
p01,2021-10-09T10:00:00Z,-4.073641
p01,2021-10-09T11:00:00Z,-4.407872
p01,2021-10-09T12:00:00Z,-7.832652
p01,2021-10-09T13:00:00Z,-6.760382
p01,2021-10-09T14:00:00Z,-7.957115
p01,2021-10-09T15:00:00Z,-8.816460
p01,2021-10-09T16:00:00Z,-7.118726
p01,2021-10-09T17:00:00Z,-7.009188
p01,2021-10-09T18:00:00Z,-7.834767
p01,2021-10-09T19:00:00Z,-8.043760
p01,2021-10-09T20:00:00Z,-7.035552
p01,2021-10-09T21:00:00Z,-6.002149
p01,2021-10-09T22:00:00Z,-6.565961
p01,2021-10-09T23:00:00Z,-5.539426
p01,2021-10-10T00:00:00Z,-5.592931
p01,2021-10-10T01:00:00Z,-3.612819
p01,2021-10-10T02:00:00Z,-3.289452
p01,2021-10-10T03:00:00Z,-2.020145
p01,2021-10-10T04:00:00Z,-2.075150
p01,2021-10-10T05:00:00Z,-2.666501
p01,2021-10-10T06:00:00Z,-1.919620
p01,2021-10-10T07:00:00Z,-2.257208
p01,2021-10-10T08:00:00Z,-4.122054
p01,2021-10-10T09:00:00Z,-3.807901
p01,2021-10-10T10:00:00Z,-4.886447
p01,2021-10-10T11:00:00Z,-4.979572
p01,2021-10-10T12:00:00Z,-5.523331
p01,2021-10-10T13:00:00Z,-7.318715
p01,2021-10-10T14:00:00Z,-7.281266
p01,2021-10-10T15:00:00Z,-8.361402
p01,2021-10-10T16:00:00Z,-8.355346
p01,2021-10-10T17:00:00Z,-8.892757
p01,2021-10-10T18:00:00Z,-7.746415
p01,2021-10-10T19:00:00Z,-7.510376
p01,2021-10-10T20:00:00Z,-7.561393
p01,2021-10-10T21:00:00Z,-7.254926
p01,2021-10-10T22:00:00Z,-5.783971
p01,2021-10-10T23:00:00Z,-4.163635
p01,2021-10-11T00:00:00Z,-4.399380
p01,2021-10-11T01:00:00Z,-3.816133
p01,2021-10-11T02:00:00Z,-3.820370
p01,2021-10-11T03:00:00Z,-2.892936
p01,2021-10-11T04:00:00Z,-2.150361
p01,2021-10-11T05:00:00Z,-2.789663
p01,2021-10-11T06:00:00Z,-2.422449
p01,2021-10-11T07:00:00Z,-2.316690
p01,2021-10-11T08:00:00Z,-2.149540
p01,2021-10-11T09:00:00Z,-3.548931
p01,2021-10-11T10:00:00Z,-4.307335
p01,2021-10-11T11:00:00Z,-5.311254
p01,2021-10-11T12:00:00Z,-5.921672
p01,2021-10-11T13:00:00Z,-6.598259
p01,2021-10-11T14:00:00Z,-7.523993
p01,2021-10-11T15:00:00Z,-8.488194
p01,2021-10-11T16:00:00Z,-8.135098
p01,2021-10-11T17:00:00Z,-7.920759
p01,2021-10-11T18:00:00Z,-8.123749
p01,2021-10-11T19:00:00Z,-8.541953
p01,2021-10-11T20:00:00Z,-8.537344
p01,2021-10-11T21:00:00Z,-6.068280
p01,2021-10-11T22:00:00Z,-5.433387
p01,2021-10-11T23:00:00Z,-4.400438
p01,2021-10-12T00:00:00Z,-5.441507
p01,2021-10-12T01:00:00Z,-2.743748
p01,2021-10-12T02:00:00Z,-2.992961
p01,2021-10-12T03:00:00Z,-2.095428
p01,2021-10-12T04:00:00Z,-1.840754
p01,2021-10-12T05:00:00Z,-1.865350
p01,2021-10-12T06:00:00Z,-1.938105
p01,2021-10-12T07:00:00Z,-2.682114
p01,2021-10-12T08:00:00Z,-3.779128
p01,2021-10-12T09:00:00Z,-3.336523
p01,2021-10-12T10:00:00Z,-3.900750
p01,2021-10-12T11:00:00Z,-5.549317
p01,2021-10-12T12:00:00Z,-5.793676
p01,2021-10-12T13:00:00Z,-7.136434
p01,2021-10-12T14:00:00Z,-7.377803
p01,2021-10-12T15:00:00Z,-7.948712
p01,2021-10-12T16:00:00Z,-7.766224
p01,2021-10-12T17:00:00Z,-8.350211
p01,2021-10-12T18:00:00Z,-7.874524
p01,2021-10-12T19:00:00Z,-7.339591
p01,2021-10-12T20:00:00Z,-7.894591
p01,2021-10-12T21:00:00Z,-6.980489
p01,2021-10-12T22:00:00Z,-6.060000
p01,2021-10-12T23:00:00Z,-4.704140
p01,2021-10-13T00:00:00Z,-4.223274
p01,2021-10-13T01:00:00Z,-4.565274
p01,2021-10-13T02:00:00Z,-3.812740
p01,2021-10-13T03:00:00Z,-1.814465
p01,2021-10-13T04:00:00Z,-2.283327
p01,2021-10-13T05:00:00Z,-2.048328
p01,2021-10-13T06:00:00Z,-3.180235
p01,2021-10-13T07:00:00Z,-1.889806
p01,2021-10-13T08:00:00Z,-2.265631
p01,2021-10-13T09:00:00Z,-3.310808
p01,2021-10-13T10:00:00Z,-4.333165
p01,2021-10-13T11:00:00Z,-5.018377
p01,2021-10-13T12:00:00Z,-6.183710
p01,2021-10-13T13:00:00Z,-7.001472
p01,2021-10-13T14:00:00Z,-7.192457
p01,2021-10-13T15:00:00Z,-7.862111
p01,2021-10-13T16:00:00Z,-7.286981
p01,2021-10-13T17:00:00Z,-7.685935
p01,2021-10-13T18:00:00Z,-7.760186
p01,2021-10-13T19:00:00Z,-7.755817
p01,2021-10-13T20:00:00Z,-7.061654
p01,2021-10-13T21:00:00Z,-6.829704
p01,2021-10-13T22:00:00Z,-5.610575
p01,2021-10-13T23:00:00Z,-4.370395
p01,2021-10-14T00:00:00Z,-3.602998
p01,2021-10-14T01:00:00Z,-4.254248
p01,2021-10-14T02:00:00Z,-3.234431
p01,2021-10-14T03:00:00Z,-3.066468
p01,2021-10-14T04:00:00Z,-2.125442
p01,2021-10-14T05:00:00Z,-0.749419
p01,2021-10-14T06:00:00Z,-2.144799
p01,2021-10-14T07:00:00Z,-2.381744
p01,2021-10-14T08:00:00Z,-2.908445
p01,2021-10-14T09:00:00Z,-3.435220
p01,2021-10-14T10:00:00Z,-4.743512
p01,2021-10-14T11:00:00Z,-4.091759
p01,2021-10-14T12:00:00Z,-5.781189
p01,2021-10-14T13:00:00Z,-6.098083
p01,2021-10-14T14:00:00Z,-7.190256
p01,2021-10-14T15:00:00Z,-7.321017
p01,2021-10-14T16:00:00Z,-7.429390
p01,2021-10-14T17:00:00Z,-7.452117
p01,2021-10-14T18:00:00Z,-7.260221
p01,2021-10-14T19:00:00Z,-7.778926
p01,2021-10-14T20:00:00Z,-7.046846
p01,2021-10-14T21:00:00Z,-6.613459
p01,2021-10-14T22:00:00Z,-6.026713
p01,2021-10-14T23:00:00Z,-4.493719
p01,2021-10-15T00:00:00Z,-4.506637
p01,2021-10-15T01:00:00Z,-3.062409
p01,2021-10-15T02:00:00Z,-2.645459
p01,2021-10-15T03:00:00Z,-2.487101
p01,2021-10-15T04:00:00Z,-1.753436
p01,2021-10-15T05:00:00Z,-1.855704
p01,2021-10-15T06:00:00Z,-2.248973
p01,2021-10-15T07:00:00Z,-1.887070
p01,2021-10-15T08:00:00Z,-2.510115
p01,2021-10-15T09:00:00Z,-2.850444
p01,2021-10-15T10:00:00Z,-2.956997
p01,2021-10-15T11:00:00Z,-4.896493
p01,2021-10-15T12:00:00Z,-5.535199
p01,2021-10-15T13:00:00Z,-5.479083
p01,2021-10-15T14:00:00Z,-6.388383
p01,2021-10-15T15:00:00Z,-7.828153
p01,2021-10-15T16:00:00Z,-8.078975
p01,2021-10-15T17:00:00Z,-7.624979
p01,2021-10-15T18:00:00Z,-6.779862
p01,2021-10-15T19:00:00Z,-7.210695
p01,2021-10-15T20:00:00Z,-6.153911
p01,2021-10-15T21:00:00Z,-6.557559
p01,2021-10-15T22:00:00Z,-5.566796
p01,2021-10-15T23:00:00Z,-4.111286
p01,2021-10-16T00:00:00Z,-3.951382
p01,2021-10-16T01:00:00Z,-2.763972
p01,2021-10-16T02:00:00Z,-1.724189
p01,2021-10-16T03:00:00Z,-1.184847
p01,2021-10-16T04:00:00Z,-1.892676
p01,2021-10-16T05:00:00Z,-2.412127
p01,2021-10-16T06:00:00Z,-1.313472
p01,2021-10-16T07:00:00Z,-2.121151
p01,2021-10-16T08:00:00Z,-2.925171
p01,2021-10-16T09:00:00Z,-3.559640
p01,2021-10-16T10:00:00Z,-3.200952
p01,2021-10-16T11:00:00Z,-4.452887
p01,2021-10-16T12:00:00Z,-5.401955
p01,2021-10-16T13:00:00Z,-6.290772
p01,2021-10-16T14:00:00Z,-7.439767
p01,2021-10-16T15:00:00Z,-7.057258
p01,2021-10-16T16:00:00Z,-7.274255
p01,2021-10-16T17:00:00Z,-8.580973
p01,2021-10-16T18:00:00Z,-8.259714
p01,2021-10-16T19:00:00Z,-7.651090
p01,2021-10-16T20:00:00Z,-6.844587
p01,2021-10-16T21:00:00Z,-6.540386
p01,2021-10-16T22:00:00Z,-5.282322
p01,2021-10-16T23:00:00Z,-4.638331
p01,2021-10-17T00:00:00Z,-4.055614
p01,2021-10-17T01:00:00Z,-3.169250
p01,2021-10-17T02:00:00Z,-3.138767
p01,2021-10-17T03:00:00Z,-2.949217
p01,2021-10-17T04:00:00Z,-1.068778
p01,2021-10-17T05:00:00Z,-2.463927
p01,2021-10-17T06:00:00Z,-2.038067
p01,2021-10-17T07:00:00Z,-2.853252
p01,2021-10-17T08:00:00Z,-2.566268
p01,2021-10-17T09:00:00Z,-3.260510
p01,2021-10-17T10:00:00Z,-3.887690
p01,2021-10-17T11:00:00Z,-4.760169
p01,2021-10-17T12:00:00Z,-4.803325
p01,2021-10-17T13:00:00Z,-6.073979
p01,2021-10-17T14:00:00Z,-5.783099
p01,2021-10-17T15:00:00Z,-6.469685
p01,2021-10-17T16:00:00Z,-8.375122
p01,2021-10-17T17:00:00Z,-7.793868
p01,2021-10-17T18:00:00Z,-6.966354
p01,2021-10-17T19:00:00Z,-6.462670
p01,2021-10-17T20:00:00Z,-6.466381
p01,2021-10-17T21:00:00Z,-6.243713
p01,2021-10-17T22:00:00Z,-4.662288
p01,2021-10-17T23:00:00Z,-5.787844
p01,2021-10-18T00:00:00Z,-2.871468
p01,2021-10-18T01:00:00Z,-2.861486
p01,2021-10-18T02:00:00Z,-2.659049
p01,2021-10-18T03:00:00Z,-2.091314
p01,2021-10-18T04:00:00Z,-1.530415
p01,2021-10-18T05:00:00Z,-0.942918
p01,2021-10-18T06:00:00Z,-1.034863
p01,2021-10-18T07:00:00Z,-1.667749
p01,2021-10-18T08:00:00Z,-2.428758
p01,2021-10-18T09:00:00Z,-2.234526
p01,2021-10-18T10:00:00Z,-3.505846
p01,2021-10-18T11:00:00Z,-3.804220
p01,2021-10-18T12:00:00Z,-5.466228
p01,2021-10-18T13:00:00Z,-5.468843
p01,2021-10-18T14:00:00Z,-6.048582
p01,2021-10-18T15:00:00Z,-7.058936
p01,2021-10-18T16:00:00Z,-8.049322
p01,2021-10-18T17:00:00Z,-7.194970
p01,2021-10-18T18:00:00Z,-7.219282
p01,2021-10-18T19:00:00Z,-7.381946
p01,2021-10-18T20:00:00Z,-7.720677
p01,2021-10-18T21:00:00Z,-6.335601
p01,2021-10-18T22:00:00Z,-4.466790
p01,2021-10-18T23:00:00Z,-4.299797
p01,2021-10-19T00:00:00Z,-3.085276
p01,2021-10-19T01:00:00Z,-2.750367
p01,2021-10-19T02:00:00Z,-2.501053
p01,2021-10-19T03:00:00Z,-1.034790
p01,2021-10-19T04:00:00Z,-1.093971
p01,2021-10-19T05:00:00Z,-1.918251
p01,2021-10-19T06:00:00Z,-2.704330
p01,2021-10-19T07:00:00Z,-2.075615
p01,2021-10-19T08:00:00Z,-1.989144
p01,2021-10-19T09:00:00Z,-3.161909
p01,2021-10-19T10:00:00Z,-4.105665
p01,2021-10-19T11:00:00Z,-4.206024
p01,2021-10-19T12:00:00Z,-5.191998
p01,2021-10-19T13:00:00Z,-5.176954
p01,2021-10-19T14:00:00Z,-6.449043
p01,2021-10-19T15:00:00Z,-7.300133
p01,2021-10-19T16:00:00Z,-6.662885
p01,2021-10-19T17:00:00Z,-6.816956
p01,2021-10-19T18:00:00Z,-8.155422
p01,2021-10-19T19:00:00Z,-7.213486
p01,2021-10-19T20:00:00Z,-6.732714
p01,2021-10-19T21:00:00Z,-5.112220
p01,2021-10-19T22:00:00Z,-5.623201
p01,2021-10-19T23:00:00Z,-4.009374
p01,2021-10-20T00:00:00Z,-3.720738
p01,2021-10-20T01:00:00Z,-2.627295
p01,2021-10-20T02:00:00Z,-2.546838
p01,2021-10-20T03:00:00Z,-1.504007
p01,2021-10-20T04:00:00Z,-2.273991
p01,2021-10-20T05:00:00Z,-1.246582
p01,2021-10-20T06:00:00Z,-1.363190
p01,2021-10-20T07:00:00Z,-1.855095
p01,2021-10-20T08:00:00Z,-2.154640
p01,2021-10-20T09:00:00Z,-2.925704
p01,2021-10-20T10:00:00Z,-3.772434
p01,2021-10-20T11:00:00Z,-3.969297
p01,2021-10-20T12:00:00Z,-4.865190
p01,2021-10-20T13:00:00Z,-5.565620
p01,2021-10-20T14:00:00Z,-5.595959
p01,2021-10-20T15:00:00Z,-6.617308
p01,2021-10-20T16:00:00Z,-7.702341
p01,2021-10-20T17:00:00Z,-6.859295
p01,2021-10-20T18:00:00Z,-6.921358
p01,2021-10-20T19:00:00Z,-6.606812
p01,2021-10-20T20:00:00Z,-7.015740
p01,2021-10-20T21:00:00Z,-5.997077
p01,2021-10-20T22:00:00Z,-4.629148
p01,2021-10-20T23:00:00Z,-4.035321
p01,2021-10-21T00:00:00Z,-3.260570
p01,2021-10-21T01:00:00Z,-1.850243
p01,2021-10-21T02:00:00Z,-2.845028
p01,2021-10-21T03:00:00Z,-1.856532
p01,2021-10-21T04:00:00Z,-0.688103
p01,2021-10-21T05:00:00Z,-0.917818
p01,2021-10-21T06:00:00Z,-0.956422
p01,2021-10-21T07:00:00Z,-1.243021
p01,2021-10-21T08:00:00Z,-2.263174
p01,2021-10-21T09:00:00Z,-2.991971
p01,2021-10-21T10:00:00Z,-2.700849
p01,2021-10-21T11:00:00Z,-3.894596
p01,2021-10-21T12:00:00Z,-5.213865
p01,2021-10-21T13:00:00Z,-6.074765
p01,2021-10-21T14:00:00Z,-6.515733
p01,2021-10-21T15:00:00Z,-7.206120
p01,2021-10-21T16:00:00Z,-7.409976
p01,2021-10-21T17:00:00Z,-6.101015
p01,2021-10-21T18:00:00Z,-6.322098
p01,2021-10-21T19:00:00Z,-6.442009
p01,2021-10-21T20:00:00Z,-6.827891
p01,2021-10-21T21:00:00Z,-5.752247
p01,2021-10-21T22:00:00Z,-5.053671
p01,2021-10-21T23:00:00Z,-3.320749
p01,2021-10-22T00:00:00Z,-3.725403
p01,2021-10-22T01:00:00Z,-2.206003
p01,2021-10-22T02:00:00Z,-1.744367
p01,2021-10-22T03:00:00Z,-0.506475
p01,2021-10-22T04:00:00Z,-0.600730
p01,2021-10-22T05:00:00Z,-1.599653
p01,2021-10-22T06:00:00Z,-0.909521
p01,2021-10-22T07:00:00Z,-2.160817
p01,2021-10-22T08:00:00Z,-1.821979
p01,2021-10-22T09:00:00Z,-2.606237
p01,2021-10-22T10:00:00Z,-2.854113
p01,2021-10-22T11:00:00Z,-3.589609
p01,2021-10-22T12:00:00Z,-4.730658
p01,2021-10-22T13:00:00Z,-6.734249
p01,2021-10-22T14:00:00Z,-5.900248
p01,2021-10-22T15:00:00Z,-6.832576
p01,2021-10-22T16:00:00Z,-6.962725
p01,2021-10-22T17:00:00Z,-7.255491
p01,2021-10-22T18:00:00Z,-7.246992
p01,2021-10-22T19:00:00Z,-6.219598
p01,2021-10-22T20:00:00Z,-6.502851
p01,2021-10-22T21:00:00Z,-5.464450
p01,2021-10-22T22:00:00Z,-4.390211
p01,2021-10-22T23:00:00Z,-3.515989
p01,2021-10-23T00:00:00Z,-2.568229
p01,2021-10-23T01:00:00Z,-2.096653
p01,2021-10-23T02:00:00Z,-1.007580
p01,2021-10-23T03:00:00Z,-0.921950
p01,2021-10-23T04:00:00Z,-1.516800
p01,2021-10-23T05:00:00Z,-0.294725
p01,2021-10-23T06:00:00Z,-1.653124
p01,2021-10-23T07:00:00Z,-1.013104
p01,2021-10-23T08:00:00Z,-2.570770
p01,2021-10-23T09:00:00Z,-2.671135
p01,2021-10-23T10:00:00Z,-3.894756
p01,2021-10-23T11:00:00Z,-3.869806
p01,2021-10-23T12:00:00Z,-5.333470
p01,2021-10-23T13:00:00Z,-5.470380
p01,2021-10-23T14:00:00Z,-6.113410
p01,2021-10-23T15:00:00Z,-5.528382
p01,2021-10-23T16:00:00Z,-6.631167
p01,2021-10-23T17:00:00Z,-7.152787
p01,2021-10-23T18:00:00Z,-7.168543
p01,2021-10-23T19:00:00Z,-6.656796
p01,2021-10-23T20:00:00Z,-6.427334
p01,2021-10-23T21:00:00Z,-6.018260
p01,2021-10-23T22:00:00Z,-4.786547
p01,2021-10-23T23:00:00Z,-3.937528
p01,2021-10-24T00:00:00Z,-3.601659
p01,2021-10-24T01:00:00Z,-2.395045
p01,2021-10-24T02:00:00Z,-2.770607
p01,2021-10-24T03:00:00Z,-1.369521
p01,2021-10-24T04:00:00Z,-0.199811
p01,2021-10-24T05:00:00Z,-0.670285
p01,2021-10-24T06:00:00Z,-0.704205
p01,2021-10-24T07:00:00Z,-0.305876
p01,2021-10-24T08:00:00Z,-1.491175
p01,2021-10-24T09:00:00Z,-2.116101
p01,2021-10-24T10:00:00Z,-2.205408
p01,2021-10-24T11:00:00Z,-2.725607
p01,2021-10-24T12:00:00Z,-5.007143
p01,2021-10-24T13:00:00Z,-6.038402
p01,2021-10-24T14:00:00Z,-5.640274
p01,2021-10-24T15:00:00Z,-6.682826
p01,2021-10-24T16:00:00Z,-7.106379
p01,2021-10-24T17:00:00Z,-7.346635
p01,2021-10-24T18:00:00Z,-7.063918
p01,2021-10-24T19:00:00Z,-5.836138
p01,2021-10-24T20:00:00Z,-5.281375
p01,2021-10-24T21:00:00Z,-5.395664
p01,2021-10-24T22:00:00Z,-4.724483
p01,2021-10-24T23:00:00Z,-3.147579
p01,2021-10-25T00:00:00Z,-3.225156
p01,2021-10-25T01:00:00Z,-2.651858
p01,2021-10-25T02:00:00Z,-2.212575
p01,2021-10-25T03:00:00Z,-1.098530
p01,2021-10-25T04:00:00Z,-0.928334
p01,2021-10-25T05:00:00Z,-1.205657
p01,2021-10-25T06:00:00Z,-0.143876
p01,2021-10-25T07:00:00Z,-1.018462
p01,2021-10-25T08:00:00Z,-1.506840
p01,2021-10-25T09:00:00Z,-2.503829
p01,2021-10-25T10:00:00Z,-2.526201
p01,2021-10-25T11:00:00Z,-3.536408
p01,2021-10-25T12:00:00Z,-4.106352
p01,2021-10-25T13:00:00Z,-4.758185
p01,2021-10-25T14:00:00Z,-6.181590
p01,2021-10-25T15:00:00Z,-6.668434
p01,2021-10-25T16:00:00Z,-6.577272
p01,2021-10-25T17:00:00Z,-6.904281
p01,2021-10-25T18:00:00Z,-6.131051
p01,2021-10-25T19:00:00Z,-6.441696
p01,2021-10-25T20:00:00Z,-5.732346
p01,2021-10-25T21:00:00Z,-4.668683
p01,2021-10-25T22:00:00Z,-4.924562
p01,2021-10-25T23:00:00Z,-3.087718
p01,2021-10-26T00:00:00Z,-2.942190
p01,2021-10-26T01:00:00Z,-1.917139
p01,2021-10-26T02:00:00Z,-2.128060
p01,2021-10-26T03:00:00Z,-1.191632
p01,2021-10-26T04:00:00Z,-1.161231
p01,2021-10-26T05:00:00Z,-1.134151
p01,2021-10-26T06:00:00Z,-0.628599
p01,2021-10-26T07:00:00Z,-1.378851
p01,2021-10-26T08:00:00Z,-1.356667
p01,2021-10-26T09:00:00Z,-1.746998
p01,2021-10-26T10:00:00Z,-3.254302
p01,2021-10-26T11:00:00Z,-3.326449
p01,2021-10-26T12:00:00Z,-4.205973
p01,2021-10-26T13:00:00Z,-5.299236
p01,2021-10-26T14:00:00Z,-5.383236
p01,2021-10-26T15:00:00Z,-6.495123
p01,2021-10-26T16:00:00Z,-6.494461
p01,2021-10-26T17:00:00Z,-6.360129
p01,2021-10-26T18:00:00Z,-5.814323
p01,2021-10-26T19:00:00Z,-4.927270
p01,2021-10-26T20:00:00Z,-5.778087
p01,2021-10-26T21:00:00Z,-4.166019
p01,2021-10-26T22:00:00Z,-5.110345
p01,2021-10-26T23:00:00Z,-3.336266
p01,2021-10-27T00:00:00Z,-3.256534
p01,2021-10-27T01:00:00Z,-1.188751
p01,2021-10-27T02:00:00Z,-1.097951
p01,2021-10-27T03:00:00Z,-1.505551
p01,2021-10-27T04:00:00Z,0.071645
p01,2021-10-27T05:00:00Z,0.281366
p01,2021-10-27T06:00:00Z,-0.713174
p01,2021-10-27T07:00:00Z,-1.516654
p01,2021-10-27T08:00:00Z,-0.544283
p01,2021-10-27T09:00:00Z,-2.308888
p01,2021-10-27T10:00:00Z,-2.653939
p01,2021-10-27T11:00:00Z,-3.379423
p01,2021-10-27T12:00:00Z,-4.296666
p01,2021-10-27T13:00:00Z,-4.546483
p01,2021-10-27T14:00:00Z,-5.094502
p01,2021-10-27T15:00:00Z,-6.964386
p01,2021-10-27T16:00:00Z,-5.965776
p01,2021-10-27T17:00:00Z,-7.171127
p01,2021-10-27T18:00:00Z,-5.895537
p01,2021-10-27T19:00:00Z,-6.032722
p01,2021-10-27T20:00:00Z,-5.618252
p01,2021-10-27T21:00:00Z,-4.572903
p01,2021-10-27T22:00:00Z,-4.335862
p01,2021-10-27T23:00:00Z,-3.064296
p01,2021-10-28T00:00:00Z,-2.914659
p01,2021-10-28T01:00:00Z,-1.694192
p01,2021-10-28T02:00:00Z,-1.199733
p01,2021-10-28T03:00:00Z,-0.775061
p01,2021-10-28T04:00:00Z,-0.286527
p01,2021-10-28T05:00:00Z,-0.919965
p01,2021-10-28T06:00:00Z,-1.268626
p01,2021-10-28T07:00:00Z,-0.461595
p01,2021-10-28T08:00:00Z,-0.548033
p01,2021-10-28T09:00:00Z,-2.005058
p01,2021-10-28T10:00:00Z,-3.525625
p01,2021-10-28T11:00:00Z,-3.765400
p01,2021-10-28T12:00:00Z,-4.533753
p01,2021-10-28T13:00:00Z,-5.004500
p01,2021-10-28T14:00:00Z,-6.208078
p01,2021-10-28T15:00:00Z,-5.381819
p01,2021-10-28T16:00:00Z,-6.517306
p01,2021-10-28T17:00:00Z,-6.491906
p01,2021-10-28T18:00:00Z,-6.581490
p01,2021-10-28T19:00:00Z,-6.308714
p01,2021-10-28T20:00:00Z,-5.518809
p01,2021-10-28T21:00:00Z,-4.874628
p01,2021-10-28T22:00:00Z,-4.168410
p01,2021-10-28T23:00:00Z,-3.175252
p01,2021-10-29T00:00:00Z,-2.126746
p01,2021-10-29T01:00:00Z,-2.559812
p01,2021-10-29T02:00:00Z,-1.360572
p01,2021-10-29T03:00:00Z,-0.446317
p01,2021-10-29T04:00:00Z,-0.516363
p01,2021-10-29T05:00:00Z,-0.275269
p01,2021-10-29T06:00:00Z,-0.067997
p01,2021-10-29T07:00:00Z,-1.172006
p01,2021-10-29T08:00:00Z,-1.293862
p01,2021-10-29T09:00:00Z,-2.391577
p01,2021-10-29T10:00:00Z,-3.090312
p01,2021-10-29T11:00:00Z,-3.587244
p01,2021-10-29T12:00:00Z,-4.452156
p01,2021-10-29T13:00:00Z,-4.980112
p01,2021-10-29T14:00:00Z,-4.616361
p01,2021-10-29T15:00:00Z,-5.537671
p01,2021-10-29T16:00:00Z,-5.911422
p01,2021-10-29T17:00:00Z,-5.686035
p01,2021-10-29T18:00:00Z,-5.765796
p01,2021-10-29T19:00:00Z,-5.233182
p01,2021-10-29T20:00:00Z,-6.276368
p01,2021-10-29T21:00:00Z,-3.920748
p01,2021-10-29T22:00:00Z,-4.327870
p01,2021-10-29T23:00:00Z,-4.348791
p01,2021-10-30T00:00:00Z,-2.206033
p01,2021-10-30T01:00:00Z,-1.502974
p01,2021-10-30T02:00:00Z,-0.646142
p01,2021-10-30T03:00:00Z,-1.249601
p01,2021-10-30T04:00:00Z,-0.290560
p01,2021-10-30T05:00:00Z,-0.322803
p01,2021-10-30T06:00:00Z,-0.787522
p01,2021-10-30T07:00:00Z,-1.312283
p01,2021-10-30T08:00:00Z,-1.091075
p01,2021-10-30T09:00:00Z,-1.498652
p01,2021-10-30T10:00:00Z,-1.754064
p01,2021-10-30T11:00:00Z,-2.680415
p01,2021-10-30T12:00:00Z,-3.539377
p01,2021-10-30T13:00:00Z,-4.758758
p01,2021-10-30T14:00:00Z,-5.244489
p01,2021-10-30T15:00:00Z,-5.216301
p01,2021-10-30T16:00:00Z,-7.025489
p01,2021-10-30T17:00:00Z,-6.174144
p01,2021-10-30T18:00:00Z,-6.781554
p01,2021-10-30T19:00:00Z,-6.294659
p01,2021-10-30T20:00:00Z,-3.443168
p01,2021-10-30T21:00:00Z,-4.675266
p01,2021-10-30T22:00:00Z,-3.549339
p01,2021-10-30T23:00:00Z,-2.555571
p01,2021-10-31T00:00:00Z,-1.411614
p01,2021-10-31T01:00:00Z,-1.691814
p01,2021-10-31T02:00:00Z,-0.839475
p01,2021-10-31T03:00:00Z,-0.267351
p01,2021-10-31T04:00:00Z,-0.175825
p01,2021-10-31T05:00:00Z,0.406568
p01,2021-10-31T06:00:00Z,-0.111732
p01,2021-10-31T07:00:00Z,0.013732
p01,2021-10-31T08:00:00Z,-0.702470
p01,2021-10-31T09:00:00Z,-1.373386
p01,2021-10-31T10:00:00Z,-2.367329
p01,2021-10-31T11:00:00Z,-2.774228
p01,2021-10-31T12:00:00Z,-3.298753
p01,2021-10-31T13:00:00Z,-4.919962
p01,2021-10-31T14:00:00Z,-4.648757
p01,2021-10-31T15:00:00Z,-4.899090
p01,2021-10-31T16:00:00Z,-6.071188
p01,2021-10-31T17:00:00Z,-6.191968
p01,2021-10-31T18:00:00Z,-5.880630
p01,2021-10-31T19:00:00Z,-5.566635
p01,2021-10-31T20:00:00Z,-4.565694
p01,2021-10-31T21:00:00Z,-3.814106
p01,2021-10-31T22:00:00Z,-3.464273
p01,2021-10-31T23:00:00Z,-2.794884
p01,2021-11-01T00:00:00Z,-1.713838
p01,2021-11-01T01:00:00Z,-1.028980
p01,2021-11-01T02:00:00Z,-0.587051
p01,2021-11-01T03:00:00Z,0.044009
p01,2021-11-01T04:00:00Z,-0.303672
p01,2021-11-01T05:00:00Z,-0.741578
p01,2021-11-01T06:00:00Z,0.928869
p01,2021-11-01T07:00:00Z,0.030088
p01,2021-11-01T08:00:00Z,-1.495772
p01,2021-11-01T09:00:00Z,-1.464151
p01,2021-11-01T10:00:00Z,-3.185144
p01,2021-11-01T11:00:00Z,-3.980405
p01,2021-11-01T12:00:00Z,-4.066564
p01,2021-11-01T13:00:00Z,-4.255499
p01,2021-11-01T14:00:00Z,-5.049571
p01,2021-11-01T15:00:00Z,-5.690712
p01,2021-11-01T16:00:00Z,-5.553538
p01,2021-11-01T17:00:00Z,-5.352201
p01,2021-11-01T18:00:00Z,-5.804432
p01,2021-11-01T19:00:00Z,-5.064385
p01,2021-11-01T20:00:00Z,-4.601251
p01,2021-11-01T21:00:00Z,-4.461741
p01,2021-11-01T22:00:00Z,-4.016472
p01,2021-11-01T23:00:00Z,-3.556665
p01,2021-11-02T00:00:00Z,-1.970273
p01,2021-11-02T01:00:00Z,-1.334904
p01,2021-11-02T02:00:00Z,-0.429826
p01,2021-11-02T03:00:00Z,-0.317925
p01,2021-11-02T04:00:00Z,0.134406
p01,2021-11-02T05:00:00Z,-0.147358
p01,2021-11-02T06:00:00Z,-0.316743
p01,2021-11-02T07:00:00Z,-0.399539
p01,2021-11-02T08:00:00Z,-1.272627
p01,2021-11-02T09:00:00Z,-0.460113
p01,2021-11-02T10:00:00Z,-1.789090
p01,2021-11-02T11:00:00Z,-3.452663
p01,2021-11-02T12:00:00Z,-3.350410
p01,2021-11-02T13:00:00Z,-3.554496
p01,2021-11-02T14:00:00Z,-4.793133
p01,2021-11-02T15:00:00Z,-5.862904
p01,2021-11-02T16:00:00Z,-5.741077
p01,2021-11-02T17:00:00Z,-5.072037
p01,2021-11-02T18:00:00Z,-5.613017
p01,2021-11-02T19:00:00Z,-5.252985
p01,2021-11-02T20:00:00Z,-3.182255
p01,2021-11-02T21:00:00Z,-4.773474
p01,2021-11-02T22:00:00Z,-3.635987
p01,2021-11-02T23:00:00Z,-2.927362
p01,2021-11-03T00:00:00Z,-1.176193
p01,2021-11-03T01:00:00Z,-1.652515
p01,2021-11-03T02:00:00Z,-1.385216
p01,2021-11-03T03:00:00Z,-0.332393
p01,2021-11-03T04:00:00Z,0.276233
p01,2021-11-03T05:00:00Z,-0.640559
p01,2021-11-03T06:00:00Z,-0.592841
p01,2021-11-03T07:00:00Z,-0.041592
p01,2021-11-03T08:00:00Z,-0.282417
p01,2021-11-03T09:00:00Z,-0.641120
p01,2021-11-03T10:00:00Z,-1.354880
p01,2021-11-03T11:00:00Z,-1.613492
p01,2021-11-03T12:00:00Z,-3.793231
p01,2021-11-03T13:00:00Z,-4.238133
p01,2021-11-03T14:00:00Z,-4.837497
p01,2021-11-03T15:00:00Z,-4.908978
p01,2021-11-03T16:00:00Z,-4.928481
p01,2021-11-03T17:00:00Z,-5.267898
p01,2021-11-03T18:00:00Z,-5.872890
p01,2021-11-03T19:00:00Z,-4.477326
p01,2021-11-03T20:00:00Z,-4.905493
p01,2021-11-03T21:00:00Z,-4.602720
p01,2021-11-03T22:00:00Z,-3.353446
p01,2021-11-03T23:00:00Z,-2.082941
p01,2021-11-04T00:00:00Z,-1.601152
p01,2021-11-04T01:00:00Z,-0.527401
p01,2021-11-04T02:00:00Z,-0.383249
p01,2021-11-04T03:00:00Z,0.175443
p01,2021-11-04T04:00:00Z,-0.167480
p01,2021-11-04T05:00:00Z,-0.130433
p01,2021-11-04T06:00:00Z,0.217432
p01,2021-11-04T07:00:00Z,-0.457757
p01,2021-11-04T08:00:00Z,-0.519725
p01,2021-11-04T09:00:00Z,-1.321648
p01,2021-11-04T10:00:00Z,-1.390380
p01,2021-11-04T11:00:00Z,-2.677193
p01,2021-11-04T12:00:00Z,-2.806476
p01,2021-11-04T13:00:00Z,-5.524482
p01,2021-11-04T14:00:00Z,-4.621275
p01,2021-11-04T15:00:00Z,-4.845383
p01,2021-11-04T16:00:00Z,-5.458148
p01,2021-11-04T17:00:00Z,-5.647054
p01,2021-11-04T18:00:00Z,-5.067591
p01,2021-11-04T19:00:00Z,-5.403648
p01,2021-11-04T20:00:00Z,-4.561597
p01,2021-11-04T21:00:00Z,-4.131813
p01,2021-11-04T22:00:00Z,-3.438377
p01,2021-11-04T23:00:00Z,-3.137246
p01,2021-11-05T00:00:00Z,-0.560470
p01,2021-11-05T01:00:00Z,-0.508349
p01,2021-11-05T02:00:00Z,-0.422206
p01,2021-11-05T03:00:00Z,-0.442666
p01,2021-11-05T04:00:00Z,0.519123
p01,2021-11-05T05:00:00Z,0.611836
p01,2021-11-05T06:00:00Z,1.515906
p01,2021-11-05T07:00:00Z,1.714732
p01,2021-11-05T08:00:00Z,-0.610993
p01,2021-11-05T09:00:00Z,-1.174002
p01,2021-11-05T10:00:00Z,-1.961922
p01,2021-11-05T11:00:00Z,-2.429670
p01,2021-11-05T12:00:00Z,-3.373950
p01,2021-11-05T13:00:00Z,-3.911686
p01,2021-11-05T14:00:00Z,-2.839641
p01,2021-11-05T15:00:00Z,-5.721050
p01,2021-11-05T16:00:00Z,-4.475170
p01,2021-11-05T17:00:00Z,-4.974542
p01,2021-11-05T18:00:00Z,-6.537149
p01,2021-11-05T19:00:00Z,-5.246372
p01,2021-11-05T20:00:00Z,-4.747980
p01,2021-11-05T21:00:00Z,-4.760414
p01,2021-11-05T22:00:00Z,-2.926946
p01,2021-11-05T23:00:00Z,-2.224923
p01,2021-11-06T00:00:00Z,-1.401176
p01,2021-11-06T01:00:00Z,-1.001406
p01,2021-11-06T02:00:00Z,0.856326
p01,2021-11-06T03:00:00Z,-0.403046
p01,2021-11-06T04:00:00Z,0.967561
p01,2021-11-06T05:00:00Z,0.674762
p01,2021-11-06T06:00:00Z,0.318726
p01,2021-11-06T07:00:00Z,0.368692
p01,2021-11-06T08:00:00Z,0.034959
p01,2021-11-06T09:00:00Z,-0.904116
p01,2021-11-06T10:00:00Z,-1.651074
p01,2021-11-06T11:00:00Z,-1.951101
p01,2021-11-06T12:00:00Z,-3.279808
p01,2021-11-06T13:00:00Z,-4.066553
p01,2021-11-06T14:00:00Z,-5.110444
p01,2021-11-06T15:00:00Z,-4.457108
p01,2021-11-06T16:00:00Z,-4.766480
p01,2021-11-06T17:00:00Z,-5.345234
p01,2021-11-06T18:00:00Z,-4.916428
p01,2021-11-06T19:00:00Z,-4.842480
p01,2021-11-06T20:00:00Z,-4.828066
p01,2021-11-06T21:00:00Z,-4.874739
p01,2021-11-06T22:00:00Z,-2.440842
p01,2021-11-06T23:00:00Z,-2.576535
p01,2021-11-07T00:00:00Z,-1.211703
p01,2021-11-07T01:00:00Z,-0.423714
p01,2021-11-07T02:00:00Z,-0.489738
p01,2021-11-07T03:00:00Z,0.074057
p01,2021-11-07T04:00:00Z,0.458720
p01,2021-11-07T05:00:00Z,0.676917
p01,2021-11-07T06:00:00Z,0.613131
p01,2021-11-07T07:00:00Z,-0.464779
p01,2021-11-07T08:00:00Z,-0.139839
p01,2021-11-07T09:00:00Z,-0.884183
p01,2021-11-07T10:00:00Z,-1.404457
p01,2021-11-07T11:00:00Z,-2.129496
p01,2021-11-07T12:00:00Z,-2.622064
p01,2021-11-07T13:00:00Z,-3.453670
p01,2021-11-07T14:00:00Z,-4.149151
p01,2021-11-07T15:00:00Z,-5.230007
p01,2021-11-07T16:00:00Z,-4.651591
p01,2021-11-07T17:00:00Z,-4.398128
p01,2021-11-07T18:00:00Z,-5.394484
p01,2021-11-07T19:00:00Z,-5.590822
p01,2021-11-07T20:00:00Z,-3.897858
p01,2021-11-07T21:00:00Z,-3.813408
p01,2021-11-07T22:00:00Z,-2.897490
p01,2021-11-07T23:00:00Z,-2.291474
p01,2021-11-08T00:00:00Z,-2.034816
p01,2021-11-08T01:00:00Z,0.183233
p01,2021-11-08T02:00:00Z,0.581350
p01,2021-11-08T03:00:00Z,1.040669
p01,2021-11-08T04:00:00Z,0.263474
p01,2021-11-08T05:00:00Z,0.824413
p01,2021-11-08T06:00:00Z,0.793580
p01,2021-11-08T07:00:00Z,0.444720
p01,2021-11-08T08:00:00Z,1.104533
p01,2021-11-08T09:00:00Z,-1.398433
p01,2021-11-08T10:00:00Z,-1.316710
p01,2021-11-08T11:00:00Z,-2.177252
p01,2021-11-08T12:00:00Z,-2.990120
p01,2021-11-08T13:00:00Z,-3.426069
p01,2021-11-08T14:00:00Z,-4.528580
p01,2021-11-08T15:00:00Z,-4.484217
p01,2021-11-08T16:00:00Z,-4.251388
p01,2021-11-08T17:00:00Z,-5.328011
p01,2021-11-08T18:00:00Z,-6.299341
p01,2021-11-08T19:00:00Z,-4.485608
p01,2021-11-08T20:00:00Z,-3.398315
p01,2021-11-08T21:00:00Z,-3.082104
p01,2021-11-08T22:00:00Z,-1.806571
p01,2021-11-08T23:00:00Z,-1.690632
p01,2021-11-09T00:00:00Z,-0.932696
p01,2021-11-09T01:00:00Z,-0.561774
p01,2021-11-09T02:00:00Z,-0.050149
p01,2021-11-09T03:00:00Z,0.839737
p01,2021-11-09T04:00:00Z,1.350833
p01,2021-11-09T05:00:00Z,0.496217
p01,2021-11-09T06:00:00Z,0.985061
p01,2021-11-09T07:00:00Z,-0.069879
p01,2021-11-09T08:00:00Z,0.228976
p01,2021-11-09T09:00:00Z,-1.058305
p01,2021-11-09T10:00:00Z,-1.547866
p01,2021-11-09T11:00:00Z,-1.697212
p01,2021-11-09T12:00:00Z,-2.763467
p01,2021-11-09T13:00:00Z,-3.884972
p01,2021-11-09T14:00:00Z,-4.305104
p01,2021-11-09T15:00:00Z,-4.789248
p01,2021-11-09T16:00:00Z,-4.395874
p01,2021-11-09T17:00:00Z,-4.919704
p01,2021-11-09T18:00:00Z,-4.906719
p01,2021-11-09T19:00:00Z,-4.670771
p01,2021-11-09T20:00:00Z,-4.058108
p01,2021-11-09T21:00:00Z,-3.724746
p01,2021-11-09T22:00:00Z,-1.875065
p01,2021-11-09T23:00:00Z,-2.510493
p01,2021-11-10T00:00:00Z,-0.693357
p01,2021-11-10T01:00:00Z,-0.703645
p01,2021-11-10T02:00:00Z,-0.635836
p01,2021-11-10T03:00:00Z,1.452468
p01,2021-11-10T04:00:00Z,1.588185
p01,2021-11-10T05:00:00Z,0.900850
p01,2021-11-10T06:00:00Z,1.783682
p01,2021-11-10T07:00:00Z,0.476900
p01,2021-11-10T08:00:00Z,0.596442
p01,2021-11-10T09:00:00Z,-0.158155
p01,2021-11-10T10:00:00Z,-0.594008
p01,2021-11-10T11:00:00Z,-2.081878
p01,2021-11-10T12:00:00Z,-2.162099
p01,2021-11-10T13:00:00Z,-3.875582
p01,2021-11-10T14:00:00Z,-3.734405
p01,2021-11-10T15:00:00Z,-5.244187
p01,2021-11-10T16:00:00Z,-4.348522
p01,2021-11-10T17:00:00Z,-4.018089
p01,2021-11-10T18:00:00Z,-5.057026
p01,2021-11-10T19:00:00Z,-4.815611
p01,2021-11-10T20:00:00Z,-4.116404
p01,2021-11-10T21:00:00Z,-3.586163
p01,2021-11-10T22:00:00Z,-2.204988
p01,2021-11-10T23:00:00Z,-2.941073
p01,2021-11-11T00:00:00Z,-0.122432
p01,2021-11-11T01:00:00Z,-0.221986
p01,2021-11-11T02:00:00Z,0.918613
p01,2021-11-11T03:00:00Z,0.925727
p01,2021-11-11T04:00:00Z,1.840625
p01,2021-11-11T05:00:00Z,1.769584
p01,2021-11-11T06:00:00Z,0.958723
p01,2021-11-11T07:00:00Z,0.869048
p01,2021-11-11T08:00:00Z,-0.012688
p01,2021-11-11T09:00:00Z,-0.744279
p01,2021-11-11T10:00:00Z,-0.929004
p01,2021-11-11T11:00:00Z,-0.891157
p01,2021-11-11T12:00:00Z,-3.375112
p01,2021-11-11T13:00:00Z,-3.272057
p01,2021-11-11T14:00:00Z,-4.144224
p01,2021-11-11T15:00:00Z,-4.273103
p01,2021-11-11T16:00:00Z,-4.857186
p01,2021-11-11T17:00:00Z,-4.760096
p01,2021-11-11T18:00:00Z,-4.145383
p01,2021-11-11T19:00:00Z,-4.053280
p01,2021-11-11T20:00:00Z,-3.826725
p01,2021-11-11T21:00:00Z,-3.489617
p01,2021-11-11T22:00:00Z,-2.531240
p01,2021-11-11T23:00:00Z,-1.471591
p01,2021-11-12T00:00:00Z,0.195326
p01,2021-11-12T01:00:00Z,-1.197993
p01,2021-11-12T02:00:00Z,0.903690
p01,2021-11-12T03:00:00Z,0.609489
p01,2021-11-12T04:00:00Z,2.016552
p01,2021-11-12T05:00:00Z,1.235228
p01,2021-11-12T06:00:00Z,0.824563
p01,2021-11-12T07:00:00Z,1.117452
p01,2021-11-12T08:00:00Z,0.303336
p01,2021-11-12T09:00:00Z,-0.493851
p01,2021-11-12T10:00:00Z,-1.125430
p01,2021-11-12T11:00:00Z,-1.554473
p01,2021-11-12T12:00:00Z,-2.480080
p01,2021-11-12T13:00:00Z,-2.520534
p01,2021-11-12T14:00:00Z,-3.505716
p01,2021-11-12T15:00:00Z,-3.780962
p01,2021-11-12T16:00:00Z,-3.875715
p01,2021-11-12T17:00:00Z,-5.007633
p01,2021-11-12T18:00:00Z,-4.752565
p01,2021-11-12T19:00:00Z,-4.403152
p01,2021-11-12T20:00:00Z,-3.618778
p01,2021-11-12T21:00:00Z,-3.055734
p01,2021-11-12T22:00:00Z,-1.957317
p01,2021-11-12T23:00:00Z,-1.443038
p01,2021-11-13T00:00:00Z,-1.483889
p01,2021-11-13T01:00:00Z,-0.648847
p01,2021-11-13T02:00:00Z,1.416946
p01,2021-11-13T03:00:00Z,1.850046
p01,2021-11-13T04:00:00Z,1.302907
p01,2021-11-13T05:00:00Z,0.701730
p01,2021-11-13T06:00:00Z,1.263119
p01,2021-11-13T07:00:00Z,0.365389
p01,2021-11-13T08:00:00Z,0.742912
p01,2021-11-13T09:00:00Z,0.382611
p01,2021-11-13T10:00:00Z,-0.521111
p01,2021-11-13T11:00:00Z,-1.443441
p01,2021-11-13T12:00:00Z,-1.934379
p01,2021-11-13T13:00:00Z,-3.488069
p01,2021-11-13T14:00:00Z,-2.884867
p01,2021-11-13T15:00:00Z,-3.485196
p01,2021-11-13T16:00:00Z,-3.768482
p01,2021-11-13T17:00:00Z,-4.755739
p01,2021-11-13T18:00:00Z,-3.927486
p01,2021-11-13T19:00:00Z,-3.343726
p01,2021-11-13T20:00:00Z,-3.421305
p01,2021-11-13T21:00:00Z,-3.158314
p01,2021-11-13T22:00:00Z,-2.064641
p01,2021-11-13T23:00:00Z,-0.460236
p01,2021-11-14T00:00:00Z,-0.282711
p01,2021-11-14T01:00:00Z,-0.128779
p01,2021-11-14T02:00:00Z,0.858287
p01,2021-11-14T03:00:00Z,1.357257
p01,2021-11-14T04:00:00Z,1.704586
p01,2021-11-14T05:00:00Z,2.300957
p01,2021-11-14T06:00:00Z,0.919733
p01,2021-11-14T07:00:00Z,1.193294
p01,2021-11-14T08:00:00Z,1.292159
p01,2021-11-14T09:00:00Z,1.163256
p01,2021-11-14T10:00:00Z,-1.190394
p01,2021-11-14T11:00:00Z,-0.716735
p01,2021-11-14T12:00:00Z,-1.955815
p01,2021-11-14T13:00:00Z,-3.236176
p01,2021-11-14T14:00:00Z,-3.592569
p01,2021-11-14T15:00:00Z,-3.868670
p01,2021-11-14T16:00:00Z,-4.435121
p01,2021-11-14T17:00:00Z,-4.311574
p01,2021-11-14T18:00:00Z,-4.483309
p01,2021-11-14T19:00:00Z,-3.826170
p01,2021-11-14T20:00:00Z,-3.791551
p01,2021-11-14T21:00:00Z,-3.407234
p01,2021-11-14T22:00:00Z,-1.743405
p01,2021-11-14T23:00:00Z,-1.738849
p01,2021-11-15T00:00:00Z,0.753145
p01,2021-11-15T01:00:00Z,0.352320
p01,2021-11-15T02:00:00Z,0.240553
p01,2021-11-15T03:00:00Z,1.552744
p01,2021-11-15T04:00:00Z,1.659352
p01,2021-11-15T05:00:00Z,2.121697
p01,2021-11-15T06:00:00Z,2.199796
p01,2021-11-15T07:00:00Z,1.229209
p01,2021-11-15T08:00:00Z,1.328755
p01,2021-11-15T09:00:00Z,0.619104
p01,2021-11-15T10:00:00Z,-0.206456
p01,2021-11-15T11:00:00Z,-0.721279
p01,2021-11-15T12:00:00Z,-1.708398
p01,2021-11-15T13:00:00Z,-2.152457
p01,2021-11-15T14:00:00Z,-2.702437
p01,2021-11-15T15:00:00Z,-3.798843
p01,2021-11-15T16:00:00Z,-3.730587
p01,2021-11-15T17:00:00Z,-3.179513
p01,2021-11-15T18:00:00Z,-4.682279
p01,2021-11-15T19:00:00Z,-3.371889
p01,2021-11-15T20:00:00Z,-2.357663
p01,2021-11-15T21:00:00Z,-2.681145
p01,2021-11-15T22:00:00Z,-1.526247
p01,2021-11-15T23:00:00Z,-0.445761
p01,2021-11-16T00:00:00Z,-0.187167
p01,2021-11-16T01:00:00Z,0.738438
p01,2021-11-16T02:00:00Z,1.654068
p01,2021-11-16T03:00:00Z,1.691920
p01,2021-11-16T04:00:00Z,1.480872
p01,2021-11-16T05:00:00Z,1.808852
p01,2021-11-16T06:00:00Z,1.388287
p01,2021-11-16T07:00:00Z,1.615336
p01,2021-11-16T08:00:00Z,1.299130
p01,2021-11-16T09:00:00Z,0.736987
p01,2021-11-16T10:00:00Z,-0.591598
p01,2021-11-16T11:00:00Z,-0.420126
p01,2021-11-16T12:00:00Z,-2.134556
p01,2021-11-16T13:00:00Z,-3.655059
p01,2021-11-16T14:00:00Z,-3.297934
p01,2021-11-16T15:00:00Z,-3.784937
p01,2021-11-16T16:00:00Z,-3.512741
p01,2021-11-16T17:00:00Z,-2.757415
p01,2021-11-16T18:00:00Z,-2.934042
p01,2021-11-16T19:00:00Z,-4.379753
p01,2021-11-16T20:00:00Z,-3.237594
p01,2021-11-16T21:00:00Z,-2.534807
p01,2021-11-16T22:00:00Z,-1.855440
p01,2021-11-16T23:00:00Z,-1.110723
p01,2021-11-17T00:00:00Z,-0.635426
p01,2021-11-17T01:00:00Z,1.319344
p01,2021-11-17T02:00:00Z,1.740276
p01,2021-11-17T03:00:00Z,1.705443
p01,2021-11-17T04:00:00Z,1.982317
p01,2021-11-17T05:00:00Z,1.522146
p01,2021-11-17T06:00:00Z,2.319301
p01,2021-11-17T07:00:00Z,1.823489
p01,2021-11-17T08:00:00Z,0.711476
p01,2021-11-17T09:00:00Z,0.426600
p01,2021-11-17T10:00:00Z,-0.538639
p01,2021-11-17T11:00:00Z,-1.043949
p01,2021-11-17T12:00:00Z,-1.569840
p01,2021-11-17T13:00:00Z,-2.259927
p01,2021-11-17T14:00:00Z,-3.710482
p01,2021-11-17T15:00:00Z,-3.922109
p01,2021-11-17T16:00:00Z,-3.738193
p01,2021-11-17T17:00:00Z,-3.460340
p01,2021-11-17T18:00:00Z,-3.969293
p01,2021-11-17T19:00:00Z,-3.048382
p01,2021-11-17T20:00:00Z,-2.636759
p01,2021-11-17T21:00:00Z,-2.904927
p01,2021-11-17T22:00:00Z,-2.391994
p01,2021-11-17T23:00:00Z,0.283072
p01,2021-11-18T00:00:00Z,-0.222285
p01,2021-11-18T01:00:00Z,0.017308
p01,2021-11-18T02:00:00Z,0.747169
p01,2021-11-18T03:00:00Z,2.394868
p01,2021-11-18T04:00:00Z,1.398922
p01,2021-11-18T05:00:00Z,1.616278
p01,2021-11-18T06:00:00Z,2.266858
p01,2021-11-18T07:00:00Z,1.907243
p01,2021-11-18T08:00:00Z,0.924378
p01,2021-11-18T09:00:00Z,0.561379
p01,2021-11-18T10:00:00Z,-0.338502
p01,2021-11-18T11:00:00Z,-0.758546
p01,2021-11-18T12:00:00Z,-0.599052
p01,2021-11-18T13:00:00Z,-2.344020
p01,2021-11-18T14:00:00Z,-3.406744
p01,2021-11-18T15:00:00Z,-3.303643
p01,2021-11-18T16:00:00Z,-3.290430
p01,2021-11-18T17:00:00Z,-3.553535
p01,2021-11-18T18:00:00Z,-3.993517
p01,2021-11-18T19:00:00Z,-3.875111
p01,2021-11-18T20:00:00Z,-2.910718
p01,2021-11-18T21:00:00Z,-2.015472
p01,2021-11-18T22:00:00Z,-0.719504
p01,2021-11-18T23:00:00Z,-0.919489
p01,2021-11-19T00:00:00Z,0.594301
p01,2021-11-19T01:00:00Z,-0.350763
p01,2021-11-19T02:00:00Z,1.514334
p01,2021-11-19T03:00:00Z,2.612523
p01,2021-11-19T04:00:00Z,2.064085
p01,2021-11-19T05:00:00Z,1.855249
p01,2021-11-19T06:00:00Z,1.639474
p01,2021-11-19T07:00:00Z,1.457133
p01,2021-11-19T08:00:00Z,1.747086
p01,2021-11-19T09:00:00Z,1.012956
p01,2021-11-19T10:00:00Z,0.575626
p01,2021-11-19T11:00:00Z,-0.552741
p01,2021-11-19T12:00:00Z,-2.107815
p01,2021-11-19T13:00:00Z,-2.853696
p01,2021-11-19T14:00:00Z,-3.433637
p01,2021-11-19T15:00:00Z,-3.251369
p01,2021-11-19T16:00:00Z,-3.408715
p01,2021-11-19T17:00:00Z,-3.608486
p01,2021-11-19T18:00:00Z,-3.678256
p01,2021-11-19T19:00:00Z,-3.172235
p01,2021-11-19T20:00:00Z,-1.753044
p01,2021-11-19T21:00:00Z,-1.669327
p01,2021-11-19T22:00:00Z,-1.074984
p01,2021-11-19T23:00:00Z,-0.547639
p01,2021-11-20T00:00:00Z,-0.730629
p01,2021-11-20T01:00:00Z,0.185443
p01,2021-11-20T02:00:00Z,1.425851
p01,2021-11-20T03:00:00Z,2.975173
p01,2021-11-20T04:00:00Z,2.395940
p01,2021-11-20T05:00:00Z,2.384278
p01,2021-11-20T06:00:00Z,2.309920
p01,2021-11-20T07:00:00Z,3.059765
p01,2021-11-20T08:00:00Z,1.681041
p01,2021-11-20T09:00:00Z,0.210432
p01,2021-11-20T10:00:00Z,0.920025
p01,2021-11-20T11:00:00Z,-1.281795
p01,2021-11-20T12:00:00Z,-1.385561
p01,2021-11-20T13:00:00Z,-1.862539
p01,2021-11-20T14:00:00Z,-3.585749
p01,2021-11-20T15:00:00Z,-2.432848
p01,2021-11-20T16:00:00Z,-3.669184
p01,2021-11-20T17:00:00Z,-2.740749
p01,2021-11-20T18:00:00Z,-3.552939
p01,2021-11-20T19:00:00Z,-3.465141
p01,2021-11-20T20:00:00Z,-3.112515
p01,2021-11-20T21:00:00Z,-1.231498
p01,2021-11-20T22:00:00Z,-0.795041
p01,2021-11-20T23:00:00Z,-0.526731
p01,2021-11-21T00:00:00Z,0.257019
p01,2021-11-21T01:00:00Z,1.717443
p01,2021-11-21T02:00:00Z,1.011446
p01,2021-11-21T03:00:00Z,2.182285
p01,2021-11-21T04:00:00Z,2.719258
p01,2021-11-21T05:00:00Z,2.507626
p01,2021-11-21T06:00:00Z,2.267122
p01,2021-11-21T07:00:00Z,2.467389
p01,2021-11-21T08:00:00Z,1.446882
p01,2021-11-21T09:00:00Z,0.969616
p01,2021-11-21T10:00:00Z,-0.276070
p01,2021-11-21T11:00:00Z,-0.075758
p01,2021-11-21T12:00:00Z,-0.867068
p01,2021-11-21T13:00:00Z,-2.804951
p01,2021-11-21T14:00:00Z,-2.177551
p01,2021-11-21T15:00:00Z,-2.743478
p01,2021-11-21T16:00:00Z,-3.664363
p01,2021-11-21T17:00:00Z,-3.641381
p01,2021-11-21T18:00:00Z,-3.614394
p01,2021-11-21T19:00:00Z,-2.705609
p01,2021-11-21T20:00:00Z,-2.921629
p01,2021-11-21T21:00:00Z,-1.672049
p01,2021-11-21T22:00:00Z,-1.365570
p01,2021-11-21T23:00:00Z,-0.117100
p01,2021-11-22T00:00:00Z,-0.058295
p01,2021-11-22T01:00:00Z,1.423552
p01,2021-11-22T02:00:00Z,2.037747
p01,2021-11-22T03:00:00Z,2.264623
p01,2021-11-22T04:00:00Z,2.801734
p01,2021-11-22T05:00:00Z,2.756889
p01,2021-11-22T06:00:00Z,2.848662
p01,2021-11-22T07:00:00Z,2.562511
p01,2021-11-22T08:00:00Z,1.855422
p01,2021-11-22T09:00:00Z,1.660536
p01,2021-11-22T10:00:00Z,1.373105
p01,2021-11-22T11:00:00Z,-0.869973
p01,2021-11-22T12:00:00Z,-2.349709
p01,2021-11-22T13:00:00Z,-1.189618
p01,2021-11-22T14:00:00Z,-1.811096
p01,2021-11-22T15:00:00Z,-2.306674
p01,2021-11-22T16:00:00Z,-2.527469
p01,2021-11-22T17:00:00Z,-3.586640
p01,2021-11-22T18:00:00Z,-2.962831
p01,2021-11-22T19:00:00Z,-2.219130
p01,2021-11-22T20:00:00Z,-1.778751
p01,2021-11-22T21:00:00Z,-1.366219
p01,2021-11-22T22:00:00Z,-1.119562
p01,2021-11-22T23:00:00Z,-0.011159
p01,2021-11-23T00:00:00Z,1.638157
p01,2021-11-23T01:00:00Z,1.182949
p01,2021-11-23T02:00:00Z,1.913204
p01,2021-11-23T03:00:00Z,2.910172
p01,2021-11-23T04:00:00Z,2.838902
p01,2021-11-23T05:00:00Z,2.900868
p01,2021-11-23T06:00:00Z,3.510315
p01,2021-11-23T07:00:00Z,2.365334
p01,2021-11-23T08:00:00Z,1.698443
p01,2021-11-23T09:00:00Z,1.769692
p01,2021-11-23T10:00:00Z,1.060264
p01,2021-11-23T11:00:00Z,0.028660
p01,2021-11-23T12:00:00Z,-0.720937
p01,2021-11-23T13:00:00Z,-0.272813
p01,2021-11-23T14:00:00Z,-2.739318
p01,2021-11-23T15:00:00Z,-2.873202
p01,2021-11-23T16:00:00Z,-3.022925
p01,2021-11-23T17:00:00Z,-2.885700
p01,2021-11-23T18:00:00Z,-3.313662
p01,2021-11-23T19:00:00Z,-2.345176
p01,2021-11-23T20:00:00Z,-2.482104
p01,2021-11-23T21:00:00Z,-0.876466
p01,2021-11-23T22:00:00Z,-0.549029
p01,2021-11-23T23:00:00Z,0.077023
p01,2021-11-24T00:00:00Z,0.702675
p01,2021-11-24T01:00:00Z,1.324599
p01,2021-11-24T02:00:00Z,2.186091
p01,2021-11-24T03:00:00Z,2.536268
p01,2021-11-24T04:00:00Z,2.830609
p01,2021-11-24T05:00:00Z,3.562766
p01,2021-11-24T06:00:00Z,2.640239
p01,2021-11-24T07:00:00Z,2.334746
p01,2021-11-24T08:00:00Z,2.187822
p01,2021-11-24T09:00:00Z,1.017960
p01,2021-11-24T10:00:00Z,0.791487
p01,2021-11-24T11:00:00Z,1.478255
p01,2021-11-24T12:00:00Z,-0.075197
p01,2021-11-24T13:00:00Z,-1.716906
p01,2021-11-24T14:00:00Z,-2.443763
p01,2021-11-24T15:00:00Z,-1.988346
p01,2021-11-24T16:00:00Z,-2.267992
p01,2021-11-24T17:00:00Z,-2.791662
p01,2021-11-24T18:00:00Z,-2.616598
p01,2021-11-24T19:00:00Z,-2.807193
p01,2021-11-24T20:00:00Z,-1.441594
p01,2021-11-24T21:00:00Z,-1.566148
p01,2021-11-24T22:00:00Z,-0.788463
p01,2021-11-24T23:00:00Z,-0.429275
p01,2021-11-25T00:00:00Z,1.679460
p01,2021-11-25T01:00:00Z,1.091475
p01,2021-11-25T02:00:00Z,1.794068
p01,2021-11-25T03:00:00Z,1.678884
p01,2021-11-25T04:00:00Z,3.011899
p01,2021-11-25T05:00:00Z,4.464815
p01,2021-11-25T06:00:00Z,1.879610
p01,2021-11-25T07:00:00Z,1.346057
p01,2021-11-25T08:00:00Z,2.075819
p01,2021-11-25T09:00:00Z,1.447212
p01,2021-11-25T10:00:00Z,1.137105
p01,2021-11-25T11:00:00Z,0.034211
p01,2021-11-25T12:00:00Z,-0.522977
p01,2021-11-25T13:00:00Z,-1.899309
p01,2021-11-25T14:00:00Z,-2.146925
p01,2021-11-25T15:00:00Z,-3.495821
p01,2021-11-25T16:00:00Z,-1.740141
p01,2021-11-25T17:00:00Z,-3.502064
p01,2021-11-25T18:00:00Z,-2.566429
p01,2021-11-25T19:00:00Z,-1.802129
p01,2021-11-25T20:00:00Z,-1.168644
p01,2021-11-25T21:00:00Z,-0.334164
p01,2021-11-25T22:00:00Z,0.000665
p01,2021-11-25T23:00:00Z,0.050805
p01,2021-11-26T00:00:00Z,1.685470
p01,2021-11-26T01:00:00Z,1.881745
p01,2021-11-26T02:00:00Z,2.360342
p01,2021-11-26T03:00:00Z,2.707977
p01,2021-11-26T04:00:00Z,3.356765
p01,2021-11-26T05:00:00Z,3.525802
p01,2021-11-26T06:00:00Z,3.085978
p01,2021-11-26T07:00:00Z,2.144353
p01,2021-11-26T08:00:00Z,2.779822
p01,2021-11-26T09:00:00Z,2.006879
p01,2021-11-26T10:00:00Z,0.779264
p01,2021-11-26T11:00:00Z,0.106283
p01,2021-11-26T12:00:00Z,-0.904869
p01,2021-11-26T13:00:00Z,-0.510130
p01,2021-11-26T14:00:00Z,-2.000618
p01,2021-11-26T15:00:00Z,-2.207886
p01,2021-11-26T16:00:00Z,-2.805179
p01,2021-11-26T17:00:00Z,-3.099147
p01,2021-11-26T18:00:00Z,-2.326957
p01,2021-11-26T19:00:00Z,-2.755861
p01,2021-11-26T20:00:00Z,-1.204565
p01,2021-11-26T21:00:00Z,-0.214819
p01,2021-11-26T22:00:00Z,-0.259820
p01,2021-11-26T23:00:00Z,0.834950
p01,2021-11-27T00:00:00Z,0.173353
p01,2021-11-27T01:00:00Z,1.106129
p01,2021-11-27T02:00:00Z,2.828048
p01,2021-11-27T03:00:00Z,2.284353
p01,2021-11-27T04:00:00Z,3.810430
p01,2021-11-27T05:00:00Z,2.678637
p01,2021-11-27T06:00:00Z,2.670396
p01,2021-11-27T07:00:00Z,2.759425
p01,2021-11-27T08:00:00Z,2.104732
p01,2021-11-27T09:00:00Z,1.285631
p01,2021-11-27T10:00:00Z,1.064033
p01,2021-11-27T11:00:00Z,0.716968
p01,2021-11-27T12:00:00Z,-0.041213
p01,2021-11-27T13:00:00Z,-0.626418
p01,2021-11-27T14:00:00Z,-1.229389
p01,2021-11-27T15:00:00Z,-1.362807
p01,2021-11-27T16:00:00Z,-2.456531
p01,2021-11-27T17:00:00Z,-1.846574
p01,2021-11-27T18:00:00Z,-2.592262
p01,2021-11-27T19:00:00Z,-2.377163
p01,2021-11-27T20:00:00Z,-1.416914
p01,2021-11-27T21:00:00Z,-1.426308
p01,2021-11-27T22:00:00Z,0.686231
p01,2021-11-27T23:00:00Z,-0.297356
p01,2021-11-28T00:00:00Z,0.651736
p01,2021-11-28T01:00:00Z,1.650918
p01,2021-11-28T02:00:00Z,3.525873
p01,2021-11-28T03:00:00Z,3.431947
p01,2021-11-28T04:00:00Z,3.433669
p01,2021-11-28T05:00:00Z,3.248172
p01,2021-11-28T06:00:00Z,4.464459
p01,2021-11-28T07:00:00Z,3.691294
p01,2021-11-28T08:00:00Z,2.278851
p01,2021-11-28T09:00:00Z,1.708487
p01,2021-11-28T10:00:00Z,1.506505
p01,2021-11-28T11:00:00Z,0.562114
p01,2021-11-28T12:00:00Z,-0.141507
p01,2021-11-28T13:00:00Z,-1.615359
p01,2021-11-28T14:00:00Z,-1.356630
p01,2021-11-28T15:00:00Z,-1.743169
p01,2021-11-28T16:00:00Z,-2.472423
p01,2021-11-28T17:00:00Z,-2.814252
p01,2021-11-28T18:00:00Z,-1.943514
p01,2021-11-28T19:00:00Z,-2.518522
p01,2021-11-28T20:00:00Z,-1.452386
p01,2021-11-28T21:00:00Z,-1.337749
p01,2021-11-28T22:00:00Z,-0.452404
p01,2021-11-28T23:00:00Z,1.324996
p01,2021-11-29T00:00:00Z,1.389903
p01,2021-11-29T01:00:00Z,2.121283
p01,2021-11-29T02:00:00Z,2.309423
p01,2021-11-29T03:00:00Z,3.541397
p01,2021-11-29T04:00:00Z,3.509511
p01,2021-11-29T05:00:00Z,4.269649
p01,2021-11-29T06:00:00Z,2.576347
p01,2021-11-29T07:00:00Z,2.808586
p01,2021-11-29T08:00:00Z,2.250029
p01,2021-11-29T09:00:00Z,2.310863
p01,2021-11-29T10:00:00Z,1.782360
p01,2021-11-29T11:00:00Z,0.841128
p01,2021-11-29T12:00:00Z,0.399458
p01,2021-11-29T13:00:00Z,-0.800710
p01,2021-11-29T14:00:00Z,-1.633724
p01,2021-11-29T15:00:00Z,-1.095390
p01,2021-11-29T16:00:00Z,-2.042967
p01,2021-11-29T17:00:00Z,-2.081169
p01,2021-11-29T18:00:00Z,-2.240181
p01,2021-11-29T19:00:00Z,-1.573774
p01,2021-11-29T20:00:00Z,-1.115328
p01,2021-11-29T21:00:00Z,-0.522114
p01,2021-11-29T22:00:00Z,0.908978
p01,2021-11-29T23:00:00Z,0.755149
p01,2021-11-30T00:00:00Z,1.434145
p01,2021-11-30T01:00:00Z,2.829831
p01,2021-11-30T02:00:00Z,3.552392
p01,2021-11-30T03:00:00Z,3.822370
p01,2021-11-30T04:00:00Z,3.879234
p01,2021-11-30T05:00:00Z,4.329422
p01,2021-11-30T06:00:00Z,4.060822
p01,2021-11-30T07:00:00Z,3.855597
p01,2021-11-30T08:00:00Z,3.565240
p01,2021-11-30T09:00:00Z,2.890832
p01,2021-11-30T10:00:00Z,2.594880
p01,2021-11-30T11:00:00Z,0.865564
p01,2021-11-30T12:00:00Z,0.100143
p01,2021-11-30T13:00:00Z,-0.681099
p01,2021-11-30T14:00:00Z,-1.649067
p01,2021-11-30T15:00:00Z,-1.766004
p01,2021-11-30T16:00:00Z,-2.097320
p01,2021-11-30T17:00:00Z,-1.414147
p01,2021-11-30T18:00:00Z,-1.317013
p01,2021-11-30T19:00:00Z,-2.072895
p01,2021-11-30T20:00:00Z,-0.862381
p01,2021-11-30T21:00:00Z,-0.719815
p01,2021-11-30T22:00:00Z,-0.511077
p01,2021-11-30T23:00:00Z,1.357352
p01,2021-12-01T00:00:00Z,1.560305
p01,2021-12-01T01:00:00Z,3.099860
p01,2021-12-01T02:00:00Z,3.052195
p01,2021-12-01T03:00:00Z,3.085531
p01,2021-12-01T04:00:00Z,3.982468
p01,2021-12-01T05:00:00Z,4.422866
p01,2021-12-01T06:00:00Z,4.281758
p01,2021-12-01T07:00:00Z,3.422435
p01,2021-12-01T08:00:00Z,2.972877
p01,2021-12-01T09:00:00Z,2.344105
p01,2021-12-01T10:00:00Z,1.435816
p01,2021-12-01T11:00:00Z,1.179032
p01,2021-12-01T12:00:00Z,0.729301
p01,2021-12-01T13:00:00Z,0.071814
p01,2021-12-01T14:00:00Z,-1.094890
p01,2021-12-01T15:00:00Z,-2.433675
p01,2021-12-01T16:00:00Z,-2.095746
p01,2021-12-01T17:00:00Z,-2.112912
p01,2021-12-01T18:00:00Z,-1.823862
p01,2021-12-01T19:00:00Z,-2.523987
p01,2021-12-01T20:00:00Z,-1.733280
p01,2021-12-01T21:00:00Z,-1.407334
p01,2021-12-01T22:00:00Z,0.626642
p01,2021-12-01T23:00:00Z,1.286394
p01,2021-12-02T00:00:00Z,1.066805
p01,2021-12-02T01:00:00Z,2.224858
p01,2021-12-02T02:00:00Z,3.260492
p01,2021-12-02T03:00:00Z,3.036661
p01,2021-12-02T04:00:00Z,4.259906
p01,2021-12-02T05:00:00Z,5.300932
p01,2021-12-02T06:00:00Z,4.538416
p01,2021-12-02T07:00:00Z,3.021620
p01,2021-12-02T08:00:00Z,3.277353
p01,2021-12-02T09:00:00Z,3.309161
p01,2021-12-02T10:00:00Z,2.508230
p01,2021-12-02T11:00:00Z,1.769438
p01,2021-12-02T12:00:00Z,-0.101199
p01,2021-12-02T13:00:00Z,0.148276
p01,2021-12-02T14:00:00Z,-0.868153
p01,2021-12-02T15:00:00Z,-1.458507
p01,2021-12-02T16:00:00Z,-1.841467
p01,2021-12-02T17:00:00Z,-1.928848
p01,2021-12-02T18:00:00Z,-1.360263
p01,2021-12-02T19:00:00Z,-1.470991
p01,2021-12-02T20:00:00Z,-0.828488
p01,2021-12-02T21:00:00Z,0.374393
p01,2021-12-02T22:00:00Z,0.479693
p01,2021-12-02T23:00:00Z,0.817845
p01,2021-12-03T00:00:00Z,1.922227
p01,2021-12-03T01:00:00Z,2.495944
p01,2021-12-03T02:00:00Z,3.122958
p01,2021-12-03T03:00:00Z,3.123044
p01,2021-12-03T04:00:00Z,4.624307
p01,2021-12-03T05:00:00Z,3.854259
p01,2021-12-03T06:00:00Z,3.776629
p01,2021-12-03T07:00:00Z,4.350757
p01,2021-12-03T08:00:00Z,3.778557
p01,2021-12-03T09:00:00Z,3.169092
p01,2021-12-03T10:00:00Z,2.748027
p01,2021-12-03T11:00:00Z,1.560795
p01,2021-12-03T12:00:00Z,1.052791
p01,2021-12-03T13:00:00Z,-0.603672
p01,2021-12-03T14:00:00Z,-1.458481
p01,2021-12-03T15:00:00Z,-1.049645
p01,2021-12-03T16:00:00Z,-1.901243
p01,2021-12-03T17:00:00Z,-2.183600
p01,2021-12-03T18:00:00Z,-0.923340
p01,2021-12-03T19:00:00Z,-1.527644
p01,2021-12-03T20:00:00Z,0.218993
p01,2021-12-03T21:00:00Z,0.218166
p01,2021-12-03T22:00:00Z,-0.151361
p01,2021-12-03T23:00:00Z,0.522954
p01,2021-12-04T00:00:00Z,2.018479
p01,2021-12-04T01:00:00Z,3.651869
p01,2021-12-04T02:00:00Z,3.455579
p01,2021-12-04T03:00:00Z,4.568422
p01,2021-12-04T04:00:00Z,4.151580
p01,2021-12-04T05:00:00Z,4.102133
p01,2021-12-04T06:00:00Z,4.644461
p01,2021-12-04T07:00:00Z,4.042532
p01,2021-12-04T08:00:00Z,4.174699
p01,2021-12-04T09:00:00Z,3.853473
p01,2021-12-04T10:00:00Z,2.107541
p01,2021-12-04T11:00:00Z,1.038887
p01,2021-12-04T12:00:00Z,0.991238
p01,2021-12-04T13:00:00Z,1.041283
p01,2021-12-04T14:00:00Z,-0.378893
p01,2021-12-04T15:00:00Z,-0.277663
p01,2021-12-04T16:00:00Z,-1.613085
p01,2021-12-04T17:00:00Z,-1.405887
p01,2021-12-04T18:00:00Z,-1.085856
p01,2021-12-04T19:00:00Z,-0.849277
p01,2021-12-04T20:00:00Z,-1.018016
p01,2021-12-04T21:00:00Z,-0.390363
p01,2021-12-04T22:00:00Z,0.863221
p01,2021-12-04T23:00:00Z,1.331139
p01,2021-12-05T00:00:00Z,3.309554
p01,2021-12-05T01:00:00Z,3.258723
p01,2021-12-05T02:00:00Z,3.007195
p01,2021-12-05T03:00:00Z,3.939139
p01,2021-12-05T04:00:00Z,4.656195
p01,2021-12-05T05:00:00Z,4.852718
p01,2021-12-05T06:00:00Z,4.661771
p01,2021-12-05T07:00:00Z,3.698151
p01,2021-12-05T08:00:00Z,3.443545
p01,2021-12-05T09:00:00Z,2.574788
p01,2021-12-05T10:00:00Z,2.722920
p01,2021-12-05T11:00:00Z,1.522715
p01,2021-12-05T12:00:00Z,0.530283
p01,2021-12-05T13:00:00Z,0.348862
p01,2021-12-05T14:00:00Z,0.451022
p01,2021-12-05T15:00:00Z,-1.474687
p01,2021-12-05T16:00:00Z,-2.034253
p01,2021-12-05T17:00:00Z,-1.441530
p01,2021-12-05T18:00:00Z,-1.022651
p01,2021-12-05T19:00:00Z,-0.772619
p01,2021-12-05T20:00:00Z,-0.332005
p01,2021-12-05T21:00:00Z,0.194013
p01,2021-12-05T22:00:00Z,0.771984
p01,2021-12-05T23:00:00Z,0.829964
p01,2021-12-06T00:00:00Z,2.229404
p01,2021-12-06T01:00:00Z,3.285985
p01,2021-12-06T02:00:00Z,4.223822
p01,2021-12-06T03:00:00Z,3.500005
p01,2021-12-06T04:00:00Z,4.735493
p01,2021-12-06T05:00:00Z,3.067633
p01,2021-12-06T06:00:00Z,4.780070
p01,2021-12-06T07:00:00Z,4.011020
p01,2021-12-06T08:00:00Z,4.036623
p01,2021-12-06T09:00:00Z,2.702909
p01,2021-12-06T10:00:00Z,2.479524
p01,2021-12-06T11:00:00Z,2.077692
p01,2021-12-06T12:00:00Z,1.336121
p01,2021-12-06T13:00:00Z,0.558704
p01,2021-12-06T14:00:00Z,0.031627
p01,2021-12-06T15:00:00Z,-1.408637
p01,2021-12-06T16:00:00Z,-0.650916
p01,2021-12-06T17:00:00Z,-0.524048
p01,2021-12-06T18:00:00Z,-1.444792
p01,2021-12-06T19:00:00Z,-0.182202
p01,2021-12-06T20:00:00Z,0.360986
p01,2021-12-06T21:00:00Z,1.499470
p01,2021-12-06T22:00:00Z,1.279177
p01,2021-12-06T23:00:00Z,2.089900
p01,2021-12-07T00:00:00Z,1.980605
p01,2021-12-07T01:00:00Z,3.026942
p01,2021-12-07T02:00:00Z,3.476033
p01,2021-12-07T03:00:00Z,4.504443
p01,2021-12-07T04:00:00Z,4.543830
p01,2021-12-07T05:00:00Z,4.842717
p01,2021-12-07T06:00:00Z,4.381097
p01,2021-12-07T07:00:00Z,4.208985
p01,2021-12-07T08:00:00Z,3.693096
p01,2021-12-07T09:00:00Z,3.411431
p01,2021-12-07T10:00:00Z,2.827684
p01,2021-12-07T11:00:00Z,1.725010
p01,2021-12-07T12:00:00Z,1.911296
p01,2021-12-07T13:00:00Z,0.066271
p01,2021-12-07T14:00:00Z,-0.135252
p01,2021-12-07T15:00:00Z,-1.365825
p01,2021-12-07T16:00:00Z,-1.439767
p01,2021-12-07T17:00:00Z,-1.518501
p01,2021-12-07T18:00:00Z,-1.162277
p01,2021-12-07T19:00:00Z,-0.214419
p01,2021-12-07T20:00:00Z,-0.173512
p01,2021-12-07T21:00:00Z,-0.094331
p01,2021-12-07T22:00:00Z,1.308902
p01,2021-12-07T23:00:00Z,2.345245
p01,2021-12-08T00:00:00Z,2.842913
p01,2021-12-08T01:00:00Z,3.043302
p01,2021-12-08T02:00:00Z,4.033073
p01,2021-12-08T03:00:00Z,4.044629
p01,2021-12-08T04:00:00Z,5.462996
p01,2021-12-08T05:00:00Z,5.247949
p01,2021-12-08T06:00:00Z,3.955000
p01,2021-12-08T07:00:00Z,4.504802
p01,2021-12-08T08:00:00Z,3.814592
p01,2021-12-08T09:00:00Z,3.147636
p01,2021-12-08T10:00:00Z,2.668501
p01,2021-12-08T11:00:00Z,1.726646
p01,2021-12-08T12:00:00Z,1.056100
p01,2021-12-08T13:00:00Z,1.357428
p01,2021-12-08T14:00:00Z,-0.567082
p01,2021-12-08T15:00:00Z,-1.872544
p01,2021-12-08T16:00:00Z,-1.551562
p01,2021-12-08T17:00:00Z,-0.761068
p01,2021-12-08T18:00:00Z,-1.089609
p01,2021-12-08T19:00:00Z,-0.974454
p01,2021-12-08T20:00:00Z,0.217198
p01,2021-12-08T21:00:00Z,1.445973
p01,2021-12-08T22:00:00Z,1.486493
p01,2021-12-08T23:00:00Z,2.543287
p01,2021-12-09T00:00:00Z,3.007794
p01,2021-12-09T01:00:00Z,4.462271
p01,2021-12-09T02:00:00Z,4.575558
p01,2021-12-09T03:00:00Z,4.805918
p01,2021-12-09T04:00:00Z,4.371813
p01,2021-12-09T05:00:00Z,4.762118
p01,2021-12-09T06:00:00Z,4.779370
p01,2021-12-09T07:00:00Z,4.552914
p01,2021-12-09T08:00:00Z,4.895452
p01,2021-12-09T09:00:00Z,3.231115
p01,2021-12-09T10:00:00Z,3.653656
p01,2021-12-09T11:00:00Z,2.561962
p01,2021-12-09T12:00:00Z,0.780912
p01,2021-12-09T13:00:00Z,0.573684
p01,2021-12-09T14:00:00Z,-0.066143
p01,2021-12-09T15:00:00Z,-0.404890
p01,2021-12-09T16:00:00Z,-0.820833
p01,2021-12-09T17:00:00Z,0.060655
p01,2021-12-09T18:00:00Z,-0.013544
p01,2021-12-09T19:00:00Z,0.234182
p01,2021-12-09T20:00:00Z,0.005239
p01,2021-12-09T21:00:00Z,0.738811
p01,2021-12-09T22:00:00Z,1.417221
p01,2021-12-09T23:00:00Z,2.425318
p01,2021-12-10T00:00:00Z,3.885139
p01,2021-12-10T01:00:00Z,4.352203
p01,2021-12-10T02:00:00Z,4.542884
p01,2021-12-10T03:00:00Z,3.854641
p01,2021-12-10T04:00:00Z,5.394294
p01,2021-12-10T05:00:00Z,4.933526
p01,2021-12-10T06:00:00Z,4.980623
p01,2021-12-10T07:00:00Z,5.496478
p01,2021-12-10T08:00:00Z,4.615879
p01,2021-12-10T09:00:00Z,3.947820
p01,2021-12-10T10:00:00Z,3.122916
p01,2021-12-10T11:00:00Z,2.184324
p01,2021-12-10T12:00:00Z,1.074450
p01,2021-12-10T13:00:00Z,0.244047
p01,2021-12-10T14:00:00Z,-0.349313
p01,2021-12-10T15:00:00Z,0.569545
p01,2021-12-10T16:00:00Z,-0.988363
p01,2021-12-10T17:00:00Z,-0.873760
p01,2021-12-10T18:00:00Z,-0.526946
p01,2021-12-10T19:00:00Z,0.011092
p01,2021-12-10T20:00:00Z,-0.433971
p01,2021-12-10T21:00:00Z,0.354720
p01,2021-12-10T22:00:00Z,1.985145
p01,2021-12-10T23:00:00Z,1.922240
p01,2021-12-11T00:00:00Z,3.555425
p01,2021-12-11T01:00:00Z,4.127466
p01,2021-12-11T02:00:00Z,5.068882
p01,2021-12-11T03:00:00Z,5.316700
p01,2021-12-11T04:00:00Z,6.421972
p01,2021-12-11T05:00:00Z,5.982958
p01,2021-12-11T06:00:00Z,4.925570
p01,2021-12-11T07:00:00Z,5.835317
p01,2021-12-11T08:00:00Z,2.890639
p01,2021-12-11T09:00:00Z,3.306232
p01,2021-12-11T10:00:00Z,2.924498
p01,2021-12-11T11:00:00Z,2.876463
p01,2021-12-11T12:00:00Z,1.413433
p01,2021-12-11T13:00:00Z,1.780718
p01,2021-12-11T14:00:00Z,0.768836
p01,2021-12-11T15:00:00Z,-0.870588
p01,2021-12-11T16:00:00Z,-1.310764
p01,2021-12-11T17:00:00Z,-0.658805
p01,2021-12-11T18:00:00Z,-1.095607
p01,2021-12-11T19:00:00Z,0.186046
p01,2021-12-11T20:00:00Z,1.095903
p01,2021-12-11T21:00:00Z,0.894213
p01,2021-12-11T22:00:00Z,1.537030
p01,2021-12-11T23:00:00Z,2.554178
p01,2021-12-12T00:00:00Z,3.567773
p01,2021-12-12T01:00:00Z,3.279970
p01,2021-12-12T02:00:00Z,5.006769
p01,2021-12-12T03:00:00Z,4.960156
p01,2021-12-12T04:00:00Z,5.838998
p01,2021-12-12T05:00:00Z,5.661973
p01,2021-12-12T06:00:00Z,5.268898
p01,2021-12-12T07:00:00Z,5.389941
p01,2021-12-12T08:00:00Z,4.470321
p01,2021-12-12T09:00:00Z,3.720414
p01,2021-12-12T10:00:00Z,2.709394
p01,2021-12-12T11:00:00Z,3.129876
p01,2021-12-12T12:00:00Z,1.339566
p01,2021-12-12T13:00:00Z,1.556960
p01,2021-12-12T14:00:00Z,0.725051
p01,2021-12-12T15:00:00Z,0.053028
p01,2021-12-12T16:00:00Z,-1.040721
p01,2021-12-12T17:00:00Z,-1.274181
p01,2021-12-12T18:00:00Z,-0.474037
p01,2021-12-12T19:00:00Z,0.574508
p01,2021-12-12T20:00:00Z,0.021207
p01,2021-12-12T21:00:00Z,0.862964
p01,2021-12-12T22:00:00Z,2.527397
p01,2021-12-12T23:00:00Z,2.209000
p01,2021-12-13T00:00:00Z,3.003880
p01,2021-12-13T01:00:00Z,3.766643
p01,2021-12-13T02:00:00Z,4.653995
p01,2021-12-13T03:00:00Z,5.393260
p01,2021-12-13T04:00:00Z,4.724321
p01,2021-12-13T05:00:00Z,6.116810
p01,2021-12-13T06:00:00Z,6.284920
p01,2021-12-13T07:00:00Z,4.826765
p01,2021-12-13T08:00:00Z,5.113127
p01,2021-12-13T09:00:00Z,4.690324
p01,2021-12-13T10:00:00Z,2.566211
p01,2021-12-13T11:00:00Z,2.605882
p01,2021-12-13T12:00:00Z,2.354768
p01,2021-12-13T13:00:00Z,0.768664
p01,2021-12-13T14:00:00Z,0.770469
p01,2021-12-13T15:00:00Z,0.223655
p01,2021-12-13T16:00:00Z,0.160985
p01,2021-12-13T17:00:00Z,-0.181023
p01,2021-12-13T18:00:00Z,-0.173351
p01,2021-12-13T19:00:00Z,-0.091873
p01,2021-12-13T20:00:00Z,0.729319
p01,2021-12-13T21:00:00Z,0.966982
p01,2021-12-13T22:00:00Z,1.849982
p01,2021-12-13T23:00:00Z,1.109607
p01,2021-12-14T00:00:00Z,3.519604
p01,2021-12-14T01:00:00Z,4.639140
p01,2021-12-14T02:00:00Z,5.124313
p01,2021-12-14T03:00:00Z,5.469229
p01,2021-12-14T04:00:00Z,5.502982
p01,2021-12-14T05:00:00Z,5.667176
p01,2021-12-14T06:00:00Z,5.458578
p01,2021-12-14T07:00:00Z,5.617019
p01,2021-12-14T08:00:00Z,4.567558
p01,2021-12-14T09:00:00Z,4.130322
p01,2021-12-14T10:00:00Z,3.613517
p01,2021-12-14T11:00:00Z,3.997373
p01,2021-12-14T12:00:00Z,1.767518
p01,2021-12-14T13:00:00Z,1.887147
p01,2021-12-14T14:00:00Z,0.933133
p01,2021-12-14T15:00:00Z,0.083607
p01,2021-12-14T16:00:00Z,-0.176374
p01,2021-12-14T17:00:00Z,0.133836
p01,2021-12-14T18:00:00Z,-0.203354
p01,2021-12-14T19:00:00Z,-0.290279
p01,2021-12-14T20:00:00Z,0.602303
p01,2021-12-14T21:00:00Z,2.034768
p01,2021-12-14T22:00:00Z,2.364037
p01,2021-12-14T23:00:00Z,3.131902
p01,2021-12-15T00:00:00Z,4.464002
p01,2021-12-15T01:00:00Z,4.138908
p01,2021-12-15T02:00:00Z,5.084541
p01,2021-12-15T03:00:00Z,5.357349
p01,2021-12-15T04:00:00Z,5.941974
p01,2021-12-15T05:00:00Z,5.702331
p01,2021-12-15T06:00:00Z,5.992555
p01,2021-12-15T07:00:00Z,5.803683
p01,2021-12-15T08:00:00Z,4.691718
p01,2021-12-15T09:00:00Z,4.887689
p01,2021-12-15T10:00:00Z,3.086120
p01,2021-12-15T11:00:00Z,1.767636
p01,2021-12-15T12:00:00Z,2.765105
p01,2021-12-15T13:00:00Z,1.112817
p01,2021-12-15T14:00:00Z,0.762297
p01,2021-12-15T15:00:00Z,0.112115
p01,2021-12-15T16:00:00Z,0.195914
p01,2021-12-15T17:00:00Z,-0.206392
p01,2021-12-15T18:00:00Z,-0.371349
p01,2021-12-15T19:00:00Z,-0.646172
p01,2021-12-15T20:00:00Z,0.439298
p01,2021-12-15T21:00:00Z,1.525102
p01,2021-12-15T22:00:00Z,2.001165
p01,2021-12-15T23:00:00Z,3.233802
p01,2021-12-16T00:00:00Z,4.614654
p01,2021-12-16T01:00:00Z,3.354253
p01,2021-12-16T02:00:00Z,4.078264
p01,2021-12-16T03:00:00Z,6.025496
p01,2021-12-16T04:00:00Z,5.580502
p01,2021-12-16T05:00:00Z,6.380825
p01,2021-12-16T06:00:00Z,5.668855
p01,2021-12-16T07:00:00Z,5.721572
p01,2021-12-16T08:00:00Z,4.048724
p01,2021-12-16T09:00:00Z,4.974596
p01,2021-12-16T10:00:00Z,3.340033
p01,2021-12-16T11:00:00Z,3.597123
p01,2021-12-16T12:00:00Z,2.880963
p01,2021-12-16T13:00:00Z,1.415341
p01,2021-12-16T14:00:00Z,0.698878
p01,2021-12-16T15:00:00Z,0.689844
p01,2021-12-16T16:00:00Z,1.417191
p01,2021-12-16T17:00:00Z,0.599555
p01,2021-12-16T18:00:00Z,0.308196
p01,2021-12-16T19:00:00Z,0.695596
p01,2021-12-16T20:00:00Z,0.948303
p01,2021-12-16T21:00:00Z,1.754205
p01,2021-12-16T22:00:00Z,2.168271
p01,2021-12-16T23:00:00Z,2.707445
p01,2021-12-17T00:00:00Z,3.689313
p01,2021-12-17T01:00:00Z,4.769125
p01,2021-12-17T02:00:00Z,4.756526
p01,2021-12-17T03:00:00Z,5.522953
p01,2021-12-17T04:00:00Z,7.272741
p01,2021-12-17T05:00:00Z,6.703710
p01,2021-12-17T06:00:00Z,6.351250
p01,2021-12-17T07:00:00Z,6.060220
p01,2021-12-17T08:00:00Z,5.194971
p01,2021-12-17T09:00:00Z,4.909370
p01,2021-12-17T10:00:00Z,3.644265
p01,2021-12-17T11:00:00Z,2.873973
p01,2021-12-17T12:00:00Z,2.255247
p01,2021-12-17T13:00:00Z,0.905010
p01,2021-12-17T14:00:00Z,1.206850
p01,2021-12-17T15:00:00Z,0.320492
p01,2021-12-17T16:00:00Z,0.218557
p01,2021-12-17T17:00:00Z,0.281459
p01,2021-12-17T18:00:00Z,1.646653
p01,2021-12-17T19:00:00Z,0.879958
p01,2021-12-17T20:00:00Z,1.196758
p01,2021-12-17T21:00:00Z,1.742946
p01,2021-12-17T22:00:00Z,3.221662
p01,2021-12-17T23:00:00Z,3.147703
p01,2021-12-18T00:00:00Z,3.821070
p01,2021-12-18T01:00:00Z,4.418034
p01,2021-12-18T02:00:00Z,5.328944
p01,2021-12-18T03:00:00Z,6.430155
p01,2021-12-18T04:00:00Z,6.359194
p01,2021-12-18T05:00:00Z,6.176173
p01,2021-12-18T06:00:00Z,6.218612
p01,2021-12-18T07:00:00Z,6.249877
p01,2021-12-18T08:00:00Z,5.575876
p01,2021-12-18T09:00:00Z,4.400405
p01,2021-12-18T10:00:00Z,4.179396
p01,2021-12-18T11:00:00Z,3.132191
p01,2021-12-18T12:00:00Z,2.456297
p01,2021-12-18T13:00:00Z,2.161119
p01,2021-12-18T14:00:00Z,1.123392
p01,2021-12-18T15:00:00Z,0.154274
p01,2021-12-18T16:00:00Z,0.115662
p01,2021-12-18T17:00:00Z,0.779050
p01,2021-12-18T18:00:00Z,0.120644
p01,2021-12-18T19:00:00Z,0.449426
p01,2021-12-18T20:00:00Z,1.000567
p01,2021-12-18T21:00:00Z,1.440525
p01,2021-12-18T22:00:00Z,2.342150
p01,2021-12-18T23:00:00Z,3.406946
p01,2021-12-19T00:00:00Z,4.536386
p01,2021-12-19T01:00:00Z,4.702385
p01,2021-12-19T02:00:00Z,6.092377
p01,2021-12-19T03:00:00Z,5.747257
p01,2021-12-19T04:00:00Z,6.500424
p01,2021-12-19T05:00:00Z,6.999727
p01,2021-12-19T06:00:00Z,6.618914
p01,2021-12-19T07:00:00Z,6.054497
p01,2021-12-19T08:00:00Z,5.985229
p01,2021-12-19T09:00:00Z,4.455247
p01,2021-12-19T10:00:00Z,4.746800
p01,2021-12-19T11:00:00Z,3.002804
p01,2021-12-19T12:00:00Z,3.210387
p01,2021-12-19T13:00:00Z,2.133301
p01,2021-12-19T14:00:00Z,1.433765
p01,2021-12-19T15:00:00Z,1.323026
p01,2021-12-19T16:00:00Z,1.103529
p01,2021-12-19T17:00:00Z,-0.072539
p01,2021-12-19T18:00:00Z,0.216957
p01,2021-12-19T19:00:00Z,0.449238
p01,2021-12-19T20:00:00Z,1.490289
p01,2021-12-19T21:00:00Z,1.792647
p01,2021-12-19T22:00:00Z,2.269260
p01,2021-12-19T23:00:00Z,3.969292
p01,2021-12-20T00:00:00Z,4.812605
p01,2021-12-20T01:00:00Z,5.023612
p01,2021-12-20T02:00:00Z,6.538588
p01,2021-12-20T03:00:00Z,6.306912
p01,2021-12-20T04:00:00Z,7.311169
p01,2021-12-20T05:00:00Z,6.428444
p01,2021-12-20T06:00:00Z,5.993832
p01,2021-12-20T07:00:00Z,7.101879
p01,2021-12-20T08:00:00Z,6.098522
p01,2021-12-20T09:00:00Z,4.590659
p01,2021-12-20T10:00:00Z,4.360938
p01,2021-12-20T11:00:00Z,4.089988
p01,2021-12-20T12:00:00Z,3.093611
p01,2021-12-20T13:00:00Z,2.638631
p01,2021-12-20T14:00:00Z,1.205346
p01,2021-12-20T15:00:00Z,0.780299
p01,2021-12-20T16:00:00Z,0.132105
p01,2021-12-20T17:00:00Z,0.237350
p01,2021-12-20T18:00:00Z,0.473944
p01,2021-12-20T19:00:00Z,1.241203
p01,2021-12-20T20:00:00Z,1.213092
p01,2021-12-20T21:00:00Z,2.230189
p01,2021-12-20T22:00:00Z,2.433715
p01,2021-12-20T23:00:00Z,4.103350
p01,2021-12-21T00:00:00Z,3.634767
p01,2021-12-21T01:00:00Z,4.621071
p01,2021-12-21T02:00:00Z,5.314373
p01,2021-12-21T03:00:00Z,6.649224
p01,2021-12-21T04:00:00Z,6.401366
p01,2021-12-21T05:00:00Z,6.250149
p01,2021-12-21T06:00:00Z,7.712228
p01,2021-12-21T07:00:00Z,6.276481
p01,2021-12-21T08:00:00Z,5.546950
p01,2021-12-21T09:00:00Z,5.547319
p01,2021-12-21T10:00:00Z,3.744064
p01,2021-12-21T11:00:00Z,3.618644
p01,2021-12-21T12:00:00Z,2.944037
p01,2021-12-21T13:00:00Z,2.148848
p01,2021-12-21T14:00:00Z,2.235332
p01,2021-12-21T15:00:00Z,1.824424
p01,2021-12-21T16:00:00Z,0.438928
p01,2021-12-21T17:00:00Z,1.208630
p01,2021-12-21T18:00:00Z,0.439277
p01,2021-12-21T19:00:00Z,1.847461
p01,2021-12-21T20:00:00Z,1.051154
p01,2021-12-21T21:00:00Z,2.683537
p01,2021-12-21T22:00:00Z,2.736552
p01,2021-12-21T23:00:00Z,3.466125
p01,2021-12-22T00:00:00Z,4.825216
p01,2021-12-22T01:00:00Z,4.780012
p01,2021-12-22T02:00:00Z,5.631315
p01,2021-12-22T03:00:00Z,5.392306
p01,2021-12-22T04:00:00Z,5.872000
p01,2021-12-22T05:00:00Z,6.928608
p01,2021-12-22T06:00:00Z,5.692186
p01,2021-12-22T07:00:00Z,5.979031
p01,2021-12-22T08:00:00Z,5.792413
p01,2021-12-22T09:00:00Z,5.668957
p01,2021-12-22T10:00:00Z,3.411873
p01,2021-12-22T11:00:00Z,3.958018
p01,2021-12-22T12:00:00Z,3.034326
p01,2021-12-22T13:00:00Z,2.547940
p01,2021-12-22T14:00:00Z,1.651606
p01,2021-12-22T15:00:00Z,1.762343
p01,2021-12-22T16:00:00Z,0.955659
p01,2021-12-22T17:00:00Z,0.825026
p01,2021-12-22T18:00:00Z,1.138298
p01,2021-12-22T19:00:00Z,1.886420
p01,2021-12-22T20:00:00Z,1.144195
p01,2021-12-22T21:00:00Z,1.979645
p01,2021-12-22T22:00:00Z,2.576039
p01,2021-12-22T23:00:00Z,3.055884
p01,2021-12-23T00:00:00Z,4.146723
p01,2021-12-23T01:00:00Z,6.063447
p01,2021-12-23T02:00:00Z,6.096482
p01,2021-12-23T03:00:00Z,6.582258
p01,2021-12-23T04:00:00Z,6.361075
p01,2021-12-23T05:00:00Z,6.780754
p01,2021-12-23T06:00:00Z,6.994077
p01,2021-12-23T07:00:00Z,6.133775
p01,2021-12-23T08:00:00Z,6.126913
p01,2021-12-23T09:00:00Z,5.428026
p01,2021-12-23T10:00:00Z,4.350819
p01,2021-12-23T11:00:00Z,4.224477
p01,2021-12-23T12:00:00Z,3.679745
p01,2021-12-23T13:00:00Z,2.701103
p01,2021-12-23T14:00:00Z,1.959409
p01,2021-12-23T15:00:00Z,1.424665
p01,2021-12-23T16:00:00Z,0.901238
p01,2021-12-23T17:00:00Z,1.517948
p01,2021-12-23T18:00:00Z,1.004637
p01,2021-12-23T19:00:00Z,-0.063499
p01,2021-12-23T20:00:00Z,2.743789
p01,2021-12-23T21:00:00Z,2.113915
p01,2021-12-23T22:00:00Z,2.789389
p01,2021-12-23T23:00:00Z,4.507113
p01,2021-12-24T00:00:00Z,4.728148
p01,2021-12-24T01:00:00Z,6.429895
p01,2021-12-24T02:00:00Z,6.095425
p01,2021-12-24T03:00:00Z,6.903631
p01,2021-12-24T04:00:00Z,7.279043
p01,2021-12-24T05:00:00Z,6.666176
p01,2021-12-24T06:00:00Z,7.014796
p01,2021-12-24T07:00:00Z,6.032806
p01,2021-12-24T08:00:00Z,7.235663
p01,2021-12-24T09:00:00Z,5.468508
p01,2021-12-24T10:00:00Z,4.691823
p01,2021-12-24T11:00:00Z,5.186419
p01,2021-12-24T12:00:00Z,4.481695
p01,2021-12-24T13:00:00Z,2.264584
p01,2021-12-24T14:00:00Z,2.455414
p01,2021-12-24T15:00:00Z,1.382009
p01,2021-12-24T16:00:00Z,2.898244
p01,2021-12-24T17:00:00Z,1.608859
p01,2021-12-24T18:00:00Z,1.074140
p01,2021-12-24T19:00:00Z,1.257554
p01,2021-12-24T20:00:00Z,0.970064
p01,2021-12-24T21:00:00Z,2.902928
p01,2021-12-24T22:00:00Z,3.298396
p01,2021-12-24T23:00:00Z,4.787049
p01,2021-12-25T00:00:00Z,4.824142
p01,2021-12-25T01:00:00Z,5.610043
p01,2021-12-25T02:00:00Z,6.612451
p01,2021-12-25T03:00:00Z,6.406755
p01,2021-12-25T04:00:00Z,6.666549
p01,2021-12-25T05:00:00Z,7.190692
p01,2021-12-25T06:00:00Z,6.940535
p01,2021-12-25T07:00:00Z,6.443827
p01,2021-12-25T08:00:00Z,6.337142
p01,2021-12-25T09:00:00Z,5.960996
p01,2021-12-25T10:00:00Z,4.489715
p01,2021-12-25T11:00:00Z,3.770651
p01,2021-12-25T12:00:00Z,3.818728
p01,2021-12-25T13:00:00Z,2.447009
p01,2021-12-25T14:00:00Z,2.423908
p01,2021-12-25T15:00:00Z,1.804256
p01,2021-12-25T16:00:00Z,1.266440
p01,2021-12-25T17:00:00Z,0.361004
p01,2021-12-25T18:00:00Z,0.843439
p01,2021-12-25T19:00:00Z,1.541301
p01,2021-12-25T20:00:00Z,2.584350
p01,2021-12-25T21:00:00Z,2.657660
p01,2021-12-25T22:00:00Z,3.880618
p01,2021-12-25T23:00:00Z,4.421840
p01,2021-12-26T00:00:00Z,5.352674
p01,2021-12-26T01:00:00Z,5.193231
p01,2021-12-26T02:00:00Z,5.526926
p01,2021-12-26T03:00:00Z,6.710743
p01,2021-12-26T04:00:00Z,7.656206
p01,2021-12-26T05:00:00Z,8.221270
p01,2021-12-26T06:00:00Z,8.074827
p01,2021-12-26T07:00:00Z,6.607716
p01,2021-12-26T08:00:00Z,6.407679
p01,2021-12-26T09:00:00Z,5.366919
p01,2021-12-26T10:00:00Z,5.452412
p01,2021-12-26T11:00:00Z,3.926088
p01,2021-12-26T12:00:00Z,3.214295
p01,2021-12-26T13:00:00Z,3.057820
p01,2021-12-26T14:00:00Z,1.839885
p01,2021-12-26T15:00:00Z,2.184158
p01,2021-12-26T16:00:00Z,2.097166
p01,2021-12-26T17:00:00Z,1.167570
p01,2021-12-26T18:00:00Z,1.740231
p01,2021-12-26T19:00:00Z,2.646859
p01,2021-12-26T20:00:00Z,2.084542
p01,2021-12-26T21:00:00Z,2.739583
p01,2021-12-26T22:00:00Z,3.952624
p01,2021-12-26T23:00:00Z,4.463009
p01,2021-12-27T00:00:00Z,4.972565
p01,2021-12-27T01:00:00Z,5.557356
p01,2021-12-27T02:00:00Z,6.548348
p01,2021-12-27T03:00:00Z,6.823179
p01,2021-12-27T04:00:00Z,8.128436
p01,2021-12-27T05:00:00Z,7.148160
p01,2021-12-27T06:00:00Z,8.411131
p01,2021-12-27T07:00:00Z,8.199553
p01,2021-12-27T08:00:00Z,5.716521
p01,2021-12-27T09:00:00Z,5.862040
p01,2021-12-27T10:00:00Z,5.020601
p01,2021-12-27T11:00:00Z,3.974721
p01,2021-12-27T12:00:00Z,3.547738
p01,2021-12-27T13:00:00Z,3.008463
p01,2021-12-27T14:00:00Z,2.160548
p01,2021-12-27T15:00:00Z,2.076052
p01,2021-12-27T16:00:00Z,1.127482
p01,2021-12-27T17:00:00Z,1.753449
p01,2021-12-27T18:00:00Z,2.140899
p01,2021-12-27T19:00:00Z,1.745528
p01,2021-12-27T20:00:00Z,1.944828
p01,2021-12-27T21:00:00Z,2.995374
p01,2021-12-27T22:00:00Z,3.303161
p01,2021-12-27T23:00:00Z,4.456412
p01,2021-12-28T00:00:00Z,5.125157
p01,2021-12-28T01:00:00Z,6.404930
p01,2021-12-28T02:00:00Z,6.674456
p01,2021-12-28T03:00:00Z,7.304471
p01,2021-12-28T04:00:00Z,7.708351
p01,2021-12-28T05:00:00Z,7.703575
p01,2021-12-28T06:00:00Z,7.208155
p01,2021-12-28T07:00:00Z,7.331656
p01,2021-12-28T08:00:00Z,6.440651
p01,2021-12-28T09:00:00Z,5.454237
p01,2021-12-28T10:00:00Z,6.176901
p01,2021-12-28T11:00:00Z,3.041481
p01,2021-12-28T12:00:00Z,4.101680
p01,2021-12-28T13:00:00Z,4.317850
p01,2021-12-28T14:00:00Z,1.822216
p01,2021-12-28T15:00:00Z,2.097599
p01,2021-12-28T16:00:00Z,1.713219
p01,2021-12-28T17:00:00Z,1.634977
p01,2021-12-28T18:00:00Z,1.884183
p01,2021-12-28T19:00:00Z,2.788859
p01,2021-12-28T20:00:00Z,2.055465
p01,2021-12-28T21:00:00Z,2.754133
p01,2021-12-28T22:00:00Z,3.621154
p01,2021-12-28T23:00:00Z,5.194188
p01,2021-12-29T00:00:00Z,4.798894
p01,2021-12-29T01:00:00Z,5.691477
p01,2021-12-29T02:00:00Z,6.868259
p01,2021-12-29T03:00:00Z,6.474402
p01,2021-12-29T04:00:00Z,7.556871
p01,2021-12-29T05:00:00Z,7.835468
p01,2021-12-29T06:00:00Z,7.109044
p01,2021-12-29T07:00:00Z,7.541044
p01,2021-12-29T08:00:00Z,6.554111
p01,2021-12-29T09:00:00Z,7.233081
p01,2021-12-29T10:00:00Z,4.966871
p01,2021-12-29T11:00:00Z,4.401721
p01,2021-12-29T12:00:00Z,3.408425
p01,2021-12-29T13:00:00Z,3.409551
p01,2021-12-29T14:00:00Z,1.779886
p01,2021-12-29T15:00:00Z,1.374299
p01,2021-12-29T16:00:00Z,2.065516
p01,2021-12-29T17:00:00Z,1.104944
p01,2021-12-29T18:00:00Z,1.757610
p01,2021-12-29T19:00:00Z,2.056646
p01,2021-12-29T20:00:00Z,2.041924
p01,2021-12-29T21:00:00Z,2.812991
p01,2021-12-29T22:00:00Z,4.405377
p01,2021-12-29T23:00:00Z,4.431569
p01,2021-12-30T00:00:00Z,6.350897
p01,2021-12-30T01:00:00Z,6.103930
p01,2021-12-30T02:00:00Z,6.111731
p01,2021-12-30T03:00:00Z,7.154626
p01,2021-12-30T04:00:00Z,7.289273
p01,2021-12-30T05:00:00Z,8.384556
p01,2021-12-30T06:00:00Z,7.005660
p01,2021-12-30T07:00:00Z,7.167496
p01,2021-12-30T08:00:00Z,7.024594
p01,2021-12-30T09:00:00Z,5.797976
p01,2021-12-30T10:00:00Z,5.520542
p01,2021-12-30T11:00:00Z,5.350629
p01,2021-12-30T12:00:00Z,3.796195
p01,2021-12-30T13:00:00Z,2.783402
p01,2021-12-30T14:00:00Z,2.907795
p01,2021-12-30T15:00:00Z,2.000720
p01,2021-12-30T16:00:00Z,1.929505
p01,2021-12-30T17:00:00Z,2.831546
p01,2021-12-30T18:00:00Z,2.861970
p01,2021-12-30T19:00:00Z,2.151560
p01,2021-12-30T20:00:00Z,2.296884
p01,2021-12-30T21:00:00Z,3.729453
p01,2021-12-30T22:00:00Z,3.554474
p01,2021-12-30T23:00:00Z,4.904406
p01,2021-12-31T00:00:00Z,5.383181
p01,2021-12-31T01:00:00Z,6.605594
p01,2021-12-31T02:00:00Z,6.978110
p01,2021-12-31T03:00:00Z,8.075507
p01,2021-12-31T04:00:00Z,8.272641
p01,2021-12-31T05:00:00Z,7.109120
p01,2021-12-31T06:00:00Z,8.126711
p01,2021-12-31T07:00:00Z,7.488286
p01,2021-12-31T08:00:00Z,7.226631
p01,2021-12-31T09:00:00Z,5.791019
p01,2021-12-31T10:00:00Z,6.273002
p01,2021-12-31T11:00:00Z,5.337651
p01,2021-12-31T12:00:00Z,3.387099
p01,2021-12-31T13:00:00Z,4.272905
p01,2021-12-31T14:00:00Z,2.979040
p01,2021-12-31T15:00:00Z,2.856454
p01,2021-12-31T16:00:00Z,2.055895
p01,2021-12-31T17:00:00Z,0.665061
p01,2021-12-31T18:00:00Z,2.321848
p01,2021-12-31T19:00:00Z,1.605173
p01,2021-12-31T20:00:00Z,2.418952
p01,2021-12-31T21:00:00Z,2.755542
p01,2021-12-31T22:00:00Z,3.888095
p01,2021-12-31T23:00:00Z,4.762349
p01,2022-01-01T00:00:00Z,5.472372
p01,2022-01-01T01:00:00Z,5.749314
p01,2022-01-01T02:00:00Z,6.919962
p01,2022-01-01T03:00:00Z,7.691130
p01,2022-01-01T04:00:00Z,7.178840
p01,2022-01-01T05:00:00Z,8.195111
p01,2022-01-01T06:00:00Z,8.811148
p01,2022-01-01T07:00:00Z,7.452428
p01,2022-01-01T08:00:00Z,7.337690
p01,2022-01-01T09:00:00Z,7.044470
p01,2022-01-01T10:00:00Z,6.246781
p01,2022-01-01T11:00:00Z,5.100849
p01,2022-01-01T12:00:00Z,4.729651
p01,2022-01-01T13:00:00Z,3.667514
p01,2022-01-01T14:00:00Z,2.706838
p01,2022-01-01T15:00:00Z,2.336809
p01,2022-01-01T16:00:00Z,2.874839
p01,2022-01-01T17:00:00Z,2.466050
p01,2022-01-01T18:00:00Z,2.384567
p01,2022-01-01T19:00:00Z,2.512309
p01,2022-01-01T20:00:00Z,4.189063
p01,2022-01-01T21:00:00Z,4.213294
p01,2022-01-01T22:00:00Z,4.343532
p01,2022-01-01T23:00:00Z,5.954268
p01,2022-01-02T00:00:00Z,5.488432
p01,2022-01-02T01:00:00Z,6.540756
p01,2022-01-02T02:00:00Z,6.995776
p01,2022-01-02T03:00:00Z,7.365729
p01,2022-01-02T04:00:00Z,8.031918
p01,2022-01-02T05:00:00Z,8.660663
p01,2022-01-02T06:00:00Z,7.490945
p01,2022-01-02T07:00:00Z,7.044333
p01,2022-01-02T08:00:00Z,6.947246
p01,2022-01-02T09:00:00Z,6.242361
p01,2022-01-02T10:00:00Z,5.706376
p01,2022-01-02T11:00:00Z,6.460826
p01,2022-01-02T12:00:00Z,4.029403
p01,2022-01-02T13:00:00Z,3.882801
p01,2022-01-02T14:00:00Z,3.523774
p01,2022-01-02T15:00:00Z,2.211065
p01,2022-01-02T16:00:00Z,2.205242
p01,2022-01-02T17:00:00Z,1.328270
p01,2022-01-02T18:00:00Z,2.815119
p01,2022-01-02T19:00:00Z,1.891402
p01,2022-01-02T20:00:00Z,3.025869
p01,2022-01-02T21:00:00Z,2.982171
p01,2022-01-02T22:00:00Z,4.989972
p01,2022-01-02T23:00:00Z,4.860210
p01,2022-01-03T00:00:00Z,6.444992
p01,2022-01-03T01:00:00Z,6.238982
p01,2022-01-03T02:00:00Z,8.014195
p01,2022-01-03T03:00:00Z,7.443528
p01,2022-01-03T04:00:00Z,8.581551
p01,2022-01-03T05:00:00Z,8.029628
p01,2022-01-03T06:00:00Z,8.053402
p01,2022-01-03T07:00:00Z,7.308326
p01,2022-01-03T08:00:00Z,7.837757
p01,2022-01-03T09:00:00Z,7.162418
p01,2022-01-03T10:00:00Z,6.546029
p01,2022-01-03T11:00:00Z,5.334992
p01,2022-01-03T12:00:00Z,4.908355
p01,2022-01-03T13:00:00Z,2.953910
p01,2022-01-03T14:00:00Z,3.407717
p01,2022-01-03T15:00:00Z,2.621407
p01,2022-01-03T16:00:00Z,2.456592
p01,2022-01-03T17:00:00Z,1.716385
p01,2022-01-03T18:00:00Z,1.499358
p01,2022-01-03T19:00:00Z,1.650700
p01,2022-01-03T20:00:00Z,3.318269
p01,2022-01-03T21:00:00Z,4.570588
p01,2022-01-03T22:00:00Z,4.498893
p01,2022-01-03T23:00:00Z,5.098358
p01,2022-01-04T00:00:00Z,6.620438
p01,2022-01-04T01:00:00Z,6.842257
p01,2022-01-04T02:00:00Z,8.151128
p01,2022-01-04T03:00:00Z,7.559406
p01,2022-01-04T04:00:00Z,8.394931
p01,2022-01-04T05:00:00Z,8.931055
p01,2022-01-04T06:00:00Z,8.422937
p01,2022-01-04T07:00:00Z,8.235778
p01,2022-01-04T08:00:00Z,7.502616
p01,2022-01-04T09:00:00Z,6.602445
p01,2022-01-04T10:00:00Z,5.165279
p01,2022-01-04T11:00:00Z,5.049132
p01,2022-01-04T12:00:00Z,4.674636
p01,2022-01-04T13:00:00Z,4.466703
p01,2022-01-04T14:00:00Z,3.122746
p01,2022-01-04T15:00:00Z,3.330294
p01,2022-01-04T16:00:00Z,2.744967
p01,2022-01-04T17:00:00Z,2.229957
p01,2022-01-04T18:00:00Z,2.515876
p01,2022-01-04T19:00:00Z,2.332455
p01,2022-01-04T20:00:00Z,2.699793
p01,2022-01-04T21:00:00Z,3.851370
p01,2022-01-04T22:00:00Z,4.158597
p01,2022-01-04T23:00:00Z,6.194325
p01,2022-01-05T00:00:00Z,6.868060
p01,2022-01-05T01:00:00Z,7.825760
p01,2022-01-05T02:00:00Z,7.875751
p01,2022-01-05T03:00:00Z,8.063953
p01,2022-01-05T04:00:00Z,9.740019
p01,2022-01-05T05:00:00Z,7.668177
p01,2022-01-05T06:00:00Z,7.459679
p01,2022-01-05T07:00:00Z,8.051819
p01,2022-01-05T08:00:00Z,7.651039
p01,2022-01-05T09:00:00Z,6.510412
p01,2022-01-05T10:00:00Z,6.798362
p01,2022-01-05T11:00:00Z,5.634735
p01,2022-01-05T12:00:00Z,5.131642
p01,2022-01-05T13:00:00Z,3.361305
p01,2022-01-05T14:00:00Z,3.813154
p01,2022-01-05T15:00:00Z,2.616204
p01,2022-01-05T16:00:00Z,2.603679
p01,2022-01-05T17:00:00Z,3.103447
p01,2022-01-05T18:00:00Z,1.933331
p01,2022-01-05T19:00:00Z,2.781365
p01,2022-01-05T20:00:00Z,4.186757
p01,2022-01-05T21:00:00Z,4.646456
p01,2022-01-05T22:00:00Z,5.642263
p01,2022-01-05T23:00:00Z,6.288937
p01,2022-01-06T00:00:00Z,6.542237
p01,2022-01-06T01:00:00Z,5.456521
p01,2022-01-06T02:00:00Z,7.197120
p01,2022-01-06T03:00:00Z,8.833154
p01,2022-01-06T04:00:00Z,9.064165
p01,2022-01-06T05:00:00Z,7.998069
p01,2022-01-06T06:00:00Z,7.678693
p01,2022-01-06T07:00:00Z,7.727329
p01,2022-01-06T08:00:00Z,7.341511
p01,2022-01-06T09:00:00Z,6.698816
p01,2022-01-06T10:00:00Z,6.351467
p01,2022-01-06T11:00:00Z,5.170664
p01,2022-01-06T12:00:00Z,4.371648
p01,2022-01-06T13:00:00Z,4.678667
p01,2022-01-06T14:00:00Z,4.205693
p01,2022-01-06T15:00:00Z,2.794731
p01,2022-01-06T16:00:00Z,3.087484
p01,2022-01-06T17:00:00Z,2.030488
p01,2022-01-06T18:00:00Z,3.509790
p01,2022-01-06T19:00:00Z,2.308061
p01,2022-01-06T20:00:00Z,4.223984
p01,2022-01-06T21:00:00Z,3.712212
p01,2022-01-06T22:00:00Z,5.208622
p01,2022-01-06T23:00:00Z,5.463188
p01,2022-01-07T00:00:00Z,6.496782
p01,2022-01-07T01:00:00Z,6.594448
p01,2022-01-07T02:00:00Z,8.096652
p01,2022-01-07T03:00:00Z,7.732882
p01,2022-01-07T04:00:00Z,8.551180
p01,2022-01-07T05:00:00Z,9.088708
p01,2022-01-07T06:00:00Z,8.299188
p01,2022-01-07T07:00:00Z,7.451087
p01,2022-01-07T08:00:00Z,7.295173
p01,2022-01-07T09:00:00Z,7.085844
p01,2022-01-07T10:00:00Z,6.535765
p01,2022-01-07T11:00:00Z,5.900733
p01,2022-01-07T12:00:00Z,5.026395
p01,2022-01-07T13:00:00Z,4.284449
p01,2022-01-07T14:00:00Z,3.589704
p01,2022-01-07T15:00:00Z,3.163613
p01,2022-01-07T16:00:00Z,2.564201
p01,2022-01-07T17:00:00Z,3.118009
p01,2022-01-07T18:00:00Z,2.724125
p01,2022-01-07T19:00:00Z,2.216363
p01,2022-01-07T20:00:00Z,3.453972
p01,2022-01-07T21:00:00Z,4.162169
p01,2022-01-07T22:00:00Z,4.507512
p01,2022-01-07T23:00:00Z,5.964988
p01,2022-01-08T00:00:00Z,6.160052
p01,2022-01-08T01:00:00Z,6.567856
p01,2022-01-08T02:00:00Z,7.628653
p01,2022-01-08T03:00:00Z,7.726847
p01,2022-01-08T04:00:00Z,9.377919
p01,2022-01-08T05:00:00Z,10.032880
p01,2022-01-08T06:00:00Z,8.281283
p01,2022-01-08T07:00:00Z,8.547290
p01,2022-01-08T08:00:00Z,7.975997
p01,2022-01-08T09:00:00Z,6.906767
p01,2022-01-08T10:00:00Z,6.372621
p01,2022-01-08T11:00:00Z,5.497743
p01,2022-01-08T12:00:00Z,5.247146
p01,2022-01-08T13:00:00Z,4.506700
p01,2022-01-08T14:00:00Z,3.618929
p01,2022-01-08T15:00:00Z,3.406400
p01,2022-01-08T16:00:00Z,2.912464
p01,2022-01-08T17:00:00Z,2.457929
p01,2022-01-08T18:00:00Z,2.467840
p01,2022-01-08T19:00:00Z,4.502421
p01,2022-01-08T20:00:00Z,4.083313
p01,2022-01-08T21:00:00Z,4.144403
p01,2022-01-08T22:00:00Z,5.161654
p01,2022-01-08T23:00:00Z,6.508858
p01,2022-01-09T00:00:00Z,6.893657
p01,2022-01-09T01:00:00Z,7.578850
p01,2022-01-09T02:00:00Z,7.644930
p01,2022-01-09T03:00:00Z,7.831959
p01,2022-01-09T04:00:00Z,9.558152
p01,2022-01-09T05:00:00Z,8.911447
p01,2022-01-09T06:00:00Z,8.788546
p01,2022-01-09T07:00:00Z,8.803433
p01,2022-01-09T08:00:00Z,9.346665
p01,2022-01-09T09:00:00Z,7.336680
p01,2022-01-09T10:00:00Z,5.881005
p01,2022-01-09T11:00:00Z,6.457827
p01,2022-01-09T12:00:00Z,5.466643
p01,2022-01-09T13:00:00Z,4.785711
p01,2022-01-09T14:00:00Z,4.594757
p01,2022-01-09T15:00:00Z,2.680059
p01,2022-01-09T16:00:00Z,3.072066
p01,2022-01-09T17:00:00Z,3.099971
p01,2022-01-09T18:00:00Z,3.908165
p01,2022-01-09T19:00:00Z,3.975763
p01,2022-01-09T20:00:00Z,3.101001
p01,2022-01-09T21:00:00Z,3.582926
p01,2022-01-09T22:00:00Z,5.371177
p01,2022-01-09T23:00:00Z,5.788765
p01,2022-01-10T00:00:00Z,5.503961
p01,2022-01-10T01:00:00Z,7.713188
p01,2022-01-10T02:00:00Z,8.013443
p01,2022-01-10T03:00:00Z,9.091044
p01,2022-01-10T04:00:00Z,8.987296
p01,2022-01-10T05:00:00Z,9.591811
p01,2022-01-10T06:00:00Z,8.793825
p01,2022-01-10T07:00:00Z,8.703918
p01,2022-01-10T08:00:00Z,8.374353
p01,2022-01-10T09:00:00Z,7.874297
p01,2022-01-10T10:00:00Z,7.640570
p01,2022-01-10T11:00:00Z,6.443793
p01,2022-01-10T12:00:00Z,5.766382
p01,2022-01-10T13:00:00Z,4.234491
p01,2022-01-10T14:00:00Z,3.836427
p01,2022-01-10T15:00:00Z,3.676113
p01,2022-01-10T16:00:00Z,3.995213
p01,2022-01-10T17:00:00Z,4.253119
p01,2022-01-10T18:00:00Z,2.657112
p01,2022-01-10T19:00:00Z,3.675076
p01,2022-01-10T20:00:00Z,3.137409
p01,2022-01-10T21:00:00Z,4.931880
p01,2022-01-10T22:00:00Z,4.889725
p01,2022-01-10T23:00:00Z,6.024731
p01,2022-01-11T00:00:00Z,6.948904
p01,2022-01-11T01:00:00Z,7.897689
p01,2022-01-11T02:00:00Z,8.881232
p01,2022-01-11T03:00:00Z,9.177016
p01,2022-01-11T04:00:00Z,8.826334
p01,2022-01-11T05:00:00Z,9.008218
p01,2022-01-11T06:00:00Z,8.660493
p01,2022-01-11T07:00:00Z,8.275220
p01,2022-01-11T08:00:00Z,9.344539
p01,2022-01-11T09:00:00Z,7.000363
p01,2022-01-11T10:00:00Z,6.775162
p01,2022-01-11T11:00:00Z,5.922563
p01,2022-01-11T12:00:00Z,4.703826
p01,2022-01-11T13:00:00Z,4.946443
p01,2022-01-11T14:00:00Z,4.523894
p01,2022-01-11T15:00:00Z,3.607642
p01,2022-01-11T16:00:00Z,3.764972
p01,2022-01-11T17:00:00Z,4.240483
p01,2022-01-11T18:00:00Z,3.342186
p01,2022-01-11T19:00:00Z,3.245265
p01,2022-01-11T20:00:00Z,4.918215
p01,2022-01-11T21:00:00Z,5.033250
p01,2022-01-11T22:00:00Z,5.383452
p01,2022-01-11T23:00:00Z,6.206561
p01,2022-01-12T00:00:00Z,7.678666
p01,2022-01-12T01:00:00Z,8.173117
p01,2022-01-12T02:00:00Z,7.697871
p01,2022-01-12T03:00:00Z,8.908892
p01,2022-01-12T04:00:00Z,9.732628
p01,2022-01-12T05:00:00Z,9.034967
p01,2022-01-12T06:00:00Z,8.363877
p01,2022-01-12T07:00:00Z,8.572400
p01,2022-01-12T08:00:00Z,9.228730
p01,2022-01-12T09:00:00Z,7.626788
p01,2022-01-12T10:00:00Z,7.451136
p01,2022-01-12T11:00:00Z,5.469938
p01,2022-01-12T12:00:00Z,6.195746
p01,2022-01-12T13:00:00Z,4.217366
p01,2022-01-12T14:00:00Z,2.899115
p01,2022-01-12T15:00:00Z,3.521127
p01,2022-01-12T16:00:00Z,2.956299
p01,2022-01-12T17:00:00Z,3.837392
p01,2022-01-12T18:00:00Z,3.735004
p01,2022-01-12T19:00:00Z,3.610524
p01,2022-01-12T20:00:00Z,3.968537
p01,2022-01-12T21:00:00Z,4.405418
p01,2022-01-12T22:00:00Z,5.906010
p01,2022-01-12T23:00:00Z,6.023774
p01,2022-01-13T00:00:00Z,6.689994
p01,2022-01-13T01:00:00Z,7.810817
p01,2022-01-13T02:00:00Z,8.866750
p01,2022-01-13T03:00:00Z,8.498330
p01,2022-01-13T04:00:00Z,9.507017
p01,2022-01-13T05:00:00Z,9.550324
p01,2022-01-13T06:00:00Z,9.172836
p01,2022-01-13T07:00:00Z,9.467737
p01,2022-01-13T08:00:00Z,7.943861
p01,2022-01-13T09:00:00Z,9.317434
p01,2022-01-13T10:00:00Z,7.184523
p01,2022-01-13T11:00:00Z,5.421093
p01,2022-01-13T12:00:00Z,5.587743
p01,2022-01-13T13:00:00Z,4.476237
p01,2022-01-13T14:00:00Z,3.881939
p01,2022-01-13T15:00:00Z,3.810004
p01,2022-01-13T16:00:00Z,3.459430
p01,2022-01-13T17:00:00Z,3.170272
p01,2022-01-13T18:00:00Z,4.329285
p01,2022-01-13T19:00:00Z,3.871798
p01,2022-01-13T20:00:00Z,3.545271
p01,2022-01-13T21:00:00Z,4.128795
p01,2022-01-13T22:00:00Z,6.490829
p01,2022-01-13T23:00:00Z,6.714222
p01,2022-01-14T00:00:00Z,7.744547
p01,2022-01-14T01:00:00Z,8.586170
p01,2022-01-14T02:00:00Z,8.654902
p01,2022-01-14T03:00:00Z,9.009612
p01,2022-01-14T04:00:00Z,8.983160
p01,2022-01-14T05:00:00Z,8.225294
p01,2022-01-14T06:00:00Z,9.135288
p01,2022-01-14T07:00:00Z,9.722395
p01,2022-01-14T08:00:00Z,8.158758
p01,2022-01-14T09:00:00Z,7.568882
p01,2022-01-14T10:00:00Z,7.688136
p01,2022-01-14T11:00:00Z,6.883320
p01,2022-01-14T12:00:00Z,5.363772
p01,2022-01-14T13:00:00Z,4.408553
p01,2022-01-14T14:00:00Z,5.245761
p01,2022-01-14T15:00:00Z,3.370032
p01,2022-01-14T16:00:00Z,3.300463
p01,2022-01-14T17:00:00Z,3.490998
p01,2022-01-14T18:00:00Z,4.228994
p01,2022-01-14T19:00:00Z,3.940060
p01,2022-01-14T20:00:00Z,3.967075
p01,2022-01-14T21:00:00Z,5.077414
p01,2022-01-14T22:00:00Z,5.655066
p01,2022-01-14T23:00:00Z,6.857589
p01,2022-01-15T00:00:00Z,6.887181
p01,2022-01-15T01:00:00Z,8.343041
p01,2022-01-15T02:00:00Z,9.688142
p01,2022-01-15T03:00:00Z,9.725456
p01,2022-01-15T04:00:00Z,8.812713
p01,2022-01-15T05:00:00Z,9.053221
p01,2022-01-15T06:00:00Z,8.778767
p01,2022-01-15T07:00:00Z,9.596761
p01,2022-01-15T08:00:00Z,9.024492
p01,2022-01-15T09:00:00Z,7.487159
p01,2022-01-15T10:00:00Z,6.899391
p01,2022-01-15T11:00:00Z,6.698422
p01,2022-01-15T12:00:00Z,6.722031
p01,2022-01-15T13:00:00Z,4.497051
p01,2022-01-15T14:00:00Z,4.775814
p01,2022-01-15T15:00:00Z,3.870438
p01,2022-01-15T16:00:00Z,4.316519
p01,2022-01-15T17:00:00Z,2.763230
p01,2022-01-15T18:00:00Z,3.661172
p01,2022-01-15T19:00:00Z,3.773545
p01,2022-01-15T20:00:00Z,5.572470
p01,2022-01-15T21:00:00Z,5.673390
p01,2022-01-15T22:00:00Z,5.559832
p01,2022-01-15T23:00:00Z,7.572249
p01,2022-01-16T00:00:00Z,8.577905
p01,2022-01-16T01:00:00Z,7.828288
p01,2022-01-16T02:00:00Z,9.259969
p01,2022-01-16T03:00:00Z,9.265900
p01,2022-01-16T04:00:00Z,9.643510
p01,2022-01-16T05:00:00Z,10.588117
p01,2022-01-16T06:00:00Z,8.622524
p01,2022-01-16T07:00:00Z,8.747895
p01,2022-01-16T08:00:00Z,9.171976
p01,2022-01-16T09:00:00Z,8.445711
p01,2022-01-16T10:00:00Z,7.197723
p01,2022-01-16T11:00:00Z,6.535829
p01,2022-01-16T12:00:00Z,6.856959
p01,2022-01-16T13:00:00Z,4.848491
p01,2022-01-16T14:00:00Z,4.301600
p01,2022-01-16T15:00:00Z,4.383649
p01,2022-01-16T16:00:00Z,3.830555
p01,2022-01-16T17:00:00Z,4.111164
p01,2022-01-16T18:00:00Z,3.852116
p01,2022-01-16T19:00:00Z,5.009026
p01,2022-01-16T20:00:00Z,3.787874
p01,2022-01-16T21:00:00Z,4.643539
p01,2022-01-16T22:00:00Z,5.282676
p01,2022-01-16T23:00:00Z,6.614580
p01,2022-01-17T00:00:00Z,7.817998
p01,2022-01-17T01:00:00Z,9.261323
p01,2022-01-17T02:00:00Z,8.936810
p01,2022-01-17T03:00:00Z,9.464332
p01,2022-01-17T04:00:00Z,10.349578
p01,2022-01-17T05:00:00Z,9.932113
p01,2022-01-17T06:00:00Z,10.186992
p01,2022-01-17T07:00:00Z,9.432804
p01,2022-01-17T08:00:00Z,8.969398
p01,2022-01-17T09:00:00Z,8.389404
p01,2022-01-17T10:00:00Z,8.178822
p01,2022-01-17T11:00:00Z,7.142031
p01,2022-01-17T12:00:00Z,6.081718
p01,2022-01-17T13:00:00Z,5.559438
p01,2022-01-17T14:00:00Z,4.319806
p01,2022-01-17T15:00:00Z,3.885368
p01,2022-01-17T16:00:00Z,3.303414
p01,2022-01-17T17:00:00Z,4.198891
p01,2022-01-17T18:00:00Z,3.463477
p01,2022-01-17T19:00:00Z,3.968783
p01,2022-01-17T20:00:00Z,5.509158
p01,2022-01-17T21:00:00Z,5.183544
p01,2022-01-17T22:00:00Z,6.316603
p01,2022-01-17T23:00:00Z,6.632936
p01,2022-01-18T00:00:00Z,8.142479
p01,2022-01-18T01:00:00Z,8.055320
p01,2022-01-18T02:00:00Z,9.190713
p01,2022-01-18T03:00:00Z,10.066067
p01,2022-01-18T04:00:00Z,10.169692
p01,2022-01-18T05:00:00Z,10.363513
p01,2022-01-18T06:00:00Z,9.285948
p01,2022-01-18T07:00:00Z,8.852436
p01,2022-01-18T08:00:00Z,9.089782
p01,2022-01-18T09:00:00Z,8.311209
p01,2022-01-18T10:00:00Z,8.070284
p01,2022-01-18T11:00:00Z,6.864032
p01,2022-01-18T12:00:00Z,5.783689
p01,2022-01-18T13:00:00Z,5.671281
p01,2022-01-18T14:00:00Z,4.279095
p01,2022-01-18T15:00:00Z,4.814902
p01,2022-01-18T16:00:00Z,4.232548
p01,2022-01-18T17:00:00Z,3.532161
p01,2022-01-18T18:00:00Z,4.228081
p01,2022-01-18T19:00:00Z,3.952413
p01,2022-01-18T20:00:00Z,4.733912
p01,2022-01-18T21:00:00Z,4.475325
p01,2022-01-18T22:00:00Z,6.538128
p01,2022-01-18T23:00:00Z,7.331754
p01,2022-01-19T00:00:00Z,7.660140
p01,2022-01-19T01:00:00Z,8.954655
p01,2022-01-19T02:00:00Z,10.399979
p01,2022-01-19T03:00:00Z,10.013316
p01,2022-01-19T04:00:00Z,10.031129
p01,2022-01-19T05:00:00Z,10.844819
p01,2022-01-19T06:00:00Z,9.635811
p01,2022-01-19T07:00:00Z,10.256594
p01,2022-01-19T08:00:00Z,8.894586
p01,2022-01-19T09:00:00Z,8.966335
p01,2022-01-19T10:00:00Z,8.231806
p01,2022-01-19T11:00:00Z,6.974788
p01,2022-01-19T12:00:00Z,6.182664
p01,2022-01-19T13:00:00Z,6.022975
p01,2022-01-19T14:00:00Z,4.445115
p01,2022-01-19T15:00:00Z,4.275921
p01,2022-01-19T16:00:00Z,4.058488
p01,2022-01-19T17:00:00Z,4.348793
p01,2022-01-19T18:00:00Z,4.091090
p01,2022-01-19T19:00:00Z,4.198943
p01,2022-01-19T20:00:00Z,4.822857
p01,2022-01-19T21:00:00Z,5.502466
p01,2022-01-19T22:00:00Z,5.773545
p01,2022-01-19T23:00:00Z,6.407198
p01,2022-01-20T00:00:00Z,7.181653
p01,2022-01-20T01:00:00Z,8.239810
p01,2022-01-20T02:00:00Z,8.975406
p01,2022-01-20T03:00:00Z,10.106655
p01,2022-01-20T04:00:00Z,9.677094
p01,2022-01-20T05:00:00Z,10.179380
p01,2022-01-20T06:00:00Z,9.070012
p01,2022-01-20T07:00:00Z,10.697126
p01,2022-01-20T08:00:00Z,9.533954
p01,2022-01-20T09:00:00Z,8.918659
p01,2022-01-20T10:00:00Z,8.019033
p01,2022-01-20T11:00:00Z,7.023884
p01,2022-01-20T12:00:00Z,7.023165
p01,2022-01-20T13:00:00Z,6.072611
p01,2022-01-20T14:00:00Z,4.696686
p01,2022-01-20T15:00:00Z,3.690439
p01,2022-01-20T16:00:00Z,5.048247
p01,2022-01-20T17:00:00Z,4.050286
p01,2022-01-20T18:00:00Z,3.938233
p01,2022-01-20T19:00:00Z,5.433839
p01,2022-01-20T20:00:00Z,5.426346
p01,2022-01-20T21:00:00Z,5.460493
p01,2022-01-20T22:00:00Z,6.475710
p01,2022-01-20T23:00:00Z,6.486279
p01,2022-01-21T00:00:00Z,7.313636
p01,2022-01-21T01:00:00Z,8.535833
p01,2022-01-21T02:00:00Z,8.394414
p01,2022-01-21T03:00:00Z,10.106294
p01,2022-01-21T04:00:00Z,10.263214
p01,2022-01-21T05:00:00Z,9.576127
p01,2022-01-21T06:00:00Z,9.843815
p01,2022-01-21T07:00:00Z,10.015953
p01,2022-01-21T08:00:00Z,9.436506
p01,2022-01-21T09:00:00Z,8.869120
p01,2022-01-21T10:00:00Z,7.764800
p01,2022-01-21T11:00:00Z,6.904566
p01,2022-01-21T12:00:00Z,6.445298
p01,2022-01-21T13:00:00Z,5.597192
p01,2022-01-21T14:00:00Z,5.734934
p01,2022-01-21T15:00:00Z,3.712407
p01,2022-01-21T16:00:00Z,4.239134
p01,2022-01-21T17:00:00Z,4.359919
p01,2022-01-21T18:00:00Z,3.997286
p01,2022-01-21T19:00:00Z,4.565531
p01,2022-01-21T20:00:00Z,4.599159
p01,2022-01-21T21:00:00Z,5.003945
p01,2022-01-21T22:00:00Z,6.541872
p01,2022-01-21T23:00:00Z,7.551564
p01,2022-01-22T00:00:00Z,8.321632
p01,2022-01-22T01:00:00Z,9.117076
p01,2022-01-22T02:00:00Z,9.287331
p01,2022-01-22T03:00:00Z,9.514290
p01,2022-01-22T04:00:00Z,9.762429
p01,2022-01-22T05:00:00Z,9.721930
p01,2022-01-22T06:00:00Z,9.840887
p01,2022-01-22T07:00:00Z,9.646232
p01,2022-01-22T08:00:00Z,9.067850
p01,2022-01-22T09:00:00Z,8.147794
p01,2022-01-22T10:00:00Z,8.357479
p01,2022-01-22T11:00:00Z,7.647042
p01,2022-01-22T12:00:00Z,6.721536
p01,2022-01-22T13:00:00Z,5.855603
p01,2022-01-22T14:00:00Z,4.957017
p01,2022-01-22T15:00:00Z,3.407848
p01,2022-01-22T16:00:00Z,5.330016
p01,2022-01-22T17:00:00Z,4.630336
p01,2022-01-22T18:00:00Z,4.554609
p01,2022-01-22T19:00:00Z,4.939218
p01,2022-01-22T20:00:00Z,5.430364
p01,2022-01-22T21:00:00Z,5.829429
p01,2022-01-22T22:00:00Z,7.379618
p01,2022-01-22T23:00:00Z,6.615898
p01,2022-01-23T00:00:00Z,7.707806
p01,2022-01-23T01:00:00Z,8.586382
p01,2022-01-23T02:00:00Z,9.686231
p01,2022-01-23T03:00:00Z,9.969842
p01,2022-01-23T04:00:00Z,9.691395
p01,2022-01-23T05:00:00Z,10.879046
p01,2022-01-23T06:00:00Z,10.355469
p01,2022-01-23T07:00:00Z,9.683321
p01,2022-01-23T08:00:00Z,8.455813
p01,2022-01-23T09:00:00Z,9.244916
p01,2022-01-23T10:00:00Z,9.464859
p01,2022-01-23T11:00:00Z,8.240100
p01,2022-01-23T12:00:00Z,7.115970
p01,2022-01-23T13:00:00Z,6.136798
p01,2022-01-23T14:00:00Z,5.451107
p01,2022-01-23T15:00:00Z,4.138435
p01,2022-01-23T16:00:00Z,5.466151
p01,2022-01-23T17:00:00Z,4.569307
p01,2022-01-23T18:00:00Z,3.854791
p01,2022-01-23T19:00:00Z,4.325916
p01,2022-01-23T20:00:00Z,5.865543
p01,2022-01-23T21:00:00Z,6.883433
p01,2022-01-23T22:00:00Z,6.460941
p01,2022-01-23T23:00:00Z,7.896905
p01,2022-01-24T00:00:00Z,7.543838
p01,2022-01-24T01:00:00Z,8.850355
p01,2022-01-24T02:00:00Z,8.661805
p01,2022-01-24T03:00:00Z,9.939864
p01,2022-01-24T04:00:00Z,10.962424
p01,2022-01-24T05:00:00Z,11.043731
p01,2022-01-24T06:00:00Z,10.238526
p01,2022-01-24T07:00:00Z,9.664470
p01,2022-01-24T08:00:00Z,9.267393
p01,2022-01-24T09:00:00Z,8.426484
p01,2022-01-24T10:00:00Z,8.510554
p01,2022-01-24T11:00:00Z,6.801369
p01,2022-01-24T12:00:00Z,7.059917
p01,2022-01-24T13:00:00Z,6.945887
p01,2022-01-24T14:00:00Z,4.029635
p01,2022-01-24T15:00:00Z,5.266557
p01,2022-01-24T16:00:00Z,4.979498
p01,2022-01-24T17:00:00Z,4.456582
p01,2022-01-24T18:00:00Z,4.860290
p01,2022-01-24T19:00:00Z,4.882348
p01,2022-01-24T20:00:00Z,5.308688
p01,2022-01-24T21:00:00Z,5.606305
p01,2022-01-24T22:00:00Z,6.329445
p01,2022-01-24T23:00:00Z,7.251910
p01,2022-01-25T00:00:00Z,9.113144
p01,2022-01-25T01:00:00Z,9.246948
p01,2022-01-25T02:00:00Z,9.670703
p01,2022-01-25T03:00:00Z,9.537607
p01,2022-01-25T04:00:00Z,10.308572
p01,2022-01-25T05:00:00Z,10.236826
p01,2022-01-25T06:00:00Z,10.564505
p01,2022-01-25T07:00:00Z,10.295905
p01,2022-01-25T08:00:00Z,9.425501
p01,2022-01-25T09:00:00Z,9.226406
p01,2022-01-25T10:00:00Z,8.042861
p01,2022-01-25T11:00:00Z,7.927010
p01,2022-01-25T12:00:00Z,6.398889
p01,2022-01-25T13:00:00Z,6.341937
p01,2022-01-25T14:00:00Z,4.931539
p01,2022-01-25T15:00:00Z,4.485905
p01,2022-01-25T16:00:00Z,4.888680
p01,2022-01-25T17:00:00Z,4.309521
p01,2022-01-25T18:00:00Z,4.389786
p01,2022-01-25T19:00:00Z,4.315653
p01,2022-01-25T20:00:00Z,4.553089
p01,2022-01-25T21:00:00Z,6.176180
p01,2022-01-25T22:00:00Z,6.489477
p01,2022-01-25T23:00:00Z,7.398208
p01,2022-01-26T00:00:00Z,8.631062
p01,2022-01-26T01:00:00Z,9.328070
p01,2022-01-26T02:00:00Z,9.149044
p01,2022-01-26T03:00:00Z,10.206724
p01,2022-01-26T04:00:00Z,10.719213
p01,2022-01-26T05:00:00Z,10.922839
p01,2022-01-26T06:00:00Z,10.264391
p01,2022-01-26T07:00:00Z,10.553019
p01,2022-01-26T08:00:00Z,9.588291
p01,2022-01-26T09:00:00Z,9.418632
p01,2022-01-26T10:00:00Z,8.959065
p01,2022-01-26T11:00:00Z,7.430074
p01,2022-01-26T12:00:00Z,5.792368
p01,2022-01-26T13:00:00Z,4.812602
p01,2022-01-26T14:00:00Z,5.409774
p01,2022-01-26T15:00:00Z,5.541526
p01,2022-01-26T16:00:00Z,5.122135
p01,2022-01-26T17:00:00Z,4.152941
p01,2022-01-26T18:00:00Z,4.942674
p01,2022-01-26T19:00:00Z,4.820648
p01,2022-01-26T20:00:00Z,4.867748
p01,2022-01-26T21:00:00Z,6.301658
p01,2022-01-26T22:00:00Z,7.381283
p01,2022-01-26T23:00:00Z,7.464976
p01,2022-01-27T00:00:00Z,8.221481
p01,2022-01-27T01:00:00Z,9.023334
p01,2022-01-27T02:00:00Z,10.031633
p01,2022-01-27T03:00:00Z,10.549389
p01,2022-01-27T04:00:00Z,9.682264
p01,2022-01-27T05:00:00Z,10.253973
p01,2022-01-27T06:00:00Z,10.657911
p01,2022-01-27T07:00:00Z,10.112790
p01,2022-01-27T08:00:00Z,9.936028
p01,2022-01-27T09:00:00Z,9.025909
p01,2022-01-27T10:00:00Z,7.532982
p01,2022-01-27T11:00:00Z,7.816510
p01,2022-01-27T12:00:00Z,7.196933
p01,2022-01-27T13:00:00Z,5.976797
p01,2022-01-27T14:00:00Z,6.332725
p01,2022-01-27T15:00:00Z,5.731167
p01,2022-01-27T16:00:00Z,4.549744
p01,2022-01-27T17:00:00Z,4.259488
p01,2022-01-27T18:00:00Z,5.363859
p01,2022-01-27T19:00:00Z,5.727633
p01,2022-01-27T20:00:00Z,4.885426
p01,2022-01-27T21:00:00Z,5.807901
p01,2022-01-27T22:00:00Z,6.667795
p01,2022-01-27T23:00:00Z,7.821678
p01,2022-01-28T00:00:00Z,9.650666
p01,2022-01-28T01:00:00Z,9.402730
p01,2022-01-28T02:00:00Z,9.533956
p01,2022-01-28T03:00:00Z,10.253578
p01,2022-01-28T04:00:00Z,10.726890
p01,2022-01-28T05:00:00Z,10.735658
p01,2022-01-28T06:00:00Z,9.551504
p01,2022-01-28T07:00:00Z,10.411307
p01,2022-01-28T08:00:00Z,9.576789
p01,2022-01-28T09:00:00Z,9.197790
p01,2022-01-28T10:00:00Z,8.190947
p01,2022-01-28T11:00:00Z,8.683374
p01,2022-01-28T12:00:00Z,7.293259
p01,2022-01-28T13:00:00Z,6.570590
p01,2022-01-28T14:00:00Z,5.003740
p01,2022-01-28T15:00:00Z,4.668051
p01,2022-01-28T16:00:00Z,4.671848
p01,2022-01-28T17:00:00Z,4.708980
p01,2022-01-28T18:00:00Z,5.306035
p01,2022-01-28T19:00:00Z,4.795097
p01,2022-01-28T20:00:00Z,5.688127
p01,2022-01-28T21:00:00Z,5.659646
p01,2022-01-28T22:00:00Z,6.823393
p01,2022-01-28T23:00:00Z,7.379153
p01,2022-01-29T00:00:00Z,8.356684
p01,2022-01-29T01:00:00Z,9.181396
p01,2022-01-29T02:00:00Z,9.969800
p01,2022-01-29T03:00:00Z,9.736283
p01,2022-01-29T04:00:00Z,10.304102
p01,2022-01-29T05:00:00Z,10.202152
p01,2022-01-29T06:00:00Z,10.551810
p01,2022-01-29T07:00:00Z,10.509861
p01,2022-01-29T08:00:00Z,10.173639
p01,2022-01-29T09:00:00Z,9.191338
p01,2022-01-29T10:00:00Z,9.806604
p01,2022-01-29T11:00:00Z,7.814098
p01,2022-01-29T12:00:00Z,7.720832
p01,2022-01-29T13:00:00Z,6.696314
p01,2022-01-29T14:00:00Z,4.903282
p01,2022-01-29T15:00:00Z,4.978492
p01,2022-01-29T16:00:00Z,5.022748
p01,2022-01-29T17:00:00Z,5.841229
p01,2022-01-29T18:00:00Z,5.092254
p01,2022-01-29T19:00:00Z,6.059494
p01,2022-01-29T20:00:00Z,5.433472
p01,2022-01-29T21:00:00Z,5.836771
p01,2022-01-29T22:00:00Z,5.882965
p01,2022-01-29T23:00:00Z,7.317821
p01,2022-01-30T00:00:00Z,8.446778
p01,2022-01-30T01:00:00Z,9.711491
p01,2022-01-30T02:00:00Z,9.846047
p01,2022-01-30T03:00:00Z,11.164404
p01,2022-01-30T04:00:00Z,11.540523
p01,2022-01-30T05:00:00Z,10.435213
p01,2022-01-30T06:00:00Z,10.788495
p01,2022-01-30T07:00:00Z,9.837016
p01,2022-01-30T08:00:00Z,10.712234
p01,2022-01-30T09:00:00Z,10.438589
p01,2022-01-30T10:00:00Z,8.306985
p01,2022-01-30T11:00:00Z,8.137636
p01,2022-01-30T12:00:00Z,6.903246
p01,2022-01-30T13:00:00Z,6.412073
p01,2022-01-30T14:00:00Z,6.392113
p01,2022-01-30T15:00:00Z,6.359882
p01,2022-01-30T16:00:00Z,4.959272
p01,2022-01-30T17:00:00Z,5.921792
p01,2022-01-30T18:00:00Z,4.762402
p01,2022-01-30T19:00:00Z,5.685472
p01,2022-01-30T20:00:00Z,5.780520
p01,2022-01-30T21:00:00Z,6.703964
p01,2022-01-30T22:00:00Z,7.762604
p01,2022-01-30T23:00:00Z,8.369612
p01,2022-01-31T00:00:00Z,8.706151
p01,2022-01-31T01:00:00Z,9.120987
p01,2022-01-31T02:00:00Z,9.079514
p01,2022-01-31T03:00:00Z,11.060513
p01,2022-01-31T04:00:00Z,10.805479
p01,2022-01-31T05:00:00Z,11.145147
p01,2022-01-31T06:00:00Z,10.165520
p01,2022-01-31T07:00:00Z,10.222791
p01,2022-01-31T08:00:00Z,9.668595
p01,2022-01-31T09:00:00Z,9.656441
p01,2022-01-31T10:00:00Z,9.406665
p01,2022-01-31T11:00:00Z,8.509294
p01,2022-01-31T12:00:00Z,7.712620
p01,2022-01-31T13:00:00Z,6.081910
p01,2022-01-31T14:00:00Z,5.827173
p01,2022-01-31T15:00:00Z,5.404039
p01,2022-01-31T16:00:00Z,5.701429
p01,2022-01-31T17:00:00Z,4.627628
p01,2022-01-31T18:00:00Z,5.376869
p01,2022-01-31T19:00:00Z,4.983242
p01,2022-01-31T20:00:00Z,6.166333
p01,2022-01-31T21:00:00Z,6.422725
p01,2022-01-31T22:00:00Z,6.400496
p01,2022-01-31T23:00:00Z,8.389683
p01,2022-02-01T00:00:00Z,8.873424
p01,2022-02-01T01:00:00Z,9.068066
p01,2022-02-01T02:00:00Z,9.910700
p01,2022-02-01T03:00:00Z,10.116602
p01,2022-02-01T04:00:00Z,10.274209
p01,2022-02-01T05:00:00Z,10.792879
p01,2022-02-01T06:00:00Z,11.086070
p01,2022-02-01T07:00:00Z,10.357407
p01,2022-02-01T08:00:00Z,10.226589
p01,2022-02-01T09:00:00Z,9.628997
p01,2022-02-01T10:00:00Z,8.681090
p01,2022-02-01T11:00:00Z,7.965046
p01,2022-02-01T12:00:00Z,7.926482
p01,2022-02-01T13:00:00Z,6.709851
p01,2022-02-01T14:00:00Z,5.565708
p01,2022-02-01T15:00:00Z,5.835185
p01,2022-02-01T16:00:00Z,4.986452
p01,2022-02-01T17:00:00Z,4.034966
p01,2022-02-01T18:00:00Z,5.331833
p01,2022-02-01T19:00:00Z,5.934942
p01,2022-02-01T20:00:00Z,5.516707
p01,2022-02-01T21:00:00Z,6.640517
p01,2022-02-01T22:00:00Z,7.608758
p01,2022-02-01T23:00:00Z,7.425891
p01,2022-02-02T00:00:00Z,8.679575
p01,2022-02-02T01:00:00Z,9.701660
p01,2022-02-02T02:00:00Z,9.416697
p01,2022-02-02T03:00:00Z,10.580871
p01,2022-02-02T04:00:00Z,11.783202
p01,2022-02-02T05:00:00Z,10.411902
p01,2022-02-02T06:00:00Z,10.839771
p01,2022-02-02T07:00:00Z,11.133174
p01,2022-02-02T08:00:00Z,10.270142
p01,2022-02-02T09:00:00Z,9.496095
p01,2022-02-02T10:00:00Z,8.637283
p01,2022-02-02T11:00:00Z,7.969410
p01,2022-02-02T12:00:00Z,7.799307
p01,2022-02-02T13:00:00Z,7.205547
p01,2022-02-02T14:00:00Z,5.638473
p01,2022-02-02T15:00:00Z,4.487031
p01,2022-02-02T16:00:00Z,5.797982
p01,2022-02-02T17:00:00Z,5.396624
p01,2022-02-02T18:00:00Z,6.192166
p01,2022-02-02T19:00:00Z,5.672294
p01,2022-02-02T20:00:00Z,5.922130
p01,2022-02-02T21:00:00Z,6.082281
p01,2022-02-02T22:00:00Z,7.187442
p01,2022-02-02T23:00:00Z,8.185038
p01,2022-02-03T00:00:00Z,8.541948
p01,2022-02-03T01:00:00Z,9.301123
p01,2022-02-03T02:00:00Z,10.572596
p01,2022-02-03T03:00:00Z,11.789195
p01,2022-02-03T04:00:00Z,11.471376
p01,2022-02-03T05:00:00Z,11.252707
p01,2022-02-03T06:00:00Z,10.808137
p01,2022-02-03T07:00:00Z,11.453313
p01,2022-02-03T08:00:00Z,10.326817
p01,2022-02-03T09:00:00Z,9.581705
p01,2022-02-03T10:00:00Z,9.587155
p01,2022-02-03T11:00:00Z,8.199500
p01,2022-02-03T12:00:00Z,6.971257
p01,2022-02-03T13:00:00Z,6.018355
p01,2022-02-03T14:00:00Z,5.326839
p01,2022-02-03T15:00:00Z,5.040017
p01,2022-02-03T16:00:00Z,5.383125
p01,2022-02-03T17:00:00Z,6.152009
p01,2022-02-03T18:00:00Z,5.745852
p01,2022-02-03T19:00:00Z,5.215479
p01,2022-02-03T20:00:00Z,5.813598
p01,2022-02-03T21:00:00Z,5.581457
p01,2022-02-03T22:00:00Z,7.271002
p01,2022-02-03T23:00:00Z,7.521220
p01,2022-02-04T00:00:00Z,8.565747
p01,2022-02-04T01:00:00Z,9.672604
p01,2022-02-04T02:00:00Z,10.458126
p01,2022-02-04T03:00:00Z,10.438891
p01,2022-02-04T04:00:00Z,10.819044
p01,2022-02-04T05:00:00Z,11.389640
p01,2022-02-04T06:00:00Z,11.501533
p01,2022-02-04T07:00:00Z,11.167063
p01,2022-02-04T08:00:00Z,10.966874
p01,2022-02-04T09:00:00Z,10.498196
p01,2022-02-04T10:00:00Z,9.055840
p01,2022-02-04T11:00:00Z,7.535367
p01,2022-02-04T12:00:00Z,7.666138
p01,2022-02-04T13:00:00Z,6.918873
p01,2022-02-04T14:00:00Z,6.161050
p01,2022-02-04T15:00:00Z,4.907552
p01,2022-02-04T16:00:00Z,5.846545
p01,2022-02-04T17:00:00Z,5.572911
p01,2022-02-04T18:00:00Z,4.398834
p01,2022-02-04T19:00:00Z,5.607531
p01,2022-02-04T20:00:00Z,5.630394
p01,2022-02-04T21:00:00Z,7.162160
p01,2022-02-04T22:00:00Z,7.183710
p01,2022-02-04T23:00:00Z,8.486953
p01,2022-02-05T00:00:00Z,8.630257
p01,2022-02-05T01:00:00Z,10.794380
p01,2022-02-05T02:00:00Z,10.586137
p01,2022-02-05T03:00:00Z,10.733268
p01,2022-02-05T04:00:00Z,11.157578
p01,2022-02-05T05:00:00Z,11.351935
p01,2022-02-05T06:00:00Z,11.229444
p01,2022-02-05T07:00:00Z,10.645767
p01,2022-02-05T08:00:00Z,9.645362
p01,2022-02-05T09:00:00Z,9.901160
p01,2022-02-05T10:00:00Z,8.285822
p01,2022-02-05T11:00:00Z,7.506462
p01,2022-02-05T12:00:00Z,7.198333
p01,2022-02-05T13:00:00Z,6.356953
p01,2022-02-05T14:00:00Z,5.894207
p01,2022-02-05T15:00:00Z,5.268808
p01,2022-02-05T16:00:00Z,5.118401
p01,2022-02-05T17:00:00Z,4.845774
p01,2022-02-05T18:00:00Z,5.573152
p01,2022-02-05T19:00:00Z,6.688711
p01,2022-02-05T20:00:00Z,6.101848
p01,2022-02-05T21:00:00Z,6.737966
p01,2022-02-05T22:00:00Z,7.677081
p01,2022-02-05T23:00:00Z,8.382439
p01,2022-02-06T00:00:00Z,9.318230
p01,2022-02-06T01:00:00Z,9.596179
p01,2022-02-06T02:00:00Z,10.217387
p01,2022-02-06T03:00:00Z,11.012100
p01,2022-02-06T04:00:00Z,11.158316
p01,2022-02-06T05:00:00Z,11.117896
p01,2022-02-06T06:00:00Z,11.064406
p01,2022-02-06T07:00:00Z,10.719341
p01,2022-02-06T08:00:00Z,11.255013
p01,2022-02-06T09:00:00Z,9.904781
p01,2022-02-06T10:00:00Z,7.982787
p01,2022-02-06T11:00:00Z,8.683993
p01,2022-02-06T12:00:00Z,6.837425
p01,2022-02-06T13:00:00Z,6.395468
p01,2022-02-06T14:00:00Z,6.233976
p01,2022-02-06T15:00:00Z,5.853508
p01,2022-02-06T16:00:00Z,5.363637
p01,2022-02-06T17:00:00Z,5.443163
p01,2022-02-06T18:00:00Z,5.611029
p01,2022-02-06T19:00:00Z,5.007741
p01,2022-02-06T20:00:00Z,6.083630
p01,2022-02-06T21:00:00Z,6.585398
p01,2022-02-06T22:00:00Z,7.796613
p01,2022-02-06T23:00:00Z,8.787405
p01,2022-02-07T00:00:00Z,9.817349
p01,2022-02-07T01:00:00Z,9.669701
p01,2022-02-07T02:00:00Z,9.960586
p01,2022-02-07T03:00:00Z,11.336238
p01,2022-02-07T04:00:00Z,10.191239
p01,2022-02-07T05:00:00Z,11.524546
p01,2022-02-07T06:00:00Z,10.849377
p01,2022-02-07T07:00:00Z,10.962038
p01,2022-02-07T08:00:00Z,10.538039
p01,2022-02-07T09:00:00Z,9.751187
p01,2022-02-07T10:00:00Z,9.316064
p01,2022-02-07T11:00:00Z,8.846906
p01,2022-02-07T12:00:00Z,8.198453
p01,2022-02-07T13:00:00Z,6.869495
p01,2022-02-07T14:00:00Z,5.659181
p01,2022-02-07T15:00:00Z,4.843507
p01,2022-02-07T16:00:00Z,5.826749
p01,2022-02-07T17:00:00Z,4.885088
p01,2022-02-07T18:00:00Z,5.197818
p01,2022-02-07T19:00:00Z,5.954941
p01,2022-02-07T20:00:00Z,6.776578
p01,2022-02-07T21:00:00Z,6.737088
p01,2022-02-07T22:00:00Z,7.900588
p01,2022-02-07T23:00:00Z,7.613576
p01,2022-02-08T00:00:00Z,8.822325
p01,2022-02-08T01:00:00Z,10.407802
p01,2022-02-08T02:00:00Z,9.401479
p01,2022-02-08T03:00:00Z,10.527571
p01,2022-02-08T04:00:00Z,11.244741
p01,2022-02-08T05:00:00Z,11.423323
p01,2022-02-08T06:00:00Z,11.763119
p01,2022-02-08T07:00:00Z,11.830061
p01,2022-02-08T08:00:00Z,10.844711
p01,2022-02-08T09:00:00Z,9.980193
p01,2022-02-08T10:00:00Z,9.500934
p01,2022-02-08T11:00:00Z,8.509176
p01,2022-02-08T12:00:00Z,7.641999
p01,2022-02-08T13:00:00Z,5.761472
p01,2022-02-08T14:00:00Z,5.355801
p01,2022-02-08T15:00:00Z,5.732325
p01,2022-02-08T16:00:00Z,6.204210
p01,2022-02-08T17:00:00Z,5.539098
p01,2022-02-08T18:00:00Z,5.659704
p01,2022-02-08T19:00:00Z,4.841747
p01,2022-02-08T20:00:00Z,5.376909
p01,2022-02-08T21:00:00Z,6.736477
p01,2022-02-08T22:00:00Z,7.717250
p01,2022-02-08T23:00:00Z,8.800445
p01,2022-02-09T00:00:00Z,10.056897
p01,2022-02-09T01:00:00Z,9.628894
p01,2022-02-09T02:00:00Z,11.434681
p01,2022-02-09T03:00:00Z,10.611834
p01,2022-02-09T04:00:00Z,11.517740
p01,2022-02-09T05:00:00Z,10.467615
p01,2022-02-09T06:00:00Z,10.754042
p01,2022-02-09T07:00:00Z,10.598497
p01,2022-02-09T08:00:00Z,10.267666
p01,2022-02-09T09:00:00Z,9.982422
p01,2022-02-09T10:00:00Z,9.200426
p01,2022-02-09T11:00:00Z,8.102336
p01,2022-02-09T12:00:00Z,7.624914
p01,2022-02-09T13:00:00Z,6.747562
p01,2022-02-09T14:00:00Z,6.683407
p01,2022-02-09T15:00:00Z,6.168442
p01,2022-02-09T16:00:00Z,4.415466
p01,2022-02-09T17:00:00Z,4.561944
p01,2022-02-09T18:00:00Z,5.157152
p01,2022-02-09T19:00:00Z,5.871978
p01,2022-02-09T20:00:00Z,5.922823
p01,2022-02-09T21:00:00Z,7.543840
p01,2022-02-09T22:00:00Z,7.087349
p01,2022-02-09T23:00:00Z,7.726395
p01,2022-02-10T00:00:00Z,9.022595
p01,2022-02-10T01:00:00Z,9.826666
p01,2022-02-10T02:00:00Z,10.461466
p01,2022-02-10T03:00:00Z,11.504147
p01,2022-02-10T04:00:00Z,11.865411
p01,2022-02-10T05:00:00Z,11.252175
p01,2022-02-10T06:00:00Z,11.807520
p01,2022-02-10T07:00:00Z,10.575846
p01,2022-02-10T08:00:00Z,9.605076
p01,2022-02-10T09:00:00Z,10.191594
p01,2022-02-10T10:00:00Z,8.797317
p01,2022-02-10T11:00:00Z,9.227986
p01,2022-02-10T12:00:00Z,7.692174
p01,2022-02-10T13:00:00Z,6.655872
p01,2022-02-10T14:00:00Z,7.450492
p01,2022-02-10T15:00:00Z,5.647541
p01,2022-02-10T16:00:00Z,5.335792
p01,2022-02-10T17:00:00Z,5.836879
p01,2022-02-10T18:00:00Z,5.805920
p01,2022-02-10T19:00:00Z,5.587733
p01,2022-02-10T20:00:00Z,6.867678
p01,2022-02-10T21:00:00Z,6.761336
p01,2022-02-10T22:00:00Z,6.915441
p01,2022-02-10T23:00:00Z,8.895726
p01,2022-02-11T00:00:00Z,10.294788
p01,2022-02-11T01:00:00Z,9.298345
p01,2022-02-11T02:00:00Z,11.614712
p01,2022-02-11T03:00:00Z,10.921339
p01,2022-02-11T04:00:00Z,11.565021
p01,2022-02-11T05:00:00Z,11.723477
p01,2022-02-11T06:00:00Z,10.998790
p01,2022-02-11T07:00:00Z,11.758436
p01,2022-02-11T08:00:00Z,11.478909
p01,2022-02-11T09:00:00Z,10.626042
p01,2022-02-11T10:00:00Z,9.974505
p01,2022-02-11T11:00:00Z,8.528787
p01,2022-02-11T12:00:00Z,7.784652
p01,2022-02-11T13:00:00Z,7.555168
p01,2022-02-11T14:00:00Z,6.519501
p01,2022-02-11T15:00:00Z,5.225551
p01,2022-02-11T16:00:00Z,6.362250
p01,2022-02-11T17:00:00Z,5.221500
p01,2022-02-11T18:00:00Z,4.495774
p01,2022-02-11T19:00:00Z,6.000283
p01,2022-02-11T20:00:00Z,6.234496
p01,2022-02-11T21:00:00Z,7.228508
p01,2022-02-11T22:00:00Z,7.934667
p01,2022-02-11T23:00:00Z,8.540095
p01,2022-02-12T00:00:00Z,8.995040
p01,2022-02-12T01:00:00Z,11.160497
p01,2022-02-12T02:00:00Z,10.360762
p01,2022-02-12T03:00:00Z,12.079072
p01,2022-02-12T04:00:00Z,11.216298
p01,2022-02-12T05:00:00Z,11.487180
p01,2022-02-12T06:00:00Z,11.824925
p01,2022-02-12T07:00:00Z,11.103234
p01,2022-02-12T08:00:00Z,11.049432
p01,2022-02-12T09:00:00Z,10.093738
p01,2022-02-12T10:00:00Z,9.496645
p01,2022-02-12T11:00:00Z,8.738946
p01,2022-02-12T12:00:00Z,8.540022
p01,2022-02-12T13:00:00Z,7.240034
p01,2022-02-12T14:00:00Z,5.642751
p01,2022-02-12T15:00:00Z,6.291106
p01,2022-02-12T16:00:00Z,5.439014
p01,2022-02-12T17:00:00Z,6.058399
p01,2022-02-12T18:00:00Z,5.983965
p01,2022-02-12T19:00:00Z,5.735199
p01,2022-02-12T20:00:00Z,6.199930
p01,2022-02-12T21:00:00Z,7.774029
p01,2022-02-12T22:00:00Z,7.816865
p01,2022-02-12T23:00:00Z,8.159724
p01,2022-02-13T00:00:00Z,9.523220
p01,2022-02-13T01:00:00Z,10.610471
p01,2022-02-13T02:00:00Z,11.155934
p01,2022-02-13T03:00:00Z,11.449213
p01,2022-02-13T04:00:00Z,11.582942
p01,2022-02-13T05:00:00Z,11.999040
p01,2022-02-13T06:00:00Z,11.392893
p01,2022-02-13T07:00:00Z,11.208865
p01,2022-02-13T08:00:00Z,10.468210
p01,2022-02-13T09:00:00Z,9.528939
p01,2022-02-13T10:00:00Z,8.798934
p01,2022-02-13T11:00:00Z,8.870802
p01,2022-02-13T12:00:00Z,8.672391
p01,2022-02-13T13:00:00Z,7.527664
p01,2022-02-13T14:00:00Z,5.732801
p01,2022-02-13T15:00:00Z,6.368926
p01,2022-02-13T16:00:00Z,6.008714
p01,2022-02-13T17:00:00Z,5.550516
p01,2022-02-13T18:00:00Z,5.727496
p01,2022-02-13T19:00:00Z,5.781484
p01,2022-02-13T20:00:00Z,6.181336
p01,2022-02-13T21:00:00Z,7.493277
p01,2022-02-13T22:00:00Z,7.247986
p01,2022-02-13T23:00:00Z,9.151830
p01,2022-02-14T00:00:00Z,9.010902
p01,2022-02-14T01:00:00Z,10.059754
p01,2022-02-14T02:00:00Z,10.921054
p01,2022-02-14T03:00:00Z,10.792474
p01,2022-02-14T04:00:00Z,11.192203
p01,2022-02-14T05:00:00Z,11.869925
p01,2022-02-14T06:00:00Z,11.697959
p01,2022-02-14T07:00:00Z,11.693736
p01,2022-02-14T08:00:00Z,10.303186
p01,2022-02-14T09:00:00Z,10.137856
p01,2022-02-14T10:00:00Z,9.391939
p01,2022-02-14T11:00:00Z,7.937437
p01,2022-02-14T12:00:00Z,8.001525
p01,2022-02-14T13:00:00Z,6.313863
p01,2022-02-14T14:00:00Z,6.262135
p01,2022-02-14T15:00:00Z,6.602248
p01,2022-02-14T16:00:00Z,5.601426
p01,2022-02-14T17:00:00Z,5.376076
p01,2022-02-14T18:00:00Z,5.427178
p01,2022-02-14T19:00:00Z,6.642246
p01,2022-02-14T20:00:00Z,6.291828
p01,2022-02-14T21:00:00Z,7.902556
p01,2022-02-14T22:00:00Z,7.586058
p01,2022-02-14T23:00:00Z,9.434193
p01,2022-02-15T00:00:00Z,9.620276
p01,2022-02-15T01:00:00Z,10.879471
p01,2022-02-15T02:00:00Z,10.931884
p01,2022-02-15T03:00:00Z,11.214041
p01,2022-02-15T04:00:00Z,11.843002
p01,2022-02-15T05:00:00Z,11.461470
p01,2022-02-15T06:00:00Z,10.810891
p01,2022-02-15T07:00:00Z,11.164064
p01,2022-02-15T08:00:00Z,11.308089
p01,2022-02-15T09:00:00Z,10.470049
p01,2022-02-15T10:00:00Z,8.951684
p01,2022-02-15T11:00:00Z,9.149850
p01,2022-02-15T12:00:00Z,8.372740
p01,2022-02-15T13:00:00Z,7.072461
p01,2022-02-15T14:00:00Z,5.740538
p01,2022-02-15T15:00:00Z,6.135733
p01,2022-02-15T16:00:00Z,4.984049
p01,2022-02-15T17:00:00Z,7.124414
p01,2022-02-15T18:00:00Z,6.167287
p01,2022-02-15T19:00:00Z,5.480940
p01,2022-02-15T20:00:00Z,6.638450
p01,2022-02-15T21:00:00Z,6.806170
p01,2022-02-15T22:00:00Z,8.721684
p01,2022-02-15T23:00:00Z,8.786116
p01,2022-02-16T00:00:00Z,8.970454
p01,2022-02-16T01:00:00Z,9.896182
p01,2022-02-16T02:00:00Z,10.306837
p01,2022-02-16T03:00:00Z,10.933964
p01,2022-02-16T04:00:00Z,11.865368
p01,2022-02-16T05:00:00Z,12.597414
p01,2022-02-16T06:00:00Z,11.152639
p01,2022-02-16T07:00:00Z,10.884410
p01,2022-02-16T08:00:00Z,11.133414
p01,2022-02-16T09:00:00Z,10.688484
p01,2022-02-16T10:00:00Z,9.082314
p01,2022-02-16T11:00:00Z,9.072751
p01,2022-02-16T12:00:00Z,8.143389
p01,2022-02-16T13:00:00Z,7.775887
p01,2022-02-16T14:00:00Z,6.437141
p01,2022-02-16T15:00:00Z,5.849097
p01,2022-02-16T16:00:00Z,6.067586
p01,2022-02-16T17:00:00Z,5.843147
p01,2022-02-16T18:00:00Z,6.061052
p01,2022-02-16T19:00:00Z,5.294001
p01,2022-02-16T20:00:00Z,6.551591
p01,2022-02-16T21:00:00Z,6.046379
p01,2022-02-16T22:00:00Z,8.153751
p01,2022-02-16T23:00:00Z,8.600573
p01,2022-02-17T00:00:00Z,9.989191
p01,2022-02-17T01:00:00Z,9.615860
p01,2022-02-17T02:00:00Z,10.374228
p01,2022-02-17T03:00:00Z,10.848613
p01,2022-02-17T04:00:00Z,11.194580
p01,2022-02-17T05:00:00Z,12.067300
p01,2022-02-17T06:00:00Z,11.058706
p01,2022-02-17T07:00:00Z,11.946797
p01,2022-02-17T08:00:00Z,10.115619
p01,2022-02-17T09:00:00Z,9.809669
p01,2022-02-17T10:00:00Z,10.264287
p01,2022-02-17T11:00:00Z,9.058127
p01,2022-02-17T12:00:00Z,9.521207
p01,2022-02-17T13:00:00Z,6.593463
p01,2022-02-17T14:00:00Z,6.649145
p01,2022-02-17T15:00:00Z,6.582051
p01,2022-02-17T16:00:00Z,4.879846
p01,2022-02-17T17:00:00Z,5.515360
p01,2022-02-17T18:00:00Z,5.881072
p01,2022-02-17T19:00:00Z,6.674062
p01,2022-02-17T20:00:00Z,6.422208
p01,2022-02-17T21:00:00Z,7.044749
p01,2022-02-17T22:00:00Z,7.293497
p01,2022-02-17T23:00:00Z,8.503943
p01,2022-02-18T00:00:00Z,9.702416
p01,2022-02-18T01:00:00Z,10.356349
p01,2022-02-18T02:00:00Z,9.796166
p01,2022-02-18T03:00:00Z,11.322729
p01,2022-02-18T04:00:00Z,11.505622
p01,2022-02-18T05:00:00Z,12.132422
p01,2022-02-18T06:00:00Z,11.190331
p01,2022-02-18T07:00:00Z,11.264587
p01,2022-02-18T08:00:00Z,10.441139
p01,2022-02-18T09:00:00Z,10.742600
p01,2022-02-18T10:00:00Z,9.214617
p01,2022-02-18T11:00:00Z,9.327286
p01,2022-02-18T12:00:00Z,7.879944
p01,2022-02-18T13:00:00Z,7.082667
p01,2022-02-18T14:00:00Z,7.252692
p01,2022-02-18T15:00:00Z,6.569711
p01,2022-02-18T16:00:00Z,5.765262
p01,2022-02-18T17:00:00Z,5.845516
p01,2022-02-18T18:00:00Z,6.384170
p01,2022-02-18T19:00:00Z,6.501407
p01,2022-02-18T20:00:00Z,6.704490
p01,2022-02-18T21:00:00Z,8.256878
p01,2022-02-18T22:00:00Z,8.514277
p01,2022-02-18T23:00:00Z,9.190937
p01,2022-02-19T00:00:00Z,9.580861
p01,2022-02-19T01:00:00Z,10.928088
p01,2022-02-19T02:00:00Z,12.560108
p01,2022-02-19T03:00:00Z,10.856025
p01,2022-02-19T04:00:00Z,11.719971
p01,2022-02-19T05:00:00Z,12.280075
p01,2022-02-19T06:00:00Z,12.047966
p01,2022-02-19T07:00:00Z,10.924801
p01,2022-02-19T08:00:00Z,11.149303
p01,2022-02-19T09:00:00Z,9.429630
p01,2022-02-19T10:00:00Z,10.096105
p01,2022-02-19T11:00:00Z,9.366706
p01,2022-02-19T12:00:00Z,7.495201
p01,2022-02-19T13:00:00Z,7.487662
p01,2022-02-19T14:00:00Z,6.804620
p01,2022-02-19T15:00:00Z,6.941809
p01,2022-02-19T16:00:00Z,5.532218
p01,2022-02-19T17:00:00Z,6.011282
p01,2022-02-19T18:00:00Z,6.051192
p01,2022-02-19T19:00:00Z,6.521211
p01,2022-02-19T20:00:00Z,6.685484
p01,2022-02-19T21:00:00Z,7.423419
p01,2022-02-19T22:00:00Z,8.384192
p01,2022-02-19T23:00:00Z,9.416979
p01,2022-02-20T00:00:00Z,10.114046
p01,2022-02-20T01:00:00Z,10.235882
p01,2022-02-20T02:00:00Z,10.904025
p01,2022-02-20T03:00:00Z,11.008779
p01,2022-02-20T04:00:00Z,12.328641
p01,2022-02-20T05:00:00Z,11.964277
p01,2022-02-20T06:00:00Z,11.807517
p01,2022-02-20T07:00:00Z,11.564566
p01,2022-02-20T08:00:00Z,10.541054
p01,2022-02-20T09:00:00Z,10.401005
p01,2022-02-20T10:00:00Z,10.013026
p01,2022-02-20T11:00:00Z,8.835536
p01,2022-02-20T12:00:00Z,7.313280
p01,2022-02-20T13:00:00Z,8.202722
p01,2022-02-20T14:00:00Z,6.926122
p01,2022-02-20T15:00:00Z,6.177180
p01,2022-02-20T16:00:00Z,5.616950
p01,2022-02-20T17:00:00Z,6.012308
p01,2022-02-20T18:00:00Z,5.524284
p01,2022-02-20T19:00:00Z,5.743456
p01,2022-02-20T20:00:00Z,7.124719
p01,2022-02-20T21:00:00Z,6.839913
p01,2022-02-20T22:00:00Z,8.442819
p01,2022-02-20T23:00:00Z,8.855829
p01,2022-02-21T00:00:00Z,10.205798
p01,2022-02-21T01:00:00Z,9.744204
p01,2022-02-21T02:00:00Z,11.391478
p01,2022-02-21T03:00:00Z,11.310516
p01,2022-02-21T04:00:00Z,12.514192
p01,2022-02-21T05:00:00Z,12.866458
p01,2022-02-21T06:00:00Z,12.622280
p01,2022-02-21T07:00:00Z,11.416101
p01,2022-02-21T08:00:00Z,10.760457
p01,2022-02-21T09:00:00Z,10.129573
p01,2022-02-21T10:00:00Z,9.052944
p01,2022-02-21T11:00:00Z,8.506114
p01,2022-02-21T12:00:00Z,8.439092
p01,2022-02-21T13:00:00Z,7.023922
p01,2022-02-21T14:00:00Z,6.172908
p01,2022-02-21T15:00:00Z,6.506990
p01,2022-02-21T16:00:00Z,5.716644
p01,2022-02-21T17:00:00Z,6.277855
p01,2022-02-21T18:00:00Z,5.930935
p01,2022-02-21T19:00:00Z,5.465218
p01,2022-02-21T20:00:00Z,7.208251
p01,2022-02-21T21:00:00Z,6.789511
p01,2022-02-21T22:00:00Z,8.683607
p01,2022-02-21T23:00:00Z,9.604545
p01,2022-02-22T00:00:00Z,9.264153
p01,2022-02-22T01:00:00Z,10.337245
p01,2022-02-22T02:00:00Z,11.042710
p01,2022-02-22T03:00:00Z,12.109830
p01,2022-02-22T04:00:00Z,11.922314
p01,2022-02-22T05:00:00Z,12.033140
p01,2022-02-22T06:00:00Z,11.847771
p01,2022-02-22T07:00:00Z,10.832287
p01,2022-02-22T08:00:00Z,10.507403
p01,2022-02-22T09:00:00Z,10.484239
p01,2022-02-22T10:00:00Z,9.122797
p01,2022-02-22T11:00:00Z,8.209092
p01,2022-02-22T12:00:00Z,8.047600
p01,2022-02-22T13:00:00Z,6.832144
p01,2022-02-22T14:00:00Z,6.599437
p01,2022-02-22T15:00:00Z,6.493739
p01,2022-02-22T16:00:00Z,6.714529
p01,2022-02-22T17:00:00Z,6.110284
p01,2022-02-22T18:00:00Z,6.014837
p01,2022-02-22T19:00:00Z,6.542868
p01,2022-02-22T20:00:00Z,7.109248
p01,2022-02-22T21:00:00Z,7.385285
p01,2022-02-22T22:00:00Z,7.435923
p01,2022-02-22T23:00:00Z,8.754004
p01,2022-02-23T00:00:00Z,10.686593
p01,2022-02-23T01:00:00Z,10.305033
p01,2022-02-23T02:00:00Z,10.919406
p01,2022-02-23T03:00:00Z,11.434122
p01,2022-02-23T04:00:00Z,11.954155
p01,2022-02-23T05:00:00Z,11.439351
p01,2022-02-23T06:00:00Z,11.815115
p01,2022-02-23T07:00:00Z,11.601047
p01,2022-02-23T08:00:00Z,10.644222
p01,2022-02-23T09:00:00Z,10.297822
p01,2022-02-23T10:00:00Z,10.195238
p01,2022-02-23T11:00:00Z,8.734044
p01,2022-02-23T12:00:00Z,8.257448
p01,2022-02-23T13:00:00Z,7.374601
p01,2022-02-23T14:00:00Z,6.411474
p01,2022-02-23T15:00:00Z,6.589876
p01,2022-02-23T16:00:00Z,5.661238
p01,2022-02-23T17:00:00Z,5.759544
p01,2022-02-23T18:00:00Z,5.658166
p01,2022-02-23T19:00:00Z,6.613734
p01,2022-02-23T20:00:00Z,7.085503
p01,2022-02-23T21:00:00Z,7.149489
p01,2022-02-23T22:00:00Z,7.416937
p01,2022-02-23T23:00:00Z,9.556094
p01,2022-02-24T00:00:00Z,8.945564
p01,2022-02-24T01:00:00Z,9.638006
p01,2022-02-24T02:00:00Z,11.898879
p01,2022-02-24T03:00:00Z,12.323208
p01,2022-02-24T04:00:00Z,12.019976
p01,2022-02-24T05:00:00Z,11.762146
p01,2022-02-24T06:00:00Z,12.071864
p01,2022-02-24T07:00:00Z,11.583105
p01,2022-02-24T08:00:00Z,11.661596
p01,2022-02-24T09:00:00Z,10.955669
p01,2022-02-24T10:00:00Z,9.084006
p01,2022-02-24T11:00:00Z,9.036905
p01,2022-02-24T12:00:00Z,8.399259
p01,2022-02-24T13:00:00Z,7.802332
p01,2022-02-24T14:00:00Z,5.763068
p01,2022-02-24T15:00:00Z,7.128416
p01,2022-02-24T16:00:00Z,5.898775
p01,2022-02-24T17:00:00Z,6.100595
p01,2022-02-24T18:00:00Z,6.222242
p01,2022-02-24T19:00:00Z,6.741782
p01,2022-02-24T20:00:00Z,7.161181
p01,2022-02-24T21:00:00Z,8.340183
p01,2022-02-24T22:00:00Z,8.544815
p01,2022-02-24T23:00:00Z,9.087099
p01,2022-02-25T00:00:00Z,9.906482
p01,2022-02-25T01:00:00Z,10.355879
p01,2022-02-25T02:00:00Z,10.937381
p01,2022-02-25T03:00:00Z,12.197177
p01,2022-02-25T04:00:00Z,12.041372
p01,2022-02-25T05:00:00Z,11.402555
p01,2022-02-25T06:00:00Z,11.047791
p01,2022-02-25T07:00:00Z,11.444329
p01,2022-02-25T08:00:00Z,11.085379
p01,2022-02-25T09:00:00Z,10.708908
p01,2022-02-25T10:00:00Z,9.772547
p01,2022-02-25T11:00:00Z,8.589759
p01,2022-02-25T12:00:00Z,7.404137
p01,2022-02-25T13:00:00Z,7.086880
p01,2022-02-25T14:00:00Z,6.224843
p01,2022-02-25T15:00:00Z,6.959455
p01,2022-02-25T16:00:00Z,6.055318
p01,2022-02-25T17:00:00Z,5.171250
p01,2022-02-25T18:00:00Z,6.145932
p01,2022-02-25T19:00:00Z,6.144399
p01,2022-02-25T20:00:00Z,7.894897
p01,2022-02-25T21:00:00Z,7.655064
p01,2022-02-25T22:00:00Z,7.932270
p01,2022-02-25T23:00:00Z,8.485734
p01,2022-02-26T00:00:00Z,9.754996
p01,2022-02-26T01:00:00Z,10.567692
p01,2022-02-26T02:00:00Z,11.054567
p01,2022-02-26T03:00:00Z,11.898653
p01,2022-02-26T04:00:00Z,11.162124
p01,2022-02-26T05:00:00Z,12.546240
p01,2022-02-26T06:00:00Z,12.254781
p01,2022-02-26T07:00:00Z,11.257915
p01,2022-02-26T08:00:00Z,11.934570
p01,2022-02-26T09:00:00Z,11.270516
p01,2022-02-26T10:00:00Z,10.297346
p01,2022-02-26T11:00:00Z,8.209042
p01,2022-02-26T12:00:00Z,7.679480
p01,2022-02-26T13:00:00Z,7.496232
p01,2022-02-26T14:00:00Z,7.332700
p01,2022-02-26T15:00:00Z,7.761798
p01,2022-02-26T16:00:00Z,5.710951
p01,2022-02-26T17:00:00Z,5.873830
p01,2022-02-26T18:00:00Z,6.250241
p01,2022-02-26T19:00:00Z,6.014981
p01,2022-02-26T20:00:00Z,5.391109
p01,2022-02-26T21:00:00Z,7.203196
p01,2022-02-26T22:00:00Z,7.931428
p01,2022-02-26T23:00:00Z,8.899193
p01,2022-02-27T00:00:00Z,9.209703
p01,2022-02-27T01:00:00Z,10.183677
p01,2022-02-27T02:00:00Z,10.889960
p01,2022-02-27T03:00:00Z,12.082145
p01,2022-02-27T04:00:00Z,11.579639
p01,2022-02-27T05:00:00Z,11.301432
p01,2022-02-27T06:00:00Z,11.410805
p01,2022-02-27T07:00:00Z,12.012702
p01,2022-02-27T08:00:00Z,10.655027
p01,2022-02-27T09:00:00Z,9.729507
p01,2022-02-27T10:00:00Z,9.771440
p01,2022-02-27T11:00:00Z,9.506471
p01,2022-02-27T12:00:00Z,8.040384
p01,2022-02-27T13:00:00Z,7.484935
p01,2022-02-27T14:00:00Z,6.893913
p01,2022-02-27T15:00:00Z,6.437569
p01,2022-02-27T16:00:00Z,6.749980
p01,2022-02-27T17:00:00Z,6.680559
p01,2022-02-27T18:00:00Z,5.554439
p01,2022-02-27T19:00:00Z,5.671506
p01,2022-02-27T20:00:00Z,7.083878
p01,2022-02-27T21:00:00Z,7.574767
p01,2022-02-27T22:00:00Z,7.960439
p01,2022-02-27T23:00:00Z,9.324247
p01,2022-02-28T00:00:00Z,9.718279
p01,2022-02-28T01:00:00Z,9.788833
p01,2022-02-28T02:00:00Z,10.600635
p01,2022-02-28T03:00:00Z,13.024714
p01,2022-02-28T04:00:00Z,11.702219
p01,2022-02-28T05:00:00Z,11.693588
p01,2022-02-28T06:00:00Z,12.640091
p01,2022-02-28T07:00:00Z,11.408267
p01,2022-02-28T08:00:00Z,11.369416
p01,2022-02-28T09:00:00Z,11.184410
p01,2022-02-28T10:00:00Z,10.252241
p01,2022-02-28T11:00:00Z,8.754305
p01,2022-02-28T12:00:00Z,8.929308
p01,2022-02-28T13:00:00Z,7.729569
p01,2022-02-28T14:00:00Z,8.072696
p01,2022-02-28T15:00:00Z,6.302619
p01,2022-02-28T16:00:00Z,6.177646
p01,2022-02-28T17:00:00Z,6.631828
p01,2022-02-28T18:00:00Z,6.281832
p01,2022-02-28T19:00:00Z,6.721610
p01,2022-02-28T20:00:00Z,6.720068
p01,2022-02-28T21:00:00Z,7.352324
p01,2022-02-28T22:00:00Z,8.102120
p01,2022-02-28T23:00:00Z,9.005673
p01,2022-03-01T00:00:00Z,9.349222
p01,2022-03-01T01:00:00Z,9.752581
p01,2022-03-01T02:00:00Z,11.191562
p01,2022-03-01T03:00:00Z,11.556657
p01,2022-03-01T04:00:00Z,11.547302
p01,2022-03-01T05:00:00Z,12.549785
p01,2022-03-01T06:00:00Z,12.451719
p01,2022-03-01T07:00:00Z,11.193675
p01,2022-03-01T08:00:00Z,11.460336
p01,2022-03-01T09:00:00Z,10.930657
p01,2022-03-01T10:00:00Z,10.087901
p01,2022-03-01T11:00:00Z,8.163340
p01,2022-03-01T12:00:00Z,9.189273
p01,2022-03-01T13:00:00Z,7.424916
p01,2022-03-01T14:00:00Z,6.213418
p01,2022-03-01T15:00:00Z,5.928755
p01,2022-03-01T16:00:00Z,5.615302
p01,2022-03-01T17:00:00Z,5.460696
p01,2022-03-01T18:00:00Z,5.967805
p01,2022-03-01T19:00:00Z,6.826342
p01,2022-03-01T20:00:00Z,6.434378
p01,2022-03-01T21:00:00Z,7.535445
p01,2022-03-01T22:00:00Z,8.178572
p01,2022-03-01T23:00:00Z,9.113428
p01,2022-03-02T00:00:00Z,10.329338
p01,2022-03-02T01:00:00Z,10.278438
p01,2022-03-02T02:00:00Z,11.156595
p01,2022-03-02T03:00:00Z,12.751348
p01,2022-03-02T04:00:00Z,12.279430
p01,2022-03-02T05:00:00Z,11.998777
p01,2022-03-02T06:00:00Z,12.457249
p01,2022-03-02T07:00:00Z,10.917508
p01,2022-03-02T08:00:00Z,10.825247
p01,2022-03-02T09:00:00Z,10.805759
p01,2022-03-02T10:00:00Z,9.651872
p01,2022-03-02T11:00:00Z,10.184720
p01,2022-03-02T12:00:00Z,8.508105
p01,2022-03-02T13:00:00Z,7.448125
p01,2022-03-02T14:00:00Z,6.453782
p01,2022-03-02T15:00:00Z,6.101427
p01,2022-03-02T16:00:00Z,6.780994
p01,2022-03-02T17:00:00Z,5.651158
p01,2022-03-02T18:00:00Z,5.971354
p01,2022-03-02T19:00:00Z,6.246153
p01,2022-03-02T20:00:00Z,7.049202
p01,2022-03-02T21:00:00Z,6.810924
p01,2022-03-02T22:00:00Z,7.722564
p01,2022-03-02T23:00:00Z,9.192935
p01,2022-03-03T00:00:00Z,10.230645
p01,2022-03-03T01:00:00Z,10.431518
p01,2022-03-03T02:00:00Z,11.637554
p01,2022-03-03T03:00:00Z,11.005411
p01,2022-03-03T04:00:00Z,12.251677
p01,2022-03-03T05:00:00Z,12.257068
p01,2022-03-03T06:00:00Z,12.036104
p01,2022-03-03T07:00:00Z,12.898510
p01,2022-03-03T08:00:00Z,10.858189
p01,2022-03-03T09:00:00Z,10.161406
p01,2022-03-03T10:00:00Z,9.149594
p01,2022-03-03T11:00:00Z,9.439491
p01,2022-03-03T12:00:00Z,8.238956
p01,2022-03-03T13:00:00Z,7.957377
p01,2022-03-03T14:00:00Z,7.096047
p01,2022-03-03T15:00:00Z,6.735776
p01,2022-03-03T16:00:00Z,6.014634
p01,2022-03-03T17:00:00Z,5.423937
p01,2022-03-03T18:00:00Z,6.471287
p01,2022-03-03T19:00:00Z,5.686976
p01,2022-03-03T20:00:00Z,6.962428
p01,2022-03-03T21:00:00Z,7.352123
p01,2022-03-03T22:00:00Z,8.290836
p01,2022-03-03T23:00:00Z,8.103103
p01,2022-03-04T00:00:00Z,10.202364
p01,2022-03-04T01:00:00Z,10.976714
p01,2022-03-04T02:00:00Z,10.533878
p01,2022-03-04T03:00:00Z,12.035795
p01,2022-03-04T04:00:00Z,12.011133
p01,2022-03-04T05:00:00Z,11.614577
p01,2022-03-04T06:00:00Z,12.125448
p01,2022-03-04T07:00:00Z,11.118020
p01,2022-03-04T08:00:00Z,10.944681
p01,2022-03-04T09:00:00Z,9.314126
p01,2022-03-04T10:00:00Z,9.809111
p01,2022-03-04T11:00:00Z,9.436128
p01,2022-03-04T12:00:00Z,7.647938
p01,2022-03-04T13:00:00Z,8.273118
p01,2022-03-04T14:00:00Z,6.819033
p01,2022-03-04T15:00:00Z,5.307403
p01,2022-03-04T16:00:00Z,6.277386
p01,2022-03-04T17:00:00Z,5.894495
p01,2022-03-04T18:00:00Z,6.151901
p01,2022-03-04T19:00:00Z,6.548560
p01,2022-03-04T20:00:00Z,6.570883
p01,2022-03-04T21:00:00Z,8.185180
p01,2022-03-04T22:00:00Z,8.592752
p01,2022-03-04T23:00:00Z,9.610419
p01,2022-03-05T00:00:00Z,9.099396
p01,2022-03-05T01:00:00Z,10.189537
p01,2022-03-05T02:00:00Z,10.843346
p01,2022-03-05T03:00:00Z,11.682850
p01,2022-03-05T04:00:00Z,11.357051
p01,2022-03-05T05:00:00Z,11.632139
p01,2022-03-05T06:00:00Z,11.816698
p01,2022-03-05T07:00:00Z,12.103288
p01,2022-03-05T08:00:00Z,10.083652
p01,2022-03-05T09:00:00Z,9.693703
p01,2022-03-05T10:00:00Z,9.910483
p01,2022-03-05T11:00:00Z,8.292498
p01,2022-03-05T12:00:00Z,8.431946
p01,2022-03-05T13:00:00Z,7.151794
p01,2022-03-05T14:00:00Z,7.186588
p01,2022-03-05T15:00:00Z,5.625835
p01,2022-03-05T16:00:00Z,6.082202
p01,2022-03-05T17:00:00Z,5.354985
p01,2022-03-05T18:00:00Z,6.643404
p01,2022-03-05T19:00:00Z,6.007076
p01,2022-03-05T20:00:00Z,6.212756
p01,2022-03-05T21:00:00Z,8.171376
p01,2022-03-05T22:00:00Z,7.851940
p01,2022-03-05T23:00:00Z,9.537430
p01,2022-03-06T00:00:00Z,8.918360
p01,2022-03-06T01:00:00Z,10.219365
p01,2022-03-06T02:00:00Z,11.802132
p01,2022-03-06T03:00:00Z,11.483509
p01,2022-03-06T04:00:00Z,11.985942
p01,2022-03-06T05:00:00Z,11.822884
p01,2022-03-06T06:00:00Z,10.371177
p01,2022-03-06T07:00:00Z,10.984363
p01,2022-03-06T08:00:00Z,12.205179
p01,2022-03-06T09:00:00Z,10.856230
p01,2022-03-06T10:00:00Z,9.881661
p01,2022-03-06T11:00:00Z,9.005147
p01,2022-03-06T12:00:00Z,7.132991
p01,2022-03-06T13:00:00Z,7.828929
p01,2022-03-06T14:00:00Z,6.838018
p01,2022-03-06T15:00:00Z,7.329828
p01,2022-03-06T16:00:00Z,6.719256
p01,2022-03-06T17:00:00Z,6.278692
p01,2022-03-06T18:00:00Z,6.733283
p01,2022-03-06T19:00:00Z,6.209095
p01,2022-03-06T20:00:00Z,6.044234
p01,2022-03-06T21:00:00Z,6.578763
p01,2022-03-06T22:00:00Z,8.528843
p01,2022-03-06T23:00:00Z,9.143443
p01,2022-03-07T00:00:00Z,9.634826
p01,2022-03-07T01:00:00Z,10.729087
p01,2022-03-07T02:00:00Z,9.878297
p01,2022-03-07T03:00:00Z,11.192865
p01,2022-03-07T04:00:00Z,11.882369
p01,2022-03-07T05:00:00Z,12.649297
p01,2022-03-07T06:00:00Z,11.944765
p01,2022-03-07T07:00:00Z,11.814370
p01,2022-03-07T08:00:00Z,10.753874
p01,2022-03-07T09:00:00Z,10.561297
p01,2022-03-07T10:00:00Z,9.083553
p01,2022-03-07T11:00:00Z,8.468728
p01,2022-03-07T12:00:00Z,7.597088
p01,2022-03-07T13:00:00Z,8.164084
p01,2022-03-07T14:00:00Z,6.856294
p01,2022-03-07T15:00:00Z,6.636169
p01,2022-03-07T16:00:00Z,5.322680
p01,2022-03-07T17:00:00Z,6.498481
p01,2022-03-07T18:00:00Z,5.550588
p01,2022-03-07T19:00:00Z,5.397629
p01,2022-03-07T20:00:00Z,7.025431
p01,2022-03-07T21:00:00Z,6.679570
p01,2022-03-07T22:00:00Z,7.782112
p01,2022-03-07T23:00:00Z,8.734736
p01,2022-03-08T00:00:00Z,9.423715
p01,2022-03-08T01:00:00Z,10.493294
p01,2022-03-08T02:00:00Z,11.062951
p01,2022-03-08T03:00:00Z,11.295985
p01,2022-03-08T04:00:00Z,12.317890
p01,2022-03-08T05:00:00Z,11.951336
p01,2022-03-08T06:00:00Z,11.847405
p01,2022-03-08T07:00:00Z,12.742297
p01,2022-03-08T08:00:00Z,11.260233
p01,2022-03-08T09:00:00Z,10.092779
p01,2022-03-08T10:00:00Z,10.083702
p01,2022-03-08T11:00:00Z,8.726912
p01,2022-03-08T12:00:00Z,8.551794
p01,2022-03-08T13:00:00Z,7.170763
p01,2022-03-08T14:00:00Z,5.938970
p01,2022-03-08T15:00:00Z,6.190670
p01,2022-03-08T16:00:00Z,6.331857
p01,2022-03-08T17:00:00Z,6.485962
p01,2022-03-08T18:00:00Z,5.776342
p01,2022-03-08T19:00:00Z,6.448855
p01,2022-03-08T20:00:00Z,6.312383
p01,2022-03-08T21:00:00Z,6.808283
p01,2022-03-08T22:00:00Z,7.725834
p01,2022-03-08T23:00:00Z,8.365239
p01,2022-03-09T00:00:00Z,9.416177
p01,2022-03-09T01:00:00Z,10.893367
p01,2022-03-09T02:00:00Z,10.877585
p01,2022-03-09T03:00:00Z,11.042991
p01,2022-03-09T04:00:00Z,11.409766
p01,2022-03-09T05:00:00Z,12.349693
p01,2022-03-09T06:00:00Z,11.778010
p01,2022-03-09T07:00:00Z,12.362741
p01,2022-03-09T08:00:00Z,10.715630
p01,2022-03-09T09:00:00Z,10.068472
p01,2022-03-09T10:00:00Z,9.671509
p01,2022-03-09T11:00:00Z,8.733740
p01,2022-03-09T12:00:00Z,8.120008
p01,2022-03-09T13:00:00Z,7.290880
p01,2022-03-09T14:00:00Z,7.220443
p01,2022-03-09T15:00:00Z,6.972350
p01,2022-03-09T16:00:00Z,6.700198
p01,2022-03-09T17:00:00Z,6.361227
p01,2022-03-09T18:00:00Z,5.405069
p01,2022-03-09T19:00:00Z,6.886071
p01,2022-03-09T20:00:00Z,6.646708
p01,2022-03-09T21:00:00Z,7.463740
p01,2022-03-09T22:00:00Z,8.211351
p01,2022-03-09T23:00:00Z,8.890540
p01,2022-03-10T00:00:00Z,9.339035
p01,2022-03-10T01:00:00Z,10.031141
p01,2022-03-10T02:00:00Z,10.802618
p01,2022-03-10T03:00:00Z,11.317702
p01,2022-03-10T04:00:00Z,12.031396
p01,2022-03-10T05:00:00Z,11.904594
p01,2022-03-10T06:00:00Z,11.840405
p01,2022-03-10T07:00:00Z,10.851525
p01,2022-03-10T08:00:00Z,11.591257
p01,2022-03-10T09:00:00Z,10.695273
p01,2022-03-10T10:00:00Z,9.533444
p01,2022-03-10T11:00:00Z,10.119761
p01,2022-03-10T12:00:00Z,8.163283
p01,2022-03-10T13:00:00Z,7.236356
p01,2022-03-10T14:00:00Z,7.007204
p01,2022-03-10T15:00:00Z,5.635034
p01,2022-03-10T16:00:00Z,6.199472
p01,2022-03-10T17:00:00Z,5.606611
p01,2022-03-10T18:00:00Z,6.386633
p01,2022-03-10T19:00:00Z,6.353393
p01,2022-03-10T20:00:00Z,7.110817
p01,2022-03-10T21:00:00Z,7.750494
p01,2022-03-10T22:00:00Z,8.775184
p01,2022-03-10T23:00:00Z,9.138065
p01,2022-03-11T00:00:00Z,9.998573
p01,2022-03-11T01:00:00Z,10.840620
p01,2022-03-11T02:00:00Z,10.698532
p01,2022-03-11T03:00:00Z,11.384350
p01,2022-03-11T04:00:00Z,12.330775
p01,2022-03-11T05:00:00Z,11.476479
p01,2022-03-11T06:00:00Z,11.683010
p01,2022-03-11T07:00:00Z,11.616409
p01,2022-03-11T08:00:00Z,10.758848
p01,2022-03-11T09:00:00Z,10.024467
p01,2022-03-11T10:00:00Z,9.762803
p01,2022-03-11T11:00:00Z,8.710831
p01,2022-03-11T12:00:00Z,8.343684
p01,2022-03-11T13:00:00Z,7.223061
p01,2022-03-11T14:00:00Z,6.565493
p01,2022-03-11T15:00:00Z,5.853814
p01,2022-03-11T16:00:00Z,5.041670
p01,2022-03-11T17:00:00Z,5.624316
p01,2022-03-11T18:00:00Z,5.545830
p01,2022-03-11T19:00:00Z,6.877898
p01,2022-03-11T20:00:00Z,6.485504
p01,2022-03-11T21:00:00Z,8.023329
p01,2022-03-11T22:00:00Z,8.357381
p01,2022-03-11T23:00:00Z,9.102712
p01,2022-03-12T00:00:00Z,9.068645
p01,2022-03-12T01:00:00Z,10.277231
p01,2022-03-12T02:00:00Z,11.403588
p01,2022-03-12T03:00:00Z,11.681120
p01,2022-03-12T04:00:00Z,12.648499
p01,2022-03-12T05:00:00Z,11.727563
p01,2022-03-12T06:00:00Z,12.830832
p01,2022-03-12T07:00:00Z,11.405217
p01,2022-03-12T08:00:00Z,10.643699
p01,2022-03-12T09:00:00Z,10.845262
p01,2022-03-12T10:00:00Z,9.417406
p01,2022-03-12T11:00:00Z,8.660862
p01,2022-03-12T12:00:00Z,8.247706
p01,2022-03-12T13:00:00Z,7.252883
p01,2022-03-12T14:00:00Z,6.932271
p01,2022-03-12T15:00:00Z,6.564208
p01,2022-03-12T16:00:00Z,5.572625
p01,2022-03-12T17:00:00Z,5.614794
p01,2022-03-12T18:00:00Z,6.058668
p01,2022-03-12T19:00:00Z,7.441664
p01,2022-03-12T20:00:00Z,6.608445
p01,2022-03-12T21:00:00Z,8.249659
p01,2022-03-12T22:00:00Z,8.142784
p01,2022-03-12T23:00:00Z,9.180891
p01,2022-03-13T00:00:00Z,9.177206
p01,2022-03-13T01:00:00Z,10.835598
p01,2022-03-13T02:00:00Z,11.271736
p01,2022-03-13T03:00:00Z,11.098595
p01,2022-03-13T04:00:00Z,11.596750
p01,2022-03-13T05:00:00Z,11.416166
p01,2022-03-13T06:00:00Z,12.103780
p01,2022-03-13T07:00:00Z,12.029504
p01,2022-03-13T08:00:00Z,10.567374
p01,2022-03-13T09:00:00Z,10.328113
p01,2022-03-13T10:00:00Z,9.572811
p01,2022-03-13T11:00:00Z,9.335198
p01,2022-03-13T12:00:00Z,8.448411
p01,2022-03-13T13:00:00Z,7.533219
p01,2022-03-13T14:00:00Z,7.434913
p01,2022-03-13T15:00:00Z,6.856570
p01,2022-03-13T16:00:00Z,6.334152
p01,2022-03-13T17:00:00Z,5.894968
p01,2022-03-13T18:00:00Z,5.885267
p01,2022-03-13T19:00:00Z,6.419671
p01,2022-03-13T20:00:00Z,7.685627
p01,2022-03-13T21:00:00Z,7.327922
p01,2022-03-13T22:00:00Z,7.985995
p01,2022-03-13T23:00:00Z,8.426584
p01,2022-03-14T00:00:00Z,9.914477
p01,2022-03-14T01:00:00Z,10.036466
p01,2022-03-14T02:00:00Z,10.096821
p01,2022-03-14T03:00:00Z,12.070369
p01,2022-03-14T04:00:00Z,12.210081
p01,2022-03-14T05:00:00Z,12.384315
p01,2022-03-14T06:00:00Z,11.638514
p01,2022-03-14T07:00:00Z,11.233770
p01,2022-03-14T08:00:00Z,10.886377
p01,2022-03-14T09:00:00Z,9.870671
p01,2022-03-14T10:00:00Z,9.509545
p01,2022-03-14T11:00:00Z,9.058096
p01,2022-03-14T12:00:00Z,7.217832
p01,2022-03-14T13:00:00Z,7.867753
p01,2022-03-14T14:00:00Z,7.205981
p01,2022-03-14T15:00:00Z,6.523000
p01,2022-03-14T16:00:00Z,5.977234
p01,2022-03-14T17:00:00Z,5.148716
p01,2022-03-14T18:00:00Z,5.935695
p01,2022-03-14T19:00:00Z,5.722724
p01,2022-03-14T20:00:00Z,7.058481
p01,2022-03-14T21:00:00Z,7.682376
p01,2022-03-14T22:00:00Z,8.035613
p01,2022-03-14T23:00:00Z,9.052803
p01,2022-03-15T00:00:00Z,8.852079
p01,2022-03-15T01:00:00Z,10.475413
p01,2022-03-15T02:00:00Z,11.219617
p01,2022-03-15T03:00:00Z,10.721278
p01,2022-03-15T04:00:00Z,11.374980
p01,2022-03-15T05:00:00Z,11.414072
p01,2022-03-15T06:00:00Z,10.889925
p01,2022-03-15T07:00:00Z,12.077979
p01,2022-03-15T08:00:00Z,10.537166
p01,2022-03-15T09:00:00Z,10.750202
p01,2022-03-15T10:00:00Z,10.762522
p01,2022-03-15T11:00:00Z,8.067937
p01,2022-03-15T12:00:00Z,8.491493
p01,2022-03-15T13:00:00Z,6.727945
p01,2022-03-15T14:00:00Z,6.913647
p01,2022-03-15T15:00:00Z,6.492048
p01,2022-03-15T16:00:00Z,5.926918
p01,2022-03-15T17:00:00Z,5.683891
p01,2022-03-15T18:00:00Z,6.093256
p01,2022-03-15T19:00:00Z,6.189940
p01,2022-03-15T20:00:00Z,7.098473
p01,2022-03-15T21:00:00Z,6.633297
p01,2022-03-15T22:00:00Z,8.586418
p01,2022-03-15T23:00:00Z,8.066551
p01,2022-03-16T00:00:00Z,9.077948
p01,2022-03-16T01:00:00Z,10.372039
p01,2022-03-16T02:00:00Z,11.491854
p01,2022-03-16T03:00:00Z,11.057310
p01,2022-03-16T04:00:00Z,11.825046
p01,2022-03-16T05:00:00Z,11.472998
p01,2022-03-16T06:00:00Z,11.270991
p01,2022-03-16T07:00:00Z,10.744166
p01,2022-03-16T08:00:00Z,11.594190
p01,2022-03-16T09:00:00Z,10.379720
p01,2022-03-16T10:00:00Z,9.074466
p01,2022-03-16T11:00:00Z,9.257743
p01,2022-03-16T12:00:00Z,7.123997
p01,2022-03-16T13:00:00Z,7.339058
p01,2022-03-16T14:00:00Z,6.670751
p01,2022-03-16T15:00:00Z,5.444435
p01,2022-03-16T16:00:00Z,5.270300
p01,2022-03-16T17:00:00Z,4.973510
p01,2022-03-16T18:00:00Z,5.285458
p01,2022-03-16T19:00:00Z,5.716900
p01,2022-03-16T20:00:00Z,6.152052
p01,2022-03-16T21:00:00Z,7.728749
p01,2022-03-16T22:00:00Z,7.166427
p01,2022-03-16T23:00:00Z,8.897220
p01,2022-03-17T00:00:00Z,10.197545
p01,2022-03-17T01:00:00Z,10.668892
p01,2022-03-17T02:00:00Z,11.273118
p01,2022-03-17T03:00:00Z,11.561845
p01,2022-03-17T04:00:00Z,10.810440
p01,2022-03-17T05:00:00Z,11.706856
p01,2022-03-17T06:00:00Z,11.115456
p01,2022-03-17T07:00:00Z,11.599145
p01,2022-03-17T08:00:00Z,10.764795
p01,2022-03-17T09:00:00Z,10.023865
p01,2022-03-17T10:00:00Z,9.068141
p01,2022-03-17T11:00:00Z,8.293997
p01,2022-03-17T12:00:00Z,7.804614
p01,2022-03-17T13:00:00Z,7.295062
p01,2022-03-17T14:00:00Z,6.172184
p01,2022-03-17T15:00:00Z,5.470969
p01,2022-03-17T16:00:00Z,4.687473
p01,2022-03-17T17:00:00Z,6.450978
p01,2022-03-17T18:00:00Z,5.423840
p01,2022-03-17T19:00:00Z,5.897196
p01,2022-03-17T20:00:00Z,6.931054
p01,2022-03-17T21:00:00Z,7.927521
p01,2022-03-17T22:00:00Z,8.682163
p01,2022-03-17T23:00:00Z,9.176768
p01,2022-03-18T00:00:00Z,8.863043
p01,2022-03-18T01:00:00Z,9.431715
p01,2022-03-18T02:00:00Z,10.804092
p01,2022-03-18T03:00:00Z,11.320184
p01,2022-03-18T04:00:00Z,12.475766
p01,2022-03-18T05:00:00Z,11.992098
p01,2022-03-18T06:00:00Z,11.262149
p01,2022-03-18T07:00:00Z,10.294482
p01,2022-03-18T08:00:00Z,10.987465
p01,2022-03-18T09:00:00Z,9.908520
p01,2022-03-18T10:00:00Z,9.110181
p01,2022-03-18T11:00:00Z,8.550993
p01,2022-03-18T12:00:00Z,8.289600
p01,2022-03-18T13:00:00Z,7.069975
p01,2022-03-18T14:00:00Z,6.777246
p01,2022-03-18T15:00:00Z,5.486619
p01,2022-03-18T16:00:00Z,5.745134
p01,2022-03-18T17:00:00Z,6.365642
p01,2022-03-18T18:00:00Z,5.984373
p01,2022-03-18T19:00:00Z,6.407873
p01,2022-03-18T20:00:00Z,6.522711
p01,2022-03-18T21:00:00Z,7.216819
p01,2022-03-18T22:00:00Z,7.969550
p01,2022-03-18T23:00:00Z,10.031899
p01,2022-03-19T00:00:00Z,10.161897
p01,2022-03-19T01:00:00Z,10.108619
p01,2022-03-19T02:00:00Z,10.501389
p01,2022-03-19T03:00:00Z,10.513940
p01,2022-03-19T04:00:00Z,11.960099
p01,2022-03-19T05:00:00Z,12.759832
p01,2022-03-19T06:00:00Z,11.106880
p01,2022-03-19T07:00:00Z,11.042096
p01,2022-03-19T08:00:00Z,10.612525
p01,2022-03-19T09:00:00Z,10.343651
p01,2022-03-19T10:00:00Z,9.766995
p01,2022-03-19T11:00:00Z,8.677086
p01,2022-03-19T12:00:00Z,7.280364
p01,2022-03-19T13:00:00Z,6.953741
p01,2022-03-19T14:00:00Z,7.245734
p01,2022-03-19T15:00:00Z,6.387734
p01,2022-03-19T16:00:00Z,5.753208
p01,2022-03-19T17:00:00Z,6.025038
p01,2022-03-19T18:00:00Z,5.881873
p01,2022-03-19T19:00:00Z,4.871663
p01,2022-03-19T20:00:00Z,6.805939
p01,2022-03-19T21:00:00Z,6.097218
p01,2022-03-19T22:00:00Z,7.965076
p01,2022-03-19T23:00:00Z,8.675407
p01,2022-03-20T00:00:00Z,9.921654
p01,2022-03-20T01:00:00Z,10.052448
p01,2022-03-20T02:00:00Z,10.626232
p01,2022-03-20T03:00:00Z,10.893902
p01,2022-03-20T04:00:00Z,11.116608
p01,2022-03-20T05:00:00Z,12.351959
p01,2022-03-20T06:00:00Z,11.701269
p01,2022-03-20T07:00:00Z,11.259984
p01,2022-03-20T08:00:00Z,10.491580
p01,2022-03-20T09:00:00Z,10.484117
p01,2022-03-20T10:00:00Z,9.957926
p01,2022-03-20T11:00:00Z,9.081265
p01,2022-03-20T12:00:00Z,7.291946
p01,2022-03-20T13:00:00Z,6.604319
p01,2022-03-20T14:00:00Z,6.792015
p01,2022-03-20T15:00:00Z,6.769677
p01,2022-03-20T16:00:00Z,6.403830
p01,2022-03-20T17:00:00Z,5.418108
p01,2022-03-20T18:00:00Z,5.307035
p01,2022-03-20T19:00:00Z,6.900620
p01,2022-03-20T20:00:00Z,6.863222
p01,2022-03-20T21:00:00Z,7.037388
p01,2022-03-20T22:00:00Z,7.892015
p01,2022-03-20T23:00:00Z,9.369906
p01,2022-03-21T00:00:00Z,9.749295
p01,2022-03-21T01:00:00Z,9.795594
p01,2022-03-21T02:00:00Z,12.040860
p01,2022-03-21T03:00:00Z,10.202842
p01,2022-03-21T04:00:00Z,11.228466
p01,2022-03-21T05:00:00Z,10.731314
p01,2022-03-21T06:00:00Z,11.770188
p01,2022-03-21T07:00:00Z,11.809734
p01,2022-03-21T08:00:00Z,10.686455
p01,2022-03-21T09:00:00Z,10.473248
p01,2022-03-21T10:00:00Z,9.778240
p01,2022-03-21T11:00:00Z,8.030683
p01,2022-03-21T12:00:00Z,7.461798
p01,2022-03-21T13:00:00Z,6.569062
p01,2022-03-21T14:00:00Z,6.533310
p01,2022-03-21T15:00:00Z,6.159021
p01,2022-03-21T16:00:00Z,4.095465
p01,2022-03-21T17:00:00Z,5.347107
p01,2022-03-21T18:00:00Z,5.373171
p01,2022-03-21T19:00:00Z,6.596360
p01,2022-03-21T20:00:00Z,7.162291
p01,2022-03-21T21:00:00Z,6.978244
p01,2022-03-21T22:00:00Z,8.257695
p01,2022-03-21T23:00:00Z,8.961493
p01,2022-03-22T00:00:00Z,8.947162
p01,2022-03-22T01:00:00Z,9.231382
p01,2022-03-22T02:00:00Z,10.454504
p01,2022-03-22T03:00:00Z,11.135947
p01,2022-03-22T04:00:00Z,11.421068
p01,2022-03-22T05:00:00Z,11.232946
p01,2022-03-22T06:00:00Z,12.355467
p01,2022-03-22T07:00:00Z,11.440361
p01,2022-03-22T08:00:00Z,10.298710
p01,2022-03-22T09:00:00Z,11.164663
p01,2022-03-22T10:00:00Z,8.733447
p01,2022-03-22T11:00:00Z,7.690770
p01,2022-03-22T12:00:00Z,7.280397
p01,2022-03-22T13:00:00Z,6.564971
p01,2022-03-22T14:00:00Z,6.134462
p01,2022-03-22T15:00:00Z,4.999239
p01,2022-03-22T16:00:00Z,5.781209
p01,2022-03-22T17:00:00Z,5.055736
p01,2022-03-22T18:00:00Z,6.224336
p01,2022-03-22T19:00:00Z,6.251605
p01,2022-03-22T20:00:00Z,6.441734
p01,2022-03-22T21:00:00Z,6.715232
p01,2022-03-22T22:00:00Z,7.359704
p01,2022-03-22T23:00:00Z,8.232925
p01,2022-03-23T00:00:00Z,9.109541
p01,2022-03-23T01:00:00Z,10.539677
p01,2022-03-23T02:00:00Z,10.446586
p01,2022-03-23T03:00:00Z,11.176453
p01,2022-03-23T04:00:00Z,11.981291
p01,2022-03-23T05:00:00Z,11.551899
p01,2022-03-23T06:00:00Z,12.111757
p01,2022-03-23T07:00:00Z,10.645331
p01,2022-03-23T08:00:00Z,10.243917
p01,2022-03-23T09:00:00Z,8.545050
p01,2022-03-23T10:00:00Z,9.217980
p01,2022-03-23T11:00:00Z,7.827286
p01,2022-03-23T12:00:00Z,7.398978
p01,2022-03-23T13:00:00Z,6.118982
p01,2022-03-23T14:00:00Z,5.868240
p01,2022-03-23T15:00:00Z,5.789567
p01,2022-03-23T16:00:00Z,5.600474
p01,2022-03-23T17:00:00Z,5.094864
p01,2022-03-23T18:00:00Z,5.351507
p01,2022-03-23T19:00:00Z,6.295709
p01,2022-03-23T20:00:00Z,6.251185
p01,2022-03-23T21:00:00Z,7.320641
p01,2022-03-23T22:00:00Z,7.672124
p01,2022-03-23T23:00:00Z,8.257073
p01,2022-03-24T00:00:00Z,9.596709
p01,2022-03-24T01:00:00Z,9.864598
p01,2022-03-24T02:00:00Z,11.155197
p01,2022-03-24T03:00:00Z,10.835539
p01,2022-03-24T04:00:00Z,11.502214
p01,2022-03-24T05:00:00Z,12.317582
p01,2022-03-24T06:00:00Z,11.436017
p01,2022-03-24T07:00:00Z,10.367529
p01,2022-03-24T08:00:00Z,10.616866
p01,2022-03-24T09:00:00Z,9.856499
p01,2022-03-24T10:00:00Z,8.461687
p01,2022-03-24T11:00:00Z,8.867304
p01,2022-03-24T12:00:00Z,7.414419
p01,2022-03-24T13:00:00Z,6.590764
p01,2022-03-24T14:00:00Z,5.400057
p01,2022-03-24T15:00:00Z,5.991978
p01,2022-03-24T16:00:00Z,5.607072
p01,2022-03-24T17:00:00Z,4.977967
p01,2022-03-24T18:00:00Z,5.496451
p01,2022-03-24T19:00:00Z,5.780369
p01,2022-03-24T20:00:00Z,6.348968
p01,2022-03-24T21:00:00Z,8.024438
p01,2022-03-24T22:00:00Z,7.750008
p01,2022-03-24T23:00:00Z,8.415396
p01,2022-03-25T00:00:00Z,8.551826
p01,2022-03-25T01:00:00Z,10.216918
p01,2022-03-25T02:00:00Z,10.544163
p01,2022-03-25T03:00:00Z,10.488090
p01,2022-03-25T04:00:00Z,11.029244
p01,2022-03-25T05:00:00Z,11.310297
p01,2022-03-25T06:00:00Z,10.811845
p01,2022-03-25T07:00:00Z,11.461649
p01,2022-03-25T08:00:00Z,10.207644
p01,2022-03-25T09:00:00Z,9.951664
p01,2022-03-25T10:00:00Z,8.262851
p01,2022-03-25T11:00:00Z,8.783250
p01,2022-03-25T12:00:00Z,7.224486
p01,2022-03-25T13:00:00Z,6.133499
p01,2022-03-25T14:00:00Z,5.352277
p01,2022-03-25T15:00:00Z,6.465576
p01,2022-03-25T16:00:00Z,5.321444
p01,2022-03-25T17:00:00Z,4.654621
p01,2022-03-25T18:00:00Z,5.991614
p01,2022-03-25T19:00:00Z,5.954553
p01,2022-03-25T20:00:00Z,6.261592
p01,2022-03-25T21:00:00Z,6.888726
p01,2022-03-25T22:00:00Z,6.988768
p01,2022-03-25T23:00:00Z,8.558704
p01,2022-03-26T00:00:00Z,8.371192
p01,2022-03-26T01:00:00Z,10.048306
p01,2022-03-26T02:00:00Z,9.977652
p01,2022-03-26T03:00:00Z,10.241652
p01,2022-03-26T04:00:00Z,11.582124
p01,2022-03-26T05:00:00Z,10.985350
p01,2022-03-26T06:00:00Z,11.588867
p01,2022-03-26T07:00:00Z,10.855950
p01,2022-03-26T08:00:00Z,11.181487
p01,2022-03-26T09:00:00Z,9.573759
p01,2022-03-26T10:00:00Z,9.995289
p01,2022-03-26T11:00:00Z,7.790316
p01,2022-03-26T12:00:00Z,6.961541
p01,2022-03-26T13:00:00Z,6.019740
p01,2022-03-26T14:00:00Z,6.112304
p01,2022-03-26T15:00:00Z,6.651807
p01,2022-03-26T16:00:00Z,4.650191
p01,2022-03-26T17:00:00Z,5.290252
p01,2022-03-26T18:00:00Z,5.138567
p01,2022-03-26T19:00:00Z,5.814339
p01,2022-03-26T20:00:00Z,7.126661
p01,2022-03-26T21:00:00Z,6.348745
p01,2022-03-26T22:00:00Z,7.555783
p01,2022-03-26T23:00:00Z,9.190734
p01,2022-03-27T00:00:00Z,8.829989
p01,2022-03-27T01:00:00Z,9.855622
p01,2022-03-27T02:00:00Z,10.300549
p01,2022-03-27T03:00:00Z,11.081362
p01,2022-03-27T04:00:00Z,10.900096
p01,2022-03-27T05:00:00Z,11.939843
p01,2022-03-27T06:00:00Z,11.678164
p01,2022-03-27T07:00:00Z,9.987928
p01,2022-03-27T08:00:00Z,9.689017
p01,2022-03-27T09:00:00Z,9.079893
p01,2022-03-27T10:00:00Z,8.488431
p01,2022-03-27T11:00:00Z,9.004979
p01,2022-03-27T12:00:00Z,6.531803
p01,2022-03-27T13:00:00Z,6.118974
p01,2022-03-27T14:00:00Z,4.797306
p01,2022-03-27T15:00:00Z,7.040927
p01,2022-03-27T16:00:00Z,5.919402
p01,2022-03-27T17:00:00Z,5.878689
p01,2022-03-27T18:00:00Z,4.867296
p01,2022-03-27T19:00:00Z,5.949944
p01,2022-03-27T20:00:00Z,6.356068
p01,2022-03-27T21:00:00Z,6.875388
p01,2022-03-27T22:00:00Z,8.107757
p01,2022-03-27T23:00:00Z,9.213613
p01,2022-03-28T00:00:00Z,8.726594
p01,2022-03-28T01:00:00Z,9.748541
p01,2022-03-28T02:00:00Z,10.404361
p01,2022-03-28T03:00:00Z,10.856280
p01,2022-03-28T04:00:00Z,11.430054
p01,2022-03-28T05:00:00Z,10.821938
p01,2022-03-28T06:00:00Z,11.834660
p01,2022-03-28T07:00:00Z,10.811534
p01,2022-03-28T08:00:00Z,10.119057
p01,2022-03-28T09:00:00Z,9.972112
p01,2022-03-28T10:00:00Z,9.580103
p01,2022-03-28T11:00:00Z,8.594941
p01,2022-03-28T12:00:00Z,7.168752
p01,2022-03-28T13:00:00Z,6.309996
p01,2022-03-28T14:00:00Z,6.892856
p01,2022-03-28T15:00:00Z,4.978729
p01,2022-03-28T16:00:00Z,5.042091
p01,2022-03-28T17:00:00Z,4.888755
p01,2022-03-28T18:00:00Z,5.842383
p01,2022-03-28T19:00:00Z,5.228611
p01,2022-03-28T20:00:00Z,6.013841
p01,2022-03-28T21:00:00Z,7.683581
p01,2022-03-28T22:00:00Z,7.417767
p01,2022-03-28T23:00:00Z,8.362728
p01,2022-03-29T00:00:00Z,7.995119
p01,2022-03-29T01:00:00Z,10.794334
p01,2022-03-29T02:00:00Z,9.496931
p01,2022-03-29T03:00:00Z,10.514219
p01,2022-03-29T04:00:00Z,11.415249
p01,2022-03-29T05:00:00Z,10.662736
p01,2022-03-29T06:00:00Z,11.195731
p01,2022-03-29T07:00:00Z,10.760946
p01,2022-03-29T08:00:00Z,10.943435
p01,2022-03-29T09:00:00Z,10.173518
p01,2022-03-29T10:00:00Z,8.294227
p01,2022-03-29T11:00:00Z,9.070623
p01,2022-03-29T12:00:00Z,6.901849
p01,2022-03-29T13:00:00Z,6.994929
p01,2022-03-29T14:00:00Z,6.122623
p01,2022-03-29T15:00:00Z,5.163128
p01,2022-03-29T16:00:00Z,4.205133
p01,2022-03-29T17:00:00Z,5.301053
p01,2022-03-29T18:00:00Z,6.170213
p01,2022-03-29T19:00:00Z,5.306810
p01,2022-03-29T20:00:00Z,6.203788
p01,2022-03-29T21:00:00Z,6.430244
p01,2022-03-29T22:00:00Z,6.846469
p01,2022-03-29T23:00:00Z,8.282153
p01,2022-03-30T00:00:00Z,8.741048
p01,2022-03-30T01:00:00Z,9.158156
p01,2022-03-30T02:00:00Z,10.189853
p01,2022-03-30T03:00:00Z,10.357560
p01,2022-03-30T04:00:00Z,11.378095
p01,2022-03-30T05:00:00Z,11.085245
p01,2022-03-30T06:00:00Z,11.333175
p01,2022-03-30T07:00:00Z,10.449758
p01,2022-03-30T08:00:00Z,9.255470
p01,2022-03-30T09:00:00Z,10.026092
p01,2022-03-30T10:00:00Z,9.100015
p01,2022-03-30T11:00:00Z,8.170573
p01,2022-03-30T12:00:00Z,7.669446
p01,2022-03-30T13:00:00Z,6.734750
p01,2022-03-30T14:00:00Z,6.026706
p01,2022-03-30T15:00:00Z,5.967966
p01,2022-03-30T16:00:00Z,5.198157
p01,2022-03-30T17:00:00Z,5.609160
p01,2022-03-30T18:00:00Z,5.716099
p01,2022-03-30T19:00:00Z,6.092319
p01,2022-03-30T20:00:00Z,6.280893
p01,2022-03-30T21:00:00Z,6.649397
p01,2022-03-30T22:00:00Z,6.661024
p01,2022-03-30T23:00:00Z,7.810130
p01,2022-03-31T00:00:00Z,9.004492
p01,2022-03-31T01:00:00Z,8.680176
p01,2022-03-31T02:00:00Z,10.088653
p01,2022-03-31T03:00:00Z,10.572493
p01,2022-03-31T04:00:00Z,10.333085
p01,2022-03-31T05:00:00Z,10.777415
p01,2022-03-31T06:00:00Z,10.963253
p01,2022-03-31T07:00:00Z,10.339814
p01,2022-03-31T08:00:00Z,9.443505
p01,2022-03-31T09:00:00Z,10.021975
p01,2022-03-31T10:00:00Z,8.595583
p01,2022-03-31T11:00:00Z,7.804594
p01,2022-03-31T12:00:00Z,7.708822
p01,2022-03-31T13:00:00Z,7.310984
p01,2022-03-31T14:00:00Z,5.395072
p01,2022-03-31T15:00:00Z,5.355351
p01,2022-03-31T16:00:00Z,5.417320
p01,2022-03-31T17:00:00Z,5.705215
p01,2022-03-31T18:00:00Z,4.956941
p01,2022-03-31T19:00:00Z,6.009878
p01,2022-03-31T20:00:00Z,6.119304
p01,2022-03-31T21:00:00Z,6.404366
p01,2022-03-31T22:00:00Z,7.679367
p01,2022-03-31T23:00:00Z,6.907990
p01,2022-04-01T00:00:00Z,8.916448
p01,2022-04-01T01:00:00Z,9.365056
p01,2022-04-01T02:00:00Z,10.204338
p01,2022-04-01T03:00:00Z,11.192925
p01,2022-04-01T04:00:00Z,10.995769
p01,2022-04-01T05:00:00Z,11.460115
p01,2022-04-01T06:00:00Z,10.428561
p01,2022-04-01T07:00:00Z,9.979915
p01,2022-04-01T08:00:00Z,9.545011
p01,2022-04-01T09:00:00Z,9.637392
p01,2022-04-01T10:00:00Z,8.571079
p01,2022-04-01T11:00:00Z,8.945145
p01,2022-04-01T12:00:00Z,6.745939
p01,2022-04-01T13:00:00Z,6.869842
p01,2022-04-01T14:00:00Z,6.164591
p01,2022-04-01T15:00:00Z,5.115717
p01,2022-04-01T16:00:00Z,4.940701
p01,2022-04-01T17:00:00Z,4.925027
p01,2022-04-01T18:00:00Z,4.495634
p01,2022-04-01T19:00:00Z,4.793543
p01,2022-04-01T20:00:00Z,5.867823
p01,2022-04-01T21:00:00Z,6.892381
p01,2022-04-01T22:00:00Z,6.608293
p01,2022-04-01T23:00:00Z,8.432381
p01,2022-04-02T00:00:00Z,8.110262
p01,2022-04-02T01:00:00Z,10.308029
p01,2022-04-02T02:00:00Z,9.382259
p01,2022-04-02T03:00:00Z,9.837691
p01,2022-04-02T04:00:00Z,10.760467
p01,2022-04-02T05:00:00Z,10.542680
p01,2022-04-02T06:00:00Z,9.787474
p01,2022-04-02T07:00:00Z,10.180383
p01,2022-04-02T08:00:00Z,10.749822
p01,2022-04-02T09:00:00Z,9.882460
p01,2022-04-02T10:00:00Z,8.368630
p01,2022-04-02T11:00:00Z,7.659315
p01,2022-04-02T12:00:00Z,7.886166
p01,2022-04-02T13:00:00Z,5.381113
p01,2022-04-02T14:00:00Z,6.515508
p01,2022-04-02T15:00:00Z,5.048761
p01,2022-04-02T16:00:00Z,5.144127
p01,2022-04-02T17:00:00Z,4.195107
p01,2022-04-02T18:00:00Z,5.146461
p01,2022-04-02T19:00:00Z,5.107576
p01,2022-04-02T20:00:00Z,6.082316
p01,2022-04-02T21:00:00Z,6.653875
p01,2022-04-02T22:00:00Z,7.260934
p01,2022-04-02T23:00:00Z,8.095424
p01,2022-04-03T00:00:00Z,8.953716
p01,2022-04-03T01:00:00Z,9.428143
p01,2022-04-03T02:00:00Z,10.088789
p01,2022-04-03T03:00:00Z,10.301733
p01,2022-04-03T04:00:00Z,10.463394
p01,2022-04-03T05:00:00Z,10.486703
p01,2022-04-03T06:00:00Z,10.641845
p01,2022-04-03T07:00:00Z,10.218049
p01,2022-04-03T08:00:00Z,9.650472
p01,2022-04-03T09:00:00Z,8.930315
p01,2022-04-03T10:00:00Z,8.128103
p01,2022-04-03T11:00:00Z,8.825736
p01,2022-04-03T12:00:00Z,6.207505
p01,2022-04-03T13:00:00Z,6.865977
p01,2022-04-03T14:00:00Z,5.858991
p01,2022-04-03T15:00:00Z,5.768266
p01,2022-04-03T16:00:00Z,5.812913
p01,2022-04-03T17:00:00Z,4.259612
p01,2022-04-03T18:00:00Z,5.180204
p01,2022-04-03T19:00:00Z,5.520366
p01,2022-04-03T20:00:00Z,5.472007
p01,2022-04-03T21:00:00Z,5.961785
p01,2022-04-03T22:00:00Z,6.564758
p01,2022-04-03T23:00:00Z,8.092514
p01,2022-04-04T00:00:00Z,8.850584
p01,2022-04-04T01:00:00Z,8.581157
p01,2022-04-04T02:00:00Z,9.581651
p01,2022-04-04T03:00:00Z,10.840377
p01,2022-04-04T04:00:00Z,10.918139
p01,2022-04-04T05:00:00Z,10.916984
p01,2022-04-04T06:00:00Z,11.023764
p01,2022-04-04T07:00:00Z,9.962155
p01,2022-04-04T08:00:00Z,10.210131
p01,2022-04-04T09:00:00Z,8.601110
p01,2022-04-04T10:00:00Z,9.100399
p01,2022-04-04T11:00:00Z,8.122134
p01,2022-04-04T12:00:00Z,7.061089
p01,2022-04-04T13:00:00Z,6.949070
p01,2022-04-04T14:00:00Z,5.493945
p01,2022-04-04T15:00:00Z,5.054049
p01,2022-04-04T16:00:00Z,4.709862
p01,2022-04-04T17:00:00Z,5.165822
p01,2022-04-04T18:00:00Z,4.917822
p01,2022-04-04T19:00:00Z,5.490952
p01,2022-04-04T20:00:00Z,5.416446
p01,2022-04-04T21:00:00Z,5.647911
p01,2022-04-04T22:00:00Z,6.670675
p01,2022-04-04T23:00:00Z,7.186309
p01,2022-04-05T00:00:00Z,7.920992
p01,2022-04-05T01:00:00Z,8.780069
p01,2022-04-05T02:00:00Z,9.617238
p01,2022-04-05T03:00:00Z,10.449596
p01,2022-04-05T04:00:00Z,10.274345
p01,2022-04-05T05:00:00Z,10.534145
p01,2022-04-05T06:00:00Z,10.971975
p01,2022-04-05T07:00:00Z,10.516134
p01,2022-04-05T08:00:00Z,10.537972
p01,2022-04-05T09:00:00Z,9.026016
p01,2022-04-05T10:00:00Z,8.446049
p01,2022-04-05T11:00:00Z,7.459129
p01,2022-04-05T12:00:00Z,6.541660
p01,2022-04-05T13:00:00Z,5.910730
p01,2022-04-05T14:00:00Z,5.938164
p01,2022-04-05T15:00:00Z,5.204889
p01,2022-04-05T16:00:00Z,4.885496
p01,2022-04-05T17:00:00Z,4.554278
p01,2022-04-05T18:00:00Z,4.251486
p01,2022-04-05T19:00:00Z,4.342625
p01,2022-04-05T20:00:00Z,5.560843
p01,2022-04-05T21:00:00Z,6.723942
p01,2022-04-05T22:00:00Z,6.927664
p01,2022-04-05T23:00:00Z,8.210938
p01,2022-04-06T00:00:00Z,8.887371
p01,2022-04-06T01:00:00Z,9.226502
p01,2022-04-06T02:00:00Z,10.164678
p01,2022-04-06T03:00:00Z,9.806652
p01,2022-04-06T04:00:00Z,9.756074
p01,2022-04-06T05:00:00Z,11.495497
p01,2022-04-06T06:00:00Z,10.169682
p01,2022-04-06T07:00:00Z,10.044290
p01,2022-04-06T08:00:00Z,10.342927
p01,2022-04-06T09:00:00Z,9.213414
p01,2022-04-06T10:00:00Z,8.580052
p01,2022-04-06T11:00:00Z,6.982934
p01,2022-04-06T12:00:00Z,7.340945
p01,2022-04-06T13:00:00Z,6.229114
p01,2022-04-06T14:00:00Z,5.355142
p01,2022-04-06T15:00:00Z,4.685732
p01,2022-04-06T16:00:00Z,5.606980
p01,2022-04-06T17:00:00Z,4.547346
p01,2022-04-06T18:00:00Z,4.484396
p01,2022-04-06T19:00:00Z,4.010081
p01,2022-04-06T20:00:00Z,5.957673
p01,2022-04-06T21:00:00Z,6.375048
p01,2022-04-06T22:00:00Z,6.969323
p01,2022-04-06T23:00:00Z,7.323387
p01,2022-04-07T00:00:00Z,8.549665
p01,2022-04-07T01:00:00Z,8.543471
p01,2022-04-07T02:00:00Z,9.844221
p01,2022-04-07T03:00:00Z,11.072003
p01,2022-04-07T04:00:00Z,10.383857
p01,2022-04-07T05:00:00Z,11.331917
p01,2022-04-07T06:00:00Z,10.129384
p01,2022-04-07T07:00:00Z,9.761415
p01,2022-04-07T08:00:00Z,9.036608
p01,2022-04-07T09:00:00Z,8.502700
p01,2022-04-07T10:00:00Z,8.457749
p01,2022-04-07T11:00:00Z,8.398168
p01,2022-04-07T12:00:00Z,6.629924
p01,2022-04-07T13:00:00Z,6.144547
p01,2022-04-07T14:00:00Z,5.679998
p01,2022-04-07T15:00:00Z,5.078117
p01,2022-04-07T16:00:00Z,4.480213
p01,2022-04-07T17:00:00Z,4.932072
p01,2022-04-07T18:00:00Z,4.736414
p01,2022-04-07T19:00:00Z,4.950197
p01,2022-04-07T20:00:00Z,4.958856
p01,2022-04-07T21:00:00Z,6.063946
p01,2022-04-07T22:00:00Z,5.887314
p01,2022-04-07T23:00:00Z,7.506034
p01,2022-04-08T00:00:00Z,8.440156
p01,2022-04-08T01:00:00Z,8.701478
p01,2022-04-08T02:00:00Z,9.219673
p01,2022-04-08T03:00:00Z,10.583431
p01,2022-04-08T04:00:00Z,11.737568
p01,2022-04-08T05:00:00Z,10.435067
p01,2022-04-08T06:00:00Z,10.788506
p01,2022-04-08T07:00:00Z,9.678651
p01,2022-04-08T08:00:00Z,9.247120
p01,2022-04-08T09:00:00Z,8.640952
p01,2022-04-08T10:00:00Z,8.275121
p01,2022-04-08T11:00:00Z,7.401073
p01,2022-04-08T12:00:00Z,6.680912
p01,2022-04-08T13:00:00Z,5.244817
p01,2022-04-08T14:00:00Z,5.035851
p01,2022-04-08T15:00:00Z,4.071129
p01,2022-04-08T16:00:00Z,4.903461
p01,2022-04-08T17:00:00Z,4.359065
p01,2022-04-08T18:00:00Z,3.879987
p01,2022-04-08T19:00:00Z,5.305276
p01,2022-04-08T20:00:00Z,5.192511
p01,2022-04-08T21:00:00Z,5.535661
p01,2022-04-08T22:00:00Z,6.891911
p01,2022-04-08T23:00:00Z,7.638450
p01,2022-04-09T00:00:00Z,8.416173
p01,2022-04-09T01:00:00Z,9.135254
p01,2022-04-09T02:00:00Z,9.283332
p01,2022-04-09T03:00:00Z,10.148796
p01,2022-04-09T04:00:00Z,10.281003
p01,2022-04-09T05:00:00Z,10.178529
p01,2022-04-09T06:00:00Z,9.766455
p01,2022-04-09T07:00:00Z,9.320946
p01,2022-04-09T08:00:00Z,8.971825
p01,2022-04-09T09:00:00Z,9.806947
p01,2022-04-09T10:00:00Z,7.585296
p01,2022-04-09T11:00:00Z,7.506417
p01,2022-04-09T12:00:00Z,5.792055
p01,2022-04-09T13:00:00Z,5.551415
p01,2022-04-09T14:00:00Z,5.520620
p01,2022-04-09T15:00:00Z,3.825777
p01,2022-04-09T16:00:00Z,4.665309
p01,2022-04-09T17:00:00Z,4.610799
p01,2022-04-09T18:00:00Z,3.656384
p01,2022-04-09T19:00:00Z,4.814822
p01,2022-04-09T20:00:00Z,5.932552
p01,2022-04-09T21:00:00Z,6.779077
p01,2022-04-09T22:00:00Z,6.368869
p01,2022-04-09T23:00:00Z,6.743560
p01,2022-04-10T00:00:00Z,7.945018
p01,2022-04-10T01:00:00Z,9.518224
p01,2022-04-10T02:00:00Z,9.223348
p01,2022-04-10T03:00:00Z,9.530586
p01,2022-04-10T04:00:00Z,9.949441
p01,2022-04-10T05:00:00Z,10.788179
p01,2022-04-10T06:00:00Z,9.835396
p01,2022-04-10T07:00:00Z,8.567784
p01,2022-04-10T08:00:00Z,9.260466
p01,2022-04-10T09:00:00Z,8.171790
p01,2022-04-10T10:00:00Z,7.838894
p01,2022-04-10T11:00:00Z,7.818580
p01,2022-04-10T12:00:00Z,6.432435
p01,2022-04-10T13:00:00Z,5.309598
p01,2022-04-10T14:00:00Z,5.116564
p01,2022-04-10T15:00:00Z,5.643464
p01,2022-04-10T16:00:00Z,4.796170
p01,2022-04-10T17:00:00Z,4.631479
p01,2022-04-10T18:00:00Z,4.870843
p01,2022-04-10T19:00:00Z,4.837326
p01,2022-04-10T20:00:00Z,5.497924
p01,2022-04-10T21:00:00Z,5.794708
p01,2022-04-10T22:00:00Z,7.000093
p01,2022-04-10T23:00:00Z,6.774204
p01,2022-04-11T00:00:00Z,8.686701
p01,2022-04-11T01:00:00Z,9.016502
p01,2022-04-11T02:00:00Z,10.000756
p01,2022-04-11T03:00:00Z,9.146167
p01,2022-04-11T04:00:00Z,10.213692
p01,2022-04-11T05:00:00Z,10.748501
p01,2022-04-11T06:00:00Z,10.311679
p01,2022-04-11T07:00:00Z,10.478285
p01,2022-04-11T08:00:00Z,9.280184
p01,2022-04-11T09:00:00Z,9.532113
p01,2022-04-11T10:00:00Z,8.693543
p01,2022-04-11T11:00:00Z,7.246761
p01,2022-04-11T12:00:00Z,6.632760
p01,2022-04-11T13:00:00Z,5.570723
p01,2022-04-11T14:00:00Z,5.556731
p01,2022-04-11T15:00:00Z,4.708663
p01,2022-04-11T16:00:00Z,5.130118
p01,2022-04-11T17:00:00Z,4.404495
p01,2022-04-11T18:00:00Z,4.797867
p01,2022-04-11T19:00:00Z,4.168458
p01,2022-04-11T20:00:00Z,4.951722
p01,2022-04-11T21:00:00Z,6.016187
p01,2022-04-11T22:00:00Z,6.928241
p01,2022-04-11T23:00:00Z,6.326590
p01,2022-04-12T00:00:00Z,7.158952
p01,2022-04-12T01:00:00Z,8.565174
p01,2022-04-12T02:00:00Z,9.580815
p01,2022-04-12T03:00:00Z,10.111870
p01,2022-04-12T04:00:00Z,10.052000
p01,2022-04-12T05:00:00Z,10.533896
p01,2022-04-12T06:00:00Z,9.190518
p01,2022-04-12T07:00:00Z,8.903157
p01,2022-04-12T08:00:00Z,9.912379
p01,2022-04-12T09:00:00Z,8.345434
p01,2022-04-12T10:00:00Z,6.791360
p01,2022-04-12T11:00:00Z,8.141837
p01,2022-04-12T12:00:00Z,5.875465
p01,2022-04-12T13:00:00Z,5.427180
p01,2022-04-12T14:00:00Z,4.722366
p01,2022-04-12T15:00:00Z,4.654795
p01,2022-04-12T16:00:00Z,4.021109
p01,2022-04-12T17:00:00Z,4.221146
p01,2022-04-12T18:00:00Z,4.392841
p01,2022-04-12T19:00:00Z,4.492750
p01,2022-04-12T20:00:00Z,5.435122
p01,2022-04-12T21:00:00Z,4.767384
p01,2022-04-12T22:00:00Z,6.626564
p01,2022-04-12T23:00:00Z,6.875296
p01,2022-04-13T00:00:00Z,8.626034
p01,2022-04-13T01:00:00Z,8.157690
p01,2022-04-13T02:00:00Z,9.826999
p01,2022-04-13T03:00:00Z,9.663614
p01,2022-04-13T04:00:00Z,9.987190
p01,2022-04-13T05:00:00Z,9.772358
p01,2022-04-13T06:00:00Z,9.836036
p01,2022-04-13T07:00:00Z,9.612246
p01,2022-04-13T08:00:00Z,9.047087
p01,2022-04-13T09:00:00Z,8.317377
p01,2022-04-13T10:00:00Z,7.855166
p01,2022-04-13T11:00:00Z,7.504795
p01,2022-04-13T12:00:00Z,5.928006
p01,2022-04-13T13:00:00Z,5.188334
p01,2022-04-13T14:00:00Z,4.649941
p01,2022-04-13T15:00:00Z,4.120155
p01,2022-04-13T16:00:00Z,4.178299
p01,2022-04-13T17:00:00Z,5.034043
p01,2022-04-13T18:00:00Z,3.839556
p01,2022-04-13T19:00:00Z,4.432411
p01,2022-04-13T20:00:00Z,4.806186
p01,2022-04-13T21:00:00Z,5.706461
p01,2022-04-13T22:00:00Z,5.448908
p01,2022-04-13T23:00:00Z,7.336420
p01,2022-04-14T00:00:00Z,8.401110
p01,2022-04-14T01:00:00Z,7.744421
p01,2022-04-14T02:00:00Z,8.888681
p01,2022-04-14T03:00:00Z,9.354201
p01,2022-04-14T04:00:00Z,9.942902
p01,2022-04-14T05:00:00Z,9.809154
p01,2022-04-14T06:00:00Z,9.658391
p01,2022-04-14T07:00:00Z,9.062487
p01,2022-04-14T08:00:00Z,8.618147
p01,2022-04-14T09:00:00Z,8.796399
p01,2022-04-14T10:00:00Z,8.194366
p01,2022-04-14T11:00:00Z,6.976317
p01,2022-04-14T12:00:00Z,5.064170
p01,2022-04-14T13:00:00Z,5.663364
p01,2022-04-14T14:00:00Z,5.337382
p01,2022-04-14T15:00:00Z,4.576484
p01,2022-04-14T16:00:00Z,4.228665
p01,2022-04-14T17:00:00Z,3.327643
p01,2022-04-14T18:00:00Z,4.180108
p01,2022-04-14T19:00:00Z,4.124843
p01,2022-04-14T20:00:00Z,4.811717
p01,2022-04-14T21:00:00Z,5.802798
p01,2022-04-14T22:00:00Z,6.349459
p01,2022-04-14T23:00:00Z,6.075119
p01,2022-04-15T00:00:00Z,7.702430
p01,2022-04-15T01:00:00Z,7.945680
p01,2022-04-15T02:00:00Z,9.393005
p01,2022-04-15T03:00:00Z,9.029697
p01,2022-04-15T04:00:00Z,9.404518
p01,2022-04-15T05:00:00Z,10.138431
p01,2022-04-15T06:00:00Z,9.856768
p01,2022-04-15T07:00:00Z,9.337787
p01,2022-04-15T08:00:00Z,9.327394
p01,2022-04-15T09:00:00Z,7.956682
p01,2022-04-15T10:00:00Z,7.571392
p01,2022-04-15T11:00:00Z,6.637165
p01,2022-04-15T12:00:00Z,5.371473
p01,2022-04-15T13:00:00Z,6.414813
p01,2022-04-15T14:00:00Z,4.851857
p01,2022-04-15T15:00:00Z,3.781475
p01,2022-04-15T16:00:00Z,4.234291
p01,2022-04-15T17:00:00Z,4.517021
p01,2022-04-15T18:00:00Z,3.741562
p01,2022-04-15T19:00:00Z,4.075536
p01,2022-04-15T20:00:00Z,4.551611
p01,2022-04-15T21:00:00Z,5.469045
p01,2022-04-15T22:00:00Z,5.483405
p01,2022-04-15T23:00:00Z,6.667864
p01,2022-04-16T00:00:00Z,7.325293
p01,2022-04-16T01:00:00Z,8.860120
p01,2022-04-16T02:00:00Z,8.784007
p01,2022-04-16T03:00:00Z,9.730510
p01,2022-04-16T04:00:00Z,9.287729
p01,2022-04-16T05:00:00Z,9.523324
p01,2022-04-16T06:00:00Z,10.706293
p01,2022-04-16T07:00:00Z,10.177413
p01,2022-04-16T08:00:00Z,8.842313
p01,2022-04-16T09:00:00Z,6.943763
p01,2022-04-16T10:00:00Z,7.441023
p01,2022-04-16T11:00:00Z,6.417268
p01,2022-04-16T12:00:00Z,5.668370
p01,2022-04-16T13:00:00Z,4.810735
p01,2022-04-16T14:00:00Z,5.307636
p01,2022-04-16T15:00:00Z,5.340993
p01,2022-04-16T16:00:00Z,4.187420
p01,2022-04-16T17:00:00Z,3.792200
p01,2022-04-16T18:00:00Z,4.592245
p01,2022-04-16T19:00:00Z,3.612374
p01,2022-04-16T20:00:00Z,4.009283
p01,2022-04-16T21:00:00Z,4.806891
p01,2022-04-16T22:00:00Z,5.837255
p01,2022-04-16T23:00:00Z,6.521981
p01,2022-04-17T00:00:00Z,7.911862
p01,2022-04-17T01:00:00Z,7.913442
p01,2022-04-17T02:00:00Z,8.840174
p01,2022-04-17T03:00:00Z,9.391867
p01,2022-04-17T04:00:00Z,10.130121
p01,2022-04-17T05:00:00Z,9.476303
p01,2022-04-17T06:00:00Z,9.555179
p01,2022-04-17T07:00:00Z,10.166544
p01,2022-04-17T08:00:00Z,7.556203
p01,2022-04-17T09:00:00Z,8.265922
p01,2022-04-17T10:00:00Z,7.041232
p01,2022-04-17T11:00:00Z,7.144691
p01,2022-04-17T12:00:00Z,6.514292
p01,2022-04-17T13:00:00Z,5.526832
p01,2022-04-17T14:00:00Z,4.338341
p01,2022-04-17T15:00:00Z,3.764152
p01,2022-04-17T16:00:00Z,3.893276
p01,2022-04-17T17:00:00Z,4.424277
p01,2022-04-17T18:00:00Z,4.179913
p01,2022-04-17T19:00:00Z,3.554939
p01,2022-04-17T20:00:00Z,4.463472
p01,2022-04-17T21:00:00Z,5.954168
p01,2022-04-17T22:00:00Z,6.302260
p01,2022-04-17T23:00:00Z,6.636765
p01,2022-04-18T00:00:00Z,7.465678
p01,2022-04-18T01:00:00Z,6.501111
p01,2022-04-18T02:00:00Z,8.536053
p01,2022-04-18T03:00:00Z,8.865163
p01,2022-04-18T04:00:00Z,9.186291
p01,2022-04-18T05:00:00Z,9.807304
p01,2022-04-18T06:00:00Z,8.743499
p01,2022-04-18T07:00:00Z,9.169998
p01,2022-04-18T08:00:00Z,7.973163
p01,2022-04-18T09:00:00Z,7.795803
p01,2022-04-18T10:00:00Z,7.188747
p01,2022-04-18T11:00:00Z,6.828311
p01,2022-04-18T12:00:00Z,5.127947
p01,2022-04-18T13:00:00Z,5.719726
p01,2022-04-18T14:00:00Z,4.877043
p01,2022-04-18T15:00:00Z,3.901068
p01,2022-04-18T16:00:00Z,3.079659
p01,2022-04-18T17:00:00Z,3.510022
p01,2022-04-18T18:00:00Z,3.318096
p01,2022-04-18T19:00:00Z,3.644773
p01,2022-04-18T20:00:00Z,4.308802
p01,2022-04-18T21:00:00Z,5.244086
p01,2022-04-18T22:00:00Z,5.306332
p01,2022-04-18T23:00:00Z,6.961165
p01,2022-04-19T00:00:00Z,6.861544
p01,2022-04-19T01:00:00Z,7.966239
p01,2022-04-19T02:00:00Z,9.187712
p01,2022-04-19T03:00:00Z,9.870334
p01,2022-04-19T04:00:00Z,8.291153
p01,2022-04-19T05:00:00Z,8.953636
p01,2022-04-19T06:00:00Z,8.983307
p01,2022-04-19T07:00:00Z,9.850173
p01,2022-04-19T08:00:00Z,8.044731
p01,2022-04-19T09:00:00Z,8.555834
p01,2022-04-19T10:00:00Z,7.665119
p01,2022-04-19T11:00:00Z,6.107092
p01,2022-04-19T12:00:00Z,5.242197
p01,2022-04-19T13:00:00Z,5.099764
p01,2022-04-19T14:00:00Z,4.447540
p01,2022-04-19T15:00:00Z,3.933940
p01,2022-04-19T16:00:00Z,4.178537
p01,2022-04-19T17:00:00Z,4.999335
p01,2022-04-19T18:00:00Z,4.119027
p01,2022-04-19T19:00:00Z,2.709118
p01,2022-04-19T20:00:00Z,4.347494
p01,2022-04-19T21:00:00Z,5.231398
p01,2022-04-19T22:00:00Z,5.331357
p01,2022-04-19T23:00:00Z,6.473045
p01,2022-04-20T00:00:00Z,6.496879
p01,2022-04-20T01:00:00Z,8.265166
p01,2022-04-20T02:00:00Z,8.213200
p01,2022-04-20T03:00:00Z,9.159715
p01,2022-04-20T04:00:00Z,9.714091
p01,2022-04-20T05:00:00Z,9.757761
p01,2022-04-20T06:00:00Z,9.356925
p01,2022-04-20T07:00:00Z,9.703677
p01,2022-04-20T08:00:00Z,8.837036
p01,2022-04-20T09:00:00Z,7.108381
p01,2022-04-20T10:00:00Z,7.890798
p01,2022-04-20T11:00:00Z,6.587759
p01,2022-04-20T12:00:00Z,5.458637
p01,2022-04-20T13:00:00Z,5.138760
p01,2022-04-20T14:00:00Z,4.465888
p01,2022-04-20T15:00:00Z,4.138974
p01,2022-04-20T16:00:00Z,3.960013
p01,2022-04-20T17:00:00Z,3.503879
p01,2022-04-20T18:00:00Z,3.029128
p01,2022-04-20T19:00:00Z,3.500114
p01,2022-04-20T20:00:00Z,4.433418
p01,2022-04-20T21:00:00Z,4.353776
p01,2022-04-20T22:00:00Z,5.365478
p01,2022-04-20T23:00:00Z,5.809084
p01,2022-04-21T00:00:00Z,6.402718
p01,2022-04-21T01:00:00Z,7.989763
p01,2022-04-21T02:00:00Z,8.848061
p01,2022-04-21T03:00:00Z,9.513532
p01,2022-04-21T04:00:00Z,9.354463
p01,2022-04-21T05:00:00Z,9.292574
p01,2022-04-21T06:00:00Z,9.479029
p01,2022-04-21T07:00:00Z,9.094566
p01,2022-04-21T08:00:00Z,8.314996
p01,2022-04-21T09:00:00Z,7.900222
p01,2022-04-21T10:00:00Z,6.200697
p01,2022-04-21T11:00:00Z,6.102758
p01,2022-04-21T12:00:00Z,5.131563
p01,2022-04-21T13:00:00Z,5.209444
p01,2022-04-21T14:00:00Z,3.796166
p01,2022-04-21T15:00:00Z,3.833861
p01,2022-04-21T16:00:00Z,3.045649
p01,2022-04-21T17:00:00Z,3.108770
p01,2022-04-21T18:00:00Z,3.147481
p01,2022-04-21T19:00:00Z,2.876928
p01,2022-04-21T20:00:00Z,4.624190
p01,2022-04-21T21:00:00Z,4.104742
p01,2022-04-21T22:00:00Z,4.850239
p01,2022-04-21T23:00:00Z,5.788458
p01,2022-04-22T00:00:00Z,6.856038
p01,2022-04-22T01:00:00Z,7.320325
p01,2022-04-22T02:00:00Z,8.598142
p01,2022-04-22T03:00:00Z,8.091647
p01,2022-04-22T04:00:00Z,9.147432
p01,2022-04-22T05:00:00Z,9.201004
p01,2022-04-22T06:00:00Z,9.524476
p01,2022-04-22T07:00:00Z,9.218325
p01,2022-04-22T08:00:00Z,9.084052
p01,2022-04-22T09:00:00Z,7.339139
p01,2022-04-22T10:00:00Z,8.081993
p01,2022-04-22T11:00:00Z,6.141518
p01,2022-04-22T12:00:00Z,5.670635
p01,2022-04-22T13:00:00Z,4.962998
p01,2022-04-22T14:00:00Z,3.957468
p01,2022-04-22T15:00:00Z,3.928425
p01,2022-04-22T16:00:00Z,3.369824
p01,2022-04-22T17:00:00Z,2.601722
p01,2022-04-22T18:00:00Z,3.696704
p01,2022-04-22T19:00:00Z,3.729039
p01,2022-04-22T20:00:00Z,3.228696
p01,2022-04-22T21:00:00Z,4.731485
p01,2022-04-22T22:00:00Z,6.046543
p01,2022-04-22T23:00:00Z,6.124870
p01,2022-04-23T00:00:00Z,6.520470
p01,2022-04-23T01:00:00Z,7.500108
p01,2022-04-23T02:00:00Z,7.966509
p01,2022-04-23T03:00:00Z,8.195020
p01,2022-04-23T04:00:00Z,9.366976
p01,2022-04-23T05:00:00Z,9.721185
p01,2022-04-23T06:00:00Z,8.538932
p01,2022-04-23T07:00:00Z,8.611472
p01,2022-04-23T08:00:00Z,8.738677
p01,2022-04-23T09:00:00Z,7.587862
p01,2022-04-23T10:00:00Z,5.870256
p01,2022-04-23T11:00:00Z,6.081003
p01,2022-04-23T12:00:00Z,5.230412
p01,2022-04-23T13:00:00Z,5.507050
p01,2022-04-23T14:00:00Z,4.375617
p01,2022-04-23T15:00:00Z,3.264271
p01,2022-04-23T16:00:00Z,2.945150
p01,2022-04-23T17:00:00Z,3.157087
p01,2022-04-23T18:00:00Z,2.809093
p01,2022-04-23T19:00:00Z,3.084295
p01,2022-04-23T20:00:00Z,3.194460
p01,2022-04-23T21:00:00Z,5.036907
p01,2022-04-23T22:00:00Z,4.774701
p01,2022-04-23T23:00:00Z,6.361267
p01,2022-04-24T00:00:00Z,7.072339
p01,2022-04-24T01:00:00Z,7.983458
p01,2022-04-24T02:00:00Z,7.190672
p01,2022-04-24T03:00:00Z,8.600804
p01,2022-04-24T04:00:00Z,8.820635
p01,2022-04-24T05:00:00Z,8.066955
p01,2022-04-24T06:00:00Z,9.679436
p01,2022-04-24T07:00:00Z,7.719831
p01,2022-04-24T08:00:00Z,8.261431
p01,2022-04-24T09:00:00Z,7.669882
p01,2022-04-24T10:00:00Z,6.414231
p01,2022-04-24T11:00:00Z,5.847661
p01,2022-04-24T12:00:00Z,4.887409
p01,2022-04-24T13:00:00Z,4.516062
p01,2022-04-24T14:00:00Z,4.497623
p01,2022-04-24T15:00:00Z,2.915318
p01,2022-04-24T16:00:00Z,3.532030
p01,2022-04-24T17:00:00Z,2.905496
p01,2022-04-24T18:00:00Z,3.414325
p01,2022-04-24T19:00:00Z,3.677196
p01,2022-04-24T20:00:00Z,4.379046
p01,2022-04-24T21:00:00Z,4.490694
p01,2022-04-24T22:00:00Z,4.827324
p01,2022-04-24T23:00:00Z,5.772767
p01,2022-04-25T00:00:00Z,6.120660
p01,2022-04-25T01:00:00Z,6.455915
p01,2022-04-25T02:00:00Z,6.941119
p01,2022-04-25T03:00:00Z,7.918638
p01,2022-04-25T04:00:00Z,8.331117
p01,2022-04-25T05:00:00Z,8.772798
p01,2022-04-25T06:00:00Z,8.814658
p01,2022-04-25T07:00:00Z,8.479531
p01,2022-04-25T08:00:00Z,7.678590
p01,2022-04-25T09:00:00Z,7.364621
p01,2022-04-25T10:00:00Z,6.936960
p01,2022-04-25T11:00:00Z,5.882413
p01,2022-04-25T12:00:00Z,5.468255
p01,2022-04-25T13:00:00Z,5.434704
p01,2022-04-25T14:00:00Z,3.778905
p01,2022-04-25T15:00:00Z,3.563651
p01,2022-04-25T16:00:00Z,3.295422
p01,2022-04-25T17:00:00Z,2.480368
p01,2022-04-25T18:00:00Z,3.577367
p01,2022-04-25T19:00:00Z,3.172684
p01,2022-04-25T20:00:00Z,3.741423
p01,2022-04-25T21:00:00Z,4.241141
p01,2022-04-25T22:00:00Z,4.765902
p01,2022-04-25T23:00:00Z,5.915890
p01,2022-04-26T00:00:00Z,5.935585
p01,2022-04-26T01:00:00Z,7.640724
p01,2022-04-26T02:00:00Z,7.442161
p01,2022-04-26T03:00:00Z,8.288829
p01,2022-04-26T04:00:00Z,8.924449
p01,2022-04-26T05:00:00Z,7.543950
p01,2022-04-26T06:00:00Z,8.673135
p01,2022-04-26T07:00:00Z,8.413650
p01,2022-04-26T08:00:00Z,7.971219
p01,2022-04-26T09:00:00Z,7.908167
p01,2022-04-26T10:00:00Z,6.073282
p01,2022-04-26T11:00:00Z,5.227945
p01,2022-04-26T12:00:00Z,4.758874
p01,2022-04-26T13:00:00Z,3.786155
p01,2022-04-26T14:00:00Z,3.861951
p01,2022-04-26T15:00:00Z,2.270846
p01,2022-04-26T16:00:00Z,2.810668
p01,2022-04-26T17:00:00Z,2.257340
p01,2022-04-26T18:00:00Z,2.733311
p01,2022-04-26T19:00:00Z,3.023912
p01,2022-04-26T20:00:00Z,3.266139
p01,2022-04-26T21:00:00Z,4.203138
p01,2022-04-26T22:00:00Z,4.341971
p01,2022-04-26T23:00:00Z,6.113408
p01,2022-04-27T00:00:00Z,5.858609
p01,2022-04-27T01:00:00Z,7.139949
p01,2022-04-27T02:00:00Z,8.073589
p01,2022-04-27T03:00:00Z,8.606031
p01,2022-04-27T04:00:00Z,8.400663
p01,2022-04-27T05:00:00Z,8.938371
p01,2022-04-27T06:00:00Z,8.275612
p01,2022-04-27T07:00:00Z,8.413467
p01,2022-04-27T08:00:00Z,7.389665
p01,2022-04-27T09:00:00Z,7.491846
p01,2022-04-27T10:00:00Z,6.817377
p01,2022-04-27T11:00:00Z,5.865308
p01,2022-04-27T12:00:00Z,4.090184
p01,2022-04-27T13:00:00Z,4.092833
p01,2022-04-27T14:00:00Z,3.442039
p01,2022-04-27T15:00:00Z,2.524409
p01,2022-04-27T16:00:00Z,2.411749
p01,2022-04-27T17:00:00Z,2.674187
p01,2022-04-27T18:00:00Z,2.959157
p01,2022-04-27T19:00:00Z,2.128649
p01,2022-04-27T20:00:00Z,3.266581
p01,2022-04-27T21:00:00Z,3.815729
p01,2022-04-27T22:00:00Z,4.226231
p01,2022-04-27T23:00:00Z,5.779341
p01,2022-04-28T00:00:00Z,6.736146
p01,2022-04-28T01:00:00Z,6.860473
p01,2022-04-28T02:00:00Z,7.072903
p01,2022-04-28T03:00:00Z,8.165934
p01,2022-04-28T04:00:00Z,8.437823
p01,2022-04-28T05:00:00Z,7.807889
p01,2022-04-28T06:00:00Z,8.839873
p01,2022-04-28T07:00:00Z,8.008537
p01,2022-04-28T08:00:00Z,7.664373
p01,2022-04-28T09:00:00Z,7.000213
p01,2022-04-28T10:00:00Z,5.983608
p01,2022-04-28T11:00:00Z,6.224883
p01,2022-04-28T12:00:00Z,4.983507
p01,2022-04-28T13:00:00Z,4.897986
p01,2022-04-28T14:00:00Z,3.404577
p01,2022-04-28T15:00:00Z,2.610110
p01,2022-04-28T16:00:00Z,2.913884
p01,2022-04-28T17:00:00Z,2.944289
p01,2022-04-28T18:00:00Z,2.332098
p01,2022-04-28T19:00:00Z,3.364667
p01,2022-04-28T20:00:00Z,3.307033
p01,2022-04-28T21:00:00Z,2.636338
p01,2022-04-28T22:00:00Z,4.014733
p01,2022-04-28T23:00:00Z,5.921823
p01,2022-04-29T00:00:00Z,5.133362
p01,2022-04-29T01:00:00Z,6.397476
p01,2022-04-29T02:00:00Z,7.124912
p01,2022-04-29T03:00:00Z,8.382938
p01,2022-04-29T04:00:00Z,8.550335
p01,2022-04-29T05:00:00Z,7.947559
p01,2022-04-29T06:00:00Z,8.252175
p01,2022-04-29T07:00:00Z,8.201906
p01,2022-04-29T08:00:00Z,7.570897
p01,2022-04-29T09:00:00Z,6.835414
p01,2022-04-29T10:00:00Z,7.353833
p01,2022-04-29T11:00:00Z,5.036785
p01,2022-04-29T12:00:00Z,4.544365
p01,2022-04-29T13:00:00Z,3.495707
p01,2022-04-29T14:00:00Z,3.520656
p01,2022-04-29T15:00:00Z,2.897578
p01,2022-04-29T16:00:00Z,2.078270
p01,2022-04-29T17:00:00Z,1.700250
p01,2022-04-29T18:00:00Z,2.383904
p01,2022-04-29T19:00:00Z,2.100568
p01,2022-04-29T20:00:00Z,3.200201
p01,2022-04-29T21:00:00Z,3.404965
p01,2022-04-29T22:00:00Z,4.264621
p01,2022-04-29T23:00:00Z,6.078343
p01,2022-04-30T00:00:00Z,6.134487
p01,2022-04-30T01:00:00Z,6.675898
p01,2022-04-30T02:00:00Z,7.535441
p01,2022-04-30T03:00:00Z,7.906928
p01,2022-04-30T04:00:00Z,8.939952
p01,2022-04-30T05:00:00Z,8.441862
p01,2022-04-30T06:00:00Z,7.577527
p01,2022-04-30T07:00:00Z,8.563939
p01,2022-04-30T08:00:00Z,7.698706
p01,2022-04-30T09:00:00Z,6.998028
p01,2022-04-30T10:00:00Z,6.525938
p01,2022-04-30T11:00:00Z,5.223852
p01,2022-04-30T12:00:00Z,4.518978
p01,2022-04-30T13:00:00Z,3.814403
p01,2022-04-30T14:00:00Z,3.616464
p01,2022-04-30T15:00:00Z,2.154676
p01,2022-04-30T16:00:00Z,2.353795
p01,2022-04-30T17:00:00Z,1.908774
p01,2022-04-30T18:00:00Z,2.516366
p01,2022-04-30T19:00:00Z,2.870929
p01,2022-04-30T20:00:00Z,3.665018
p01,2022-04-30T21:00:00Z,3.251878
p01,2022-04-30T22:00:00Z,4.860109
p01,2022-04-30T23:00:00Z,4.245782
p01,2022-05-01T00:00:00Z,5.685252
p01,2022-05-01T01:00:00Z,7.375603
p01,2022-05-01T02:00:00Z,7.246622
p01,2022-05-01T03:00:00Z,7.845657
p01,2022-05-01T04:00:00Z,7.728162
p01,2022-05-01T05:00:00Z,7.394697
p01,2022-05-01T06:00:00Z,8.667430
p01,2022-05-01T07:00:00Z,8.802843
p01,2022-05-01T08:00:00Z,7.582970
p01,2022-05-01T09:00:00Z,6.157339
p01,2022-05-01T10:00:00Z,6.398397
p01,2022-05-01T11:00:00Z,5.057743
p01,2022-05-01T12:00:00Z,3.834077
p01,2022-05-01T13:00:00Z,3.167753
p01,2022-05-01T14:00:00Z,3.009403
p01,2022-05-01T15:00:00Z,3.140608
p01,2022-05-01T16:00:00Z,1.225658
p01,2022-05-01T17:00:00Z,2.351804
p01,2022-05-01T18:00:00Z,2.343495
p01,2022-05-01T19:00:00Z,1.873285
p01,2022-05-01T20:00:00Z,3.024202
p01,2022-05-01T21:00:00Z,2.933694
p01,2022-05-01T22:00:00Z,4.836932
p01,2022-05-01T23:00:00Z,5.005991
p01,2022-05-02T00:00:00Z,5.332531
p01,2022-05-02T01:00:00Z,6.092307
p01,2022-05-02T02:00:00Z,8.296112
p01,2022-05-02T03:00:00Z,8.320564
p01,2022-05-02T04:00:00Z,7.829451
p01,2022-05-02T05:00:00Z,7.603203
p01,2022-05-02T06:00:00Z,8.237324
p01,2022-05-02T07:00:00Z,7.543692
p01,2022-05-02T08:00:00Z,7.652595
p01,2022-05-02T09:00:00Z,6.500472
p01,2022-05-02T10:00:00Z,6.204857
p01,2022-05-02T11:00:00Z,4.527498
p01,2022-05-02T12:00:00Z,4.932030
p01,2022-05-02T13:00:00Z,3.530989
p01,2022-05-02T14:00:00Z,2.654350
p01,2022-05-02T15:00:00Z,1.787480
p01,2022-05-02T16:00:00Z,2.627179
p01,2022-05-02T17:00:00Z,1.678877
p01,2022-05-02T18:00:00Z,1.851391
p01,2022-05-02T19:00:00Z,2.867069
p01,2022-05-02T20:00:00Z,2.172529
p01,2022-05-02T21:00:00Z,3.676778
p01,2022-05-02T22:00:00Z,4.096630
p01,2022-05-02T23:00:00Z,5.440632
p01,2022-05-03T00:00:00Z,6.015557
p01,2022-05-03T01:00:00Z,6.207792
p01,2022-05-03T02:00:00Z,7.583886
p01,2022-05-03T03:00:00Z,8.129053
p01,2022-05-03T04:00:00Z,7.315281
p01,2022-05-03T05:00:00Z,7.785288
p01,2022-05-03T06:00:00Z,7.538113
p01,2022-05-03T07:00:00Z,7.254695
p01,2022-05-03T08:00:00Z,6.859727
p01,2022-05-03T09:00:00Z,6.101123
p01,2022-05-03T10:00:00Z,5.118423
p01,2022-05-03T11:00:00Z,5.476272
p01,2022-05-03T12:00:00Z,4.004566
p01,2022-05-03T13:00:00Z,3.505413
p01,2022-05-03T14:00:00Z,2.493068
p01,2022-05-03T15:00:00Z,2.039547
p01,2022-05-03T16:00:00Z,2.370881
p01,2022-05-03T17:00:00Z,1.703046
p01,2022-05-03T18:00:00Z,2.139618
p01,2022-05-03T19:00:00Z,2.577427
p01,2022-05-03T20:00:00Z,2.346820
p01,2022-05-03T21:00:00Z,3.592168
p01,2022-05-03T22:00:00Z,4.977258
p01,2022-05-03T23:00:00Z,4.618522
p01,2022-05-04T00:00:00Z,5.642077
p01,2022-05-04T01:00:00Z,6.811846
p01,2022-05-04T02:00:00Z,7.411192
p01,2022-05-04T03:00:00Z,8.147986
p01,2022-05-04T04:00:00Z,7.797420
p01,2022-05-04T05:00:00Z,8.440764
p01,2022-05-04T06:00:00Z,8.027206
p01,2022-05-04T07:00:00Z,6.732358
p01,2022-05-04T08:00:00Z,6.377518
p01,2022-05-04T09:00:00Z,6.685655
p01,2022-05-04T10:00:00Z,4.709146
p01,2022-05-04T11:00:00Z,4.841645
p01,2022-05-04T12:00:00Z,4.045744
p01,2022-05-04T13:00:00Z,3.370306
p01,2022-05-04T14:00:00Z,2.025458
p01,2022-05-04T15:00:00Z,2.314274
p01,2022-05-04T16:00:00Z,1.083775
p01,2022-05-04T17:00:00Z,1.530904
p01,2022-05-04T18:00:00Z,2.416960
p01,2022-05-04T19:00:00Z,2.132859
p01,2022-05-04T20:00:00Z,1.477336
p01,2022-05-04T21:00:00Z,3.251849
p01,2022-05-04T22:00:00Z,3.883713
p01,2022-05-04T23:00:00Z,4.836451
p01,2022-05-05T00:00:00Z,5.069605
p01,2022-05-05T01:00:00Z,6.151890
p01,2022-05-05T02:00:00Z,7.177770
p01,2022-05-05T03:00:00Z,7.859795
p01,2022-05-05T04:00:00Z,7.540644
p01,2022-05-05T05:00:00Z,7.521061
p01,2022-05-05T06:00:00Z,7.902414
p01,2022-05-05T07:00:00Z,7.354497
p01,2022-05-05T08:00:00Z,6.466467
p01,2022-05-05T09:00:00Z,5.956375
p01,2022-05-05T10:00:00Z,5.201106
p01,2022-05-05T11:00:00Z,4.936463
p01,2022-05-05T12:00:00Z,4.340423
p01,2022-05-05T13:00:00Z,2.299389
p01,2022-05-05T14:00:00Z,2.367106
p01,2022-05-05T15:00:00Z,2.536459
p01,2022-05-05T16:00:00Z,2.507210
p01,2022-05-05T17:00:00Z,0.989389
p01,2022-05-05T18:00:00Z,1.216363
p01,2022-05-05T19:00:00Z,2.073586
p01,2022-05-05T20:00:00Z,2.661987
p01,2022-05-05T21:00:00Z,2.983182
p01,2022-05-05T22:00:00Z,3.039025
p01,2022-05-05T23:00:00Z,3.798571
p01,2022-05-06T00:00:00Z,5.019769
p01,2022-05-06T01:00:00Z,6.425870
p01,2022-05-06T02:00:00Z,6.434085
p01,2022-05-06T03:00:00Z,7.084431
p01,2022-05-06T04:00:00Z,7.382432
p01,2022-05-06T05:00:00Z,7.406657
p01,2022-05-06T06:00:00Z,7.867465
p01,2022-05-06T07:00:00Z,6.211162
p01,2022-05-06T08:00:00Z,6.574603
p01,2022-05-06T09:00:00Z,6.497627
p01,2022-05-06T10:00:00Z,5.934277
p01,2022-05-06T11:00:00Z,4.524286
p01,2022-05-06T12:00:00Z,3.473510
p01,2022-05-06T13:00:00Z,2.797649
p01,2022-05-06T14:00:00Z,2.150817
p01,2022-05-06T15:00:00Z,1.933357
p01,2022-05-06T16:00:00Z,1.793286
p01,2022-05-06T17:00:00Z,2.418578
p01,2022-05-06T18:00:00Z,1.418048
p01,2022-05-06T19:00:00Z,2.749703
p01,2022-05-06T20:00:00Z,1.594925
p01,2022-05-06T21:00:00Z,3.759648
p01,2022-05-06T22:00:00Z,4.102109
p01,2022-05-06T23:00:00Z,4.154884
p01,2022-05-07T00:00:00Z,5.090652
p01,2022-05-07T01:00:00Z,6.245762
p01,2022-05-07T02:00:00Z,6.574436
p01,2022-05-07T03:00:00Z,6.418211
p01,2022-05-07T04:00:00Z,7.271126
p01,2022-05-07T05:00:00Z,7.473048
p01,2022-05-07T06:00:00Z,7.046006
p01,2022-05-07T07:00:00Z,7.134451
p01,2022-05-07T08:00:00Z,6.213692
p01,2022-05-07T09:00:00Z,5.584535
p01,2022-05-07T10:00:00Z,5.227980
p01,2022-05-07T11:00:00Z,3.497793
p01,2022-05-07T12:00:00Z,4.151834
p01,2022-05-07T13:00:00Z,3.043206
p01,2022-05-07T14:00:00Z,2.635903
p01,2022-05-07T15:00:00Z,1.630062
p01,2022-05-07T16:00:00Z,1.132752
p01,2022-05-07T17:00:00Z,1.559206
p01,2022-05-07T18:00:00Z,1.287517
p01,2022-05-07T19:00:00Z,2.039997
p01,2022-05-07T20:00:00Z,2.530753
p01,2022-05-07T21:00:00Z,2.840391
p01,2022-05-07T22:00:00Z,3.173329
p01,2022-05-07T23:00:00Z,4.616302
p01,2022-05-08T00:00:00Z,6.277550
p01,2022-05-08T01:00:00Z,5.543330
p01,2022-05-08T02:00:00Z,6.057731
p01,2022-05-08T03:00:00Z,6.650101
p01,2022-05-08T04:00:00Z,8.161974
p01,2022-05-08T05:00:00Z,7.182648
p01,2022-05-08T06:00:00Z,7.530121
p01,2022-05-08T07:00:00Z,7.402358
p01,2022-05-08T08:00:00Z,6.572612
p01,2022-05-08T09:00:00Z,6.207136
p01,2022-05-08T10:00:00Z,4.889873
p01,2022-05-08T11:00:00Z,4.137549
p01,2022-05-08T12:00:00Z,4.720245
p01,2022-05-08T13:00:00Z,2.362635
p01,2022-05-08T14:00:00Z,2.110014
p01,2022-05-08T15:00:00Z,1.861608
p01,2022-05-08T16:00:00Z,0.840574
p01,2022-05-08T17:00:00Z,1.262025
p01,2022-05-08T18:00:00Z,0.774233
p01,2022-05-08T19:00:00Z,2.681409
p01,2022-05-08T20:00:00Z,2.115065
p01,2022-05-08T21:00:00Z,2.218948
p01,2022-05-08T22:00:00Z,3.328199
p01,2022-05-08T23:00:00Z,4.331954
p01,2022-05-09T00:00:00Z,4.805699
p01,2022-05-09T01:00:00Z,5.455382
p01,2022-05-09T02:00:00Z,7.402072
p01,2022-05-09T03:00:00Z,6.650225
p01,2022-05-09T04:00:00Z,7.292378
p01,2022-05-09T05:00:00Z,7.168893
p01,2022-05-09T06:00:00Z,7.518629
p01,2022-05-09T07:00:00Z,6.775917
p01,2022-05-09T08:00:00Z,6.278539
p01,2022-05-09T09:00:00Z,5.386032
p01,2022-05-09T10:00:00Z,5.014149
p01,2022-05-09T11:00:00Z,4.683640
p01,2022-05-09T12:00:00Z,3.318189
p01,2022-05-09T13:00:00Z,1.521792
p01,2022-05-09T14:00:00Z,2.232383
p01,2022-05-09T15:00:00Z,1.541943
p01,2022-05-09T16:00:00Z,0.675250
p01,2022-05-09T17:00:00Z,1.815772
p01,2022-05-09T18:00:00Z,1.221220
p01,2022-05-09T19:00:00Z,2.116614
p01,2022-05-09T20:00:00Z,1.351965
p01,2022-05-09T21:00:00Z,2.453130
p01,2022-05-09T22:00:00Z,3.410822
p01,2022-05-09T23:00:00Z,3.797353
p01,2022-05-10T00:00:00Z,5.437485
p01,2022-05-10T01:00:00Z,5.378308
p01,2022-05-10T02:00:00Z,5.975681
p01,2022-05-10T03:00:00Z,6.781093
p01,2022-05-10T04:00:00Z,8.115721
p01,2022-05-10T05:00:00Z,6.775269
p01,2022-05-10T06:00:00Z,7.180502
p01,2022-05-10T07:00:00Z,6.737095
p01,2022-05-10T08:00:00Z,6.209411
p01,2022-05-10T09:00:00Z,6.041271
p01,2022-05-10T10:00:00Z,5.483551
p01,2022-05-10T11:00:00Z,3.308640
p01,2022-05-10T12:00:00Z,2.885673
p01,2022-05-10T13:00:00Z,1.671858
p01,2022-05-10T14:00:00Z,0.968341
p01,2022-05-10T15:00:00Z,0.869627
p01,2022-05-10T16:00:00Z,1.283121
p01,2022-05-10T17:00:00Z,1.192832
p01,2022-05-10T18:00:00Z,1.185016
p01,2022-05-10T19:00:00Z,0.681324
p01,2022-05-10T20:00:00Z,2.545288
p01,2022-05-10T21:00:00Z,2.491015
p01,2022-05-10T22:00:00Z,4.032212
p01,2022-05-10T23:00:00Z,4.733353
p01,2022-05-11T00:00:00Z,4.125407
p01,2022-05-11T01:00:00Z,6.387184
p01,2022-05-11T02:00:00Z,6.827707
p01,2022-05-11T03:00:00Z,6.499513
p01,2022-05-11T04:00:00Z,7.216604
p01,2022-05-11T05:00:00Z,6.787174
p01,2022-05-11T06:00:00Z,6.161972
p01,2022-05-11T07:00:00Z,5.879408
p01,2022-05-11T08:00:00Z,7.285138
p01,2022-05-11T09:00:00Z,5.874074
p01,2022-05-11T10:00:00Z,4.118581
p01,2022-05-11T11:00:00Z,3.971138
p01,2022-05-11T12:00:00Z,3.807164
p01,2022-05-11T13:00:00Z,2.276970
p01,2022-05-11T14:00:00Z,2.017761
p01,2022-05-11T15:00:00Z,1.790391
p01,2022-05-11T16:00:00Z,0.468813
p01,2022-05-11T17:00:00Z,1.009363
p01,2022-05-11T18:00:00Z,1.451388
p01,2022-05-11T19:00:00Z,1.858414
p01,2022-05-11T20:00:00Z,2.566405
p01,2022-05-11T21:00:00Z,2.683030
p01,2022-05-11T22:00:00Z,2.718475
p01,2022-05-11T23:00:00Z,3.162794
p01,2022-05-12T00:00:00Z,5.055418
p01,2022-05-12T01:00:00Z,4.881586
p01,2022-05-12T02:00:00Z,6.547465
p01,2022-05-12T03:00:00Z,5.546611
p01,2022-05-12T04:00:00Z,6.163238
p01,2022-05-12T05:00:00Z,6.547742
p01,2022-05-12T06:00:00Z,7.444764
p01,2022-05-12T07:00:00Z,7.306300
p01,2022-05-12T08:00:00Z,6.007358
p01,2022-05-12T09:00:00Z,5.034210
p01,2022-05-12T10:00:00Z,4.490394
p01,2022-05-12T11:00:00Z,3.625119
p01,2022-05-12T12:00:00Z,2.641953
p01,2022-05-12T13:00:00Z,1.475969
p01,2022-05-12T14:00:00Z,1.768288
p01,2022-05-12T15:00:00Z,1.394881
p01,2022-05-12T16:00:00Z,1.536568
p01,2022-05-12T17:00:00Z,0.742501
p01,2022-05-12T18:00:00Z,0.575741
p01,2022-05-12T19:00:00Z,1.554339
p01,2022-05-12T20:00:00Z,1.425335
p01,2022-05-12T21:00:00Z,2.913341
p01,2022-05-12T22:00:00Z,2.739124
p01,2022-05-12T23:00:00Z,3.246515
p01,2022-05-13T00:00:00Z,4.519773
p01,2022-05-13T01:00:00Z,4.545274
p01,2022-05-13T02:00:00Z,5.019666
p01,2022-05-13T03:00:00Z,5.825062
p01,2022-05-13T04:00:00Z,6.669826
p01,2022-05-13T05:00:00Z,6.900285
p01,2022-05-13T06:00:00Z,6.607506
p01,2022-05-13T07:00:00Z,6.444099
p01,2022-05-13T08:00:00Z,5.716315
p01,2022-05-13T09:00:00Z,5.569082
p01,2022-05-13T10:00:00Z,5.031072
p01,2022-05-13T11:00:00Z,4.258945
p01,2022-05-13T12:00:00Z,3.629432
p01,2022-05-13T13:00:00Z,2.389946
p01,2022-05-13T14:00:00Z,1.616812
p01,2022-05-13T15:00:00Z,0.843388
p01,2022-05-13T16:00:00Z,0.791175
p01,2022-05-13T17:00:00Z,0.551120
p01,2022-05-13T18:00:00Z,0.102823
p01,2022-05-13T19:00:00Z,1.598321
p01,2022-05-13T20:00:00Z,0.453951
p01,2022-05-13T21:00:00Z,1.659606
p01,2022-05-13T22:00:00Z,2.682914
p01,2022-05-13T23:00:00Z,4.441953
p01,2022-05-14T00:00:00Z,4.642834
p01,2022-05-14T01:00:00Z,4.869870
p01,2022-05-14T02:00:00Z,6.515750
p01,2022-05-14T03:00:00Z,6.107512
p01,2022-05-14T04:00:00Z,6.875879
p01,2022-05-14T05:00:00Z,6.582838
p01,2022-05-14T06:00:00Z,6.623348
p01,2022-05-14T07:00:00Z,5.946301
p01,2022-05-14T08:00:00Z,5.778419
p01,2022-05-14T09:00:00Z,4.932610
p01,2022-05-14T10:00:00Z,3.825452
p01,2022-05-14T11:00:00Z,3.192736
p01,2022-05-14T12:00:00Z,3.448654
p01,2022-05-14T13:00:00Z,1.857676
p01,2022-05-14T14:00:00Z,1.549824
p01,2022-05-14T15:00:00Z,1.269244
p01,2022-05-14T16:00:00Z,0.555402
p01,2022-05-14T17:00:00Z,-0.110668
p01,2022-05-14T18:00:00Z,0.849205
p01,2022-05-14T19:00:00Z,0.103717
p01,2022-05-14T20:00:00Z,0.515043
p01,2022-05-14T21:00:00Z,2.313786
p01,2022-05-14T22:00:00Z,1.846997
p01,2022-05-14T23:00:00Z,4.674168
p01,2022-05-15T00:00:00Z,4.773136
p01,2022-05-15T01:00:00Z,5.066449
p01,2022-05-15T02:00:00Z,4.976846
p01,2022-05-15T03:00:00Z,7.103206
p01,2022-05-15T04:00:00Z,6.902494
p01,2022-05-15T05:00:00Z,6.880736
p01,2022-05-15T06:00:00Z,6.531672
p01,2022-05-15T07:00:00Z,5.920515
p01,2022-05-15T08:00:00Z,5.099738
p01,2022-05-15T09:00:00Z,5.244897
p01,2022-05-15T10:00:00Z,3.719269
p01,2022-05-15T11:00:00Z,3.048208
p01,2022-05-15T12:00:00Z,1.696695
p01,2022-05-15T13:00:00Z,1.404031
p01,2022-05-15T14:00:00Z,0.488818
p01,2022-05-15T15:00:00Z,1.323496
p01,2022-05-15T16:00:00Z,0.216942
p01,2022-05-15T17:00:00Z,-0.116797
p01,2022-05-15T18:00:00Z,0.090848
p01,2022-05-15T19:00:00Z,1.348162
p01,2022-05-15T20:00:00Z,1.146220
p01,2022-05-15T21:00:00Z,2.338410
p01,2022-05-15T22:00:00Z,2.489441
p01,2022-05-15T23:00:00Z,3.109387
p01,2022-05-16T00:00:00Z,4.846462
p01,2022-05-16T01:00:00Z,5.091932
p01,2022-05-16T02:00:00Z,5.303519
p01,2022-05-16T03:00:00Z,5.676008
p01,2022-05-16T04:00:00Z,6.230426
p01,2022-05-16T05:00:00Z,6.485682
p01,2022-05-16T06:00:00Z,6.046250
p01,2022-05-16T07:00:00Z,6.006314
p01,2022-05-16T08:00:00Z,4.765181
p01,2022-05-16T09:00:00Z,4.487136
p01,2022-05-16T10:00:00Z,4.720292
p01,2022-05-16T11:00:00Z,2.827831
p01,2022-05-16T12:00:00Z,2.070217
p01,2022-05-16T13:00:00Z,2.404070
p01,2022-05-16T14:00:00Z,1.234109
p01,2022-05-16T15:00:00Z,0.989316
p01,2022-05-16T16:00:00Z,0.139078
p01,2022-05-16T17:00:00Z,-0.116328
p01,2022-05-16T18:00:00Z,0.172572
p01,2022-05-16T19:00:00Z,0.017183
p01,2022-05-16T20:00:00Z,1.210395
p01,2022-05-16T21:00:00Z,2.229561
p01,2022-05-16T22:00:00Z,2.059533
p01,2022-05-16T23:00:00Z,3.370699
p01,2022-05-17T00:00:00Z,3.421743
p01,2022-05-17T01:00:00Z,3.951639
p01,2022-05-17T02:00:00Z,6.015264
p01,2022-05-17T03:00:00Z,6.083257
p01,2022-05-17T04:00:00Z,5.866009
p01,2022-05-17T05:00:00Z,6.220943
p01,2022-05-17T06:00:00Z,6.055683
p01,2022-05-17T07:00:00Z,7.259372
p01,2022-05-17T08:00:00Z,4.892334
p01,2022-05-17T09:00:00Z,4.822579
p01,2022-05-17T10:00:00Z,3.688761
p01,2022-05-17T11:00:00Z,3.306194
p01,2022-05-17T12:00:00Z,3.048139
p01,2022-05-17T13:00:00Z,2.223418
p01,2022-05-17T14:00:00Z,0.965003
p01,2022-05-17T15:00:00Z,1.051757
p01,2022-05-17T16:00:00Z,0.007326
p01,2022-05-17T17:00:00Z,1.207689
p01,2022-05-17T18:00:00Z,0.252157
p01,2022-05-17T19:00:00Z,1.466542
p01,2022-05-17T20:00:00Z,0.928240
p01,2022-05-17T21:00:00Z,1.825597
p01,2022-05-17T22:00:00Z,2.640277
p01,2022-05-17T23:00:00Z,2.832535
p01,2022-05-18T00:00:00Z,4.040038
p01,2022-05-18T01:00:00Z,4.111057
p01,2022-05-18T02:00:00Z,5.482061
p01,2022-05-18T03:00:00Z,6.072312
p01,2022-05-18T04:00:00Z,6.105278
p01,2022-05-18T05:00:00Z,6.972288
p01,2022-05-18T06:00:00Z,5.499831
p01,2022-05-18T07:00:00Z,6.160302
p01,2022-05-18T08:00:00Z,4.844918
p01,2022-05-18T09:00:00Z,4.429744
p01,2022-05-18T10:00:00Z,3.154465
p01,2022-05-18T11:00:00Z,2.587779
p01,2022-05-18T12:00:00Z,2.528144
p01,2022-05-18T13:00:00Z,0.985350
p01,2022-05-18T14:00:00Z,0.705893
p01,2022-05-18T15:00:00Z,0.371882
p01,2022-05-18T16:00:00Z,-0.047976
p01,2022-05-18T17:00:00Z,0.052307
p01,2022-05-18T18:00:00Z,0.629368
p01,2022-05-18T19:00:00Z,0.523804
p01,2022-05-18T20:00:00Z,1.037145
p01,2022-05-18T21:00:00Z,1.050513
p01,2022-05-18T22:00:00Z,2.716621
p01,2022-05-18T23:00:00Z,2.928644
p01,2022-05-19T00:00:00Z,4.495105
p01,2022-05-19T01:00:00Z,4.043814
p01,2022-05-19T02:00:00Z,5.248938
p01,2022-05-19T03:00:00Z,5.663749
p01,2022-05-19T04:00:00Z,5.673910
p01,2022-05-19T05:00:00Z,6.396580
p01,2022-05-19T06:00:00Z,5.290263
p01,2022-05-19T07:00:00Z,5.464230
p01,2022-05-19T08:00:00Z,4.940744
p01,2022-05-19T09:00:00Z,3.641573
p01,2022-05-19T10:00:00Z,3.648322
p01,2022-05-19T11:00:00Z,3.190793
p01,2022-05-19T12:00:00Z,1.110602
p01,2022-05-19T13:00:00Z,0.925677
p01,2022-05-19T14:00:00Z,0.687756
p01,2022-05-19T15:00:00Z,0.981848
p01,2022-05-19T16:00:00Z,0.222761
p01,2022-05-19T17:00:00Z,0.489566
p01,2022-05-19T18:00:00Z,-0.158395
p01,2022-05-19T19:00:00Z,0.731813
p01,2022-05-19T20:00:00Z,0.731405
p01,2022-05-19T21:00:00Z,1.060102
p01,2022-05-19T22:00:00Z,1.512007
p01,2022-05-19T23:00:00Z,2.332026
p01,2022-05-20T00:00:00Z,3.352433
p01,2022-05-20T01:00:00Z,4.125289
p01,2022-05-20T02:00:00Z,4.588699
p01,2022-05-20T03:00:00Z,4.703697
p01,2022-05-20T04:00:00Z,5.599306
p01,2022-05-20T05:00:00Z,5.667414
p01,2022-05-20T06:00:00Z,5.743828
p01,2022-05-20T07:00:00Z,5.607563
p01,2022-05-20T08:00:00Z,4.885307
p01,2022-05-20T09:00:00Z,4.904270
p01,2022-05-20T10:00:00Z,3.437017
p01,2022-05-20T11:00:00Z,2.151356
p01,2022-05-20T12:00:00Z,1.534236
p01,2022-05-20T13:00:00Z,1.762205
p01,2022-05-20T14:00:00Z,0.975010
p01,2022-05-20T15:00:00Z,-0.426506
p01,2022-05-20T16:00:00Z,0.017418
p01,2022-05-20T17:00:00Z,-0.629590
p01,2022-05-20T18:00:00Z,0.041575
p01,2022-05-20T19:00:00Z,0.111184
p01,2022-05-20T20:00:00Z,0.036762
p01,2022-05-20T21:00:00Z,1.766155
p01,2022-05-20T22:00:00Z,1.840595
p01,2022-05-20T23:00:00Z,1.842660
p01,2022-05-21T00:00:00Z,3.389214
p01,2022-05-21T01:00:00Z,4.142713
p01,2022-05-21T02:00:00Z,4.090487
p01,2022-05-21T03:00:00Z,4.520742
p01,2022-05-21T04:00:00Z,5.892406
p01,2022-05-21T05:00:00Z,5.712824
p01,2022-05-21T06:00:00Z,5.453398
p01,2022-05-21T07:00:00Z,4.969944
p01,2022-05-21T08:00:00Z,5.210660
p01,2022-05-21T09:00:00Z,4.160376
p01,2022-05-21T10:00:00Z,2.930221
p01,2022-05-21T11:00:00Z,3.115165
p01,2022-05-21T12:00:00Z,2.066260
p01,2022-05-21T13:00:00Z,1.267175
p01,2022-05-21T14:00:00Z,-0.030418
p01,2022-05-21T15:00:00Z,0.339906
p01,2022-05-21T16:00:00Z,0.379300
p01,2022-05-21T17:00:00Z,-0.728556
p01,2022-05-21T18:00:00Z,0.227037
p01,2022-05-21T19:00:00Z,0.237206
p01,2022-05-21T20:00:00Z,-0.044332
p01,2022-05-21T21:00:00Z,1.667781
p01,2022-05-21T22:00:00Z,0.995505
p01,2022-05-21T23:00:00Z,3.246300
p01,2022-05-22T00:00:00Z,3.429530
p01,2022-05-22T01:00:00Z,3.937738
p01,2022-05-22T02:00:00Z,3.808899
p01,2022-05-22T03:00:00Z,5.915113
p01,2022-05-22T04:00:00Z,6.175410
p01,2022-05-22T05:00:00Z,5.937715
p01,2022-05-22T06:00:00Z,5.334983
p01,2022-05-22T07:00:00Z,4.725740
p01,2022-05-22T08:00:00Z,4.107237
p01,2022-05-22T09:00:00Z,3.234335
p01,2022-05-22T10:00:00Z,3.526357
p01,2022-05-22T11:00:00Z,2.620089
p01,2022-05-22T12:00:00Z,2.563892
p01,2022-05-22T13:00:00Z,0.040451
p01,2022-05-22T14:00:00Z,0.504912
p01,2022-05-22T15:00:00Z,-0.487138
p01,2022-05-22T16:00:00Z,-1.031276
p01,2022-05-22T17:00:00Z,-0.052015
p01,2022-05-22T18:00:00Z,-0.465736
p01,2022-05-22T19:00:00Z,0.289292
p01,2022-05-22T20:00:00Z,0.320546
p01,2022-05-22T21:00:00Z,1.191757
p01,2022-05-22T22:00:00Z,1.609487
p01,2022-05-22T23:00:00Z,2.515903
p01,2022-05-23T00:00:00Z,3.715885
p01,2022-05-23T01:00:00Z,4.467716
p01,2022-05-23T02:00:00Z,5.439620
p01,2022-05-23T03:00:00Z,4.608092
p01,2022-05-23T04:00:00Z,5.934100
p01,2022-05-23T05:00:00Z,5.533675
p01,2022-05-23T06:00:00Z,5.858258
p01,2022-05-23T07:00:00Z,4.323544
p01,2022-05-23T08:00:00Z,3.781883
p01,2022-05-23T09:00:00Z,4.088804
p01,2022-05-23T10:00:00Z,3.429342
p01,2022-05-23T11:00:00Z,1.798689
p01,2022-05-23T12:00:00Z,1.128260
p01,2022-05-23T13:00:00Z,1.402055
p01,2022-05-23T14:00:00Z,0.412500
p01,2022-05-23T15:00:00Z,-0.370143
p01,2022-05-23T16:00:00Z,-0.349013
p01,2022-05-23T17:00:00Z,0.322815
p01,2022-05-23T18:00:00Z,-0.146141
p01,2022-05-23T19:00:00Z,-0.151405
p01,2022-05-23T20:00:00Z,0.520264
p01,2022-05-23T21:00:00Z,0.825264
p01,2022-05-23T22:00:00Z,1.487504
p01,2022-05-23T23:00:00Z,1.866246
p01,2022-05-24T00:00:00Z,2.622915
p01,2022-05-24T01:00:00Z,2.780548
p01,2022-05-24T02:00:00Z,4.864012
p01,2022-05-24T03:00:00Z,5.818576
p01,2022-05-24T04:00:00Z,5.049566
p01,2022-05-24T05:00:00Z,4.873084
p01,2022-05-24T06:00:00Z,4.638142
p01,2022-05-24T07:00:00Z,5.148279
p01,2022-05-24T08:00:00Z,4.150577
p01,2022-05-24T09:00:00Z,3.230225
p01,2022-05-24T10:00:00Z,2.566933
p01,2022-05-24T11:00:00Z,1.709143
p01,2022-05-24T12:00:00Z,0.305772
p01,2022-05-24T13:00:00Z,0.291792
p01,2022-05-24T14:00:00Z,-0.112617
p01,2022-05-24T15:00:00Z,-0.450215
p01,2022-05-24T16:00:00Z,-0.498895
p01,2022-05-24T17:00:00Z,-1.015483
p01,2022-05-24T18:00:00Z,-0.215365
p01,2022-05-24T19:00:00Z,-0.907829
p01,2022-05-24T20:00:00Z,-0.204415
p01,2022-05-24T21:00:00Z,0.716722
p01,2022-05-24T22:00:00Z,1.216951
p01,2022-05-24T23:00:00Z,2.628992
p01,2022-05-25T00:00:00Z,2.303294
p01,2022-05-25T01:00:00Z,3.417529
p01,2022-05-25T02:00:00Z,4.471875
p01,2022-05-25T03:00:00Z,4.820682
p01,2022-05-25T04:00:00Z,4.498103
p01,2022-05-25T05:00:00Z,4.411667
p01,2022-05-25T06:00:00Z,5.319877
p01,2022-05-25T07:00:00Z,4.076177
p01,2022-05-25T08:00:00Z,4.230190
p01,2022-05-25T09:00:00Z,2.565429
p01,2022-05-25T10:00:00Z,2.722097
p01,2022-05-25T11:00:00Z,2.207832
p01,2022-05-25T12:00:00Z,0.889863
p01,2022-05-25T13:00:00Z,-0.073789
p01,2022-05-25T14:00:00Z,-1.181154
p01,2022-05-25T15:00:00Z,-0.379189
p01,2022-05-25T16:00:00Z,-0.926651
p01,2022-05-25T17:00:00Z,-0.502931
p01,2022-05-25T18:00:00Z,-0.533303
p01,2022-05-25T19:00:00Z,-0.613016
p01,2022-05-25T20:00:00Z,-0.937993
p01,2022-05-25T21:00:00Z,0.042983
p01,2022-05-25T22:00:00Z,1.070482
p01,2022-05-25T23:00:00Z,1.757386
p01,2022-05-26T00:00:00Z,2.421850
p01,2022-05-26T01:00:00Z,3.172803
p01,2022-05-26T02:00:00Z,4.177310
p01,2022-05-26T03:00:00Z,4.520741
p01,2022-05-26T04:00:00Z,4.872522
p01,2022-05-26T05:00:00Z,4.589232
p01,2022-05-26T06:00:00Z,5.045397
p01,2022-05-26T07:00:00Z,4.725975
p01,2022-05-26T08:00:00Z,3.987467
p01,2022-05-26T09:00:00Z,3.265615
p01,2022-05-26T10:00:00Z,2.989658
p01,2022-05-26T11:00:00Z,1.836383
p01,2022-05-26T12:00:00Z,1.385183
p01,2022-05-26T13:00:00Z,0.635187
p01,2022-05-26T14:00:00Z,0.711508
p01,2022-05-26T15:00:00Z,0.039795
p01,2022-05-26T16:00:00Z,-0.375984
p01,2022-05-26T17:00:00Z,-0.670193
p01,2022-05-26T18:00:00Z,0.286874
p01,2022-05-26T19:00:00Z,-0.683109
p01,2022-05-26T20:00:00Z,-0.929078
p01,2022-05-26T21:00:00Z,-0.082579
p01,2022-05-26T22:00:00Z,0.914743
p01,2022-05-26T23:00:00Z,2.528816
p01,2022-05-27T00:00:00Z,2.390346
p01,2022-05-27T01:00:00Z,3.817735
p01,2022-05-27T02:00:00Z,4.607678
p01,2022-05-27T03:00:00Z,4.266536
p01,2022-05-27T04:00:00Z,4.227125
p01,2022-05-27T05:00:00Z,4.809864
p01,2022-05-27T06:00:00Z,5.176769
p01,2022-05-27T07:00:00Z,4.294964
p01,2022-05-27T08:00:00Z,3.265057
p01,2022-05-27T09:00:00Z,3.982030
p01,2022-05-27T10:00:00Z,3.072825
p01,2022-05-27T11:00:00Z,1.240936
p01,2022-05-27T12:00:00Z,0.486424
p01,2022-05-27T13:00:00Z,0.598357
p01,2022-05-27T14:00:00Z,-0.090578
p01,2022-05-27T15:00:00Z,-1.298964
p01,2022-05-27T16:00:00Z,-0.935960
p01,2022-05-27T17:00:00Z,-1.497432
p01,2022-05-27T18:00:00Z,-1.534739
p01,2022-05-27T19:00:00Z,-0.991155
p01,2022-05-27T20:00:00Z,-0.982526
p01,2022-05-27T21:00:00Z,-1.104682
p01,2022-05-27T22:00:00Z,1.279713
p01,2022-05-27T23:00:00Z,1.420016
p01,2022-05-28T00:00:00Z,2.474650
p01,2022-05-28T01:00:00Z,3.187109
p01,2022-05-28T02:00:00Z,4.427751
p01,2022-05-28T03:00:00Z,4.721988
p01,2022-05-28T04:00:00Z,4.792684
p01,2022-05-28T05:00:00Z,3.979811
p01,2022-05-28T06:00:00Z,4.322431
p01,2022-05-28T07:00:00Z,4.129901
p01,2022-05-28T08:00:00Z,4.236609
p01,2022-05-28T09:00:00Z,2.841911
p01,2022-05-28T10:00:00Z,2.696059
p01,2022-05-28T11:00:00Z,1.738397
p01,2022-05-28T12:00:00Z,0.461027
p01,2022-05-28T13:00:00Z,0.443904
p01,2022-05-28T14:00:00Z,-0.617276
p01,2022-05-28T15:00:00Z,-1.144818
p01,2022-05-28T16:00:00Z,-2.092650
p01,2022-05-28T17:00:00Z,-1.881290
p01,2022-05-28T18:00:00Z,-1.474368
p01,2022-05-28T19:00:00Z,-0.987276
p01,2022-05-28T20:00:00Z,-0.568909
p01,2022-05-28T21:00:00Z,1.190581
p01,2022-05-28T22:00:00Z,0.633668
p01,2022-05-28T23:00:00Z,0.921312
p01,2022-05-29T00:00:00Z,2.196950
p01,2022-05-29T01:00:00Z,3.168153
p01,2022-05-29T02:00:00Z,4.207342
p01,2022-05-29T03:00:00Z,3.208102
p01,2022-05-29T04:00:00Z,4.408910
p01,2022-05-29T05:00:00Z,4.110621
p01,2022-05-29T06:00:00Z,3.980538
p01,2022-05-29T07:00:00Z,3.614340
p01,2022-05-29T08:00:00Z,3.668284
p01,2022-05-29T09:00:00Z,2.555008
p01,2022-05-29T10:00:00Z,2.452383
p01,2022-05-29T11:00:00Z,0.771547
p01,2022-05-29T12:00:00Z,0.597632
p01,2022-05-29T13:00:00Z,-0.007081
p01,2022-05-29T14:00:00Z,-0.792950
p01,2022-05-29T15:00:00Z,-1.975073
p01,2022-05-29T16:00:00Z,-1.743404
p01,2022-05-29T17:00:00Z,-1.249538
p01,2022-05-29T18:00:00Z,-0.725919
p01,2022-05-29T19:00:00Z,-0.289276
p01,2022-05-29T20:00:00Z,-0.545315
p01,2022-05-29T21:00:00Z,0.280553
p01,2022-05-29T22:00:00Z,-0.462462
p01,2022-05-29T23:00:00Z,0.408216
p01,2022-05-30T00:00:00Z,2.337644
p01,2022-05-30T01:00:00Z,2.275355
p01,2022-05-30T02:00:00Z,3.041194
p01,2022-05-30T03:00:00Z,3.436381
p01,2022-05-30T04:00:00Z,3.988031
p01,2022-05-30T05:00:00Z,4.387200
p01,2022-05-30T06:00:00Z,3.397275
p01,2022-05-30T07:00:00Z,4.297198
p01,2022-05-30T08:00:00Z,3.156081
p01,2022-05-30T09:00:00Z,2.097633
p01,2022-05-30T10:00:00Z,1.655617
p01,2022-05-30T11:00:00Z,1.556961
p01,2022-05-30T12:00:00Z,1.566169
p01,2022-05-30T13:00:00Z,0.281326
p01,2022-05-30T14:00:00Z,-1.298608
p01,2022-05-30T15:00:00Z,-1.476293
p01,2022-05-30T16:00:00Z,-1.354049
p01,2022-05-30T17:00:00Z,-2.285914
p01,2022-05-30T18:00:00Z,-1.133434
p01,2022-05-30T19:00:00Z,-0.841374
p01,2022-05-30T20:00:00Z,-1.331400
p01,2022-05-30T21:00:00Z,-0.781000
p01,2022-05-30T22:00:00Z,0.545083
p01,2022-05-30T23:00:00Z,1.815192
p01,2022-05-31T00:00:00Z,3.631053
p01,2022-05-31T01:00:00Z,3.061591
p01,2022-05-31T02:00:00Z,3.826346
p01,2022-05-31T03:00:00Z,3.827963
p01,2022-05-31T04:00:00Z,3.998831
p01,2022-05-31T05:00:00Z,3.924049
p01,2022-05-31T06:00:00Z,3.789443
p01,2022-05-31T07:00:00Z,4.123549
p01,2022-05-31T08:00:00Z,3.333641
p01,2022-05-31T09:00:00Z,3.430779
p01,2022-05-31T10:00:00Z,2.442167
p01,2022-05-31T11:00:00Z,1.040965
p01,2022-05-31T12:00:00Z,-0.164930
p01,2022-05-31T13:00:00Z,-0.425829
p01,2022-05-31T14:00:00Z,0.071189
p01,2022-05-31T15:00:00Z,-1.380855
p01,2022-05-31T16:00:00Z,-1.960996
p01,2022-05-31T17:00:00Z,-3.346003
p01,2022-05-31T18:00:00Z,-1.624824
p01,2022-05-31T19:00:00Z,-1.229825
p01,2022-05-31T20:00:00Z,-0.906493
p01,2022-05-31T21:00:00Z,0.314845
p01,2022-05-31T22:00:00Z,1.330380
p01,2022-05-31T23:00:00Z,1.332317
p01,2022-06-01T00:00:00Z,0.985829
p01,2022-06-01T01:00:00Z,3.456731
p01,2022-06-01T02:00:00Z,3.040782
p01,2022-06-01T03:00:00Z,4.925492
p01,2022-06-01T04:00:00Z,4.724903
p01,2022-06-01T05:00:00Z,3.627642
p01,2022-06-01T06:00:00Z,3.050523
p01,2022-06-01T07:00:00Z,3.646829
p01,2022-06-01T08:00:00Z,3.192579
p01,2022-06-01T09:00:00Z,2.642660
p01,2022-06-01T10:00:00Z,1.476282
p01,2022-06-01T11:00:00Z,0.427420
p01,2022-06-01T12:00:00Z,0.180652
p01,2022-06-01T13:00:00Z,-0.266633
p01,2022-06-01T14:00:00Z,-1.404191
p01,2022-06-01T15:00:00Z,-1.558374
p01,2022-06-01T16:00:00Z,-1.061007
p01,2022-06-01T17:00:00Z,-2.747664
p01,2022-06-01T18:00:00Z,-1.207802
p01,2022-06-01T19:00:00Z,-1.707753
p01,2022-06-01T20:00:00Z,-2.415238
p01,2022-06-01T21:00:00Z,-0.498088
p01,2022-06-01T22:00:00Z,0.539527
p01,2022-06-01T23:00:00Z,1.442164
p01,2022-06-02T00:00:00Z,1.796240
p01,2022-06-02T01:00:00Z,2.434799
p01,2022-06-02T02:00:00Z,3.744197
p01,2022-06-02T03:00:00Z,3.596244
p01,2022-06-02T04:00:00Z,3.854811
p01,2022-06-02T05:00:00Z,3.904309
p01,2022-06-02T06:00:00Z,3.149555
p01,2022-06-02T07:00:00Z,3.418675
p01,2022-06-02T08:00:00Z,3.524318
p01,2022-06-02T09:00:00Z,2.330436
p01,2022-06-02T10:00:00Z,1.092779
p01,2022-06-02T11:00:00Z,1.069568
p01,2022-06-02T12:00:00Z,0.835227
p01,2022-06-02T13:00:00Z,-0.029512
p01,2022-06-02T14:00:00Z,-0.353684
p01,2022-06-02T15:00:00Z,-2.004884
p01,2022-06-02T16:00:00Z,-1.670237
p01,2022-06-02T17:00:00Z,-2.594716
p01,2022-06-02T18:00:00Z,-2.121205
p01,2022-06-02T19:00:00Z,-1.712162
p01,2022-06-02T20:00:00Z,-1.552446
p01,2022-06-02T21:00:00Z,-0.475307
p01,2022-06-02T22:00:00Z,0.338043
p01,2022-06-02T23:00:00Z,0.386442
p01,2022-06-03T00:00:00Z,1.729592
p01,2022-06-03T01:00:00Z,2.553951
p01,2022-06-03T02:00:00Z,3.575700
p01,2022-06-03T03:00:00Z,4.112904
p01,2022-06-03T04:00:00Z,3.598906
p01,2022-06-03T05:00:00Z,3.998755
p01,2022-06-03T06:00:00Z,2.823273
p01,2022-06-03T07:00:00Z,4.422769
p01,2022-06-03T08:00:00Z,2.817453
p01,2022-06-03T09:00:00Z,2.200088
p01,2022-06-03T10:00:00Z,2.095813
p01,2022-06-03T11:00:00Z,1.494600
p01,2022-06-03T12:00:00Z,0.456304
p01,2022-06-03T13:00:00Z,-1.180318
p01,2022-06-03T14:00:00Z,-1.662548
p01,2022-06-03T15:00:00Z,-2.134507
p01,2022-06-03T16:00:00Z,-1.967381
p01,2022-06-03T17:00:00Z,-2.024595
p01,2022-06-03T18:00:00Z,-1.846523
p01,2022-06-03T19:00:00Z,-1.940723
p01,2022-06-03T20:00:00Z,-1.087943
p01,2022-06-03T21:00:00Z,-0.474440
p01,2022-06-03T22:00:00Z,-0.733466
p01,2022-06-03T23:00:00Z,0.258030
p01,2022-06-04T00:00:00Z,1.526443
p01,2022-06-04T01:00:00Z,1.190965
p01,2022-06-04T02:00:00Z,3.252526
p01,2022-06-04T03:00:00Z,3.178914
p01,2022-06-04T04:00:00Z,3.727711
p01,2022-06-04T05:00:00Z,3.458240
p01,2022-06-04T06:00:00Z,3.754884
p01,2022-06-04T07:00:00Z,3.633267
p01,2022-06-04T08:00:00Z,2.680117
p01,2022-06-04T09:00:00Z,2.915470
p01,2022-06-04T10:00:00Z,1.510718
p01,2022-06-04T11:00:00Z,0.645535
p01,2022-06-04T12:00:00Z,-0.064753
p01,2022-06-04T13:00:00Z,-0.797201
p01,2022-06-04T14:00:00Z,-1.565182
p01,2022-06-04T15:00:00Z,-1.581982
p01,2022-06-04T16:00:00Z,-1.687572
p01,2022-06-04T17:00:00Z,-2.548732
p01,2022-06-04T18:00:00Z,-2.849360
p01,2022-06-04T19:00:00Z,-2.918851
p01,2022-06-04T20:00:00Z,-1.555991
p01,2022-06-04T21:00:00Z,-0.816216
p01,2022-06-04T22:00:00Z,-0.413068
p01,2022-06-04T23:00:00Z,0.490222
p01,2022-06-05T00:00:00Z,1.447308
p01,2022-06-05T01:00:00Z,1.578381
p01,2022-06-05T02:00:00Z,3.139242
p01,2022-06-05T03:00:00Z,3.170240
p01,2022-06-05T04:00:00Z,4.196186
p01,2022-06-05T05:00:00Z,3.596943
p01,2022-06-05T06:00:00Z,2.939830
p01,2022-06-05T07:00:00Z,2.745788
p01,2022-06-05T08:00:00Z,2.544681
p01,2022-06-05T09:00:00Z,2.362184
p01,2022-06-05T10:00:00Z,0.376784
p01,2022-06-05T11:00:00Z,0.812243
p01,2022-06-05T12:00:00Z,0.717276
p01,2022-06-05T13:00:00Z,-0.808616
p01,2022-06-05T14:00:00Z,-0.712619
p01,2022-06-05T15:00:00Z,-1.833395
p01,2022-06-05T16:00:00Z,-3.045841
p01,2022-06-05T17:00:00Z,-1.793590
p01,2022-06-05T18:00:00Z,-1.905869
p01,2022-06-05T19:00:00Z,-2.242309
p01,2022-06-05T20:00:00Z,-2.394123
p01,2022-06-05T21:00:00Z,-1.213619
p01,2022-06-05T22:00:00Z,0.121897
p01,2022-06-05T23:00:00Z,0.218367
p01,2022-06-06T00:00:00Z,0.566099
p01,2022-06-06T01:00:00Z,1.886080
p01,2022-06-06T02:00:00Z,2.678646
p01,2022-06-06T03:00:00Z,2.286712
p01,2022-06-06T04:00:00Z,3.547508
p01,2022-06-06T05:00:00Z,3.666246
p01,2022-06-06T06:00:00Z,3.073771
p01,2022-06-06T07:00:00Z,3.353632
p01,2022-06-06T08:00:00Z,2.630712
p01,2022-06-06T09:00:00Z,2.037696
p01,2022-06-06T10:00:00Z,2.178295
p01,2022-06-06T11:00:00Z,0.983171
p01,2022-06-06T12:00:00Z,-1.568251
p01,2022-06-06T13:00:00Z,-1.491870
p01,2022-06-06T14:00:00Z,-1.145205
p01,2022-06-06T15:00:00Z,-2.500988
p01,2022-06-06T16:00:00Z,-2.782708
p01,2022-06-06T17:00:00Z,-1.903521
p01,2022-06-06T18:00:00Z,-2.320163
p01,2022-06-06T19:00:00Z,-2.510247
p01,2022-06-06T20:00:00Z,-1.348736
p01,2022-06-06T21:00:00Z,-1.061767
p01,2022-06-06T22:00:00Z,-0.027351
p01,2022-06-06T23:00:00Z,0.747014
p01,2022-06-07T00:00:00Z,1.346965
p01,2022-06-07T01:00:00Z,1.518369
p01,2022-06-07T02:00:00Z,3.160788
p01,2022-06-07T03:00:00Z,3.109122
p01,2022-06-07T04:00:00Z,2.117900
p01,2022-06-07T05:00:00Z,2.745295
p01,2022-06-07T06:00:00Z,3.100398
p01,2022-06-07T07:00:00Z,2.952148
p01,2022-06-07T08:00:00Z,3.081019
p01,2022-06-07T09:00:00Z,2.576265
p01,2022-06-07T10:00:00Z,1.052279
p01,2022-06-07T11:00:00Z,0.440978
p01,2022-06-07T12:00:00Z,-1.454861
p01,2022-06-07T13:00:00Z,-1.501338
p01,2022-06-07T14:00:00Z,-1.950090
p01,2022-06-07T15:00:00Z,-2.334592
p01,2022-06-07T16:00:00Z,-1.922970
p01,2022-06-07T17:00:00Z,-3.155409
p01,2022-06-07T18:00:00Z,-2.698894
p01,2022-06-07T19:00:00Z,-2.762439
p01,2022-06-07T20:00:00Z,-2.105061
p01,2022-06-07T21:00:00Z,-1.154926
p01,2022-06-07T22:00:00Z,0.069984
p01,2022-06-07T23:00:00Z,0.471324
p01,2022-06-08T00:00:00Z,1.033346
p01,2022-06-08T01:00:00Z,1.279852
p01,2022-06-08T02:00:00Z,2.447487
p01,2022-06-08T03:00:00Z,2.601692
p01,2022-06-08T04:00:00Z,3.575237
p01,2022-06-08T05:00:00Z,2.981137
p01,2022-06-08T06:00:00Z,3.470057
p01,2022-06-08T07:00:00Z,2.603076
p01,2022-06-08T08:00:00Z,1.179927
p01,2022-06-08T09:00:00Z,1.322185
p01,2022-06-08T10:00:00Z,1.720153
p01,2022-06-08T11:00:00Z,0.185424
p01,2022-06-08T12:00:00Z,-0.799538
p01,2022-06-08T13:00:00Z,-1.386732
p01,2022-06-08T14:00:00Z,-1.545232
p01,2022-06-08T15:00:00Z,-2.171702
p01,2022-06-08T16:00:00Z,-3.407973
p01,2022-06-08T17:00:00Z,-2.505299
p01,2022-06-08T18:00:00Z,-3.141470
p01,2022-06-08T19:00:00Z,-2.969211
p01,2022-06-08T20:00:00Z,-1.858638
p01,2022-06-08T21:00:00Z,-1.449402
p01,2022-06-08T22:00:00Z,-0.934769
p01,2022-06-08T23:00:00Z,-0.383791
p01,2022-06-09T00:00:00Z,0.582222
p01,2022-06-09T01:00:00Z,1.180847
p01,2022-06-09T02:00:00Z,1.900980
p01,2022-06-09T03:00:00Z,2.545389
p01,2022-06-09T04:00:00Z,3.162040
p01,2022-06-09T05:00:00Z,2.641840
p01,2022-06-09T06:00:00Z,2.692316
p01,2022-06-09T07:00:00Z,2.873431
p01,2022-06-09T08:00:00Z,2.734584
p01,2022-06-09T09:00:00Z,1.590509
p01,2022-06-09T10:00:00Z,0.791311
p01,2022-06-09T11:00:00Z,0.298083
p01,2022-06-09T12:00:00Z,-1.068714
p01,2022-06-09T13:00:00Z,-2.097188
p01,2022-06-09T14:00:00Z,-2.374408
p01,2022-06-09T15:00:00Z,-3.724995
p01,2022-06-09T16:00:00Z,-2.949058
p01,2022-06-09T17:00:00Z,-2.966635
p01,2022-06-09T18:00:00Z,-3.350536
p01,2022-06-09T19:00:00Z,-2.369116
p01,2022-06-09T20:00:00Z,-2.198814
p01,2022-06-09T21:00:00Z,-1.039387
p01,2022-06-09T22:00:00Z,-0.710220
p01,2022-06-09T23:00:00Z,-0.063094
p01,2022-06-10T00:00:00Z,1.790819
p01,2022-06-10T01:00:00Z,1.270957
p01,2022-06-10T02:00:00Z,2.005654
p01,2022-06-10T03:00:00Z,2.287052
p01,2022-06-10T04:00:00Z,3.517334
p01,2022-06-10T05:00:00Z,3.101428
p01,2022-06-10T06:00:00Z,2.760315
p01,2022-06-10T07:00:00Z,1.861952
p01,2022-06-10T08:00:00Z,2.459912
p01,2022-06-10T09:00:00Z,0.562669
p01,2022-06-10T10:00:00Z,0.166099
p01,2022-06-10T11:00:00Z,-0.211460
p01,2022-06-10T12:00:00Z,-0.862204
p01,2022-06-10T13:00:00Z,-2.540966
p01,2022-06-10T14:00:00Z,-2.312493
p01,2022-06-10T15:00:00Z,-2.321501
p01,2022-06-10T16:00:00Z,-3.229871
p01,2022-06-10T17:00:00Z,-2.894187
p01,2022-06-10T18:00:00Z,-3.521123
p01,2022-06-10T19:00:00Z,-3.501024
p01,2022-06-10T20:00:00Z,-1.874536
p01,2022-06-10T21:00:00Z,-2.354238
p01,2022-06-10T22:00:00Z,-0.314687
p01,2022-06-10T23:00:00Z,-0.750670
p01,2022-06-11T00:00:00Z,-0.389645
p01,2022-06-11T01:00:00Z,1.472224
p01,2022-06-11T02:00:00Z,1.988645
p01,2022-06-11T03:00:00Z,2.643889
p01,2022-06-11T04:00:00Z,2.792363
p01,2022-06-11T05:00:00Z,3.200594
p01,2022-06-11T06:00:00Z,2.056291
p01,2022-06-11T07:00:00Z,2.324181
p01,2022-06-11T08:00:00Z,1.731769
p01,2022-06-11T09:00:00Z,1.497515
p01,2022-06-11T10:00:00Z,0.950470
p01,2022-06-11T11:00:00Z,0.202841
p01,2022-06-11T12:00:00Z,-0.535563
p01,2022-06-11T13:00:00Z,-1.364280
p01,2022-06-11T14:00:00Z,-3.187144
p01,2022-06-11T15:00:00Z,-3.617842
p01,2022-06-11T16:00:00Z,-3.492570
p01,2022-06-11T17:00:00Z,-2.905016
p01,2022-06-11T18:00:00Z,-3.031015
p01,2022-06-11T19:00:00Z,-2.799412
p01,2022-06-11T20:00:00Z,-2.985569
p01,2022-06-11T21:00:00Z,-1.575234
p01,2022-06-11T22:00:00Z,-0.770670
p01,2022-06-11T23:00:00Z,-1.113892
p01,2022-06-12T00:00:00Z,0.639730
p01,2022-06-12T01:00:00Z,0.950241
p01,2022-06-12T02:00:00Z,1.918101
p01,2022-06-12T03:00:00Z,2.791801
p01,2022-06-12T04:00:00Z,3.060197
p01,2022-06-12T05:00:00Z,2.877063
p01,2022-06-12T06:00:00Z,1.540460
p01,2022-06-12T07:00:00Z,2.166209
p01,2022-06-12T08:00:00Z,1.331386
p01,2022-06-12T09:00:00Z,1.356598
p01,2022-06-12T10:00:00Z,0.231388
p01,2022-06-12T11:00:00Z,-0.677714
p01,2022-06-12T12:00:00Z,-1.240560
p01,2022-06-12T13:00:00Z,-1.880370
p01,2022-06-12T14:00:00Z,-3.320115
p01,2022-06-12T15:00:00Z,-1.762082
p01,2022-06-12T16:00:00Z,-3.546757
p01,2022-06-12T17:00:00Z,-2.875076
p01,2022-06-12T18:00:00Z,-3.415768
p01,2022-06-12T19:00:00Z,-3.314853
p01,2022-06-12T20:00:00Z,-3.039458
p01,2022-06-12T21:00:00Z,-1.205025
p01,2022-06-12T22:00:00Z,-1.104197
p01,2022-06-12T23:00:00Z,-0.639813
p01,2022-06-13T00:00:00Z,-0.033561
p01,2022-06-13T01:00:00Z,1.053359
p01,2022-06-13T02:00:00Z,1.895561
p01,2022-06-13T03:00:00Z,2.167258
p01,2022-06-13T04:00:00Z,0.749237
p01,2022-06-13T05:00:00Z,3.043164
p01,2022-06-13T06:00:00Z,2.013617
p01,2022-06-13T07:00:00Z,2.059765
p01,2022-06-13T08:00:00Z,2.328702
p01,2022-06-13T09:00:00Z,0.764749
p01,2022-06-13T10:00:00Z,0.087673
p01,2022-06-13T11:00:00Z,-0.173759
p01,2022-06-13T12:00:00Z,-1.934314
p01,2022-06-13T13:00:00Z,-2.219269
p01,2022-06-13T14:00:00Z,-3.191381
p01,2022-06-13T15:00:00Z,-3.709816
p01,2022-06-13T16:00:00Z,-3.826886
p01,2022-06-13T17:00:00Z,-2.993455
p01,2022-06-13T18:00:00Z,-2.906859
p01,2022-06-13T19:00:00Z,-3.429425
p01,2022-06-13T20:00:00Z,-3.138093
p01,2022-06-13T21:00:00Z,-2.048314
p01,2022-06-13T22:00:00Z,-1.387129
p01,2022-06-13T23:00:00Z,-0.381446
p01,2022-06-14T00:00:00Z,-0.060330
p01,2022-06-14T01:00:00Z,0.172353
p01,2022-06-14T02:00:00Z,1.196591
p01,2022-06-14T03:00:00Z,2.124318
p01,2022-06-14T04:00:00Z,1.223171
p01,2022-06-14T05:00:00Z,2.583677
p01,2022-06-14T06:00:00Z,1.558546
p01,2022-06-14T07:00:00Z,1.796366
p01,2022-06-14T08:00:00Z,1.164369
p01,2022-06-14T09:00:00Z,0.153342
p01,2022-06-14T10:00:00Z,0.583128
p01,2022-06-14T11:00:00Z,-0.924772
p01,2022-06-14T12:00:00Z,-1.245893
p01,2022-06-14T13:00:00Z,-2.839497
p01,2022-06-14T14:00:00Z,-1.580438
p01,2022-06-14T15:00:00Z,-4.223811
p01,2022-06-14T16:00:00Z,-3.828820
p01,2022-06-14T17:00:00Z,-2.702362
p01,2022-06-14T18:00:00Z,-4.025178
p01,2022-06-14T19:00:00Z,-3.778721
p01,2022-06-14T20:00:00Z,-3.875394
p01,2022-06-14T21:00:00Z,-1.822578
p01,2022-06-14T22:00:00Z,-0.851304
p01,2022-06-14T23:00:00Z,-0.696578
p01,2022-06-15T00:00:00Z,0.728995
p01,2022-06-15T01:00:00Z,0.694335
p01,2022-06-15T02:00:00Z,1.504077
p01,2022-06-15T03:00:00Z,1.336454
p01,2022-06-15T04:00:00Z,1.552405
p01,2022-06-15T05:00:00Z,2.684425
p01,2022-06-15T06:00:00Z,2.377116
p01,2022-06-15T07:00:00Z,1.897124
p01,2022-06-15T08:00:00Z,1.123449
p01,2022-06-15T09:00:00Z,0.889079
p01,2022-06-15T10:00:00Z,-1.037794
p01,2022-06-15T11:00:00Z,-0.880894
p01,2022-06-15T12:00:00Z,-1.466226
p01,2022-06-15T13:00:00Z,-2.455607
p01,2022-06-15T14:00:00Z,-3.057549
p01,2022-06-15T15:00:00Z,-3.849521
p01,2022-06-15T16:00:00Z,-3.458059
p01,2022-06-15T17:00:00Z,-3.103259
p01,2022-06-15T18:00:00Z,-4.165050
p01,2022-06-15T19:00:00Z,-2.975280
p01,2022-06-15T20:00:00Z,-3.115161
p01,2022-06-15T21:00:00Z,-1.886985
p01,2022-06-15T22:00:00Z,-1.309935
p01,2022-06-15T23:00:00Z,-0.970303
p01,2022-06-16T00:00:00Z,0.229523
p01,2022-06-16T01:00:00Z,0.592260
p01,2022-06-16T02:00:00Z,1.741082
p01,2022-06-16T03:00:00Z,2.497658
p01,2022-06-16T04:00:00Z,1.658672
p01,2022-06-16T05:00:00Z,1.839100
p01,2022-06-16T06:00:00Z,2.607584
p01,2022-06-16T07:00:00Z,1.846000
p01,2022-06-16T08:00:00Z,0.505006
p01,2022-06-16T09:00:00Z,-0.172298
p01,2022-06-16T10:00:00Z,-0.182361
p01,2022-06-16T11:00:00Z,-1.403253
p01,2022-06-16T12:00:00Z,-2.280170
p01,2022-06-16T13:00:00Z,-2.382405
p01,2022-06-16T14:00:00Z,-2.179406
p01,2022-06-16T15:00:00Z,-3.006218
p01,2022-06-16T16:00:00Z,-4.671733
p01,2022-06-16T17:00:00Z,-3.658792
p01,2022-06-16T18:00:00Z,-4.612817
p01,2022-06-16T19:00:00Z,-3.649285
p01,2022-06-16T20:00:00Z,-2.843622
p01,2022-06-16T21:00:00Z,-2.331803
p01,2022-06-16T22:00:00Z,-1.793101
p01,2022-06-16T23:00:00Z,-1.486581
p01,2022-06-17T00:00:00Z,-0.376939
p01,2022-06-17T01:00:00Z,-0.263790
p01,2022-06-17T02:00:00Z,0.519317
p01,2022-06-17T03:00:00Z,2.194176
p01,2022-06-17T04:00:00Z,2.598416
p01,2022-06-17T05:00:00Z,2.626571
p01,2022-06-17T06:00:00Z,2.070431
p01,2022-06-17T07:00:00Z,0.664993
p01,2022-06-17T08:00:00Z,0.355880
p01,2022-06-17T09:00:00Z,0.077110
p01,2022-06-17T10:00:00Z,-0.640711
p01,2022-06-17T11:00:00Z,-1.393749
p01,2022-06-17T12:00:00Z,-1.599435
p01,2022-06-17T13:00:00Z,-2.496063
p01,2022-06-17T14:00:00Z,-3.389839
p01,2022-06-17T15:00:00Z,-3.958827
p01,2022-06-17T16:00:00Z,-3.905205
p01,2022-06-17T17:00:00Z,-4.910593
p01,2022-06-17T18:00:00Z,-3.458526
p01,2022-06-17T19:00:00Z,-3.985647
p01,2022-06-17T20:00:00Z,-2.385024
p01,2022-06-17T21:00:00Z,-3.124633
p01,2022-06-17T22:00:00Z,-1.815779
p01,2022-06-17T23:00:00Z,-1.661507
p01,2022-06-18T00:00:00Z,-0.361679
p01,2022-06-18T01:00:00Z,0.162497
p01,2022-06-18T02:00:00Z,0.850264
p01,2022-06-18T03:00:00Z,1.237845
p01,2022-06-18T04:00:00Z,2.255102
p01,2022-06-18T05:00:00Z,1.845451
p01,2022-06-18T06:00:00Z,2.005096
p01,2022-06-18T07:00:00Z,2.006149
p01,2022-06-18T08:00:00Z,1.614040
p01,2022-06-18T09:00:00Z,1.043056
p01,2022-06-18T10:00:00Z,-0.724223
p01,2022-06-18T11:00:00Z,-0.879340
p01,2022-06-18T12:00:00Z,-1.925285
p01,2022-06-18T13:00:00Z,-3.333149
p01,2022-06-18T14:00:00Z,-2.804826
p01,2022-06-18T15:00:00Z,-4.421879
p01,2022-06-18T16:00:00Z,-4.414375
p01,2022-06-18T17:00:00Z,-4.913091
p01,2022-06-18T18:00:00Z,-3.797197
p01,2022-06-18T19:00:00Z,-3.451830
p01,2022-06-18T20:00:00Z,-3.211085
p01,2022-06-18T21:00:00Z,-2.881963
p01,2022-06-18T22:00:00Z,-2.158513
p01,2022-06-18T23:00:00Z,-1.257929
p01,2022-06-19T00:00:00Z,-0.735838
p01,2022-06-19T01:00:00Z,0.060421
p01,2022-06-19T02:00:00Z,-0.173877
p01,2022-06-19T03:00:00Z,0.381219
p01,2022-06-19T04:00:00Z,1.631362
p01,2022-06-19T05:00:00Z,1.183104
p01,2022-06-19T06:00:00Z,1.003097
p01,2022-06-19T07:00:00Z,1.445233
p01,2022-06-19T08:00:00Z,-0.341001
p01,2022-06-19T09:00:00Z,-0.165119
p01,2022-06-19T10:00:00Z,-1.465511
p01,2022-06-19T11:00:00Z,-0.729068
p01,2022-06-19T12:00:00Z,-1.912043
p01,2022-06-19T13:00:00Z,-3.804790
p01,2022-06-19T14:00:00Z,-3.784919
p01,2022-06-19T15:00:00Z,-4.368184
p01,2022-06-19T16:00:00Z,-5.051690
p01,2022-06-19T17:00:00Z,-4.127985
p01,2022-06-19T18:00:00Z,-4.711095
p01,2022-06-19T19:00:00Z,-3.723644
p01,2022-06-19T20:00:00Z,-3.693654
p01,2022-06-19T21:00:00Z,-3.102397
p01,2022-06-19T22:00:00Z,-1.539442
p01,2022-06-19T23:00:00Z,-1.251406
p01,2022-06-20T00:00:00Z,-1.761132
p01,2022-06-20T01:00:00Z,-0.282782
p01,2022-06-20T02:00:00Z,0.477301
p01,2022-06-20T03:00:00Z,0.488291
p01,2022-06-20T04:00:00Z,1.584376
p01,2022-06-20T05:00:00Z,1.012205
p01,2022-06-20T06:00:00Z,1.478629
p01,2022-06-20T07:00:00Z,0.317893
p01,2022-06-20T08:00:00Z,0.422808
p01,2022-06-20T09:00:00Z,0.328438
p01,2022-06-20T10:00:00Z,-0.480085
p01,2022-06-20T11:00:00Z,-1.330257
p01,2022-06-20T12:00:00Z,-2.268542
p01,2022-06-20T13:00:00Z,-3.165565
p01,2022-06-20T14:00:00Z,-3.289191
p01,2022-06-20T15:00:00Z,-3.689881
p01,2022-06-20T16:00:00Z,-4.910789
p01,2022-06-20T17:00:00Z,-3.662595
p01,2022-06-20T18:00:00Z,-4.456678
p01,2022-06-20T19:00:00Z,-3.994054
p01,2022-06-20T20:00:00Z,-3.784588
p01,2022-06-20T21:00:00Z,-3.558396
p01,2022-06-20T22:00:00Z,-2.907279
p01,2022-06-20T23:00:00Z,-1.621493
p01,2022-06-21T00:00:00Z,-0.784289
p01,2022-06-21T01:00:00Z,-0.601988
p01,2022-06-21T02:00:00Z,0.566885
p01,2022-06-21T03:00:00Z,0.670998
p01,2022-06-21T04:00:00Z,0.548608
p01,2022-06-21T05:00:00Z,0.686889
p01,2022-06-21T06:00:00Z,0.759060
p01,2022-06-21T07:00:00Z,0.920771
p01,2022-06-21T08:00:00Z,0.582311
p01,2022-06-21T09:00:00Z,-0.089438
p01,2022-06-21T10:00:00Z,-1.391088
p01,2022-06-21T11:00:00Z,-2.052561
p01,2022-06-21T12:00:00Z,-2.196393
p01,2022-06-21T13:00:00Z,-3.163097
p01,2022-06-21T14:00:00Z,-3.403037
p01,2022-06-21T15:00:00Z,-3.167829
p01,2022-06-21T16:00:00Z,-4.601363
p01,2022-06-21T17:00:00Z,-4.351468
p01,2022-06-21T18:00:00Z,-4.341999
p01,2022-06-21T19:00:00Z,-4.574991
p01,2022-06-21T20:00:00Z,-4.019461
p01,2022-06-21T21:00:00Z,-2.053194
p01,2022-06-21T22:00:00Z,-3.137618
p01,2022-06-21T23:00:00Z,-2.114124
p01,2022-06-22T00:00:00Z,-0.819238
p01,2022-06-22T01:00:00Z,-0.105126
p01,2022-06-22T02:00:00Z,0.442364
p01,2022-06-22T03:00:00Z,1.070380
p01,2022-06-22T04:00:00Z,0.199312
p01,2022-06-22T05:00:00Z,0.715524
p01,2022-06-22T06:00:00Z,1.269045
p01,2022-06-22T07:00:00Z,-0.072815
p01,2022-06-22T08:00:00Z,0.005726
p01,2022-06-22T09:00:00Z,-0.744389
p01,2022-06-22T10:00:00Z,-1.339372
p01,2022-06-22T11:00:00Z,-2.407690
p01,2022-06-22T12:00:00Z,-2.587479
p01,2022-06-22T13:00:00Z,-3.527725
p01,2022-06-22T14:00:00Z,-3.851886
p01,2022-06-22T15:00:00Z,-4.109313
p01,2022-06-22T16:00:00Z,-5.941093
p01,2022-06-22T17:00:00Z,-5.401195
p01,2022-06-22T18:00:00Z,-4.403136
p01,2022-06-22T19:00:00Z,-3.785726
p01,2022-06-22T20:00:00Z,-4.740742
p01,2022-06-22T21:00:00Z,-3.894086
p01,2022-06-22T22:00:00Z,-3.022930
p01,2022-06-22T23:00:00Z,-2.168981
p01,2022-06-23T00:00:00Z,-1.793880
p01,2022-06-23T01:00:00Z,-0.227532
p01,2022-06-23T02:00:00Z,1.016020
p01,2022-06-23T03:00:00Z,1.252617
p01,2022-06-23T04:00:00Z,0.772521
p01,2022-06-23T05:00:00Z,0.878988
p01,2022-06-23T06:00:00Z,0.448429
p01,2022-06-23T07:00:00Z,1.057589
p01,2022-06-23T08:00:00Z,0.245672
p01,2022-06-23T09:00:00Z,-0.241784
p01,2022-06-23T10:00:00Z,-1.807803
p01,2022-06-23T11:00:00Z,-1.598719
p01,2022-06-23T12:00:00Z,-2.224619
p01,2022-06-23T13:00:00Z,-3.511488
p01,2022-06-23T14:00:00Z,-3.731805
p01,2022-06-23T15:00:00Z,-5.934019
p01,2022-06-23T16:00:00Z,-5.088055
p01,2022-06-23T17:00:00Z,-4.911802
p01,2022-06-23T18:00:00Z,-4.597758
p01,2022-06-23T19:00:00Z,-5.027357
p01,2022-06-23T20:00:00Z,-3.480099
p01,2022-06-23T21:00:00Z,-4.065699
p01,2022-06-23T22:00:00Z,-3.041730
p01,2022-06-23T23:00:00Z,-3.408950
p01,2022-06-24T00:00:00Z,-1.365766
p01,2022-06-24T01:00:00Z,-0.783000
p01,2022-06-24T02:00:00Z,-0.651120
p01,2022-06-24T03:00:00Z,0.691365
p01,2022-06-24T04:00:00Z,0.937255
p01,2022-06-24T05:00:00Z,1.362448
p01,2022-06-24T06:00:00Z,0.830699
p01,2022-06-24T07:00:00Z,-0.502630
p01,2022-06-24T08:00:00Z,0.303480
p01,2022-06-24T09:00:00Z,-0.343814
p01,2022-06-24T10:00:00Z,-1.047482
p01,2022-06-24T11:00:00Z,-2.531019
p01,2022-06-24T12:00:00Z,-2.474756
p01,2022-06-24T13:00:00Z,-3.634747
p01,2022-06-24T14:00:00Z,-4.915508
p01,2022-06-24T15:00:00Z,-4.102224
p01,2022-06-24T16:00:00Z,-5.007057
p01,2022-06-24T17:00:00Z,-5.702616
p01,2022-06-24T18:00:00Z,-5.838255
p01,2022-06-24T19:00:00Z,-3.968392
p01,2022-06-24T20:00:00Z,-5.257366
p01,2022-06-24T21:00:00Z,-4.176296
p01,2022-06-24T22:00:00Z,-3.011142
p01,2022-06-24T23:00:00Z,-2.492957
p01,2022-06-25T00:00:00Z,-1.072132
p01,2022-06-25T01:00:00Z,0.008611
p01,2022-06-25T02:00:00Z,-0.021614
p01,2022-06-25T03:00:00Z,0.020771
p01,2022-06-25T04:00:00Z,1.049080
p01,2022-06-25T05:00:00Z,1.169358
p01,2022-06-25T06:00:00Z,-0.604702
p01,2022-06-25T07:00:00Z,1.134525
p01,2022-06-25T08:00:00Z,0.552765
p01,2022-06-25T09:00:00Z,-0.709632
p01,2022-06-25T10:00:00Z,-1.531028
p01,2022-06-25T11:00:00Z,-2.006227
p01,2022-06-25T12:00:00Z,-2.234561
p01,2022-06-25T13:00:00Z,-3.429645
p01,2022-06-25T14:00:00Z,-4.228701
p01,2022-06-25T15:00:00Z,-4.501736
p01,2022-06-25T16:00:00Z,-5.619107
p01,2022-06-25T17:00:00Z,-5.130974
p01,2022-06-25T18:00:00Z,-5.766076
p01,2022-06-25T19:00:00Z,-4.721094
p01,2022-06-25T20:00:00Z,-4.763299
p01,2022-06-25T21:00:00Z,-4.295367
p01,2022-06-25T22:00:00Z,-2.171843
p01,2022-06-25T23:00:00Z,-2.247584
p01,2022-06-26T00:00:00Z,-1.148617
p01,2022-06-26T01:00:00Z,-1.008724
p01,2022-06-26T02:00:00Z,-0.781657
p01,2022-06-26T03:00:00Z,-0.277920
p01,2022-06-26T04:00:00Z,0.258978
p01,2022-06-26T05:00:00Z,0.277895
p01,2022-06-26T06:00:00Z,0.875333
p01,2022-06-26T07:00:00Z,0.862058
p01,2022-06-26T08:00:00Z,-0.192834
p01,2022-06-26T09:00:00Z,-0.917704
p01,2022-06-26T10:00:00Z,-1.965991
p01,2022-06-26T11:00:00Z,-2.828895
p01,2022-06-26T12:00:00Z,-2.758141
p01,2022-06-26T13:00:00Z,-3.377079
p01,2022-06-26T14:00:00Z,-4.467546
p01,2022-06-26T15:00:00Z,-5.084410
p01,2022-06-26T16:00:00Z,-5.172302
p01,2022-06-26T17:00:00Z,-5.764944
p01,2022-06-26T18:00:00Z,-4.505207
p01,2022-06-26T19:00:00Z,-5.269679
p01,2022-06-26T20:00:00Z,-4.941186
p01,2022-06-26T21:00:00Z,-4.875055
p01,2022-06-26T22:00:00Z,-2.370094
p01,2022-06-26T23:00:00Z,-2.506587
p01,2022-06-27T00:00:00Z,-1.137290
p01,2022-06-27T01:00:00Z,-0.690607
p01,2022-06-27T02:00:00Z,-0.113700
p01,2022-06-27T03:00:00Z,1.555943
p01,2022-06-27T04:00:00Z,0.717159
p01,2022-06-27T05:00:00Z,0.551610
p01,2022-06-27T06:00:00Z,1.062513
p01,2022-06-27T07:00:00Z,-0.406412
p01,2022-06-27T08:00:00Z,-0.435392
p01,2022-06-27T09:00:00Z,-1.460584
p01,2022-06-27T10:00:00Z,-0.983489
p01,2022-06-27T11:00:00Z,-1.847973
p01,2022-06-27T12:00:00Z,-2.985590
p01,2022-06-27T13:00:00Z,-4.531916
p01,2022-06-27T14:00:00Z,-4.317895
p01,2022-06-27T15:00:00Z,-4.948343
p01,2022-06-27T16:00:00Z,-5.515848
p01,2022-06-27T17:00:00Z,-4.909039
p01,2022-06-27T18:00:00Z,-6.104536
p01,2022-06-27T19:00:00Z,-5.397740
p01,2022-06-27T20:00:00Z,-4.590174
p01,2022-06-27T21:00:00Z,-3.401248
p01,2022-06-27T22:00:00Z,-3.369135
p01,2022-06-27T23:00:00Z,-1.570423
p01,2022-06-28T00:00:00Z,-1.684324
p01,2022-06-28T01:00:00Z,-1.206121
p01,2022-06-28T02:00:00Z,-0.812241
p01,2022-06-28T03:00:00Z,0.441961
p01,2022-06-28T04:00:00Z,0.376126
p01,2022-06-28T05:00:00Z,1.485314
p01,2022-06-28T06:00:00Z,0.889807
p01,2022-06-28T07:00:00Z,-0.459215
p01,2022-06-28T08:00:00Z,0.076387
p01,2022-06-28T09:00:00Z,-1.270960
p01,2022-06-28T10:00:00Z,-1.674767
p01,2022-06-28T11:00:00Z,-2.459205
p01,2022-06-28T12:00:00Z,-2.545906
p01,2022-06-28T13:00:00Z,-3.353153
p01,2022-06-28T14:00:00Z,-4.093285
p01,2022-06-28T15:00:00Z,-4.984957
p01,2022-06-28T16:00:00Z,-5.365095
p01,2022-06-28T17:00:00Z,-5.576901
p01,2022-06-28T18:00:00Z,-5.068563
p01,2022-06-28T19:00:00Z,-5.030937
p01,2022-06-28T20:00:00Z,-4.878690
p01,2022-06-28T21:00:00Z,-4.949254
p01,2022-06-28T22:00:00Z,-3.440434
p01,2022-06-28T23:00:00Z,-1.809633
p01,2022-06-29T00:00:00Z,-1.122560
p01,2022-06-29T01:00:00Z,-1.267066
p01,2022-06-29T02:00:00Z,-0.106428
p01,2022-06-29T03:00:00Z,-0.065049
p01,2022-06-29T04:00:00Z,-0.530810
p01,2022-06-29T05:00:00Z,-0.786124
p01,2022-06-29T06:00:00Z,-0.213675
p01,2022-06-29T07:00:00Z,-0.530478
p01,2022-06-29T08:00:00Z,-0.705115
p01,2022-06-29T09:00:00Z,-0.561364
p01,2022-06-29T10:00:00Z,-2.762712
p01,2022-06-29T11:00:00Z,-2.861278
p01,2022-06-29T12:00:00Z,-3.192551
p01,2022-06-29T13:00:00Z,-3.648078
p01,2022-06-29T14:00:00Z,-4.482393
p01,2022-06-29T15:00:00Z,-4.872199
p01,2022-06-29T16:00:00Z,-5.874734
p01,2022-06-29T17:00:00Z,-5.617403
p01,2022-06-29T18:00:00Z,-5.105336
p01,2022-06-29T19:00:00Z,-4.768289
p01,2022-06-29T20:00:00Z,-4.668994
p01,2022-06-29T21:00:00Z,-5.052499
p01,2022-06-29T22:00:00Z,-3.385673
p01,2022-06-29T23:00:00Z,-3.242474
p01,2022-06-30T00:00:00Z,-2.563787
p01,2022-06-30T01:00:00Z,-1.312881
p01,2022-06-30T02:00:00Z,-0.708518
p01,2022-06-30T03:00:00Z,-0.433315
p01,2022-06-30T04:00:00Z,-0.031216
p01,2022-06-30T05:00:00Z,0.624943
p01,2022-06-30T06:00:00Z,-0.075505
p01,2022-06-30T07:00:00Z,-0.223131
p01,2022-06-30T08:00:00Z,-0.938484
p01,2022-06-30T09:00:00Z,-1.720058
p01,2022-06-30T10:00:00Z,-2.686764
p01,2022-06-30T11:00:00Z,-3.503014
p01,2022-06-30T12:00:00Z,-3.782639
p01,2022-06-30T13:00:00Z,-5.366474
p01,2022-06-30T14:00:00Z,-4.739063
p01,2022-06-30T15:00:00Z,-4.369362
p01,2022-06-30T16:00:00Z,-6.042924
p01,2022-06-30T17:00:00Z,-5.475550
p01,2022-06-30T18:00:00Z,-5.797822
p01,2022-06-30T19:00:00Z,-4.165441
p01,2022-06-30T20:00:00Z,-4.843821
p01,2022-06-30T21:00:00Z,-4.717648
p01,2022-06-30T22:00:00Z,-3.670451
p01,2022-06-30T23:00:00Z,-3.256097
p01,2022-07-01T00:00:00Z,-2.475718
p01,2022-07-01T01:00:00Z,-1.943869
p01,2022-07-01T02:00:00Z,-1.119271
p01,2022-07-01T03:00:00Z,-0.278009
p01,2022-07-01T04:00:00Z,-0.199870
p01,2022-07-01T05:00:00Z,0.943831
p01,2022-07-01T06:00:00Z,-0.747603
p01,2022-07-01T07:00:00Z,-1.026524
p01,2022-07-01T08:00:00Z,0.096630
p01,2022-07-01T09:00:00Z,-1.808873
p01,2022-07-01T10:00:00Z,-1.959696
p01,2022-07-01T11:00:00Z,-2.490798
p01,2022-07-01T12:00:00Z,-4.916532
p01,2022-07-01T13:00:00Z,-4.161088
p01,2022-07-01T14:00:00Z,-4.994218
p01,2022-07-01T15:00:00Z,-5.872094
p01,2022-07-01T16:00:00Z,-6.513186
p01,2022-07-01T17:00:00Z,-7.082438
p01,2022-07-01T18:00:00Z,-5.883442
p01,2022-07-01T19:00:00Z,-4.863711
p01,2022-07-01T20:00:00Z,-4.847580
p01,2022-07-01T21:00:00Z,-3.772632
p01,2022-07-01T22:00:00Z,-4.021317
p01,2022-07-01T23:00:00Z,-2.769606
p01,2022-07-02T00:00:00Z,-2.972474
p01,2022-07-02T01:00:00Z,-1.358745
p01,2022-07-02T02:00:00Z,0.216225
p01,2022-07-02T03:00:00Z,-0.141470
p01,2022-07-02T04:00:00Z,0.139927
p01,2022-07-02T05:00:00Z,-0.029549
p01,2022-07-02T06:00:00Z,-0.651400
p01,2022-07-02T07:00:00Z,-0.078413
p01,2022-07-02T08:00:00Z,-0.290200
p01,2022-07-02T09:00:00Z,-1.945551
p01,2022-07-02T10:00:00Z,-2.095674
p01,2022-07-02T11:00:00Z,-2.586779
p01,2022-07-02T12:00:00Z,-3.261140
p01,2022-07-02T13:00:00Z,-3.877215
p01,2022-07-02T14:00:00Z,-4.353584
p01,2022-07-02T15:00:00Z,-5.858808
p01,2022-07-02T16:00:00Z,-6.025569
p01,2022-07-02T17:00:00Z,-5.660428
p01,2022-07-02T18:00:00Z,-6.378669
p01,2022-07-02T19:00:00Z,-5.045048
p01,2022-07-02T20:00:00Z,-5.702443
p01,2022-07-02T21:00:00Z,-4.862105
p01,2022-07-02T22:00:00Z,-4.933536
p01,2022-07-02T23:00:00Z,-3.373675
p01,2022-07-03T00:00:00Z,-1.572594
p01,2022-07-03T01:00:00Z,-1.422471
p01,2022-07-03T02:00:00Z,-1.142093
p01,2022-07-03T03:00:00Z,-0.047247
p01,2022-07-03T04:00:00Z,-0.517895
p01,2022-07-03T05:00:00Z,-0.300260
p01,2022-07-03T06:00:00Z,-1.324900
p01,2022-07-03T07:00:00Z,-0.339260
p01,2022-07-03T08:00:00Z,-1.193638
p01,2022-07-03T09:00:00Z,-2.167178
p01,2022-07-03T10:00:00Z,-1.815491
p01,2022-07-03T11:00:00Z,-3.154173
p01,2022-07-03T12:00:00Z,-3.762719
p01,2022-07-03T13:00:00Z,-3.307756
p01,2022-07-03T14:00:00Z,-4.519954
p01,2022-07-03T15:00:00Z,-6.359964
p01,2022-07-03T16:00:00Z,-6.632369
p01,2022-07-03T17:00:00Z,-6.106766
p01,2022-07-03T18:00:00Z,-6.380195
p01,2022-07-03T19:00:00Z,-6.150974
p01,2022-07-03T20:00:00Z,-5.435466
p01,2022-07-03T21:00:00Z,-4.956828
p01,2022-07-03T22:00:00Z,-4.755043
p01,2022-07-03T23:00:00Z,-2.544141
p01,2022-07-04T00:00:00Z,-3.132409
p01,2022-07-04T01:00:00Z,-2.576543
p01,2022-07-04T02:00:00Z,-1.102049
p01,2022-07-04T03:00:00Z,-1.235110
p01,2022-07-04T04:00:00Z,-0.213641
p01,2022-07-04T05:00:00Z,-0.508363
p01,2022-07-04T06:00:00Z,0.453127
p01,2022-07-04T07:00:00Z,-0.534143
p01,2022-07-04T08:00:00Z,-1.878666
p01,2022-07-04T09:00:00Z,-1.899046
p01,2022-07-04T10:00:00Z,-2.743622
p01,2022-07-04T11:00:00Z,-3.021198
p01,2022-07-04T12:00:00Z,-3.782869
p01,2022-07-04T13:00:00Z,-5.336064
p01,2022-07-04T14:00:00Z,-5.397551
p01,2022-07-04T15:00:00Z,-4.971096
p01,2022-07-04T16:00:00Z,-6.045427
p01,2022-07-04T17:00:00Z,-6.070534
p01,2022-07-04T18:00:00Z,-5.642823
p01,2022-07-04T19:00:00Z,-6.488962
p01,2022-07-04T20:00:00Z,-5.448800
p01,2022-07-04T21:00:00Z,-4.746707
p01,2022-07-04T22:00:00Z,-4.027271
p01,2022-07-04T23:00:00Z,-3.308804
p01,2022-07-05T00:00:00Z,-2.410336
p01,2022-07-05T01:00:00Z,-1.071301
p01,2022-07-05T02:00:00Z,-1.868445
p01,2022-07-05T03:00:00Z,-0.844018
p01,2022-07-05T04:00:00Z,0.030062
p01,2022-07-05T05:00:00Z,-0.500203
p01,2022-07-05T06:00:00Z,-0.451204
p01,2022-07-05T07:00:00Z,-0.323649
p01,2022-07-05T08:00:00Z,-0.203753
p01,2022-07-05T09:00:00Z,-2.736154
p01,2022-07-05T10:00:00Z,-3.227334
p01,2022-07-05T11:00:00Z,-3.467489
p01,2022-07-05T12:00:00Z,-3.567164
p01,2022-07-05T13:00:00Z,-4.895577
p01,2022-07-05T14:00:00Z,-6.487902
p01,2022-07-05T15:00:00Z,-6.269736
p01,2022-07-05T16:00:00Z,-6.228088
p01,2022-07-05T17:00:00Z,-6.510597
p01,2022-07-05T18:00:00Z,-5.807323
p01,2022-07-05T19:00:00Z,-6.044781
p01,2022-07-05T20:00:00Z,-6.105710
p01,2022-07-05T21:00:00Z,-4.369927
p01,2022-07-05T22:00:00Z,-4.351469
p01,2022-07-05T23:00:00Z,-3.344194
p01,2022-07-06T00:00:00Z,-2.176358
p01,2022-07-06T01:00:00Z,-2.388586
p01,2022-07-06T02:00:00Z,-0.533609
p01,2022-07-06T03:00:00Z,-0.724520
p01,2022-07-06T04:00:00Z,-1.265935
p01,2022-07-06T05:00:00Z,-0.246693
p01,2022-07-06T06:00:00Z,-0.656365
p01,2022-07-06T07:00:00Z,-0.668638
p01,2022-07-06T08:00:00Z,-0.725066
p01,2022-07-06T09:00:00Z,-1.619328
p01,2022-07-06T10:00:00Z,-3.728761
p01,2022-07-06T11:00:00Z,-3.757701
p01,2022-07-06T12:00:00Z,-4.432604
p01,2022-07-06T13:00:00Z,-4.867857
p01,2022-07-06T14:00:00Z,-5.093282
p01,2022-07-06T15:00:00Z,-5.744927
p01,2022-07-06T16:00:00Z,-5.859798
p01,2022-07-06T17:00:00Z,-6.713347
p01,2022-07-06T18:00:00Z,-6.609802
p01,2022-07-06T19:00:00Z,-5.656916
p01,2022-07-06T20:00:00Z,-5.958100
p01,2022-07-06T21:00:00Z,-4.524276
p01,2022-07-06T22:00:00Z,-4.045859
p01,2022-07-06T23:00:00Z,-3.720192
p01,2022-07-07T00:00:00Z,-3.226677
p01,2022-07-07T01:00:00Z,-2.351635
p01,2022-07-07T02:00:00Z,-1.322903
p01,2022-07-07T03:00:00Z,-0.554069
p01,2022-07-07T04:00:00Z,-0.537137
p01,2022-07-07T05:00:00Z,0.032040
p01,2022-07-07T06:00:00Z,-0.113894
p01,2022-07-07T07:00:00Z,-2.122325
p01,2022-07-07T08:00:00Z,-2.454753
p01,2022-07-07T09:00:00Z,-1.893493
p01,2022-07-07T10:00:00Z,-3.162107
p01,2022-07-07T11:00:00Z,-2.717930
p01,2022-07-07T12:00:00Z,-4.774913
p01,2022-07-07T13:00:00Z,-5.162642
p01,2022-07-07T14:00:00Z,-5.431828
p01,2022-07-07T15:00:00Z,-6.828798
p01,2022-07-07T16:00:00Z,-6.061615
p01,2022-07-07T17:00:00Z,-6.671522
p01,2022-07-07T18:00:00Z,-5.348238
p01,2022-07-07T19:00:00Z,-5.013313
p01,2022-07-07T20:00:00Z,-6.766264
p01,2022-07-07T21:00:00Z,-4.711744
p01,2022-07-07T22:00:00Z,-4.351367
p01,2022-07-07T23:00:00Z,-3.924477
p01,2022-07-08T00:00:00Z,-2.494001
p01,2022-07-08T01:00:00Z,-2.081137
p01,2022-07-08T02:00:00Z,-0.743876
p01,2022-07-08T03:00:00Z,-1.092102
p01,2022-07-08T04:00:00Z,-0.057651
p01,2022-07-08T05:00:00Z,-1.056442
p01,2022-07-08T06:00:00Z,-0.972946
p01,2022-07-08T07:00:00Z,-0.446781
p01,2022-07-08T08:00:00Z,-0.565557
p01,2022-07-08T09:00:00Z,-1.765106
p01,2022-07-08T10:00:00Z,-3.715117
p01,2022-07-08T11:00:00Z,-3.563589
p01,2022-07-08T12:00:00Z,-5.667109
p01,2022-07-08T13:00:00Z,-5.562999
p01,2022-07-08T14:00:00Z,-6.063125
p01,2022-07-08T15:00:00Z,-6.177920
p01,2022-07-08T16:00:00Z,-7.339792
p01,2022-07-08T17:00:00Z,-6.796463
p01,2022-07-08T18:00:00Z,-7.479871
p01,2022-07-08T19:00:00Z,-6.872437
p01,2022-07-08T20:00:00Z,-5.748592
p01,2022-07-08T21:00:00Z,-5.773759
p01,2022-07-08T22:00:00Z,-3.464586
p01,2022-07-08T23:00:00Z,-3.889846
p01,2022-07-09T00:00:00Z,-2.955914
p01,2022-07-09T01:00:00Z,-2.497302
p01,2022-07-09T02:00:00Z,-1.614704
p01,2022-07-09T03:00:00Z,-1.803030
p01,2022-07-09T04:00:00Z,-0.601191
p01,2022-07-09T05:00:00Z,-0.416354
p01,2022-07-09T06:00:00Z,-0.094333
p01,2022-07-09T07:00:00Z,0.497750
p01,2022-07-09T08:00:00Z,-1.745539
p01,2022-07-09T09:00:00Z,-2.502825
p01,2022-07-09T10:00:00Z,-2.762658
p01,2022-07-09T11:00:00Z,-3.803323
p01,2022-07-09T12:00:00Z,-4.723445
p01,2022-07-09T13:00:00Z,-4.821866
p01,2022-07-09T14:00:00Z,-6.229327
p01,2022-07-09T15:00:00Z,-6.913986
p01,2022-07-09T16:00:00Z,-6.549609
p01,2022-07-09T17:00:00Z,-7.057531
p01,2022-07-09T18:00:00Z,-7.865639
p01,2022-07-09T19:00:00Z,-5.485963
p01,2022-07-09T20:00:00Z,-5.982112
p01,2022-07-09T21:00:00Z,-4.851599
p01,2022-07-09T22:00:00Z,-4.515032
p01,2022-07-09T23:00:00Z,-3.823168
p01,2022-07-10T00:00:00Z,-2.476462
p01,2022-07-10T01:00:00Z,-2.601128
p01,2022-07-10T02:00:00Z,-2.337768
p01,2022-07-10T03:00:00Z,-2.245121
p01,2022-07-10T04:00:00Z,-0.920395
p01,2022-07-10T05:00:00Z,-0.856622
p01,2022-07-10T06:00:00Z,-0.994554
p01,2022-07-10T07:00:00Z,-1.393204
p01,2022-07-10T08:00:00Z,-1.748908
p01,2022-07-10T09:00:00Z,-1.955277
p01,2022-07-10T10:00:00Z,-2.938397
p01,2022-07-10T11:00:00Z,-4.418536
p01,2022-07-10T12:00:00Z,-3.939657
p01,2022-07-10T13:00:00Z,-5.901536
p01,2022-07-10T14:00:00Z,-6.251030
p01,2022-07-10T15:00:00Z,-6.779503
p01,2022-07-10T16:00:00Z,-7.310632
p01,2022-07-10T17:00:00Z,-6.838684
p01,2022-07-10T18:00:00Z,-6.561602
p01,2022-07-10T19:00:00Z,-6.979312
p01,2022-07-10T20:00:00Z,-5.760899
p01,2022-07-10T21:00:00Z,-5.301815
p01,2022-07-10T22:00:00Z,-5.173034
p01,2022-07-10T23:00:00Z,-3.316691
p01,2022-07-11T00:00:00Z,-4.063586
p01,2022-07-11T01:00:00Z,-2.557512
p01,2022-07-11T02:00:00Z,-1.513136
p01,2022-07-11T03:00:00Z,-1.985606
p01,2022-07-11T04:00:00Z,-1.601803
p01,2022-07-11T05:00:00Z,-1.341111
p01,2022-07-11T06:00:00Z,-0.815431
p01,2022-07-11T07:00:00Z,-1.899597
p01,2022-07-11T08:00:00Z,-2.545429
p01,2022-07-11T09:00:00Z,-2.728033
p01,2022-07-11T10:00:00Z,-3.060078
p01,2022-07-11T11:00:00Z,-3.509229
p01,2022-07-11T12:00:00Z,-5.148162
p01,2022-07-11T13:00:00Z,-5.895145
p01,2022-07-11T14:00:00Z,-6.852871
p01,2022-07-11T15:00:00Z,-6.798941
p01,2022-07-11T16:00:00Z,-7.481050
p01,2022-07-11T17:00:00Z,-6.737825
p01,2022-07-11T18:00:00Z,-7.052486
p01,2022-07-11T19:00:00Z,-6.431179
p01,2022-07-11T20:00:00Z,-6.182879
p01,2022-07-11T21:00:00Z,-5.884047
p01,2022-07-11T22:00:00Z,-5.282412
p01,2022-07-11T23:00:00Z,-4.544963
p01,2022-07-12T00:00:00Z,-3.494700
p01,2022-07-12T01:00:00Z,-2.808646
p01,2022-07-12T02:00:00Z,-1.877423
p01,2022-07-12T03:00:00Z,-1.687641
p01,2022-07-12T04:00:00Z,-1.383995
p01,2022-07-12T05:00:00Z,-1.714882
p01,2022-07-12T06:00:00Z,-0.941686
p01,2022-07-12T07:00:00Z,-0.854697
p01,2022-07-12T08:00:00Z,-1.750124
p01,2022-07-12T09:00:00Z,-2.895368
p01,2022-07-12T10:00:00Z,-4.069859
p01,2022-07-12T11:00:00Z,-3.425050
p01,2022-07-12T12:00:00Z,-6.056455
p01,2022-07-12T13:00:00Z,-5.761070
p01,2022-07-12T14:00:00Z,-6.142940
p01,2022-07-12T15:00:00Z,-6.738931
p01,2022-07-12T16:00:00Z,-6.439958
p01,2022-07-12T17:00:00Z,-7.437886
p01,2022-07-12T18:00:00Z,-6.078937
p01,2022-07-12T19:00:00Z,-7.045915
p01,2022-07-12T20:00:00Z,-7.012641
p01,2022-07-12T21:00:00Z,-5.667794
p01,2022-07-12T22:00:00Z,-4.670003
p01,2022-07-12T23:00:00Z,-4.965589
p01,2022-07-13T00:00:00Z,-3.296639
p01,2022-07-13T01:00:00Z,-2.427633
p01,2022-07-13T02:00:00Z,-2.348279
p01,2022-07-13T03:00:00Z,-1.512280
p01,2022-07-13T04:00:00Z,-0.669102
p01,2022-07-13T05:00:00Z,-1.443765
p01,2022-07-13T06:00:00Z,-1.182891
p01,2022-07-13T07:00:00Z,-0.952814
p01,2022-07-13T08:00:00Z,-3.003660
p01,2022-07-13T09:00:00Z,-2.876895
p01,2022-07-13T10:00:00Z,-4.137406
p01,2022-07-13T11:00:00Z,-5.697927
p01,2022-07-13T12:00:00Z,-4.327714
p01,2022-07-13T13:00:00Z,-6.074105
p01,2022-07-13T14:00:00Z,-6.289822
p01,2022-07-13T15:00:00Z,-6.685871
p01,2022-07-13T16:00:00Z,-7.168527
p01,2022-07-13T17:00:00Z,-6.275652
p01,2022-07-13T18:00:00Z,-7.502009
p01,2022-07-13T19:00:00Z,-7.231198
p01,2022-07-13T20:00:00Z,-6.020592
p01,2022-07-13T21:00:00Z,-5.735644
p01,2022-07-13T22:00:00Z,-5.550928
p01,2022-07-13T23:00:00Z,-3.383385
p01,2022-07-14T00:00:00Z,-2.773549
p01,2022-07-14T01:00:00Z,-2.785197
p01,2022-07-14T02:00:00Z,-1.820267
p01,2022-07-14T03:00:00Z,-2.572266
p01,2022-07-14T04:00:00Z,-1.476481
p01,2022-07-14T05:00:00Z,-1.146839
p01,2022-07-14T06:00:00Z,-1.570639
p01,2022-07-14T07:00:00Z,-2.002291
p01,2022-07-14T08:00:00Z,-2.729902
p01,2022-07-14T09:00:00Z,-2.425452
p01,2022-07-14T10:00:00Z,-3.124603
p01,2022-07-14T11:00:00Z,-4.131524
p01,2022-07-14T12:00:00Z,-5.336524
p01,2022-07-14T13:00:00Z,-5.983044
p01,2022-07-14T14:00:00Z,-7.129964
p01,2022-07-14T15:00:00Z,-6.710727
p01,2022-07-14T16:00:00Z,-6.645224
p01,2022-07-14T17:00:00Z,-7.243992
p01,2022-07-14T18:00:00Z,-6.952986
p01,2022-07-14T19:00:00Z,-6.979955
p01,2022-07-14T20:00:00Z,-7.096965
p01,2022-07-14T21:00:00Z,-6.699416
p01,2022-07-14T22:00:00Z,-5.226964
p01,2022-07-14T23:00:00Z,-3.571136
p01,2022-07-15T00:00:00Z,-2.875613
p01,2022-07-15T01:00:00Z,-3.200011
p01,2022-07-15T02:00:00Z,-1.546695
p01,2022-07-15T03:00:00Z,-1.659050
p01,2022-07-15T04:00:00Z,-1.761738
p01,2022-07-15T05:00:00Z,-1.477378
p01,2022-07-15T06:00:00Z,-1.878963
p01,2022-07-15T07:00:00Z,-1.978363
p01,2022-07-15T08:00:00Z,-2.394725
p01,2022-07-15T09:00:00Z,-2.165041
p01,2022-07-15T10:00:00Z,-4.022668
p01,2022-07-15T11:00:00Z,-4.403134
p01,2022-07-15T12:00:00Z,-5.806146
p01,2022-07-15T13:00:00Z,-5.750183
p01,2022-07-15T14:00:00Z,-6.319603
p01,2022-07-15T15:00:00Z,-7.610210
p01,2022-07-15T16:00:00Z,-7.646535
p01,2022-07-15T17:00:00Z,-8.148549
p01,2022-07-15T18:00:00Z,-7.270716
p01,2022-07-15T19:00:00Z,-6.702829
p01,2022-07-15T20:00:00Z,-7.199611
p01,2022-07-15T21:00:00Z,-6.359301
p01,2022-07-15T22:00:00Z,-4.891120
p01,2022-07-15T23:00:00Z,-4.500015
p01,2022-07-16T00:00:00Z,-3.323452
p01,2022-07-16T01:00:00Z,-3.195391
p01,2022-07-16T02:00:00Z,-2.545171
p01,2022-07-16T03:00:00Z,-2.505022
p01,2022-07-16T04:00:00Z,-1.263905
p01,2022-07-16T05:00:00Z,-1.468109
p01,2022-07-16T06:00:00Z,-2.107475
p01,2022-07-16T07:00:00Z,-0.997241
p01,2022-07-16T08:00:00Z,-2.534037
p01,2022-07-16T09:00:00Z,-2.361324
p01,2022-07-16T10:00:00Z,-3.702458
p01,2022-07-16T11:00:00Z,-4.434286
p01,2022-07-16T12:00:00Z,-5.056092
p01,2022-07-16T13:00:00Z,-6.144833
p01,2022-07-16T14:00:00Z,-7.249858
p01,2022-07-16T15:00:00Z,-7.857084
p01,2022-07-16T16:00:00Z,-7.485197
p01,2022-07-16T17:00:00Z,-7.489090
p01,2022-07-16T18:00:00Z,-8.195853
p01,2022-07-16T19:00:00Z,-7.211132
p01,2022-07-16T20:00:00Z,-6.499655
p01,2022-07-16T21:00:00Z,-5.045253
p01,2022-07-16T22:00:00Z,-5.794737
p01,2022-07-16T23:00:00Z,-3.996945
p01,2022-07-17T00:00:00Z,-3.557046
p01,2022-07-17T01:00:00Z,-3.585237
p01,2022-07-17T02:00:00Z,-2.863690
p01,2022-07-17T03:00:00Z,-2.676963
p01,2022-07-17T04:00:00Z,-1.608832
p01,2022-07-17T05:00:00Z,-1.316731
p01,2022-07-17T06:00:00Z,-2.133766
p01,2022-07-17T07:00:00Z,-1.237684
p01,2022-07-17T08:00:00Z,-2.742279
p01,2022-07-17T09:00:00Z,-2.763065
p01,2022-07-17T10:00:00Z,-3.897176
p01,2022-07-17T11:00:00Z,-4.669375
p01,2022-07-17T12:00:00Z,-6.626252
p01,2022-07-17T13:00:00Z,-4.861764
p01,2022-07-17T14:00:00Z,-7.623314
p01,2022-07-17T15:00:00Z,-7.789391
p01,2022-07-17T16:00:00Z,-7.517933
p01,2022-07-17T17:00:00Z,-7.638976
p01,2022-07-17T18:00:00Z,-8.177981
p01,2022-07-17T19:00:00Z,-7.328957
p01,2022-07-17T20:00:00Z,-6.689098
p01,2022-07-17T21:00:00Z,-5.565182
p01,2022-07-17T22:00:00Z,-4.891122
p01,2022-07-17T23:00:00Z,-4.749634
p01,2022-07-18T00:00:00Z,-4.074895
p01,2022-07-18T01:00:00Z,-2.691627
p01,2022-07-18T02:00:00Z,-3.024544
p01,2022-07-18T03:00:00Z,-1.929838
p01,2022-07-18T04:00:00Z,-2.429783
p01,2022-07-18T05:00:00Z,-2.843643
p01,2022-07-18T06:00:00Z,-2.364090
p01,2022-07-18T07:00:00Z,-1.272989
p01,2022-07-18T08:00:00Z,-2.475877
p01,2022-07-18T09:00:00Z,-3.433905
p01,2022-07-18T10:00:00Z,-4.309045
p01,2022-07-18T11:00:00Z,-5.433697
p01,2022-07-18T12:00:00Z,-5.288593
p01,2022-07-18T13:00:00Z,-5.736167
p01,2022-07-18T14:00:00Z,-7.102357
p01,2022-07-18T15:00:00Z,-6.828514
p01,2022-07-18T16:00:00Z,-7.341217
p01,2022-07-18T17:00:00Z,-7.340811
p01,2022-07-18T18:00:00Z,-7.347523
p01,2022-07-18T19:00:00Z,-7.564409
p01,2022-07-18T20:00:00Z,-7.047078
p01,2022-07-18T21:00:00Z,-6.117985
p01,2022-07-18T22:00:00Z,-6.141471
p01,2022-07-18T23:00:00Z,-4.297709
p01,2022-07-19T00:00:00Z,-3.175690
p01,2022-07-19T01:00:00Z,-2.852475
p01,2022-07-19T02:00:00Z,-2.881940
p01,2022-07-19T03:00:00Z,-1.542015
p01,2022-07-19T04:00:00Z,-1.580106
p01,2022-07-19T05:00:00Z,-2.312180
p01,2022-07-19T06:00:00Z,-1.381879
p01,2022-07-19T07:00:00Z,-2.836965
p01,2022-07-19T08:00:00Z,-3.552773
p01,2022-07-19T09:00:00Z,-3.172853
p01,2022-07-19T10:00:00Z,-4.440575
p01,2022-07-19T11:00:00Z,-4.902209
p01,2022-07-19T12:00:00Z,-5.561107
p01,2022-07-19T13:00:00Z,-5.598486
p01,2022-07-19T14:00:00Z,-6.295264
p01,2022-07-19T15:00:00Z,-7.730030
p01,2022-07-19T16:00:00Z,-7.470691
p01,2022-07-19T17:00:00Z,-8.299161
p01,2022-07-19T18:00:00Z,-8.055451
p01,2022-07-19T19:00:00Z,-8.216045
p01,2022-07-19T20:00:00Z,-6.671444
p01,2022-07-19T21:00:00Z,-6.970596
p01,2022-07-19T22:00:00Z,-5.989467
p01,2022-07-19T23:00:00Z,-5.114448
p01,2022-07-20T00:00:00Z,-4.169449
p01,2022-07-20T01:00:00Z,-4.100946
p01,2022-07-20T02:00:00Z,-2.948698
p01,2022-07-20T03:00:00Z,-2.188018
p01,2022-07-20T04:00:00Z,-2.227667
p01,2022-07-20T05:00:00Z,-2.182497
p01,2022-07-20T06:00:00Z,-2.655913
p01,2022-07-20T07:00:00Z,-1.696337
p01,2022-07-20T08:00:00Z,-2.599490
p01,2022-07-20T09:00:00Z,-4.330288
p01,2022-07-20T10:00:00Z,-4.867424
p01,2022-07-20T11:00:00Z,-5.325605
p01,2022-07-20T12:00:00Z,-5.131251
p01,2022-07-20T13:00:00Z,-6.094154
p01,2022-07-20T14:00:00Z,-7.544079
p01,2022-07-20T15:00:00Z,-7.955352
p01,2022-07-20T16:00:00Z,-7.895983
p01,2022-07-20T17:00:00Z,-7.995530
p01,2022-07-20T18:00:00Z,-7.586671
p01,2022-07-20T19:00:00Z,-6.967705
p01,2022-07-20T20:00:00Z,-6.311083
p01,2022-07-20T21:00:00Z,-6.978455
p01,2022-07-20T22:00:00Z,-5.430454
p01,2022-07-20T23:00:00Z,-5.485657
p01,2022-07-21T00:00:00Z,-4.537969
p01,2022-07-21T01:00:00Z,-3.819061
p01,2022-07-21T02:00:00Z,-3.187992
p01,2022-07-21T03:00:00Z,-3.379091
p01,2022-07-21T04:00:00Z,-1.721483
p01,2022-07-21T05:00:00Z,-1.338976
p01,2022-07-21T06:00:00Z,-1.496175
p01,2022-07-21T07:00:00Z,-1.820839
p01,2022-07-21T08:00:00Z,-3.284081
p01,2022-07-21T09:00:00Z,-3.671513
p01,2022-07-21T10:00:00Z,-4.340042
p01,2022-07-21T11:00:00Z,-5.509681
p01,2022-07-21T12:00:00Z,-5.726968
p01,2022-07-21T13:00:00Z,-6.680436
p01,2022-07-21T14:00:00Z,-7.435769
p01,2022-07-21T15:00:00Z,-8.020314
p01,2022-07-21T16:00:00Z,-7.365253
p01,2022-07-21T17:00:00Z,-8.662519
p01,2022-07-21T18:00:00Z,-7.203782
p01,2022-07-21T19:00:00Z,-6.696940
p01,2022-07-21T20:00:00Z,-7.267081
p01,2022-07-21T21:00:00Z,-6.575710
p01,2022-07-21T22:00:00Z,-5.138828
p01,2022-07-21T23:00:00Z,-4.593408
p01,2022-07-22T00:00:00Z,-3.787019
p01,2022-07-22T01:00:00Z,-2.715034
p01,2022-07-22T02:00:00Z,-3.096361
p01,2022-07-22T03:00:00Z,-2.672721
p01,2022-07-22T04:00:00Z,-1.540772
p01,2022-07-22T05:00:00Z,-3.434405
p01,2022-07-22T06:00:00Z,-2.967319
p01,2022-07-22T07:00:00Z,-2.526117
p01,2022-07-22T08:00:00Z,-2.906045
p01,2022-07-22T09:00:00Z,-3.422143
p01,2022-07-22T10:00:00Z,-4.816589
p01,2022-07-22T11:00:00Z,-4.604789
p01,2022-07-22T12:00:00Z,-5.778510
p01,2022-07-22T13:00:00Z,-7.523246
p01,2022-07-22T14:00:00Z,-6.967356
p01,2022-07-22T15:00:00Z,-8.128013
p01,2022-07-22T16:00:00Z,-8.223558
p01,2022-07-22T17:00:00Z,-7.721293
p01,2022-07-22T18:00:00Z,-7.310569
p01,2022-07-22T19:00:00Z,-6.446850
p01,2022-07-22T20:00:00Z,-6.700742
p01,2022-07-22T21:00:00Z,-6.093815
p01,2022-07-22T22:00:00Z,-5.420334
p01,2022-07-22T23:00:00Z,-5.013101
p01,2022-07-23T00:00:00Z,-4.614777
p01,2022-07-23T01:00:00Z,-3.552525
p01,2022-07-23T02:00:00Z,-3.270811
p01,2022-07-23T03:00:00Z,-1.978693
p01,2022-07-23T04:00:00Z,-1.840143
p01,2022-07-23T05:00:00Z,-2.864473
p01,2022-07-23T06:00:00Z,-2.250592
p01,2022-07-23T07:00:00Z,-2.488252
p01,2022-07-23T08:00:00Z,-2.963779
p01,2022-07-23T09:00:00Z,-3.382593
p01,2022-07-23T10:00:00Z,-4.685754
p01,2022-07-23T11:00:00Z,-5.414774
p01,2022-07-23T12:00:00Z,-6.558712
p01,2022-07-23T13:00:00Z,-6.251824
p01,2022-07-23T14:00:00Z,-7.321797
p01,2022-07-23T15:00:00Z,-6.682180
p01,2022-07-23T16:00:00Z,-8.410063
p01,2022-07-23T17:00:00Z,-8.681697
p01,2022-07-23T18:00:00Z,-8.391282
p01,2022-07-23T19:00:00Z,-7.975809
p01,2022-07-23T20:00:00Z,-6.457651
p01,2022-07-23T21:00:00Z,-6.842648
p01,2022-07-23T22:00:00Z,-6.395633
p01,2022-07-23T23:00:00Z,-5.370242
p01,2022-07-24T00:00:00Z,-4.209293
p01,2022-07-24T01:00:00Z,-3.737381
p01,2022-07-24T02:00:00Z,-3.509773
p01,2022-07-24T03:00:00Z,-2.382192
p01,2022-07-24T04:00:00Z,-3.038127
p01,2022-07-24T05:00:00Z,-2.535904
p01,2022-07-24T06:00:00Z,-2.681614
p01,2022-07-24T07:00:00Z,-2.879070
p01,2022-07-24T08:00:00Z,-3.800040
p01,2022-07-24T09:00:00Z,-4.009067
p01,2022-07-24T10:00:00Z,-4.997996
p01,2022-07-24T11:00:00Z,-5.763276
p01,2022-07-24T12:00:00Z,-6.600736
p01,2022-07-24T13:00:00Z,-6.774730
p01,2022-07-24T14:00:00Z,-7.580316
p01,2022-07-24T15:00:00Z,-8.784064
p01,2022-07-24T16:00:00Z,-8.373133
p01,2022-07-24T17:00:00Z,-9.118628
p01,2022-07-24T18:00:00Z,-8.193195
p01,2022-07-24T19:00:00Z,-7.860149
p01,2022-07-24T20:00:00Z,-6.820202
p01,2022-07-24T21:00:00Z,-7.447586
p01,2022-07-24T22:00:00Z,-5.869809
p01,2022-07-24T23:00:00Z,-5.458964
p01,2022-07-25T00:00:00Z,-4.322838
p01,2022-07-25T01:00:00Z,-3.274196
p01,2022-07-25T02:00:00Z,-2.400233
p01,2022-07-25T03:00:00Z,-2.961327
p01,2022-07-25T04:00:00Z,-2.234051
p01,2022-07-25T05:00:00Z,-2.063916
p01,2022-07-25T06:00:00Z,-2.903834
p01,2022-07-25T07:00:00Z,-2.708982
p01,2022-07-25T08:00:00Z,-3.111041
p01,2022-07-25T09:00:00Z,-3.821374
p01,2022-07-25T10:00:00Z,-4.366253
p01,2022-07-25T11:00:00Z,-5.803541
p01,2022-07-25T12:00:00Z,-6.681521
p01,2022-07-25T13:00:00Z,-6.503149
p01,2022-07-25T14:00:00Z,-7.136380
p01,2022-07-25T15:00:00Z,-7.536552
p01,2022-07-25T16:00:00Z,-8.115355
p01,2022-07-25T17:00:00Z,-8.431114
p01,2022-07-25T18:00:00Z,-8.564755
p01,2022-07-25T19:00:00Z,-8.149743
p01,2022-07-25T20:00:00Z,-7.364670
p01,2022-07-25T21:00:00Z,-6.982961
p01,2022-07-25T22:00:00Z,-6.582880
p01,2022-07-25T23:00:00Z,-4.843916
p01,2022-07-26T00:00:00Z,-4.716064
p01,2022-07-26T01:00:00Z,-3.803350
p01,2022-07-26T02:00:00Z,-3.205453
p01,2022-07-26T03:00:00Z,-2.492435
p01,2022-07-26T04:00:00Z,-2.487241
p01,2022-07-26T05:00:00Z,-1.950631
p01,2022-07-26T06:00:00Z,-2.749148
p01,2022-07-26T07:00:00Z,-3.114159
p01,2022-07-26T08:00:00Z,-2.720575
p01,2022-07-26T09:00:00Z,-3.636584
p01,2022-07-26T10:00:00Z,-4.375646
p01,2022-07-26T11:00:00Z,-5.004017
p01,2022-07-26T12:00:00Z,-6.415210
p01,2022-07-26T13:00:00Z,-6.679716
p01,2022-07-26T14:00:00Z,-7.921098
p01,2022-07-26T15:00:00Z,-7.335653
p01,2022-07-26T16:00:00Z,-7.603871
p01,2022-07-26T17:00:00Z,-9.081939
p01,2022-07-26T18:00:00Z,-8.744198
p01,2022-07-26T19:00:00Z,-8.870292
p01,2022-07-26T20:00:00Z,-7.510549
p01,2022-07-26T21:00:00Z,-7.502640
p01,2022-07-26T22:00:00Z,-6.535197
p01,2022-07-26T23:00:00Z,-5.935792
p01,2022-07-27T00:00:00Z,-4.406430
p01,2022-07-27T01:00:00Z,-3.814717
p01,2022-07-27T02:00:00Z,-3.118306
p01,2022-07-27T03:00:00Z,-3.357531
p01,2022-07-27T04:00:00Z,-1.782611
p01,2022-07-27T05:00:00Z,-2.633252
p01,2022-07-27T06:00:00Z,-2.647690
p01,2022-07-27T07:00:00Z,-2.775543
p01,2022-07-27T08:00:00Z,-3.281227
p01,2022-07-27T09:00:00Z,-3.797232
p01,2022-07-27T10:00:00Z,-4.691021
p01,2022-07-27T11:00:00Z,-5.639656
p01,2022-07-27T12:00:00Z,-5.710447
p01,2022-07-27T13:00:00Z,-7.285881
p01,2022-07-27T14:00:00Z,-8.205098
p01,2022-07-27T15:00:00Z,-7.120298
p01,2022-07-27T16:00:00Z,-8.280125
p01,2022-07-27T17:00:00Z,-8.712854
p01,2022-07-27T18:00:00Z,-9.251247
p01,2022-07-27T19:00:00Z,-8.232091
p01,2022-07-27T20:00:00Z,-8.206627
p01,2022-07-27T21:00:00Z,-6.502620
p01,2022-07-27T22:00:00Z,-6.936442
p01,2022-07-27T23:00:00Z,-4.842040
p01,2022-07-28T00:00:00Z,-3.977128
p01,2022-07-28T01:00:00Z,-4.300449
p01,2022-07-28T02:00:00Z,-3.791241
p01,2022-07-28T03:00:00Z,-2.017180
p01,2022-07-28T04:00:00Z,-2.219160
p01,2022-07-28T05:00:00Z,-3.026476
p01,2022-07-28T06:00:00Z,-3.077553
p01,2022-07-28T07:00:00Z,-2.589487
p01,2022-07-28T08:00:00Z,-3.864235
p01,2022-07-28T09:00:00Z,-4.629380
p01,2022-07-28T10:00:00Z,-4.430961
p01,2022-07-28T11:00:00Z,-5.652216
p01,2022-07-28T12:00:00Z,-6.126398
p01,2022-07-28T13:00:00Z,-7.690865
p01,2022-07-28T14:00:00Z,-7.620140
p01,2022-07-28T15:00:00Z,-7.774665
p01,2022-07-28T16:00:00Z,-8.075062
p01,2022-07-28T17:00:00Z,-8.625698
p01,2022-07-28T18:00:00Z,-8.434020
p01,2022-07-28T19:00:00Z,-8.577551
p01,2022-07-28T20:00:00Z,-7.365057
p01,2022-07-28T21:00:00Z,-6.634940
p01,2022-07-28T22:00:00Z,-6.328830
p01,2022-07-28T23:00:00Z,-5.667229
p01,2022-07-29T00:00:00Z,-4.250600
p01,2022-07-29T01:00:00Z,-4.199248
p01,2022-07-29T02:00:00Z,-3.896085
p01,2022-07-29T03:00:00Z,-4.177268
p01,2022-07-29T04:00:00Z,-2.746812
p01,2022-07-29T05:00:00Z,-2.436117
p01,2022-07-29T06:00:00Z,-2.592473
p01,2022-07-29T07:00:00Z,-2.245497
p01,2022-07-29T08:00:00Z,-4.187884
p01,2022-07-29T09:00:00Z,-4.004049
p01,2022-07-29T10:00:00Z,-5.713865
p01,2022-07-29T11:00:00Z,-5.219735
p01,2022-07-29T12:00:00Z,-6.911798
p01,2022-07-29T13:00:00Z,-7.271269
p01,2022-07-29T14:00:00Z,-7.676746
p01,2022-07-29T15:00:00Z,-8.255540
p01,2022-07-29T16:00:00Z,-8.405215
p01,2022-07-29T17:00:00Z,-8.576639
p01,2022-07-29T18:00:00Z,-8.274021
p01,2022-07-29T19:00:00Z,-8.646753
p01,2022-07-29T20:00:00Z,-8.325638
p01,2022-07-29T21:00:00Z,-6.482664
p01,2022-07-29T22:00:00Z,-6.483481
p01,2022-07-29T23:00:00Z,-6.413925
p01,2022-07-30T00:00:00Z,-5.707955
p01,2022-07-30T01:00:00Z,-4.404680
p01,2022-07-30T02:00:00Z,-3.050968
p01,2022-07-30T03:00:00Z,-3.347951
p01,2022-07-30T04:00:00Z,-4.163299
p01,2022-07-30T05:00:00Z,-3.098432
p01,2022-07-30T06:00:00Z,-1.595436
p01,2022-07-30T07:00:00Z,-3.662361
p01,2022-07-30T08:00:00Z,-3.059767
p01,2022-07-30T09:00:00Z,-4.503218
p01,2022-07-30T10:00:00Z,-4.647928
p01,2022-07-30T11:00:00Z,-4.567712
p01,2022-07-30T12:00:00Z,-7.040696
p01,2022-07-30T13:00:00Z,-7.441103
p01,2022-07-30T14:00:00Z,-8.332566
p01,2022-07-30T15:00:00Z,-8.493181
p01,2022-07-30T16:00:00Z,-9.058406
p01,2022-07-30T17:00:00Z,-8.582063
p01,2022-07-30T18:00:00Z,-8.932940
p01,2022-07-30T19:00:00Z,-8.694007
p01,2022-07-30T20:00:00Z,-8.332582
p01,2022-07-30T21:00:00Z,-7.242261
p01,2022-07-30T22:00:00Z,-5.892578
p01,2022-07-30T23:00:00Z,-5.685727
p01,2022-07-31T00:00:00Z,-5.120209
p01,2022-07-31T01:00:00Z,-5.004055
p01,2022-07-31T02:00:00Z,-4.016483
p01,2022-07-31T03:00:00Z,-3.075533
p01,2022-07-31T04:00:00Z,-2.650721
p01,2022-07-31T05:00:00Z,-2.677452
p01,2022-07-31T06:00:00Z,-3.492415
p01,2022-07-31T07:00:00Z,-3.130125
p01,2022-07-31T08:00:00Z,-4.828040
p01,2022-07-31T09:00:00Z,-5.231023
p01,2022-07-31T10:00:00Z,-5.353094
p01,2022-07-31T11:00:00Z,-5.820193
p01,2022-07-31T12:00:00Z,-6.152865
p01,2022-07-31T13:00:00Z,-7.506106
p01,2022-07-31T14:00:00Z,-7.911841
p01,2022-07-31T15:00:00Z,-8.364740
p01,2022-07-31T16:00:00Z,-7.971962
p01,2022-07-31T17:00:00Z,-8.788300
p01,2022-07-31T18:00:00Z,-9.706617
p01,2022-07-31T19:00:00Z,-8.330166
p01,2022-07-31T20:00:00Z,-7.476274
p01,2022-07-31T21:00:00Z,-7.750444
p01,2022-07-31T22:00:00Z,-6.899548
p01,2022-07-31T23:00:00Z,-6.248280
p01,2022-08-01T00:00:00Z,-4.935011
p01,2022-08-01T01:00:00Z,-3.808656
p01,2022-08-01T02:00:00Z,-4.338346
p01,2022-08-01T03:00:00Z,-3.002319
p01,2022-08-01T04:00:00Z,-3.302188
p01,2022-08-01T05:00:00Z,-2.949177
p01,2022-08-01T06:00:00Z,-2.354677
p01,2022-08-01T07:00:00Z,-3.171634
p01,2022-08-01T08:00:00Z,-4.151634
p01,2022-08-01T09:00:00Z,-5.287476
p01,2022-08-01T10:00:00Z,-4.987575
p01,2022-08-01T11:00:00Z,-6.033151
p01,2022-08-01T12:00:00Z,-5.590917
p01,2022-08-01T13:00:00Z,-7.784859
p01,2022-08-01T14:00:00Z,-7.419303
p01,2022-08-01T15:00:00Z,-9.001496
p01,2022-08-01T16:00:00Z,-8.983770
p01,2022-08-01T17:00:00Z,-8.744906
p01,2022-08-01T18:00:00Z,-8.580500
p01,2022-08-01T19:00:00Z,-8.598218
p01,2022-08-01T20:00:00Z,-8.170408
p01,2022-08-01T21:00:00Z,-6.260599
p01,2022-08-01T22:00:00Z,-7.329457
p01,2022-08-01T23:00:00Z,-5.233001
p01,2022-08-02T00:00:00Z,-5.417006
p01,2022-08-02T01:00:00Z,-5.090655
p01,2022-08-02T02:00:00Z,-3.044203
p01,2022-08-02T03:00:00Z,-3.141182
p01,2022-08-02T04:00:00Z,-2.791084
p01,2022-08-02T05:00:00Z,-3.955528
p01,2022-08-02T06:00:00Z,-3.351654
p01,2022-08-02T07:00:00Z,-3.813559
p01,2022-08-02T08:00:00Z,-3.897127
p01,2022-08-02T09:00:00Z,-4.702623
p01,2022-08-02T10:00:00Z,-4.931765
p01,2022-08-02T11:00:00Z,-5.491218
p01,2022-08-02T12:00:00Z,-7.143171
p01,2022-08-02T13:00:00Z,-7.430397
p01,2022-08-02T14:00:00Z,-8.637289
p01,2022-08-02T15:00:00Z,-9.062731
p01,2022-08-02T16:00:00Z,-8.882108
p01,2022-08-02T17:00:00Z,-9.034510
p01,2022-08-02T18:00:00Z,-9.344514
p01,2022-08-02T19:00:00Z,-8.972598
p01,2022-08-02T20:00:00Z,-7.661521
p01,2022-08-02T21:00:00Z,-8.102004
p01,2022-08-02T22:00:00Z,-7.281733
p01,2022-08-02T23:00:00Z,-4.971733
p01,2022-08-03T00:00:00Z,-5.426854
p01,2022-08-03T01:00:00Z,-4.763625
p01,2022-08-03T02:00:00Z,-4.348602
p01,2022-08-03T03:00:00Z,-3.363260
p01,2022-08-03T04:00:00Z,-3.038636
p01,2022-08-03T05:00:00Z,-3.102096
p01,2022-08-03T06:00:00Z,-3.207751
p01,2022-08-03T07:00:00Z,-2.972454
p01,2022-08-03T08:00:00Z,-4.649007
p01,2022-08-03T09:00:00Z,-4.620482
p01,2022-08-03T10:00:00Z,-6.039497
p01,2022-08-03T11:00:00Z,-5.842865
p01,2022-08-03T12:00:00Z,-6.005455
p01,2022-08-03T13:00:00Z,-7.468328
p01,2022-08-03T14:00:00Z,-8.255370
p01,2022-08-03T15:00:00Z,-8.266627
p01,2022-08-03T16:00:00Z,-8.868511
p01,2022-08-03T17:00:00Z,-9.197098
p01,2022-08-03T18:00:00Z,-9.029027
p01,2022-08-03T19:00:00Z,-8.589094
p01,2022-08-03T20:00:00Z,-7.447734
p01,2022-08-03T21:00:00Z,-6.934702
p01,2022-08-03T22:00:00Z,-7.155371
p01,2022-08-03T23:00:00Z,-6.302227
p01,2022-08-04T00:00:00Z,-5.559879
p01,2022-08-04T01:00:00Z,-4.676372
p01,2022-08-04T02:00:00Z,-3.757193
p01,2022-08-04T03:00:00Z,-3.694714
p01,2022-08-04T04:00:00Z,-2.772504
p01,2022-08-04T05:00:00Z,-3.228855
p01,2022-08-04T06:00:00Z,-3.475680
p01,2022-08-04T07:00:00Z,-2.662568
p01,2022-08-04T08:00:00Z,-4.014846
p01,2022-08-04T09:00:00Z,-4.555172
p01,2022-08-04T10:00:00Z,-5.545509
p01,2022-08-04T11:00:00Z,-6.359535
p01,2022-08-04T12:00:00Z,-6.794305
p01,2022-08-04T13:00:00Z,-7.900780
p01,2022-08-04T14:00:00Z,-8.917052
p01,2022-08-04T15:00:00Z,-8.575225
p01,2022-08-04T16:00:00Z,-8.179755
p01,2022-08-04T17:00:00Z,-9.157920
p01,2022-08-04T18:00:00Z,-10.040583
p01,2022-08-04T19:00:00Z,-9.453847
p01,2022-08-04T20:00:00Z,-9.237831
p01,2022-08-04T21:00:00Z,-8.184365
p01,2022-08-04T22:00:00Z,-7.214438
p01,2022-08-04T23:00:00Z,-6.066201
p01,2022-08-05T00:00:00Z,-5.175154
p01,2022-08-05T01:00:00Z,-5.365667
p01,2022-08-05T02:00:00Z,-4.076178
p01,2022-08-05T03:00:00Z,-4.075058
p01,2022-08-05T04:00:00Z,-3.352159
p01,2022-08-05T05:00:00Z,-3.437276
p01,2022-08-05T06:00:00Z,-2.868305
p01,2022-08-05T07:00:00Z,-3.394818
p01,2022-08-05T08:00:00Z,-3.419973
p01,2022-08-05T09:00:00Z,-5.303324
p01,2022-08-05T10:00:00Z,-4.575210
p01,2022-08-05T11:00:00Z,-5.972624
p01,2022-08-05T12:00:00Z,-6.807749
p01,2022-08-05T13:00:00Z,-8.067759
p01,2022-08-05T14:00:00Z,-7.999201
p01,2022-08-05T15:00:00Z,-8.558581
p01,2022-08-05T16:00:00Z,-9.841934
p01,2022-08-05T17:00:00Z,-10.403710
p01,2022-08-05T18:00:00Z,-8.807317
p01,2022-08-05T19:00:00Z,-7.715422
p01,2022-08-05T20:00:00Z,-8.161521
p01,2022-08-05T21:00:00Z,-7.914894
p01,2022-08-05T22:00:00Z,-6.893602
p01,2022-08-05T23:00:00Z,-5.591953
p01,2022-08-06T00:00:00Z,-5.032934
p01,2022-08-06T01:00:00Z,-5.235106
p01,2022-08-06T02:00:00Z,-3.867282
p01,2022-08-06T03:00:00Z,-4.154755
p01,2022-08-06T04:00:00Z,-3.522006
p01,2022-08-06T05:00:00Z,-3.570327
p01,2022-08-06T06:00:00Z,-3.837511
p01,2022-08-06T07:00:00Z,-3.579011
p01,2022-08-06T08:00:00Z,-3.627330
p01,2022-08-06T09:00:00Z,-3.781842
p01,2022-08-06T10:00:00Z,-5.747616
p01,2022-08-06T11:00:00Z,-6.345876
p01,2022-08-06T12:00:00Z,-8.104910
p01,2022-08-06T13:00:00Z,-7.978374
p01,2022-08-06T14:00:00Z,-8.472521
p01,2022-08-06T15:00:00Z,-8.911915
p01,2022-08-06T16:00:00Z,-8.875269
p01,2022-08-06T17:00:00Z,-8.905522
p01,2022-08-06T18:00:00Z,-8.146829
p01,2022-08-06T19:00:00Z,-8.956731
p01,2022-08-06T20:00:00Z,-8.565176
p01,2022-08-06T21:00:00Z,-8.335796
p01,2022-08-06T22:00:00Z,-7.686795
p01,2022-08-06T23:00:00Z,-6.861369
p01,2022-08-07T00:00:00Z,-5.084625
p01,2022-08-07T01:00:00Z,-5.158116
p01,2022-08-07T02:00:00Z,-4.084453
p01,2022-08-07T03:00:00Z,-3.896884
p01,2022-08-07T04:00:00Z,-2.628022
p01,2022-08-07T05:00:00Z,-3.105686
p01,2022-08-07T06:00:00Z,-2.921167
p01,2022-08-07T07:00:00Z,-3.111948
p01,2022-08-07T08:00:00Z,-4.382581
p01,2022-08-07T09:00:00Z,-5.093340
p01,2022-08-07T10:00:00Z,-6.281482
p01,2022-08-07T11:00:00Z,-6.787826
p01,2022-08-07T12:00:00Z,-6.417013
p01,2022-08-07T13:00:00Z,-7.727825
p01,2022-08-07T14:00:00Z,-7.031491
p01,2022-08-07T15:00:00Z,-8.778417
p01,2022-08-07T16:00:00Z,-9.113836
p01,2022-08-07T17:00:00Z,-9.467262
p01,2022-08-07T18:00:00Z,-9.608500
p01,2022-08-07T19:00:00Z,-9.291204
p01,2022-08-07T20:00:00Z,-8.119051
p01,2022-08-07T21:00:00Z,-7.554937
p01,2022-08-07T22:00:00Z,-7.487146
p01,2022-08-07T23:00:00Z,-6.342652
p01,2022-08-08T00:00:00Z,-4.703492
p01,2022-08-08T01:00:00Z,-4.715516
p01,2022-08-08T02:00:00Z,-5.496728
p01,2022-08-08T03:00:00Z,-3.988116
p01,2022-08-08T04:00:00Z,-3.277255
p01,2022-08-08T05:00:00Z,-2.949167
p01,2022-08-08T06:00:00Z,-3.191019
p01,2022-08-08T07:00:00Z,-3.094648
p01,2022-08-08T08:00:00Z,-4.433566
p01,2022-08-08T09:00:00Z,-4.501957
p01,2022-08-08T10:00:00Z,-6.171597
p01,2022-08-08T11:00:00Z,-6.769369
p01,2022-08-08T12:00:00Z,-7.289302
p01,2022-08-08T13:00:00Z,-7.683203
p01,2022-08-08T14:00:00Z,-8.765871
p01,2022-08-08T15:00:00Z,-8.463520
p01,2022-08-08T16:00:00Z,-9.040964
p01,2022-08-08T17:00:00Z,-10.060397
p01,2022-08-08T18:00:00Z,-8.429880
p01,2022-08-08T19:00:00Z,-9.017335
p01,2022-08-08T20:00:00Z,-9.115043
p01,2022-08-08T21:00:00Z,-8.628113
p01,2022-08-08T22:00:00Z,-5.847309
p01,2022-08-08T23:00:00Z,-5.831493
p01,2022-08-09T00:00:00Z,-5.229831
p01,2022-08-09T01:00:00Z,-4.583161
p01,2022-08-09T02:00:00Z,-3.928900
p01,2022-08-09T03:00:00Z,-3.598385
p01,2022-08-09T04:00:00Z,-3.310644
p01,2022-08-09T05:00:00Z,-3.027769
p01,2022-08-09T06:00:00Z,-2.878514
p01,2022-08-09T07:00:00Z,-3.744525
p01,2022-08-09T08:00:00Z,-4.982728
p01,2022-08-09T09:00:00Z,-5.298917
p01,2022-08-09T10:00:00Z,-5.760494
p01,2022-08-09T11:00:00Z,-6.471984
p01,2022-08-09T12:00:00Z,-6.716427
p01,2022-08-09T13:00:00Z,-7.953242
p01,2022-08-09T14:00:00Z,-8.360763
p01,2022-08-09T15:00:00Z,-8.894422
p01,2022-08-09T16:00:00Z,-9.126969
p01,2022-08-09T17:00:00Z,-9.640298
p01,2022-08-09T18:00:00Z,-9.935779
p01,2022-08-09T19:00:00Z,-9.967162
p01,2022-08-09T20:00:00Z,-8.635699
p01,2022-08-09T21:00:00Z,-7.991041
p01,2022-08-09T22:00:00Z,-7.106477
p01,2022-08-09T23:00:00Z,-6.406380
p01,2022-08-10T00:00:00Z,-5.713560
p01,2022-08-10T01:00:00Z,-4.688462
p01,2022-08-10T02:00:00Z,-4.337521
p01,2022-08-10T03:00:00Z,-4.221726
p01,2022-08-10T04:00:00Z,-4.188117
p01,2022-08-10T05:00:00Z,-3.683694
p01,2022-08-10T06:00:00Z,-4.139909
p01,2022-08-10T07:00:00Z,-4.119448
p01,2022-08-10T08:00:00Z,-3.769474
p01,2022-08-10T09:00:00Z,-4.694562
p01,2022-08-10T10:00:00Z,-5.876494
p01,2022-08-10T11:00:00Z,-6.032584
p01,2022-08-10T12:00:00Z,-6.289994
p01,2022-08-10T13:00:00Z,-8.498841
p01,2022-08-10T14:00:00Z,-8.813703
p01,2022-08-10T15:00:00Z,-8.989927
p01,2022-08-10T16:00:00Z,-9.552158
p01,2022-08-10T17:00:00Z,-9.210387
p01,2022-08-10T18:00:00Z,-10.173127
p01,2022-08-10T19:00:00Z,-9.192100
p01,2022-08-10T20:00:00Z,-7.837311
p01,2022-08-10T21:00:00Z,-7.621044
p01,2022-08-10T22:00:00Z,-8.073176
p01,2022-08-10T23:00:00Z,-6.216533
p01,2022-08-11T00:00:00Z,-5.396235
p01,2022-08-11T01:00:00Z,-5.373311
p01,2022-08-11T02:00:00Z,-4.966433
p01,2022-08-11T03:00:00Z,-3.443099
p01,2022-08-11T04:00:00Z,-3.056132
p01,2022-08-11T05:00:00Z,-2.399822
p01,2022-08-11T06:00:00Z,-3.906508
p01,2022-08-11T07:00:00Z,-3.888372
p01,2022-08-11T08:00:00Z,-3.700328
p01,2022-08-11T09:00:00Z,-5.630332
p01,2022-08-11T10:00:00Z,-5.195028
p01,2022-08-11T11:00:00Z,-6.438629
p01,2022-08-11T12:00:00Z,-7.365027
p01,2022-08-11T13:00:00Z,-7.262213
p01,2022-08-11T14:00:00Z,-8.417141
p01,2022-08-11T15:00:00Z,-9.343303
p01,2022-08-11T16:00:00Z,-9.684614
p01,2022-08-11T17:00:00Z,-9.427869
p01,2022-08-11T18:00:00Z,-8.768228
p01,2022-08-11T19:00:00Z,-9.262284
p01,2022-08-11T20:00:00Z,-9.052825
p01,2022-08-11T21:00:00Z,-7.746234
p01,2022-08-11T22:00:00Z,-7.240768
p01,2022-08-11T23:00:00Z,-6.544910
p01,2022-08-12T00:00:00Z,-5.784138
p01,2022-08-12T01:00:00Z,-6.145007
p01,2022-08-12T02:00:00Z,-4.787421
p01,2022-08-12T03:00:00Z,-3.652093
p01,2022-08-12T04:00:00Z,-3.908661
p01,2022-08-12T05:00:00Z,-3.472757
p01,2022-08-12T06:00:00Z,-3.208847
p01,2022-08-12T07:00:00Z,-3.407826
p01,2022-08-12T08:00:00Z,-4.161591
p01,2022-08-12T09:00:00Z,-4.898987
p01,2022-08-12T10:00:00Z,-5.514054
p01,2022-08-12T11:00:00Z,-5.932685
p01,2022-08-12T12:00:00Z,-7.885465
p01,2022-08-12T13:00:00Z,-8.535083
p01,2022-08-12T14:00:00Z,-8.042194
p01,2022-08-12T15:00:00Z,-8.966577
p01,2022-08-12T16:00:00Z,-9.213453
p01,2022-08-12T17:00:00Z,-9.266395
p01,2022-08-12T18:00:00Z,-10.031720
p01,2022-08-12T19:00:00Z,-8.300507
p01,2022-08-12T20:00:00Z,-8.055051
p01,2022-08-12T21:00:00Z,-7.441524
p01,2022-08-12T22:00:00Z,-7.421635
p01,2022-08-12T23:00:00Z,-6.669956
p01,2022-08-13T00:00:00Z,-5.868029
p01,2022-08-13T01:00:00Z,-5.073942
p01,2022-08-13T02:00:00Z,-4.445659
p01,2022-08-13T03:00:00Z,-3.936997
p01,2022-08-13T04:00:00Z,-4.722663
p01,2022-08-13T05:00:00Z,-2.292809
p01,2022-08-13T06:00:00Z,-3.567453
p01,2022-08-13T07:00:00Z,-3.936586
p01,2022-08-13T08:00:00Z,-5.590463
p01,2022-08-13T09:00:00Z,-4.346301
p01,2022-08-13T10:00:00Z,-6.333492
p01,2022-08-13T11:00:00Z,-6.438231
p01,2022-08-13T12:00:00Z,-7.755891
p01,2022-08-13T13:00:00Z,-8.067216
p01,2022-08-13T14:00:00Z,-8.719371
p01,2022-08-13T15:00:00Z,-8.678203
p01,2022-08-13T16:00:00Z,-9.546409
p01,2022-08-13T17:00:00Z,-9.145629
p01,2022-08-13T18:00:00Z,-8.134669
p01,2022-08-13T19:00:00Z,-8.881269
p01,2022-08-13T20:00:00Z,-9.430809
p01,2022-08-13T21:00:00Z,-8.205309
p01,2022-08-13T22:00:00Z,-8.170443
p01,2022-08-13T23:00:00Z,-6.553317
p01,2022-08-14T00:00:00Z,-5.072309
p01,2022-08-14T01:00:00Z,-5.709321
p01,2022-08-14T02:00:00Z,-4.997262
p01,2022-08-14T03:00:00Z,-3.383822
p01,2022-08-14T04:00:00Z,-4.161469
p01,2022-08-14T05:00:00Z,-3.952523
p01,2022-08-14T06:00:00Z,-2.800960
p01,2022-08-14T07:00:00Z,-4.232684
p01,2022-08-14T08:00:00Z,-4.416248
p01,2022-08-14T09:00:00Z,-4.786592
p01,2022-08-14T10:00:00Z,-5.719568
p01,2022-08-14T11:00:00Z,-5.326831
p01,2022-08-14T12:00:00Z,-7.631472
p01,2022-08-14T13:00:00Z,-8.091783
p01,2022-08-14T14:00:00Z,-8.956237
p01,2022-08-14T15:00:00Z,-8.707912
p01,2022-08-14T16:00:00Z,-9.630358
p01,2022-08-14T17:00:00Z,-9.806691
p01,2022-08-14T18:00:00Z,-9.067743
p01,2022-08-14T19:00:00Z,-10.203329
p01,2022-08-14T20:00:00Z,-8.772919
p01,2022-08-14T21:00:00Z,-8.300679
p01,2022-08-14T22:00:00Z,-7.382315
p01,2022-08-14T23:00:00Z,-6.734632
p01,2022-08-15T00:00:00Z,-5.934298
p01,2022-08-15T01:00:00Z,-6.028023
p01,2022-08-15T02:00:00Z,-4.479832
p01,2022-08-15T03:00:00Z,-2.668305
p01,2022-08-15T04:00:00Z,-4.130983
p01,2022-08-15T05:00:00Z,-3.914005
p01,2022-08-15T06:00:00Z,-3.982236
p01,2022-08-15T07:00:00Z,-3.568358
p01,2022-08-15T08:00:00Z,-5.666874
p01,2022-08-15T09:00:00Z,-5.743533
p01,2022-08-15T10:00:00Z,-5.442281
p01,2022-08-15T11:00:00Z,-7.320508
p01,2022-08-15T12:00:00Z,-7.770993
p01,2022-08-15T13:00:00Z,-7.475455
p01,2022-08-15T14:00:00Z,-8.458992
p01,2022-08-15T15:00:00Z,-9.673746
p01,2022-08-15T16:00:00Z,-8.781363
p01,2022-08-15T17:00:00Z,-8.945184
p01,2022-08-15T18:00:00Z,-9.240684
p01,2022-08-15T19:00:00Z,-10.359204
p01,2022-08-15T20:00:00Z,-9.486759
p01,2022-08-15T21:00:00Z,-7.375816
p01,2022-08-15T22:00:00Z,-6.884657
p01,2022-08-15T23:00:00Z,-5.906525
p01,2022-08-16T00:00:00Z,-5.327681
p01,2022-08-16T01:00:00Z,-4.961847
p01,2022-08-16T02:00:00Z,-5.257437
p01,2022-08-16T03:00:00Z,-3.711947
p01,2022-08-16T04:00:00Z,-3.100335
p01,2022-08-16T05:00:00Z,-2.766176
p01,2022-08-16T06:00:00Z,-3.899123
p01,2022-08-16T07:00:00Z,-3.292952
p01,2022-08-16T08:00:00Z,-4.834239
p01,2022-08-16T09:00:00Z,-5.037744
p01,2022-08-16T10:00:00Z,-5.749124
p01,2022-08-16T11:00:00Z,-6.216421
p01,2022-08-16T12:00:00Z,-7.520853
p01,2022-08-16T13:00:00Z,-7.657840
p01,2022-08-16T14:00:00Z,-9.320358
p01,2022-08-16T15:00:00Z,-8.778878
p01,2022-08-16T16:00:00Z,-9.860293
p01,2022-08-16T17:00:00Z,-10.007105
p01,2022-08-16T18:00:00Z,-10.120702
p01,2022-08-16T19:00:00Z,-8.662853
p01,2022-08-16T20:00:00Z,-9.551190
p01,2022-08-16T21:00:00Z,-8.885203
p01,2022-08-16T22:00:00Z,-6.968140
p01,2022-08-16T23:00:00Z,-7.334945
p01,2022-08-17T00:00:00Z,-5.737557
p01,2022-08-17T01:00:00Z,-5.947552
p01,2022-08-17T02:00:00Z,-4.665185
p01,2022-08-17T03:00:00Z,-3.905077
p01,2022-08-17T04:00:00Z,-4.452778
p01,2022-08-17T05:00:00Z,-4.017282
p01,2022-08-17T06:00:00Z,-2.970875
p01,2022-08-17T07:00:00Z,-3.797041
p01,2022-08-17T08:00:00Z,-4.615297
p01,2022-08-17T09:00:00Z,-4.710095
p01,2022-08-17T10:00:00Z,-6.115156
p01,2022-08-17T11:00:00Z,-7.542567
p01,2022-08-17T12:00:00Z,-7.555475
p01,2022-08-17T13:00:00Z,-7.856159
p01,2022-08-17T14:00:00Z,-9.225397
p01,2022-08-17T15:00:00Z,-9.381837
p01,2022-08-17T16:00:00Z,-9.978286
p01,2022-08-17T17:00:00Z,-10.175806
p01,2022-08-17T18:00:00Z,-9.645565
p01,2022-08-17T19:00:00Z,-9.485216
p01,2022-08-17T20:00:00Z,-9.311759
p01,2022-08-17T21:00:00Z,-8.570310
p01,2022-08-17T22:00:00Z,-8.758352
p01,2022-08-17T23:00:00Z,-6.711864
p01,2022-08-18T00:00:00Z,-6.522790
p01,2022-08-18T01:00:00Z,-4.452941
p01,2022-08-18T02:00:00Z,-4.511637
p01,2022-08-18T03:00:00Z,-4.445807
p01,2022-08-18T04:00:00Z,-3.516104
p01,2022-08-18T05:00:00Z,-3.357245
p01,2022-08-18T06:00:00Z,-4.153511
p01,2022-08-18T07:00:00Z,-4.110487
p01,2022-08-18T08:00:00Z,-5.225751
p01,2022-08-18T09:00:00Z,-5.582473
p01,2022-08-18T10:00:00Z,-5.403436
p01,2022-08-18T11:00:00Z,-6.308120
p01,2022-08-18T12:00:00Z,-7.127548
p01,2022-08-18T13:00:00Z,-8.128886
p01,2022-08-18T14:00:00Z,-8.961970
p01,2022-08-18T15:00:00Z,-9.119651
p01,2022-08-18T16:00:00Z,-9.553158
p01,2022-08-18T17:00:00Z,-10.583198
p01,2022-08-18T18:00:00Z,-10.251032
p01,2022-08-18T19:00:00Z,-9.592674
p01,2022-08-18T20:00:00Z,-9.004456
p01,2022-08-18T21:00:00Z,-8.002842
p01,2022-08-18T22:00:00Z,-8.217476
p01,2022-08-18T23:00:00Z,-5.930081
p01,2022-08-19T00:00:00Z,-5.831917
p01,2022-08-19T01:00:00Z,-4.372971
p01,2022-08-19T02:00:00Z,-5.110423
p01,2022-08-19T03:00:00Z,-3.706023
p01,2022-08-19T04:00:00Z,-3.162366
p01,2022-08-19T05:00:00Z,-4.498486
p01,2022-08-19T06:00:00Z,-4.052671
p01,2022-08-19T07:00:00Z,-3.728991
p01,2022-08-19T08:00:00Z,-5.432096
p01,2022-08-19T09:00:00Z,-5.101511
p01,2022-08-19T10:00:00Z,-6.868101
p01,2022-08-19T11:00:00Z,-7.069201
p01,2022-08-19T12:00:00Z,-7.277146
p01,2022-08-19T13:00:00Z,-8.103952
p01,2022-08-19T14:00:00Z,-9.158744
p01,2022-08-19T15:00:00Z,-9.361672
p01,2022-08-19T16:00:00Z,-10.383711
p01,2022-08-19T17:00:00Z,-9.759809
p01,2022-08-19T18:00:00Z,-10.356325
p01,2022-08-19T19:00:00Z,-9.306726
p01,2022-08-19T20:00:00Z,-9.454109
p01,2022-08-19T21:00:00Z,-8.114943
p01,2022-08-19T22:00:00Z,-8.493984
p01,2022-08-19T23:00:00Z,-6.928532
p01,2022-08-20T00:00:00Z,-5.925100
p01,2022-08-20T01:00:00Z,-5.827312
p01,2022-08-20T02:00:00Z,-4.692815
p01,2022-08-20T03:00:00Z,-3.958341
p01,2022-08-20T04:00:00Z,-3.672264
p01,2022-08-20T05:00:00Z,-4.242282
p01,2022-08-20T06:00:00Z,-3.256334
p01,2022-08-20T07:00:00Z,-4.429181
p01,2022-08-20T08:00:00Z,-4.614672
p01,2022-08-20T09:00:00Z,-4.639247
p01,2022-08-20T10:00:00Z,-6.097224
p01,2022-08-20T11:00:00Z,-6.892059
p01,2022-08-20T12:00:00Z,-7.396245
p01,2022-08-20T13:00:00Z,-8.641122
p01,2022-08-20T14:00:00Z,-8.893565
p01,2022-08-20T15:00:00Z,-8.937094
p01,2022-08-20T16:00:00Z,-9.491340
p01,2022-08-20T17:00:00Z,-9.596939
p01,2022-08-20T18:00:00Z,-9.819148
p01,2022-08-20T19:00:00Z,-9.998384
p01,2022-08-20T20:00:00Z,-8.800689
p01,2022-08-20T21:00:00Z,-8.173046
p01,2022-08-20T22:00:00Z,-7.109531
p01,2022-08-20T23:00:00Z,-7.044035
p01,2022-08-21T00:00:00Z,-5.697187
p01,2022-08-21T01:00:00Z,-5.107108
p01,2022-08-21T02:00:00Z,-4.261608
p01,2022-08-21T03:00:00Z,-4.639420
p01,2022-08-21T04:00:00Z,-4.266952
p01,2022-08-21T05:00:00Z,-4.330866
p01,2022-08-21T06:00:00Z,-4.458327
p01,2022-08-21T07:00:00Z,-3.854817
p01,2022-08-21T08:00:00Z,-4.868359
p01,2022-08-21T09:00:00Z,-6.191645
p01,2022-08-21T10:00:00Z,-6.178159
p01,2022-08-21T11:00:00Z,-8.099385
p01,2022-08-21T12:00:00Z,-7.321964
p01,2022-08-21T13:00:00Z,-7.616752
p01,2022-08-21T14:00:00Z,-8.193641
p01,2022-08-21T15:00:00Z,-10.052041
p01,2022-08-21T16:00:00Z,-9.726143
p01,2022-08-21T17:00:00Z,-9.644330
p01,2022-08-21T18:00:00Z,-9.122868
p01,2022-08-21T19:00:00Z,-9.750648
p01,2022-08-21T20:00:00Z,-9.341401
p01,2022-08-21T21:00:00Z,-8.858522
p01,2022-08-21T22:00:00Z,-7.813208
p01,2022-08-21T23:00:00Z,-7.456676
p01,2022-08-22T00:00:00Z,-5.307896
p01,2022-08-22T01:00:00Z,-5.161571
p01,2022-08-22T02:00:00Z,-4.714165
p01,2022-08-22T03:00:00Z,-4.326856
p01,2022-08-22T04:00:00Z,-3.751494
p01,2022-08-22T05:00:00Z,-3.590838
p01,2022-08-22T06:00:00Z,-4.588474
p01,2022-08-22T07:00:00Z,-4.053222
p01,2022-08-22T08:00:00Z,-5.659964
p01,2022-08-22T09:00:00Z,-6.796089
p01,2022-08-22T10:00:00Z,-6.154375
p01,2022-08-22T11:00:00Z,-6.981200
p01,2022-08-22T12:00:00Z,-7.972393
p01,2022-08-22T13:00:00Z,-7.416776
p01,2022-08-22T14:00:00Z,-10.042236
p01,2022-08-22T15:00:00Z,-9.484792
p01,2022-08-22T16:00:00Z,-9.506564
p01,2022-08-22T17:00:00Z,-10.192287
p01,2022-08-22T18:00:00Z,-9.399832
p01,2022-08-22T19:00:00Z,-9.448572
p01,2022-08-22T20:00:00Z,-8.333930
p01,2022-08-22T21:00:00Z,-8.723668
p01,2022-08-22T22:00:00Z,-7.670771
p01,2022-08-22T23:00:00Z,-6.515395
p01,2022-08-23T00:00:00Z,-5.983125
p01,2022-08-23T01:00:00Z,-5.300934
p01,2022-08-23T02:00:00Z,-4.597328
p01,2022-08-23T03:00:00Z,-4.160391
p01,2022-08-23T04:00:00Z,-4.136187
p01,2022-08-23T05:00:00Z,-4.117333
p01,2022-08-23T06:00:00Z,-4.222361
p01,2022-08-23T07:00:00Z,-4.201050
p01,2022-08-23T08:00:00Z,-4.333935
p01,2022-08-23T09:00:00Z,-5.534166
p01,2022-08-23T10:00:00Z,-6.470688
p01,2022-08-23T11:00:00Z,-7.082488
p01,2022-08-23T12:00:00Z,-7.903749
p01,2022-08-23T13:00:00Z,-8.432158
p01,2022-08-23T14:00:00Z,-8.388513
p01,2022-08-23T15:00:00Z,-9.501601
p01,2022-08-23T16:00:00Z,-9.822903
p01,2022-08-23T17:00:00Z,-9.812938
p01,2022-08-23T18:00:00Z,-9.147839
p01,2022-08-23T19:00:00Z,-9.304985
p01,2022-08-23T20:00:00Z,-8.709964
p01,2022-08-23T21:00:00Z,-8.520903
p01,2022-08-23T22:00:00Z,-7.711075
p01,2022-08-23T23:00:00Z,-7.824677
p01,2022-08-24T00:00:00Z,-5.859692
p01,2022-08-24T01:00:00Z,-5.668195
p01,2022-08-24T02:00:00Z,-4.469256
p01,2022-08-24T03:00:00Z,-4.046913
p01,2022-08-24T04:00:00Z,-3.766422
p01,2022-08-24T05:00:00Z,-3.531835
p01,2022-08-24T06:00:00Z,-4.756123
p01,2022-08-24T07:00:00Z,-3.585734
p01,2022-08-24T08:00:00Z,-4.442261
p01,2022-08-24T09:00:00Z,-5.462529
p01,2022-08-24T10:00:00Z,-5.527076
p01,2022-08-24T11:00:00Z,-7.294983
p01,2022-08-24T12:00:00Z,-7.599505
p01,2022-08-24T13:00:00Z,-7.973523
p01,2022-08-24T14:00:00Z,-9.646745
p01,2022-08-24T15:00:00Z,-9.858147
p01,2022-08-24T16:00:00Z,-9.782165
p01,2022-08-24T17:00:00Z,-9.640416
p01,2022-08-24T18:00:00Z,-9.607626
p01,2022-08-24T19:00:00Z,-9.454760
p01,2022-08-24T20:00:00Z,-8.797530
p01,2022-08-24T21:00:00Z,-9.700839
p01,2022-08-24T22:00:00Z,-7.359325
p01,2022-08-24T23:00:00Z,-6.821066
p01,2022-08-25T00:00:00Z,-5.780548
p01,2022-08-25T01:00:00Z,-5.304324
p01,2022-08-25T02:00:00Z,-4.579378
p01,2022-08-25T03:00:00Z,-4.115349
p01,2022-08-25T04:00:00Z,-3.668796
p01,2022-08-25T05:00:00Z,-4.567589
p01,2022-08-25T06:00:00Z,-3.993658
p01,2022-08-25T07:00:00Z,-4.299996
p01,2022-08-25T08:00:00Z,-4.681603
p01,2022-08-25T09:00:00Z,-5.247608
p01,2022-08-25T10:00:00Z,-6.537024
p01,2022-08-25T11:00:00Z,-6.516240
p01,2022-08-25T12:00:00Z,-8.111595
p01,2022-08-25T13:00:00Z,-8.086345
p01,2022-08-25T14:00:00Z,-9.309227
p01,2022-08-25T15:00:00Z,-9.704205
p01,2022-08-25T16:00:00Z,-9.663060
p01,2022-08-25T17:00:00Z,-9.546349
p01,2022-08-25T18:00:00Z,-9.498872
p01,2022-08-25T19:00:00Z,-9.920240
p01,2022-08-25T20:00:00Z,-8.667565
p01,2022-08-25T21:00:00Z,-7.946135
p01,2022-08-25T22:00:00Z,-6.790985
p01,2022-08-25T23:00:00Z,-7.358487
p01,2022-08-26T00:00:00Z,-5.740551
p01,2022-08-26T01:00:00Z,-5.668556
p01,2022-08-26T02:00:00Z,-5.203447
p01,2022-08-26T03:00:00Z,-4.512391
p01,2022-08-26T04:00:00Z,-3.978083
p01,2022-08-26T05:00:00Z,-5.179359
p01,2022-08-26T06:00:00Z,-3.656104
p01,2022-08-26T07:00:00Z,-4.290908
p01,2022-08-26T08:00:00Z,-5.033721
p01,2022-08-26T09:00:00Z,-6.036315
p01,2022-08-26T10:00:00Z,-5.522224
p01,2022-08-26T11:00:00Z,-6.174628
p01,2022-08-26T12:00:00Z,-8.141853
p01,2022-08-26T13:00:00Z,-8.492203
p01,2022-08-26T14:00:00Z,-9.196346
p01,2022-08-26T15:00:00Z,-10.504266
p01,2022-08-26T16:00:00Z,-10.419435
p01,2022-08-26T17:00:00Z,-9.844641
p01,2022-08-26T18:00:00Z,-9.324970
p01,2022-08-26T19:00:00Z,-9.096169
p01,2022-08-26T20:00:00Z,-9.664214
p01,2022-08-26T21:00:00Z,-8.402859
p01,2022-08-26T22:00:00Z,-8.134123
p01,2022-08-26T23:00:00Z,-6.550303
p01,2022-08-27T00:00:00Z,-6.383350
p01,2022-08-27T01:00:00Z,-5.069735
p01,2022-08-27T02:00:00Z,-4.528590
p01,2022-08-27T03:00:00Z,-4.109994
p01,2022-08-27T04:00:00Z,-4.278333
p01,2022-08-27T05:00:00Z,-3.839302
p01,2022-08-27T06:00:00Z,-3.975981
p01,2022-08-27T07:00:00Z,-3.918726
p01,2022-08-27T08:00:00Z,-4.146936
p01,2022-08-27T09:00:00Z,-7.057369
p01,2022-08-27T10:00:00Z,-6.765761
p01,2022-08-27T11:00:00Z,-7.509527
p01,2022-08-27T12:00:00Z,-7.576557
p01,2022-08-27T13:00:00Z,-8.934707
p01,2022-08-27T14:00:00Z,-9.109450
p01,2022-08-27T15:00:00Z,-9.628986
p01,2022-08-27T16:00:00Z,-10.036629
p01,2022-08-27T17:00:00Z,-9.763122
p01,2022-08-27T18:00:00Z,-10.422430
p01,2022-08-27T19:00:00Z,-9.361728
p01,2022-08-27T20:00:00Z,-9.857821
p01,2022-08-27T21:00:00Z,-7.637233
p01,2022-08-27T22:00:00Z,-8.453360
p01,2022-08-27T23:00:00Z,-6.761423
p01,2022-08-28T00:00:00Z,-5.796536
p01,2022-08-28T01:00:00Z,-6.329633
p01,2022-08-28T02:00:00Z,-4.346806
p01,2022-08-28T03:00:00Z,-3.550354
p01,2022-08-28T04:00:00Z,-4.117501
p01,2022-08-28T05:00:00Z,-3.342766
p01,2022-08-28T06:00:00Z,-4.210241
p01,2022-08-28T07:00:00Z,-4.455360
p01,2022-08-28T08:00:00Z,-4.351020
p01,2022-08-28T09:00:00Z,-4.856355
p01,2022-08-28T10:00:00Z,-6.341860
p01,2022-08-28T11:00:00Z,-6.860694
p01,2022-08-28T12:00:00Z,-8.088917
p01,2022-08-28T13:00:00Z,-8.655317
p01,2022-08-28T14:00:00Z,-9.958159
p01,2022-08-28T15:00:00Z,-10.512696
p01,2022-08-28T16:00:00Z,-10.419461
p01,2022-08-28T17:00:00Z,-9.949604
p01,2022-08-28T18:00:00Z,-9.630170
p01,2022-08-28T19:00:00Z,-9.657193
p01,2022-08-28T20:00:00Z,-8.496327
p01,2022-08-28T21:00:00Z,-8.483694
p01,2022-08-28T22:00:00Z,-7.837185
p01,2022-08-28T23:00:00Z,-6.096279
p01,2022-08-29T00:00:00Z,-6.531639
p01,2022-08-29T01:00:00Z,-5.461062
p01,2022-08-29T02:00:00Z,-4.401470
p01,2022-08-29T03:00:00Z,-5.126428
p01,2022-08-29T04:00:00Z,-4.563005
p01,2022-08-29T05:00:00Z,-4.371188
p01,2022-08-29T06:00:00Z,-4.401442
p01,2022-08-29T07:00:00Z,-4.114531
p01,2022-08-29T08:00:00Z,-4.636682
p01,2022-08-29T09:00:00Z,-5.280721
p01,2022-08-29T10:00:00Z,-6.346822
p01,2022-08-29T11:00:00Z,-6.892401
p01,2022-08-29T12:00:00Z,-7.115149
p01,2022-08-29T13:00:00Z,-8.488203
p01,2022-08-29T14:00:00Z,-9.321062
p01,2022-08-29T15:00:00Z,-9.630098
p01,2022-08-29T16:00:00Z,-9.368788
p01,2022-08-29T17:00:00Z,-10.336943
p01,2022-08-29T18:00:00Z,-9.443267
p01,2022-08-29T19:00:00Z,-10.475551
p01,2022-08-29T20:00:00Z,-9.586021
p01,2022-08-29T21:00:00Z,-8.783918
p01,2022-08-29T22:00:00Z,-7.241382
p01,2022-08-29T23:00:00Z,-6.288943
p01,2022-08-30T00:00:00Z,-7.536030
p01,2022-08-30T01:00:00Z,-5.266015
p01,2022-08-30T02:00:00Z,-4.582827
p01,2022-08-30T03:00:00Z,-4.438857
p01,2022-08-30T04:00:00Z,-5.199694
p01,2022-08-30T05:00:00Z,-3.958581
p01,2022-08-30T06:00:00Z,-3.893868
p01,2022-08-30T07:00:00Z,-4.873757
p01,2022-08-30T08:00:00Z,-4.063688
p01,2022-08-30T09:00:00Z,-4.861127
p01,2022-08-30T10:00:00Z,-5.935152
p01,2022-08-30T11:00:00Z,-7.445366
p01,2022-08-30T12:00:00Z,-7.932648
p01,2022-08-30T13:00:00Z,-8.900056
p01,2022-08-30T14:00:00Z,-9.647845
p01,2022-08-30T15:00:00Z,-9.321756
p01,2022-08-30T16:00:00Z,-11.109300
p01,2022-08-30T17:00:00Z,-9.706770
p01,2022-08-30T18:00:00Z,-9.778927
p01,2022-08-30T19:00:00Z,-9.936894
p01,2022-08-30T20:00:00Z,-8.067458
p01,2022-08-30T21:00:00Z,-8.362555
p01,2022-08-30T22:00:00Z,-7.448653
p01,2022-08-30T23:00:00Z,-6.104130
p01,2022-08-31T00:00:00Z,-7.009560
p01,2022-08-31T01:00:00Z,-5.356899
p01,2022-08-31T02:00:00Z,-3.860109
p01,2022-08-31T03:00:00Z,-4.264303
p01,2022-08-31T04:00:00Z,-4.008869
p01,2022-08-31T05:00:00Z,-3.876196
p01,2022-08-31T06:00:00Z,-5.258059
p01,2022-08-31T07:00:00Z,-3.777675
p01,2022-08-31T08:00:00Z,-4.521090
p01,2022-08-31T09:00:00Z,-5.996331
p01,2022-08-31T10:00:00Z,-5.704560
p01,2022-08-31T11:00:00Z,-6.678383
p01,2022-08-31T12:00:00Z,-7.094034
p01,2022-08-31T13:00:00Z,-7.512914
p01,2022-08-31T14:00:00Z,-8.647374
p01,2022-08-31T15:00:00Z,-9.061766
p01,2022-08-31T16:00:00Z,-10.120235
p01,2022-08-31T17:00:00Z,-10.292023
p01,2022-08-31T18:00:00Z,-9.741791
p01,2022-08-31T19:00:00Z,-9.798380
p01,2022-08-31T20:00:00Z,-9.584710
p01,2022-08-31T21:00:00Z,-8.197296
p01,2022-08-31T22:00:00Z,-7.487967
p01,2022-08-31T23:00:00Z,-7.393955
p01,2022-09-01T00:00:00Z,-7.440866
p01,2022-09-01T01:00:00Z,-5.194833
p01,2022-09-01T02:00:00Z,-5.430309
p01,2022-09-01T03:00:00Z,-4.788422
p01,2022-09-01T04:00:00Z,-5.041384
p01,2022-09-01T05:00:00Z,-4.516421
p01,2022-09-01T06:00:00Z,-3.515097
p01,2022-09-01T07:00:00Z,-4.081197
p01,2022-09-01T08:00:00Z,-4.447407
p01,2022-09-01T09:00:00Z,-5.950932
p01,2022-09-01T10:00:00Z,-5.676792
p01,2022-09-01T11:00:00Z,-6.892708
p01,2022-09-01T12:00:00Z,-7.633782
p01,2022-09-01T13:00:00Z,-8.344879
p01,2022-09-01T14:00:00Z,-8.941080
p01,2022-09-01T15:00:00Z,-9.823165
p01,2022-09-01T16:00:00Z,-9.835464
p01,2022-09-01T17:00:00Z,-10.047528
p01,2022-09-01T18:00:00Z,-10.468414
p01,2022-09-01T19:00:00Z,-9.780146
p01,2022-09-01T20:00:00Z,-9.239286
p01,2022-09-01T21:00:00Z,-8.944792
p01,2022-09-01T22:00:00Z,-6.782753
p01,2022-09-01T23:00:00Z,-7.148944
p01,2022-09-02T00:00:00Z,-6.563069
p01,2022-09-02T01:00:00Z,-5.002150
p01,2022-09-02T02:00:00Z,-4.783353
p01,2022-09-02T03:00:00Z,-3.892015
p01,2022-09-02T04:00:00Z,-3.324661
p01,2022-09-02T05:00:00Z,-3.905963
p01,2022-09-02T06:00:00Z,-4.333027
p01,2022-09-02T07:00:00Z,-4.211795
p01,2022-09-02T08:00:00Z,-5.619082
p01,2022-09-02T09:00:00Z,-5.376631
p01,2022-09-02T10:00:00Z,-6.691248
p01,2022-09-02T11:00:00Z,-7.383173
p01,2022-09-02T12:00:00Z,-7.396503
p01,2022-09-02T13:00:00Z,-9.018093
p01,2022-09-02T14:00:00Z,-8.569034
p01,2022-09-02T15:00:00Z,-9.083333
p01,2022-09-02T16:00:00Z,-10.374393
p01,2022-09-02T17:00:00Z,-9.786716
p01,2022-09-02T18:00:00Z,-10.114970
p01,2022-09-02T19:00:00Z,-10.161156
p01,2022-09-02T20:00:00Z,-9.820856
p01,2022-09-02T21:00:00Z,-8.908054
p01,2022-09-02T22:00:00Z,-8.362825
p01,2022-09-02T23:00:00Z,-7.398830
p01,2022-09-03T00:00:00Z,-5.691698
p01,2022-09-03T01:00:00Z,-5.685103
p01,2022-09-03T02:00:00Z,-5.312512
p01,2022-09-03T03:00:00Z,-5.472068
p01,2022-09-03T04:00:00Z,-4.111384
p01,2022-09-03T05:00:00Z,-3.883247
p01,2022-09-03T06:00:00Z,-4.273701
p01,2022-09-03T07:00:00Z,-4.531258
p01,2022-09-03T08:00:00Z,-4.897433
p01,2022-09-03T09:00:00Z,-5.628285
p01,2022-09-03T10:00:00Z,-6.705650
p01,2022-09-03T11:00:00Z,-7.096885
p01,2022-09-03T12:00:00Z,-7.610473
p01,2022-09-03T13:00:00Z,-8.511998
p01,2022-09-03T14:00:00Z,-9.288469
p01,2022-09-03T15:00:00Z,-10.765282
p01,2022-09-03T16:00:00Z,-8.566240
p01,2022-09-03T17:00:00Z,-9.542091
p01,2022-09-03T18:00:00Z,-9.664365
p01,2022-09-03T19:00:00Z,-9.952547
p01,2022-09-03T20:00:00Z,-8.463933
p01,2022-09-03T21:00:00Z,-7.922103
p01,2022-09-03T22:00:00Z,-7.380263
p01,2022-09-03T23:00:00Z,-7.380340
p01,2022-09-04T00:00:00Z,-6.258898
p01,2022-09-04T01:00:00Z,-5.764376
p01,2022-09-04T02:00:00Z,-4.994708
p01,2022-09-04T03:00:00Z,-4.529053
p01,2022-09-04T04:00:00Z,-4.685910
p01,2022-09-04T05:00:00Z,-4.152088
p01,2022-09-04T06:00:00Z,-4.795585
p01,2022-09-04T07:00:00Z,-4.380576
p01,2022-09-04T08:00:00Z,-5.627910
p01,2022-09-04T09:00:00Z,-4.723394
p01,2022-09-04T10:00:00Z,-6.691033
p01,2022-09-04T11:00:00Z,-6.912552
p01,2022-09-04T12:00:00Z,-8.619133
p01,2022-09-04T13:00:00Z,-9.609304
p01,2022-09-04T14:00:00Z,-9.292980
p01,2022-09-04T15:00:00Z,-10.045386
p01,2022-09-04T16:00:00Z,-9.988997
p01,2022-09-04T17:00:00Z,-9.354986
p01,2022-09-04T18:00:00Z,-9.660360
p01,2022-09-04T19:00:00Z,-9.857125
p01,2022-09-04T20:00:00Z,-9.272771
p01,2022-09-04T21:00:00Z,-8.201552
p01,2022-09-04T22:00:00Z,-7.808971
p01,2022-09-04T23:00:00Z,-6.921791
p01,2022-09-05T00:00:00Z,-5.946984
p01,2022-09-05T01:00:00Z,-5.620352
p01,2022-09-05T02:00:00Z,-5.820212
p01,2022-09-05T03:00:00Z,-4.325382
p01,2022-09-05T04:00:00Z,-4.214106
p01,2022-09-05T05:00:00Z,-3.806862
p01,2022-09-05T06:00:00Z,-4.467761
p01,2022-09-05T07:00:00Z,-4.920960
p01,2022-09-05T08:00:00Z,-4.506476
p01,2022-09-05T09:00:00Z,-4.704387
p01,2022-09-05T10:00:00Z,-5.454035
p01,2022-09-05T11:00:00Z,-7.909994
p01,2022-09-05T12:00:00Z,-7.795758
p01,2022-09-05T13:00:00Z,-8.527150
p01,2022-09-05T14:00:00Z,-8.925065
p01,2022-09-05T15:00:00Z,-9.049269
p01,2022-09-05T16:00:00Z,-9.403018
p01,2022-09-05T17:00:00Z,-9.062225
p01,2022-09-05T18:00:00Z,-8.817840
p01,2022-09-05T19:00:00Z,-9.956905
p01,2022-09-05T20:00:00Z,-9.157655
p01,2022-09-05T21:00:00Z,-7.816795
p01,2022-09-05T22:00:00Z,-8.058300
p01,2022-09-05T23:00:00Z,-7.897623
p01,2022-09-06T00:00:00Z,-7.341368
p01,2022-09-06T01:00:00Z,-4.609372
p01,2022-09-06T02:00:00Z,-6.034468
p01,2022-09-06T03:00:00Z,-4.510845
p01,2022-09-06T04:00:00Z,-4.587479
p01,2022-09-06T05:00:00Z,-4.005403
p01,2022-09-06T06:00:00Z,-4.178558
p01,2022-09-06T07:00:00Z,-4.951906
p01,2022-09-06T08:00:00Z,-4.662031
p01,2022-09-06T09:00:00Z,-5.676183
p01,2022-09-06T10:00:00Z,-6.792988
p01,2022-09-06T11:00:00Z,-5.995009
p01,2022-09-06T12:00:00Z,-8.326090
p01,2022-09-06T13:00:00Z,-7.991128
p01,2022-09-06T14:00:00Z,-9.220415
p01,2022-09-06T15:00:00Z,-9.940620
p01,2022-09-06T16:00:00Z,-9.868773
p01,2022-09-06T17:00:00Z,-8.846368
p01,2022-09-06T18:00:00Z,-8.865905
p01,2022-09-06T19:00:00Z,-9.939476
p01,2022-09-06T20:00:00Z,-8.878813
p01,2022-09-06T21:00:00Z,-7.518352
p01,2022-09-06T22:00:00Z,-7.610019
p01,2022-09-06T23:00:00Z,-7.197769
p01,2022-09-07T00:00:00Z,-5.895521
p01,2022-09-07T01:00:00Z,-5.132641
p01,2022-09-07T02:00:00Z,-4.479532
p01,2022-09-07T03:00:00Z,-4.492765
p01,2022-09-07T04:00:00Z,-4.236199
p01,2022-09-07T05:00:00Z,-3.793478
p01,2022-09-07T06:00:00Z,-4.576974
p01,2022-09-07T07:00:00Z,-3.690177
p01,2022-09-07T08:00:00Z,-4.643022
p01,2022-09-07T09:00:00Z,-5.777305
p01,2022-09-07T10:00:00Z,-6.551451
p01,2022-09-07T11:00:00Z,-7.519603
p01,2022-09-07T12:00:00Z,-8.294565
p01,2022-09-07T13:00:00Z,-8.127794
p01,2022-09-07T14:00:00Z,-9.106384
p01,2022-09-07T15:00:00Z,-9.243589
p01,2022-09-07T16:00:00Z,-9.505875
p01,2022-09-07T17:00:00Z,-9.715045
p01,2022-09-07T18:00:00Z,-9.039521
p01,2022-09-07T19:00:00Z,-8.317837
p01,2022-09-07T20:00:00Z,-9.143747
p01,2022-09-07T21:00:00Z,-7.659013
p01,2022-09-07T22:00:00Z,-8.565558
p01,2022-09-07T23:00:00Z,-6.272836
p01,2022-09-08T00:00:00Z,-6.075930
p01,2022-09-08T01:00:00Z,-6.014125
p01,2022-09-08T02:00:00Z,-4.499179
p01,2022-09-08T03:00:00Z,-4.721385
p01,2022-09-08T04:00:00Z,-4.602770
p01,2022-09-08T05:00:00Z,-4.331777
p01,2022-09-08T06:00:00Z,-3.771121
p01,2022-09-08T07:00:00Z,-4.402259
p01,2022-09-08T08:00:00Z,-4.619429
p01,2022-09-08T09:00:00Z,-6.172832
p01,2022-09-08T10:00:00Z,-5.970750
p01,2022-09-08T11:00:00Z,-7.329929
p01,2022-09-08T12:00:00Z,-7.633660
p01,2022-09-08T13:00:00Z,-9.160456
p01,2022-09-08T14:00:00Z,-8.782410
p01,2022-09-08T15:00:00Z,-8.899923
p01,2022-09-08T16:00:00Z,-9.867449
p01,2022-09-08T17:00:00Z,-10.054370
p01,2022-09-08T18:00:00Z,-9.286534
p01,2022-09-08T19:00:00Z,-9.137449
p01,2022-09-08T20:00:00Z,-9.219078
p01,2022-09-08T21:00:00Z,-7.622765
p01,2022-09-08T22:00:00Z,-8.474766
p01,2022-09-08T23:00:00Z,-6.789015
p01,2022-09-09T00:00:00Z,-5.996014
p01,2022-09-09T01:00:00Z,-5.446349
p01,2022-09-09T02:00:00Z,-5.108910
p01,2022-09-09T03:00:00Z,-4.590610
p01,2022-09-09T04:00:00Z,-4.396481
p01,2022-09-09T05:00:00Z,-4.059425
p01,2022-09-09T06:00:00Z,-4.083267
p01,2022-09-09T07:00:00Z,-4.924430
p01,2022-09-09T08:00:00Z,-3.810663
p01,2022-09-09T09:00:00Z,-4.801421
p01,2022-09-09T10:00:00Z,-5.173637
p01,2022-09-09T11:00:00Z,-6.668827
p01,2022-09-09T12:00:00Z,-7.808756
p01,2022-09-09T13:00:00Z,-8.022206
p01,2022-09-09T14:00:00Z,-9.689104
p01,2022-09-09T15:00:00Z,-8.834800
p01,2022-09-09T16:00:00Z,-8.669435
p01,2022-09-09T17:00:00Z,-9.814540
p01,2022-09-09T18:00:00Z,-10.521448
p01,2022-09-09T19:00:00Z,-10.190873
p01,2022-09-09T20:00:00Z,-9.323017
p01,2022-09-09T21:00:00Z,-8.148505
p01,2022-09-09T22:00:00Z,-7.679807
p01,2022-09-09T23:00:00Z,-7.257779
p01,2022-09-10T00:00:00Z,-7.579393
p01,2022-09-10T01:00:00Z,-5.152252
p01,2022-09-10T02:00:00Z,-4.813471
p01,2022-09-10T03:00:00Z,-4.173024
p01,2022-09-10T04:00:00Z,-3.643562
p01,2022-09-10T05:00:00Z,-3.627103
p01,2022-09-10T06:00:00Z,-3.740905
p01,2022-09-10T07:00:00Z,-4.933509
p01,2022-09-10T08:00:00Z,-5.538596
p01,2022-09-10T09:00:00Z,-5.724884
p01,2022-09-10T10:00:00Z,-6.263107
p01,2022-09-10T11:00:00Z,-7.327142
p01,2022-09-10T12:00:00Z,-7.599808
p01,2022-09-10T13:00:00Z,-8.746042
p01,2022-09-10T14:00:00Z,-8.387919
p01,2022-09-10T15:00:00Z,-9.906554
p01,2022-09-10T16:00:00Z,-10.038709
p01,2022-09-10T17:00:00Z,-10.303817
p01,2022-09-10T18:00:00Z,-10.044815
p01,2022-09-10T19:00:00Z,-9.377397
p01,2022-09-10T20:00:00Z,-9.611101
p01,2022-09-10T21:00:00Z,-8.869977
p01,2022-09-10T22:00:00Z,-6.596714
p01,2022-09-10T23:00:00Z,-5.883734
p01,2022-09-11T00:00:00Z,-6.052821
p01,2022-09-11T01:00:00Z,-5.861235
p01,2022-09-11T02:00:00Z,-4.755115
p01,2022-09-11T03:00:00Z,-4.000981
p01,2022-09-11T04:00:00Z,-5.019667
p01,2022-09-11T05:00:00Z,-3.864113
p01,2022-09-11T06:00:00Z,-4.260742
p01,2022-09-11T07:00:00Z,-4.585377
p01,2022-09-11T08:00:00Z,-4.970460
p01,2022-09-11T09:00:00Z,-5.032519
p01,2022-09-11T10:00:00Z,-5.698922
p01,2022-09-11T11:00:00Z,-7.501531
p01,2022-09-11T12:00:00Z,-7.834306
p01,2022-09-11T13:00:00Z,-8.251257
p01,2022-09-11T14:00:00Z,-8.304034
p01,2022-09-11T15:00:00Z,-9.562182
p01,2022-09-11T16:00:00Z,-10.094793
p01,2022-09-11T17:00:00Z,-10.449106
p01,2022-09-11T18:00:00Z,-9.990531
p01,2022-09-11T19:00:00Z,-9.524688
p01,2022-09-11T20:00:00Z,-9.421177
p01,2022-09-11T21:00:00Z,-8.010022
p01,2022-09-11T22:00:00Z,-7.014980
p01,2022-09-11T23:00:00Z,-6.714717
p01,2022-09-12T00:00:00Z,-6.955809
p01,2022-09-12T01:00:00Z,-4.960836
p01,2022-09-12T02:00:00Z,-5.070906
p01,2022-09-12T03:00:00Z,-4.470688
p01,2022-09-12T04:00:00Z,-4.016325
p01,2022-09-12T05:00:00Z,-2.878397
p01,2022-09-12T06:00:00Z,-4.254809
p01,2022-09-12T07:00:00Z,-4.324586
p01,2022-09-12T08:00:00Z,-4.786711
p01,2022-09-12T09:00:00Z,-5.125319
p01,2022-09-12T10:00:00Z,-6.018699
p01,2022-09-12T11:00:00Z,-7.743861
p01,2022-09-12T12:00:00Z,-7.879322
p01,2022-09-12T13:00:00Z,-8.180365
p01,2022-09-12T14:00:00Z,-8.730108
p01,2022-09-12T15:00:00Z,-9.288929
p01,2022-09-12T16:00:00Z,-9.400094
p01,2022-09-12T17:00:00Z,-9.308760
p01,2022-09-12T18:00:00Z,-10.187946
p01,2022-09-12T19:00:00Z,-9.161174
p01,2022-09-12T20:00:00Z,-9.436220
p01,2022-09-12T21:00:00Z,-8.532551
p01,2022-09-12T22:00:00Z,-8.236015
p01,2022-09-12T23:00:00Z,-6.985441
p01,2022-09-13T00:00:00Z,-6.345376
p01,2022-09-13T01:00:00Z,-6.225182
p01,2022-09-13T02:00:00Z,-4.726026
p01,2022-09-13T03:00:00Z,-4.499237
p01,2022-09-13T04:00:00Z,-3.952224
p01,2022-09-13T05:00:00Z,-3.359371
p01,2022-09-13T06:00:00Z,-3.662212
p01,2022-09-13T07:00:00Z,-4.563335
p01,2022-09-13T08:00:00Z,-3.638524
p01,2022-09-13T09:00:00Z,-5.777208
p01,2022-09-13T10:00:00Z,-5.446939
p01,2022-09-13T11:00:00Z,-7.129187
p01,2022-09-13T12:00:00Z,-7.538841
p01,2022-09-13T13:00:00Z,-8.617194
p01,2022-09-13T14:00:00Z,-8.461432
p01,2022-09-13T15:00:00Z,-9.486929
p01,2022-09-13T16:00:00Z,-10.129757
p01,2022-09-13T17:00:00Z,-10.149055
p01,2022-09-13T18:00:00Z,-10.322097
p01,2022-09-13T19:00:00Z,-9.788095
p01,2022-09-13T20:00:00Z,-8.493891
p01,2022-09-13T21:00:00Z,-8.824475
p01,2022-09-13T22:00:00Z,-7.072868
p01,2022-09-13T23:00:00Z,-6.715821
p01,2022-09-14T00:00:00Z,-5.780203
p01,2022-09-14T01:00:00Z,-6.212089
p01,2022-09-14T02:00:00Z,-4.426235
p01,2022-09-14T03:00:00Z,-3.483512
p01,2022-09-14T04:00:00Z,-4.061733
p01,2022-09-14T05:00:00Z,-3.527501
p01,2022-09-14T06:00:00Z,-5.052783
p01,2022-09-14T07:00:00Z,-3.926704
p01,2022-09-14T08:00:00Z,-3.609526
p01,2022-09-14T09:00:00Z,-5.034302
p01,2022-09-14T10:00:00Z,-5.618779
p01,2022-09-14T11:00:00Z,-7.274484
p01,2022-09-14T12:00:00Z,-7.650148
p01,2022-09-14T13:00:00Z,-8.648854
p01,2022-09-14T14:00:00Z,-9.140122
p01,2022-09-14T15:00:00Z,-8.529415
p01,2022-09-14T16:00:00Z,-8.717236
p01,2022-09-14T17:00:00Z,-10.006049
p01,2022-09-14T18:00:00Z,-9.971482
p01,2022-09-14T19:00:00Z,-9.377077
p01,2022-09-14T20:00:00Z,-9.142498
p01,2022-09-14T21:00:00Z,-7.750812
p01,2022-09-14T22:00:00Z,-8.062790
p01,2022-09-14T23:00:00Z,-6.810294
p01,2022-09-15T00:00:00Z,-5.569982
p01,2022-09-15T01:00:00Z,-4.868140
p01,2022-09-15T02:00:00Z,-3.540011
p01,2022-09-15T03:00:00Z,-4.647592
p01,2022-09-15T04:00:00Z,-3.891100
p01,2022-09-15T05:00:00Z,-3.451194
p01,2022-09-15T06:00:00Z,-4.099343
p01,2022-09-15T07:00:00Z,-4.114652
p01,2022-09-15T08:00:00Z,-4.746646
p01,2022-09-15T09:00:00Z,-4.868316
p01,2022-09-15T10:00:00Z,-5.063367
p01,2022-09-15T11:00:00Z,-6.805396
p01,2022-09-15T12:00:00Z,-7.360684
p01,2022-09-15T13:00:00Z,-8.368497
p01,2022-09-15T14:00:00Z,-8.719345
p01,2022-09-15T15:00:00Z,-9.302022
p01,2022-09-15T16:00:00Z,-10.401356
p01,2022-09-15T17:00:00Z,-9.446241
p01,2022-09-15T18:00:00Z,-9.536187
p01,2022-09-15T19:00:00Z,-8.899912
p01,2022-09-15T20:00:00Z,-8.560623
p01,2022-09-15T21:00:00Z,-8.521033
p01,2022-09-15T22:00:00Z,-7.261748
p01,2022-09-15T23:00:00Z,-5.783690
p01,2022-09-16T00:00:00Z,-5.304179
p01,2022-09-16T01:00:00Z,-4.970032
p01,2022-09-16T02:00:00Z,-4.680124
p01,2022-09-16T03:00:00Z,-4.267849
p01,2022-09-16T04:00:00Z,-3.938104
p01,2022-09-16T05:00:00Z,-3.304248
p01,2022-09-16T06:00:00Z,-4.555473
p01,2022-09-16T07:00:00Z,-4.745051
p01,2022-09-16T08:00:00Z,-5.374689
p01,2022-09-16T09:00:00Z,-5.500183
p01,2022-09-16T10:00:00Z,-6.042915
p01,2022-09-16T11:00:00Z,-7.097259
p01,2022-09-16T12:00:00Z,-6.946689
p01,2022-09-16T13:00:00Z,-8.314724
p01,2022-09-16T14:00:00Z,-8.862906
p01,2022-09-16T15:00:00Z,-9.374232
p01,2022-09-16T16:00:00Z,-9.965873
p01,2022-09-16T17:00:00Z,-9.501925
p01,2022-09-16T18:00:00Z,-10.091734
p01,2022-09-16T19:00:00Z,-8.687005
p01,2022-09-16T20:00:00Z,-9.078258
p01,2022-09-16T21:00:00Z,-8.686052
p01,2022-09-16T22:00:00Z,-7.284794
p01,2022-09-16T23:00:00Z,-6.954956
p01,2022-09-17T00:00:00Z,-5.121532
p01,2022-09-17T01:00:00Z,-4.694061
p01,2022-09-17T02:00:00Z,-4.015273
p01,2022-09-17T03:00:00Z,-4.082294
p01,2022-09-17T04:00:00Z,-4.006317
p01,2022-09-17T05:00:00Z,-4.427980
p01,2022-09-17T06:00:00Z,-4.739066
p01,2022-09-17T07:00:00Z,-3.533850
p01,2022-09-17T08:00:00Z,-4.985281
p01,2022-09-17T09:00:00Z,-5.169185
p01,2022-09-17T10:00:00Z,-6.485353
p01,2022-09-17T11:00:00Z,-6.960703
p01,2022-09-17T12:00:00Z,-7.750453
p01,2022-09-17T13:00:00Z,-8.837794
p01,2022-09-17T14:00:00Z,-7.954458
p01,2022-09-17T15:00:00Z,-9.186727
p01,2022-09-17T16:00:00Z,-10.186481
p01,2022-09-17T17:00:00Z,-10.011672
p01,2022-09-17T18:00:00Z,-9.930952
p01,2022-09-17T19:00:00Z,-8.892528
p01,2022-09-17T20:00:00Z,-8.696656
p01,2022-09-17T21:00:00Z,-8.603387
p01,2022-09-17T22:00:00Z,-7.810017
p01,2022-09-17T23:00:00Z,-6.929356
p01,2022-09-18T00:00:00Z,-6.524860
p01,2022-09-18T01:00:00Z,-4.806395
p01,2022-09-18T02:00:00Z,-3.752270
p01,2022-09-18T03:00:00Z,-4.554638
p01,2022-09-18T04:00:00Z,-2.855850
p01,2022-09-18T05:00:00Z,-4.560410
p01,2022-09-18T06:00:00Z,-3.643638
p01,2022-09-18T07:00:00Z,-3.407078
p01,2022-09-18T08:00:00Z,-4.799812
p01,2022-09-18T09:00:00Z,-5.560304
p01,2022-09-18T10:00:00Z,-6.253498
p01,2022-09-18T11:00:00Z,-6.992646
p01,2022-09-18T12:00:00Z,-7.741757
p01,2022-09-18T13:00:00Z,-8.624477
p01,2022-09-18T14:00:00Z,-8.712727
p01,2022-09-18T15:00:00Z,-9.175558
p01,2022-09-18T16:00:00Z,-10.036244
p01,2022-09-18T17:00:00Z,-9.135283
p01,2022-09-18T18:00:00Z,-9.684929
p01,2022-09-18T19:00:00Z,-9.546915
p01,2022-09-18T20:00:00Z,-8.044925
p01,2022-09-18T21:00:00Z,-7.657951
p01,2022-09-18T22:00:00Z,-7.477310
p01,2022-09-18T23:00:00Z,-7.176313
p01,2022-09-19T00:00:00Z,-5.976230
p01,2022-09-19T01:00:00Z,-5.405026
p01,2022-09-19T02:00:00Z,-5.059167
p01,2022-09-19T03:00:00Z,-5.493314
p01,2022-09-19T04:00:00Z,-4.112357
p01,2022-09-19T05:00:00Z,-3.880147
p01,2022-09-19T06:00:00Z,-3.758372
p01,2022-09-19T07:00:00Z,-4.513537
p01,2022-09-19T08:00:00Z,-4.359586
p01,2022-09-19T09:00:00Z,-5.902524
p01,2022-09-19T10:00:00Z,-5.715726
p01,2022-09-19T11:00:00Z,-6.057984
p01,2022-09-19T12:00:00Z,-7.284314
p01,2022-09-19T13:00:00Z,-8.193075
p01,2022-09-19T14:00:00Z,-9.478172
p01,2022-09-19T15:00:00Z,-9.303724
p01,2022-09-19T16:00:00Z,-9.839825
p01,2022-09-19T17:00:00Z,-9.617166
p01,2022-09-19T18:00:00Z,-9.519967
p01,2022-09-19T19:00:00Z,-8.953848
p01,2022-09-19T20:00:00Z,-8.667048
p01,2022-09-19T21:00:00Z,-7.569107
p01,2022-09-19T22:00:00Z,-7.331884
p01,2022-09-19T23:00:00Z,-7.178476
p01,2022-09-20T00:00:00Z,-6.779783
p01,2022-09-20T01:00:00Z,-4.129054
p01,2022-09-20T02:00:00Z,-3.771159
p01,2022-09-20T03:00:00Z,-4.201647
p01,2022-09-20T04:00:00Z,-2.588133
p01,2022-09-20T05:00:00Z,-4.129022
p01,2022-09-20T06:00:00Z,-3.800114
p01,2022-09-20T07:00:00Z,-4.156646
p01,2022-09-20T08:00:00Z,-4.410411
p01,2022-09-20T09:00:00Z,-4.612694
p01,2022-09-20T10:00:00Z,-6.485428
p01,2022-09-20T11:00:00Z,-6.892167
p01,2022-09-20T12:00:00Z,-7.462845
p01,2022-09-20T13:00:00Z,-7.661446
p01,2022-09-20T14:00:00Z,-9.291805
p01,2022-09-20T15:00:00Z,-9.277185
p01,2022-09-20T16:00:00Z,-8.883332
p01,2022-09-20T17:00:00Z,-10.214140
p01,2022-09-20T18:00:00Z,-9.335489
p01,2022-09-20T19:00:00Z,-8.831779
p01,2022-09-20T20:00:00Z,-8.548474
p01,2022-09-20T21:00:00Z,-7.990609
p01,2022-09-20T22:00:00Z,-7.737501
p01,2022-09-20T23:00:00Z,-6.963104
p01,2022-09-21T00:00:00Z,-4.955144
p01,2022-09-21T01:00:00Z,-5.168891
p01,2022-09-21T02:00:00Z,-4.458228
p01,2022-09-21T03:00:00Z,-3.894539
p01,2022-09-21T04:00:00Z,-4.440432
p01,2022-09-21T05:00:00Z,-3.246961
p01,2022-09-21T06:00:00Z,-3.373041
p01,2022-09-21T07:00:00Z,-4.075724
p01,2022-09-21T08:00:00Z,-4.330169
p01,2022-09-21T09:00:00Z,-5.165608
p01,2022-09-21T10:00:00Z,-6.013556
p01,2022-09-21T11:00:00Z,-7.023084
p01,2022-09-21T12:00:00Z,-7.571268
p01,2022-09-21T13:00:00Z,-8.792451
p01,2022-09-21T14:00:00Z,-9.604969
p01,2022-09-21T15:00:00Z,-9.654945
p01,2022-09-21T16:00:00Z,-8.617343
p01,2022-09-21T17:00:00Z,-9.157526
p01,2022-09-21T18:00:00Z,-9.855270
p01,2022-09-21T19:00:00Z,-9.515489
p01,2022-09-21T20:00:00Z,-9.026540
p01,2022-09-21T21:00:00Z,-7.380874
p01,2022-09-21T22:00:00Z,-8.266933
p01,2022-09-21T23:00:00Z,-5.343091
p01,2022-09-22T00:00:00Z,-5.764640
p01,2022-09-22T01:00:00Z,-6.206461
p01,2022-09-22T02:00:00Z,-4.828403
p01,2022-09-22T03:00:00Z,-2.868732
p01,2022-09-22T04:00:00Z,-2.718183
p01,2022-09-22T05:00:00Z,-3.550298
p01,2022-09-22T06:00:00Z,-3.428867
p01,2022-09-22T07:00:00Z,-3.744157
p01,2022-09-22T08:00:00Z,-4.980366
p01,2022-09-22T09:00:00Z,-5.059942
p01,2022-09-22T10:00:00Z,-5.370251
p01,2022-09-22T11:00:00Z,-6.890001
p01,2022-09-22T12:00:00Z,-7.866840
p01,2022-09-22T13:00:00Z,-7.995409
p01,2022-09-22T14:00:00Z,-8.896815
p01,2022-09-22T15:00:00Z,-8.707259
p01,2022-09-22T16:00:00Z,-10.006128
p01,2022-09-22T17:00:00Z,-10.195993
p01,2022-09-22T18:00:00Z,-9.278843
p01,2022-09-22T19:00:00Z,-9.302821
p01,2022-09-22T20:00:00Z,-8.747115
p01,2022-09-22T21:00:00Z,-7.695483
p01,2022-09-22T22:00:00Z,-7.176500
p01,2022-09-22T23:00:00Z,-5.672662
p01,2022-09-23T00:00:00Z,-6.529945
p01,2022-09-23T01:00:00Z,-3.967048
p01,2022-09-23T02:00:00Z,-3.850209
p01,2022-09-23T03:00:00Z,-4.264394
p01,2022-09-23T04:00:00Z,-3.876209
p01,2022-09-23T05:00:00Z,-3.822274
p01,2022-09-23T06:00:00Z,-3.479637
p01,2022-09-23T07:00:00Z,-3.477476
p01,2022-09-23T08:00:00Z,-4.425750
p01,2022-09-23T09:00:00Z,-4.788987
p01,2022-09-23T10:00:00Z,-5.089608
p01,2022-09-23T11:00:00Z,-6.263452
p01,2022-09-23T12:00:00Z,-7.610309
p01,2022-09-23T13:00:00Z,-7.798801
p01,2022-09-23T14:00:00Z,-8.670719
p01,2022-09-23T15:00:00Z,-9.147980
p01,2022-09-23T16:00:00Z,-9.325322
p01,2022-09-23T17:00:00Z,-9.842430
p01,2022-09-23T18:00:00Z,-9.921669
p01,2022-09-23T19:00:00Z,-8.981065
p01,2022-09-23T20:00:00Z,-8.194466
p01,2022-09-23T21:00:00Z,-8.304311
p01,2022-09-23T22:00:00Z,-7.487734
p01,2022-09-23T23:00:00Z,-6.709469
p01,2022-09-24T00:00:00Z,-5.381871
p01,2022-09-24T01:00:00Z,-5.307831
p01,2022-09-24T02:00:00Z,-4.137556
p01,2022-09-24T03:00:00Z,-3.447239
p01,2022-09-24T04:00:00Z,-3.084151
p01,2022-09-24T05:00:00Z,-2.640831
p01,2022-09-24T06:00:00Z,-3.670854
p01,2022-09-24T07:00:00Z,-3.115308
p01,2022-09-24T08:00:00Z,-4.957351
p01,2022-09-24T09:00:00Z,-4.544961
p01,2022-09-24T10:00:00Z,-4.962198
p01,2022-09-24T11:00:00Z,-6.483534
p01,2022-09-24T12:00:00Z,-7.127913
p01,2022-09-24T13:00:00Z,-7.180339
p01,2022-09-24T14:00:00Z,-9.031159
p01,2022-09-24T15:00:00Z,-9.147852
p01,2022-09-24T16:00:00Z,-8.693713
p01,2022-09-24T17:00:00Z,-9.774798
p01,2022-09-24T18:00:00Z,-10.207896
p01,2022-09-24T19:00:00Z,-9.360635
p01,2022-09-24T20:00:00Z,-8.868527
p01,2022-09-24T21:00:00Z,-8.106067
p01,2022-09-24T22:00:00Z,-7.164025
p01,2022-09-24T23:00:00Z,-6.207769
p01,2022-09-25T00:00:00Z,-4.730296
p01,2022-09-25T01:00:00Z,-4.068594
p01,2022-09-25T02:00:00Z,-3.914960
p01,2022-09-25T03:00:00Z,-3.127639
p01,2022-09-25T04:00:00Z,-3.061688
p01,2022-09-25T05:00:00Z,-3.554757
p01,2022-09-25T06:00:00Z,-4.014216
p01,2022-09-25T07:00:00Z,-4.134836
p01,2022-09-25T08:00:00Z,-4.074356
p01,2022-09-25T09:00:00Z,-4.918748
p01,2022-09-25T10:00:00Z,-5.954256
p01,2022-09-25T11:00:00Z,-6.448684
p01,2022-09-25T12:00:00Z,-7.545617
p01,2022-09-25T13:00:00Z,-6.689767
p01,2022-09-25T14:00:00Z,-8.569929
p01,2022-09-25T15:00:00Z,-8.665523
p01,2022-09-25T16:00:00Z,-8.899563
p01,2022-09-25T17:00:00Z,-8.780293
p01,2022-09-25T18:00:00Z,-8.716190
p01,2022-09-25T19:00:00Z,-9.001257
p01,2022-09-25T20:00:00Z,-8.874134
p01,2022-09-25T21:00:00Z,-8.810134
p01,2022-09-25T22:00:00Z,-6.677157
p01,2022-09-25T23:00:00Z,-6.787558
p01,2022-09-26T00:00:00Z,-6.408586
p01,2022-09-26T01:00:00Z,-4.394563
p01,2022-09-26T02:00:00Z,-4.017039
p01,2022-09-26T03:00:00Z,-3.377489
p01,2022-09-26T04:00:00Z,-3.674725
p01,2022-09-26T05:00:00Z,-3.804906
p01,2022-09-26T06:00:00Z,-4.422054
p01,2022-09-26T07:00:00Z,-4.093178
p01,2022-09-26T08:00:00Z,-4.619232
p01,2022-09-26T09:00:00Z,-4.243124
p01,2022-09-26T10:00:00Z,-5.164724
p01,2022-09-26T11:00:00Z,-5.451472
p01,2022-09-26T12:00:00Z,-6.089090
p01,2022-09-26T13:00:00Z,-7.552202
p01,2022-09-26T14:00:00Z,-8.618526
p01,2022-09-26T15:00:00Z,-9.132352
p01,2022-09-26T16:00:00Z,-9.574340
p01,2022-09-26T17:00:00Z,-9.824424
p01,2022-09-26T18:00:00Z,-9.874859
p01,2022-09-26T19:00:00Z,-9.745678
p01,2022-09-26T20:00:00Z,-7.679371
p01,2022-09-26T21:00:00Z,-8.137742
p01,2022-09-26T22:00:00Z,-7.083897
p01,2022-09-26T23:00:00Z,-5.749373
p01,2022-09-27T00:00:00Z,-4.915698
p01,2022-09-27T01:00:00Z,-4.742246
p01,2022-09-27T02:00:00Z,-4.371268
p01,2022-09-27T03:00:00Z,-2.649300
p01,2022-09-27T04:00:00Z,-3.175556
p01,2022-09-27T05:00:00Z,-3.124225
p01,2022-09-27T06:00:00Z,-3.313544
p01,2022-09-27T07:00:00Z,-3.822111
p01,2022-09-27T08:00:00Z,-3.776863
p01,2022-09-27T09:00:00Z,-4.773002
p01,2022-09-27T10:00:00Z,-4.820614
p01,2022-09-27T11:00:00Z,-6.038958
p01,2022-09-27T12:00:00Z,-6.021042
p01,2022-09-27T13:00:00Z,-7.722521
p01,2022-09-27T14:00:00Z,-7.526417
p01,2022-09-27T15:00:00Z,-8.658199
p01,2022-09-27T16:00:00Z,-9.261388
p01,2022-09-27T17:00:00Z,-8.803723
p01,2022-09-27T18:00:00Z,-9.468901
p01,2022-09-27T19:00:00Z,-8.813496
p01,2022-09-27T20:00:00Z,-8.909865
p01,2022-09-27T21:00:00Z,-7.832562
p01,2022-09-27T22:00:00Z,-7.408999
p01,2022-09-27T23:00:00Z,-6.102049
p01,2022-09-28T00:00:00Z,-5.173190
p01,2022-09-28T01:00:00Z,-4.933259
p01,2022-09-28T02:00:00Z,-4.990281
p01,2022-09-28T03:00:00Z,-4.715581
p01,2022-09-28T04:00:00Z,-2.697116
p01,2022-09-28T05:00:00Z,-2.729178
p01,2022-09-28T06:00:00Z,-3.253117
p01,2022-09-28T07:00:00Z,-3.329541
p01,2022-09-28T08:00:00Z,-3.954697
p01,2022-09-28T09:00:00Z,-4.715415
p01,2022-09-28T10:00:00Z,-5.981614
p01,2022-09-28T11:00:00Z,-5.983305
p01,2022-09-28T12:00:00Z,-6.707862
p01,2022-09-28T13:00:00Z,-7.521636
p01,2022-09-28T14:00:00Z,-8.286094
p01,2022-09-28T15:00:00Z,-9.513708
p01,2022-09-28T16:00:00Z,-8.750930
p01,2022-09-28T17:00:00Z,-8.410152
p01,2022-09-28T18:00:00Z,-9.709079
p01,2022-09-28T19:00:00Z,-8.199798
p01,2022-09-28T20:00:00Z,-8.839035
p01,2022-09-28T21:00:00Z,-7.566781
p01,2022-09-28T22:00:00Z,-6.461733
p01,2022-09-28T23:00:00Z,-6.217638
p01,2022-09-29T00:00:00Z,-5.047767
p01,2022-09-29T01:00:00Z,-5.458893
p01,2022-09-29T02:00:00Z,-4.135049
p01,2022-09-29T03:00:00Z,-4.188381
p01,2022-09-29T04:00:00Z,-3.501343
p01,2022-09-29T05:00:00Z,-2.907879
p01,2022-09-29T06:00:00Z,-2.963683
p01,2022-09-29T07:00:00Z,-3.751568
p01,2022-09-29T08:00:00Z,-5.018181
p01,2022-09-29T09:00:00Z,-4.336657
p01,2022-09-29T10:00:00Z,-4.181700
p01,2022-09-29T11:00:00Z,-6.518896
p01,2022-09-29T12:00:00Z,-7.581948
p01,2022-09-29T13:00:00Z,-7.851952
p01,2022-09-29T14:00:00Z,-7.537611
p01,2022-09-29T15:00:00Z,-8.320429
p01,2022-09-29T16:00:00Z,-8.461453
p01,2022-09-29T17:00:00Z,-9.580952
p01,2022-09-29T18:00:00Z,-8.613103
p01,2022-09-29T19:00:00Z,-8.556648
p01,2022-09-29T20:00:00Z,-8.374115
p01,2022-09-29T21:00:00Z,-7.379909
p01,2022-09-29T22:00:00Z,-7.345994
p01,2022-09-29T23:00:00Z,-5.996032
p01,2022-09-30T00:00:00Z,-5.275020
p01,2022-09-30T01:00:00Z,-5.303894
p01,2022-09-30T02:00:00Z,-3.536563
p01,2022-09-30T03:00:00Z,-3.742859
p01,2022-09-30T04:00:00Z,-3.474438
p01,2022-09-30T05:00:00Z,-2.745261
p01,2022-09-30T06:00:00Z,-3.398389
p01,2022-09-30T07:00:00Z,-3.319241
p01,2022-09-30T08:00:00Z,-4.405248
p01,2022-09-30T09:00:00Z,-5.594059
p01,2022-09-30T10:00:00Z,-5.025300
p01,2022-09-30T11:00:00Z,-6.292250
p01,2022-09-30T12:00:00Z,-6.247487
p01,2022-09-30T13:00:00Z,-7.050737
p01,2022-09-30T14:00:00Z,-7.530449
p01,2022-09-30T15:00:00Z,-8.068172
p01,2022-09-30T16:00:00Z,-9.009867
p01,2022-09-30T17:00:00Z,-9.313890
p01,2022-09-30T18:00:00Z,-9.159122
p01,2022-09-30T19:00:00Z,-8.124314
p01,2022-09-30T20:00:00Z,-8.497705
p01,2022-09-30T21:00:00Z,-7.201698
p01,2022-09-30T22:00:00Z,-7.273849
p01,2022-09-30T23:00:00Z,-6.426221
p01,2022-10-01T00:00:00Z,-5.528889
p01,2022-10-01T01:00:00Z,-4.559154
p01,2022-10-01T02:00:00Z,-3.868580
p01,2022-10-01T03:00:00Z,-2.971481
p01,2022-10-01T04:00:00Z,-3.117083
p01,2022-10-01T05:00:00Z,-2.464948
p01,2022-10-01T06:00:00Z,-4.499610
p01,2022-10-01T07:00:00Z,-3.323203
p01,2022-10-01T08:00:00Z,-4.046328
p01,2022-10-01T09:00:00Z,-4.471591
p01,2022-10-01T10:00:00Z,-4.309731
p01,2022-10-01T11:00:00Z,-5.564788
p01,2022-10-01T12:00:00Z,-7.183235
p01,2022-10-01T13:00:00Z,-7.018656
p01,2022-10-01T14:00:00Z,-7.955797
p01,2022-10-01T15:00:00Z,-8.605571
p01,2022-10-01T16:00:00Z,-9.375692
p01,2022-10-01T17:00:00Z,-9.184531
p01,2022-10-01T18:00:00Z,-8.427148
p01,2022-10-01T19:00:00Z,-7.670081
p01,2022-10-01T20:00:00Z,-7.980609
p01,2022-10-01T21:00:00Z,-8.093065
p01,2022-10-01T22:00:00Z,-5.722149
p01,2022-10-01T23:00:00Z,-5.550751
p01,2022-10-02T00:00:00Z,-4.459568
p01,2022-10-02T01:00:00Z,-4.127862
p01,2022-10-02T02:00:00Z,-3.202628
p01,2022-10-02T03:00:00Z,-3.096217
p01,2022-10-02T04:00:00Z,-3.493714
p01,2022-10-02T05:00:00Z,-3.050371
p01,2022-10-02T06:00:00Z,-2.807768
p01,2022-10-02T07:00:00Z,-3.325918
p01,2022-10-02T08:00:00Z,-3.530955
p01,2022-10-02T09:00:00Z,-4.335092
p01,2022-10-02T10:00:00Z,-5.726247
p01,2022-10-02T11:00:00Z,-6.038935
p01,2022-10-02T12:00:00Z,-7.173949
p01,2022-10-02T13:00:00Z,-7.199580
p01,2022-10-02T14:00:00Z,-8.190935
p01,2022-10-02T15:00:00Z,-8.488074
p01,2022-10-02T16:00:00Z,-8.796774
p01,2022-10-02T17:00:00Z,-8.836311
p01,2022-10-02T18:00:00Z,-8.498062
p01,2022-10-02T19:00:00Z,-8.746746
p01,2022-10-02T20:00:00Z,-8.284424
p01,2022-10-02T21:00:00Z,-6.819502
p01,2022-10-02T22:00:00Z,-6.139665
p01,2022-10-02T23:00:00Z,-6.249921
p01,2022-10-03T00:00:00Z,-5.141346
p01,2022-10-03T01:00:00Z,-4.200374
p01,2022-10-03T02:00:00Z,-3.404383
p01,2022-10-03T03:00:00Z,-3.072882
p01,2022-10-03T04:00:00Z,-2.830560
p01,2022-10-03T05:00:00Z,-2.716001
p01,2022-10-03T06:00:00Z,-3.186847
p01,2022-10-03T07:00:00Z,-3.298068
p01,2022-10-03T08:00:00Z,-4.600575
p01,2022-10-03T09:00:00Z,-3.834592
p01,2022-10-03T10:00:00Z,-5.276463
p01,2022-10-03T11:00:00Z,-4.982047
p01,2022-10-03T12:00:00Z,-6.838940
p01,2022-10-03T13:00:00Z,-6.457354
p01,2022-10-03T14:00:00Z,-7.771185
p01,2022-10-03T15:00:00Z,-8.026901
p01,2022-10-03T16:00:00Z,-9.068772
p01,2022-10-03T17:00:00Z,-8.065673
p01,2022-10-03T18:00:00Z,-8.510719
p01,2022-10-03T19:00:00Z,-8.984891
p01,2022-10-03T20:00:00Z,-8.004712
p01,2022-10-03T21:00:00Z,-6.887536
p01,2022-10-03T22:00:00Z,-7.359319
p01,2022-10-03T23:00:00Z,-5.584000
p01,2022-10-04T00:00:00Z,-4.838276
p01,2022-10-04T01:00:00Z,-4.216463
p01,2022-10-04T02:00:00Z,-2.420134
p01,2022-10-04T03:00:00Z,-3.503231
p01,2022-10-04T04:00:00Z,-2.724009
p01,2022-10-04T05:00:00Z,-2.768092
p01,2022-10-04T06:00:00Z,-2.309142
p01,2022-10-04T07:00:00Z,-2.778945
p01,2022-10-04T08:00:00Z,-3.800235
p01,2022-10-04T09:00:00Z,-4.285352
p01,2022-10-04T10:00:00Z,-4.080375
p01,2022-10-04T11:00:00Z,-6.096561
p01,2022-10-04T12:00:00Z,-7.513183
p01,2022-10-04T13:00:00Z,-6.648032
p01,2022-10-04T14:00:00Z,-8.298863
p01,2022-10-04T15:00:00Z,-8.220632
p01,2022-10-04T16:00:00Z,-9.055552
p01,2022-10-04T17:00:00Z,-9.006769
p01,2022-10-04T18:00:00Z,-8.657799
p01,2022-10-04T19:00:00Z,-8.280559
p01,2022-10-04T20:00:00Z,-7.442104
p01,2022-10-04T21:00:00Z,-7.635398
p01,2022-10-04T22:00:00Z,-6.333344
p01,2022-10-04T23:00:00Z,-5.649515
p01,2022-10-05T00:00:00Z,-5.358631
p01,2022-10-05T01:00:00Z,-3.845172
p01,2022-10-05T02:00:00Z,-3.466500
p01,2022-10-05T03:00:00Z,-3.205770
p01,2022-10-05T04:00:00Z,-2.723554
p01,2022-10-05T05:00:00Z,-2.968515
p01,2022-10-05T06:00:00Z,-2.175600
p01,2022-10-05T07:00:00Z,-3.019306
p01,2022-10-05T08:00:00Z,-3.967929
p01,2022-10-05T09:00:00Z,-4.795092
p01,2022-10-05T10:00:00Z,-4.706049
p01,2022-10-05T11:00:00Z,-5.208662
p01,2022-10-05T12:00:00Z,-7.441674
p01,2022-10-05T13:00:00Z,-7.261313
p01,2022-10-05T14:00:00Z,-8.515634
p01,2022-10-05T15:00:00Z,-8.410071
p01,2022-10-05T16:00:00Z,-8.802273
p01,2022-10-05T17:00:00Z,-9.161559
p01,2022-10-05T18:00:00Z,-7.976096
p01,2022-10-05T19:00:00Z,-8.228493
p01,2022-10-05T20:00:00Z,-8.394059
p01,2022-10-05T21:00:00Z,-7.929719
p01,2022-10-05T22:00:00Z,-6.824293
p01,2022-10-05T23:00:00Z,-6.645703
p02,2021-09-01T00:00:00Z,-5.153271
p02,2021-09-01T01:00:00Z,-4.887875
p02,2021-09-01T02:00:00Z,-3.897230
p02,2021-09-01T03:00:00Z,-3.952770
p02,2021-09-01T04:00:00Z,-3.283207
p02,2021-09-01T05:00:00Z,-2.809087
p02,2021-09-01T06:00:00Z,-2.185028
p02,2021-09-01T07:00:00Z,-3.375757
p02,2021-09-01T08:00:00Z,-3.479718
p02,2021-09-01T09:00:00Z,-3.841822
p02,2021-09-01T10:00:00Z,-5.847331
p02,2021-09-01T11:00:00Z,-6.653147
p02,2021-09-01T12:00:00Z,-6.727746
p02,2021-09-01T13:00:00Z,-6.226315
p02,2021-09-01T14:00:00Z,-8.255519
p02,2021-09-01T15:00:00Z,-8.562141
p02,2021-09-01T16:00:00Z,-9.696644
p02,2021-09-01T17:00:00Z,-9.696274
p02,2021-09-01T18:00:00Z,-7.311967
p02,2021-09-01T19:00:00Z,-8.327359
p02,2021-09-01T20:00:00Z,-7.989176
p02,2021-09-01T21:00:00Z,-7.391085
p02,2021-09-01T22:00:00Z,-7.108803
p02,2021-09-01T23:00:00Z,-6.040606
p02,2021-09-02T00:00:00Z,-4.732450
p02,2021-09-02T01:00:00Z,-3.905156
p02,2021-09-02T02:00:00Z,-3.102660
p02,2021-09-02T03:00:00Z,-3.484438
p02,2021-09-02T04:00:00Z,-4.064463
p02,2021-09-02T05:00:00Z,-2.764295
p02,2021-09-02T06:00:00Z,-3.313085
p02,2021-09-02T07:00:00Z,-3.691072
p02,2021-09-02T08:00:00Z,-5.036277
p02,2021-09-02T09:00:00Z,-4.227960
p02,2021-09-02T10:00:00Z,-3.774062
p02,2021-09-02T11:00:00Z,-6.119625
p02,2021-09-02T12:00:00Z,-6.800624
p02,2021-09-02T13:00:00Z,-7.576293
p02,2021-09-02T14:00:00Z,-7.972147
p02,2021-09-02T15:00:00Z,-8.575872
p02,2021-09-02T16:00:00Z,-8.926113
p02,2021-09-02T17:00:00Z,-10.245167
p02,2021-09-02T18:00:00Z,-8.513420
p02,2021-09-02T19:00:00Z,-8.620183
p02,2021-09-02T20:00:00Z,-7.679843
p02,2021-09-02T21:00:00Z,-7.688929
p02,2021-09-02T22:00:00Z,-7.073291
p02,2021-09-02T23:00:00Z,-5.984002
p02,2021-09-03T00:00:00Z,-6.168303
p02,2021-09-03T01:00:00Z,-4.508580
p02,2021-09-03T02:00:00Z,-3.257152
p02,2021-09-03T03:00:00Z,-3.591540
p02,2021-09-03T04:00:00Z,-4.015651
p02,2021-09-03T05:00:00Z,-2.809789
p02,2021-09-03T06:00:00Z,-3.095182
p02,2021-09-03T07:00:00Z,-2.723580
p02,2021-09-03T08:00:00Z,-4.789921
p02,2021-09-03T09:00:00Z,-4.380714
p02,2021-09-03T10:00:00Z,-5.034088
p02,2021-09-03T11:00:00Z,-6.054569
p02,2021-09-03T12:00:00Z,-6.464061
p02,2021-09-03T13:00:00Z,-6.542268
p02,2021-09-03T14:00:00Z,-8.549021
p02,2021-09-03T15:00:00Z,-8.565282
p02,2021-09-03T16:00:00Z,-9.434853
p02,2021-09-03T17:00:00Z,-9.375906
p02,2021-09-03T18:00:00Z,-9.477414
p02,2021-09-03T19:00:00Z,-8.065701
p02,2021-09-03T20:00:00Z,-8.023760
p02,2021-09-03T21:00:00Z,-6.750650
p02,2021-09-03T22:00:00Z,-7.400039
p02,2021-09-03T23:00:00Z,-6.530244
p02,2021-09-04T00:00:00Z,-5.496248
p02,2021-09-04T01:00:00Z,-4.175378
p02,2021-09-04T02:00:00Z,-4.101802
p02,2021-09-04T03:00:00Z,-3.058361
p02,2021-09-04T04:00:00Z,-3.529809
p02,2021-09-04T05:00:00Z,-2.621479
p02,2021-09-04T06:00:00Z,-2.339922
p02,2021-09-04T07:00:00Z,-3.224815
p02,2021-09-04T08:00:00Z,-4.223015
p02,2021-09-04T09:00:00Z,-4.497113
p02,2021-09-04T10:00:00Z,-5.121587
p02,2021-09-04T11:00:00Z,-6.364383
p02,2021-09-04T12:00:00Z,-7.131457
p02,2021-09-04T13:00:00Z,-7.582888
p02,2021-09-04T14:00:00Z,-8.221215
p02,2021-09-04T15:00:00Z,-9.110466
p02,2021-09-04T16:00:00Z,-8.991986
p02,2021-09-04T17:00:00Z,-8.886396
p02,2021-09-04T18:00:00Z,-8.908531
p02,2021-09-04T19:00:00Z,-8.103119
p02,2021-09-04T20:00:00Z,-7.531407
p02,2021-09-04T21:00:00Z,-7.310629
p02,2021-09-04T22:00:00Z,-6.595534
p02,2021-09-04T23:00:00Z,-5.662158
p02,2021-09-05T00:00:00Z,-5.239914
p02,2021-09-05T01:00:00Z,-4.943168
p02,2021-09-05T02:00:00Z,-4.501885
p02,2021-09-05T03:00:00Z,-3.671863
p02,2021-09-05T04:00:00Z,-2.828478
p02,2021-09-05T05:00:00Z,-3.668303
p02,2021-09-05T06:00:00Z,-3.246490
p02,2021-09-05T07:00:00Z,-3.234840
p02,2021-09-05T08:00:00Z,-3.746935
p02,2021-09-05T09:00:00Z,-4.287768
p02,2021-09-05T10:00:00Z,-5.271908
p02,2021-09-05T11:00:00Z,-6.108750
p02,2021-09-05T12:00:00Z,-6.637647
p02,2021-09-05T13:00:00Z,-7.404053
p02,2021-09-05T14:00:00Z,-7.846744
p02,2021-09-05T15:00:00Z,-7.866515
p02,2021-09-05T16:00:00Z,-8.927681
p02,2021-09-05T17:00:00Z,-8.814111
p02,2021-09-05T18:00:00Z,-8.859094
p02,2021-09-05T19:00:00Z,-8.313207
p02,2021-09-05T20:00:00Z,-8.654511
p02,2021-09-05T21:00:00Z,-7.671965
p02,2021-09-05T22:00:00Z,-6.791023
p02,2021-09-05T23:00:00Z,-6.839585
p02,2021-09-06T00:00:00Z,-5.855193
p02,2021-09-06T01:00:00Z,-4.870219
p02,2021-09-06T02:00:00Z,-3.584055
p02,2021-09-06T03:00:00Z,-3.359063
p02,2021-09-06T04:00:00Z,-2.581252
p02,2021-09-06T05:00:00Z,-3.374997
p02,2021-09-06T06:00:00Z,-2.805887
p02,2021-09-06T07:00:00Z,-2.797923
p02,2021-09-06T08:00:00Z,-4.660705
p02,2021-09-06T09:00:00Z,-5.302765
p02,2021-09-06T10:00:00Z,-4.541879
p02,2021-09-06T11:00:00Z,-5.913850
p02,2021-09-06T12:00:00Z,-5.972088
p02,2021-09-06T13:00:00Z,-7.023606
p02,2021-09-06T14:00:00Z,-8.330008
p02,2021-09-06T15:00:00Z,-8.125848
p02,2021-09-06T16:00:00Z,-8.689323
p02,2021-09-06T17:00:00Z,-8.367619
p02,2021-09-06T18:00:00Z,-8.504645
p02,2021-09-06T19:00:00Z,-8.383968
p02,2021-09-06T20:00:00Z,-8.506607
p02,2021-09-06T21:00:00Z,-7.835612
p02,2021-09-06T22:00:00Z,-6.024959
p02,2021-09-06T23:00:00Z,-5.018040
p02,2021-09-07T00:00:00Z,-5.158145
p02,2021-09-07T01:00:00Z,-4.862209
p02,2021-09-07T02:00:00Z,-3.746478
p02,2021-09-07T03:00:00Z,-3.830027
p02,2021-09-07T04:00:00Z,-2.698612
p02,2021-09-07T05:00:00Z,-3.240572
p02,2021-09-07T06:00:00Z,-3.037340
p02,2021-09-07T07:00:00Z,-3.670353
p02,2021-09-07T08:00:00Z,-3.271771
p02,2021-09-07T09:00:00Z,-4.325363
p02,2021-09-07T10:00:00Z,-5.088462
p02,2021-09-07T11:00:00Z,-5.670106
p02,2021-09-07T12:00:00Z,-6.662364
p02,2021-09-07T13:00:00Z,-7.310080
p02,2021-09-07T14:00:00Z,-8.750104
p02,2021-09-07T15:00:00Z,-8.494293
p02,2021-09-07T16:00:00Z,-8.587445
p02,2021-09-07T17:00:00Z,-9.227929
p02,2021-09-07T18:00:00Z,-9.365520
p02,2021-09-07T19:00:00Z,-8.979163
p02,2021-09-07T20:00:00Z,-7.963358
p02,2021-09-07T21:00:00Z,-6.570923
p02,2021-09-07T22:00:00Z,-7.872061
p02,2021-09-07T23:00:00Z,-4.988686
p02,2021-09-08T00:00:00Z,-6.084947
p02,2021-09-08T01:00:00Z,-4.640047
p02,2021-09-08T02:00:00Z,-4.495329
p02,2021-09-08T03:00:00Z,-2.882883
p02,2021-09-08T04:00:00Z,-2.970078
p02,2021-09-08T05:00:00Z,-3.078445
p02,2021-09-08T06:00:00Z,-2.134811
p02,2021-09-08T07:00:00Z,-3.162396
p02,2021-09-08T08:00:00Z,-3.571865
p02,2021-09-08T09:00:00Z,-4.165814
p02,2021-09-08T10:00:00Z,-5.287583
p02,2021-09-08T11:00:00Z,-5.710527
p02,2021-09-08T12:00:00Z,-6.649346
p02,2021-09-08T13:00:00Z,-7.876927
p02,2021-09-08T14:00:00Z,-6.846568
p02,2021-09-08T15:00:00Z,-8.988152
p02,2021-09-08T16:00:00Z,-9.482502
p02,2021-09-08T17:00:00Z,-8.999926
p02,2021-09-08T18:00:00Z,-9.188076
p02,2021-09-08T19:00:00Z,-8.785513
p02,2021-09-08T20:00:00Z,-7.375318
p02,2021-09-08T21:00:00Z,-7.422899
p02,2021-09-08T22:00:00Z,-6.766913
p02,2021-09-08T23:00:00Z,-5.434888
p02,2021-09-09T00:00:00Z,-5.374810
p02,2021-09-09T01:00:00Z,-4.526711
p02,2021-09-09T02:00:00Z,-3.428458
p02,2021-09-09T03:00:00Z,-4.155840
p02,2021-09-09T04:00:00Z,-3.422476
p02,2021-09-09T05:00:00Z,-3.062608
p02,2021-09-09T06:00:00Z,-3.730240
p02,2021-09-09T07:00:00Z,-2.390252
p02,2021-09-09T08:00:00Z,-3.611746
p02,2021-09-09T09:00:00Z,-4.422329
p02,2021-09-09T10:00:00Z,-5.117780
p02,2021-09-09T11:00:00Z,-5.660258
p02,2021-09-09T12:00:00Z,-6.968371
p02,2021-09-09T13:00:00Z,-7.162083
p02,2021-09-09T14:00:00Z,-8.272147
p02,2021-09-09T15:00:00Z,-8.747571
p02,2021-09-09T16:00:00Z,-8.702395
p02,2021-09-09T17:00:00Z,-8.623067
p02,2021-09-09T18:00:00Z,-9.113970
p02,2021-09-09T19:00:00Z,-8.909626
p02,2021-09-09T20:00:00Z,-8.349715
p02,2021-09-09T21:00:00Z,-7.214394
p02,2021-09-09T22:00:00Z,-6.102078
p02,2021-09-09T23:00:00Z,-6.319316
p02,2021-09-10T00:00:00Z,-5.267297
p02,2021-09-10T01:00:00Z,-4.695289
p02,2021-09-10T02:00:00Z,-3.778429
p02,2021-09-10T03:00:00Z,-2.671546
p02,2021-09-10T04:00:00Z,-2.913919
p02,2021-09-10T05:00:00Z,-3.304812
p02,2021-09-10T06:00:00Z,-2.473577
p02,2021-09-10T07:00:00Z,-3.626272
p02,2021-09-10T08:00:00Z,-3.987498
p02,2021-09-10T09:00:00Z,-5.372996
p02,2021-09-10T10:00:00Z,-5.641009
p02,2021-09-10T11:00:00Z,-6.713396
p02,2021-09-10T12:00:00Z,-6.749057
p02,2021-09-10T13:00:00Z,-7.213856
p02,2021-09-10T14:00:00Z,-6.760056
p02,2021-09-10T15:00:00Z,-9.621457
p02,2021-09-10T16:00:00Z,-8.506515
p02,2021-09-10T17:00:00Z,-8.779132
p02,2021-09-10T18:00:00Z,-9.979727
p02,2021-09-10T19:00:00Z,-8.647252
p02,2021-09-10T20:00:00Z,-7.993198
p02,2021-09-10T21:00:00Z,-6.679919
p02,2021-09-10T22:00:00Z,-6.384030
p02,2021-09-10T23:00:00Z,-6.298669
p02,2021-09-11T00:00:00Z,-5.290158
p02,2021-09-11T01:00:00Z,-4.849965
p02,2021-09-11T02:00:00Z,-4.938813
p02,2021-09-11T03:00:00Z,-3.169210
p02,2021-09-11T04:00:00Z,-3.254908
p02,2021-09-11T05:00:00Z,-3.360041
p02,2021-09-11T06:00:00Z,-1.641340
p02,2021-09-11T07:00:00Z,-3.258959
p02,2021-09-11T08:00:00Z,-3.617764
p02,2021-09-11T09:00:00Z,-4.183606
p02,2021-09-11T10:00:00Z,-5.317856
p02,2021-09-11T11:00:00Z,-5.853138
p02,2021-09-11T12:00:00Z,-7.036579
p02,2021-09-11T13:00:00Z,-7.187314
p02,2021-09-11T14:00:00Z,-7.547534
p02,2021-09-11T15:00:00Z,-8.207386
p02,2021-09-11T16:00:00Z,-8.561747
p02,2021-09-11T17:00:00Z,-9.141718
p02,2021-09-11T18:00:00Z,-8.689888
p02,2021-09-11T19:00:00Z,-8.983410
p02,2021-09-11T20:00:00Z,-8.436440
p02,2021-09-11T21:00:00Z,-6.779030
p02,2021-09-11T22:00:00Z,-6.096581
p02,2021-09-11T23:00:00Z,-6.538962
p02,2021-09-12T00:00:00Z,-5.456628
p02,2021-09-12T01:00:00Z,-4.793124
p02,2021-09-12T02:00:00Z,-3.735664
p02,2021-09-12T03:00:00Z,-3.510768
p02,2021-09-12T04:00:00Z,-3.306053
p02,2021-09-12T05:00:00Z,-2.802392
p02,2021-09-12T06:00:00Z,-2.422162
p02,2021-09-12T07:00:00Z,-3.509287
p02,2021-09-12T08:00:00Z,-3.810823
p02,2021-09-12T09:00:00Z,-3.448582
p02,2021-09-12T10:00:00Z,-4.545670
p02,2021-09-12T11:00:00Z,-6.628540
p02,2021-09-12T12:00:00Z,-6.330295
p02,2021-09-12T13:00:00Z,-6.503796
p02,2021-09-12T14:00:00Z,-7.733008
p02,2021-09-12T15:00:00Z,-8.720521
p02,2021-09-12T16:00:00Z,-9.187037
p02,2021-09-12T17:00:00Z,-8.918070
p02,2021-09-12T18:00:00Z,-9.102896
p02,2021-09-12T19:00:00Z,-7.911930
p02,2021-09-12T20:00:00Z,-8.625071
p02,2021-09-12T21:00:00Z,-7.325145
p02,2021-09-12T22:00:00Z,-6.454081
p02,2021-09-12T23:00:00Z,-5.080130
p02,2021-09-13T00:00:00Z,-5.170992
p02,2021-09-13T01:00:00Z,-4.417220
p02,2021-09-13T02:00:00Z,-2.558288
p02,2021-09-13T03:00:00Z,-3.563614
p02,2021-09-13T04:00:00Z,-3.038236
p02,2021-09-13T05:00:00Z,-2.804999
p02,2021-09-13T06:00:00Z,-2.898599
p02,2021-09-13T07:00:00Z,-4.091332
p02,2021-09-13T08:00:00Z,-3.752457
p02,2021-09-13T09:00:00Z,-4.673740
p02,2021-09-13T10:00:00Z,-4.977255
p02,2021-09-13T11:00:00Z,-5.251877
p02,2021-09-13T12:00:00Z,-6.225193
p02,2021-09-13T13:00:00Z,-7.127207
p02,2021-09-13T14:00:00Z,-7.721730
p02,2021-09-13T15:00:00Z,-7.559759
p02,2021-09-13T16:00:00Z,-8.412452
p02,2021-09-13T17:00:00Z,-9.609003
p02,2021-09-13T18:00:00Z,-9.194250
p02,2021-09-13T19:00:00Z,-8.335330
p02,2021-09-13T20:00:00Z,-8.202640
p02,2021-09-13T21:00:00Z,-7.337363
p02,2021-09-13T22:00:00Z,-6.399465
p02,2021-09-13T23:00:00Z,-5.318370
p02,2021-09-14T00:00:00Z,-5.086399
p02,2021-09-14T01:00:00Z,-5.025111
p02,2021-09-14T02:00:00Z,-4.154106
p02,2021-09-14T03:00:00Z,-2.337510
p02,2021-09-14T04:00:00Z,-2.520003
p02,2021-09-14T05:00:00Z,-3.473020
p02,2021-09-14T06:00:00Z,-3.789837
p02,2021-09-14T07:00:00Z,-2.772117
p02,2021-09-14T08:00:00Z,-3.032456
p02,2021-09-14T09:00:00Z,-4.326397
p02,2021-09-14T10:00:00Z,-5.569829
p02,2021-09-14T11:00:00Z,-6.439792
p02,2021-09-14T12:00:00Z,-6.866281
p02,2021-09-14T13:00:00Z,-7.063311
p02,2021-09-14T14:00:00Z,-8.056601
p02,2021-09-14T15:00:00Z,-8.298142
p02,2021-09-14T16:00:00Z,-9.613287
p02,2021-09-14T17:00:00Z,-9.016712
p02,2021-09-14T18:00:00Z,-8.686346
p02,2021-09-14T19:00:00Z,-8.283801
p02,2021-09-14T20:00:00Z,-8.507370
p02,2021-09-14T21:00:00Z,-7.760594
p02,2021-09-14T22:00:00Z,-6.160788
p02,2021-09-14T23:00:00Z,-5.981599
p02,2021-09-15T00:00:00Z,-5.873614
p02,2021-09-15T01:00:00Z,-4.512452
p02,2021-09-15T02:00:00Z,-3.248556
p02,2021-09-15T03:00:00Z,-2.961375
p02,2021-09-15T04:00:00Z,-2.807724
p02,2021-09-15T05:00:00Z,-2.390978
p02,2021-09-15T06:00:00Z,-2.518040
p02,2021-09-15T07:00:00Z,-3.005790
p02,2021-09-15T08:00:00Z,-3.816685
p02,2021-09-15T09:00:00Z,-4.036172
p02,2021-09-15T10:00:00Z,-5.217494
p02,2021-09-15T11:00:00Z,-4.935778
p02,2021-09-15T12:00:00Z,-5.789212
p02,2021-09-15T13:00:00Z,-7.229854
p02,2021-09-15T14:00:00Z,-8.406810
p02,2021-09-15T15:00:00Z,-8.309942
p02,2021-09-15T16:00:00Z,-7.528024
p02,2021-09-15T17:00:00Z,-8.517472
p02,2021-09-15T18:00:00Z,-8.998379
p02,2021-09-15T19:00:00Z,-8.293760
p02,2021-09-15T20:00:00Z,-7.932892
p02,2021-09-15T21:00:00Z,-7.821329
p02,2021-09-15T22:00:00Z,-7.550101
p02,2021-09-15T23:00:00Z,-6.642538
p02,2021-09-16T00:00:00Z,-5.336858
p02,2021-09-16T01:00:00Z,-4.681839
p02,2021-09-16T02:00:00Z,-3.704047
p02,2021-09-16T03:00:00Z,-2.864941
p02,2021-09-16T04:00:00Z,-2.985490
p02,2021-09-16T05:00:00Z,-2.376730
p02,2021-09-16T06:00:00Z,-3.358666
p02,2021-09-16T07:00:00Z,-2.098400
p02,2021-09-16T08:00:00Z,-4.075507
p02,2021-09-16T09:00:00Z,-5.099458
p02,2021-09-16T10:00:00Z,-4.383554
p02,2021-09-16T11:00:00Z,-5.285357
p02,2021-09-16T12:00:00Z,-6.511446
p02,2021-09-16T13:00:00Z,-7.090815
p02,2021-09-16T14:00:00Z,-7.934664
p02,2021-09-16T15:00:00Z,-8.582525
p02,2021-09-16T16:00:00Z,-8.693808
p02,2021-09-16T17:00:00Z,-8.485295
p02,2021-09-16T18:00:00Z,-8.425218
p02,2021-09-16T19:00:00Z,-7.767327
p02,2021-09-16T20:00:00Z,-8.321122
p02,2021-09-16T21:00:00Z,-6.964081
p02,2021-09-16T22:00:00Z,-7.529987
p02,2021-09-16T23:00:00Z,-5.686706
p02,2021-09-17T00:00:00Z,-5.008834
p02,2021-09-17T01:00:00Z,-4.334029
p02,2021-09-17T02:00:00Z,-3.644725
p02,2021-09-17T03:00:00Z,-3.312088
p02,2021-09-17T04:00:00Z,-2.169687
p02,2021-09-17T05:00:00Z,-2.747006
p02,2021-09-17T06:00:00Z,-2.049540
p02,2021-09-17T07:00:00Z,-2.968376
p02,2021-09-17T08:00:00Z,-4.069387
p02,2021-09-17T09:00:00Z,-4.118067
p02,2021-09-17T10:00:00Z,-4.913010
p02,2021-09-17T11:00:00Z,-5.695811
p02,2021-09-17T12:00:00Z,-6.781645
p02,2021-09-17T13:00:00Z,-7.001679
p02,2021-09-17T14:00:00Z,-8.310319
p02,2021-09-17T15:00:00Z,-8.745232
p02,2021-09-17T16:00:00Z,-8.388648
p02,2021-09-17T17:00:00Z,-8.510302
p02,2021-09-17T18:00:00Z,-8.005979
p02,2021-09-17T19:00:00Z,-8.363653
p02,2021-09-17T20:00:00Z,-7.863525
p02,2021-09-17T21:00:00Z,-5.900656
p02,2021-09-17T22:00:00Z,-5.536583
p02,2021-09-17T23:00:00Z,-6.612392
p02,2021-09-18T00:00:00Z,-5.652748
p02,2021-09-18T01:00:00Z,-3.961054
p02,2021-09-18T02:00:00Z,-2.932317
p02,2021-09-18T03:00:00Z,-3.963966
p02,2021-09-18T04:00:00Z,-2.511893
p02,2021-09-18T05:00:00Z,-2.739826
p02,2021-09-18T06:00:00Z,-2.300741
p02,2021-09-18T07:00:00Z,-2.669344
p02,2021-09-18T08:00:00Z,-4.664715
p02,2021-09-18T09:00:00Z,-4.702400
p02,2021-09-18T10:00:00Z,-4.212599
p02,2021-09-18T11:00:00Z,-4.636851
p02,2021-09-18T12:00:00Z,-7.017523
p02,2021-09-18T13:00:00Z,-7.338755
p02,2021-09-18T14:00:00Z,-7.606431
p02,2021-09-18T15:00:00Z,-7.867421
p02,2021-09-18T16:00:00Z,-8.068121
p02,2021-09-18T17:00:00Z,-8.267526
p02,2021-09-18T18:00:00Z,-8.837071
p02,2021-09-18T19:00:00Z,-8.475482
p02,2021-09-18T20:00:00Z,-7.698863
p02,2021-09-18T21:00:00Z,-6.816818
p02,2021-09-18T22:00:00Z,-5.851450
p02,2021-09-18T23:00:00Z,-5.734766
p02,2021-09-19T00:00:00Z,-4.881571
p02,2021-09-19T01:00:00Z,-4.701247
p02,2021-09-19T02:00:00Z,-3.454396
p02,2021-09-19T03:00:00Z,-3.381129
p02,2021-09-19T04:00:00Z,-3.071852
p02,2021-09-19T05:00:00Z,-1.542973
p02,2021-09-19T06:00:00Z,-2.537965
p02,2021-09-19T07:00:00Z,-2.966818
p02,2021-09-19T08:00:00Z,-4.043071
p02,2021-09-19T09:00:00Z,-3.994669
p02,2021-09-19T10:00:00Z,-4.795846
p02,2021-09-19T11:00:00Z,-6.454312
p02,2021-09-19T12:00:00Z,-6.307696
p02,2021-09-19T13:00:00Z,-7.349349
p02,2021-09-19T14:00:00Z,-7.307694
p02,2021-09-19T15:00:00Z,-9.112128
p02,2021-09-19T16:00:00Z,-8.614257
p02,2021-09-19T17:00:00Z,-8.259572
p02,2021-09-19T18:00:00Z,-8.151712
p02,2021-09-19T19:00:00Z,-8.764041
p02,2021-09-19T20:00:00Z,-8.036862
p02,2021-09-19T21:00:00Z,-7.318414
p02,2021-09-19T22:00:00Z,-5.754880
p02,2021-09-19T23:00:00Z,-6.157106
p02,2021-09-20T00:00:00Z,-4.891942
p02,2021-09-20T01:00:00Z,-5.256329
p02,2021-09-20T02:00:00Z,-4.172176
p02,2021-09-20T03:00:00Z,-3.594698
p02,2021-09-20T04:00:00Z,-2.131315
p02,2021-09-20T05:00:00Z,-2.576116
p02,2021-09-20T06:00:00Z,-3.176497
p02,2021-09-20T07:00:00Z,-2.019286
p02,2021-09-20T08:00:00Z,-3.857099
p02,2021-09-20T09:00:00Z,-4.203881
p02,2021-09-20T10:00:00Z,-5.482514
p02,2021-09-20T11:00:00Z,-5.569150
p02,2021-09-20T12:00:00Z,-6.618943
p02,2021-09-20T13:00:00Z,-6.992287
p02,2021-09-20T14:00:00Z,-7.718597
p02,2021-09-20T15:00:00Z,-9.289114
p02,2021-09-20T16:00:00Z,-8.558385
p02,2021-09-20T17:00:00Z,-8.255430
p02,2021-09-20T18:00:00Z,-8.767546
p02,2021-09-20T19:00:00Z,-7.647119
p02,2021-09-20T20:00:00Z,-7.289578
p02,2021-09-20T21:00:00Z,-6.368759
p02,2021-09-20T22:00:00Z,-6.757779
p02,2021-09-20T23:00:00Z,-5.551335
p02,2021-09-21T00:00:00Z,-4.601681
p02,2021-09-21T01:00:00Z,-3.704027
p02,2021-09-21T02:00:00Z,-4.120620
p02,2021-09-21T03:00:00Z,-2.506560
p02,2021-09-21T04:00:00Z,-3.029786
p02,2021-09-21T05:00:00Z,-2.516791
p02,2021-09-21T06:00:00Z,-2.791334
p02,2021-09-21T07:00:00Z,-3.759486
p02,2021-09-21T08:00:00Z,-2.443412
p02,2021-09-21T09:00:00Z,-3.494315
p02,2021-09-21T10:00:00Z,-4.721821
p02,2021-09-21T11:00:00Z,-5.850391
p02,2021-09-21T12:00:00Z,-6.642977
p02,2021-09-21T13:00:00Z,-6.497077
p02,2021-09-21T14:00:00Z,-7.676030
p02,2021-09-21T15:00:00Z,-7.237126
p02,2021-09-21T16:00:00Z,-8.399204
p02,2021-09-21T17:00:00Z,-8.427284
p02,2021-09-21T18:00:00Z,-8.235353
p02,2021-09-21T19:00:00Z,-8.062174
p02,2021-09-21T20:00:00Z,-7.830853
p02,2021-09-21T21:00:00Z,-7.130767
p02,2021-09-21T22:00:00Z,-5.893267
p02,2021-09-21T23:00:00Z,-6.139804
p02,2021-09-22T00:00:00Z,-4.682405
p02,2021-09-22T01:00:00Z,-4.191198
p02,2021-09-22T02:00:00Z,-3.166582
p02,2021-09-22T03:00:00Z,-3.058587
p02,2021-09-22T04:00:00Z,-1.677338
p02,2021-09-22T05:00:00Z,-2.285593
p02,2021-09-22T06:00:00Z,-2.303688
p02,2021-09-22T07:00:00Z,-3.169180
p02,2021-09-22T08:00:00Z,-3.486882
p02,2021-09-22T09:00:00Z,-4.039271
p02,2021-09-22T10:00:00Z,-5.231217
p02,2021-09-22T11:00:00Z,-5.624375
p02,2021-09-22T12:00:00Z,-6.318994
p02,2021-09-22T13:00:00Z,-6.726385
p02,2021-09-22T14:00:00Z,-7.098032
p02,2021-09-22T15:00:00Z,-8.386750
p02,2021-09-22T16:00:00Z,-7.611595
p02,2021-09-22T17:00:00Z,-8.232044
p02,2021-09-22T18:00:00Z,-9.007056
p02,2021-09-22T19:00:00Z,-7.961007
p02,2021-09-22T20:00:00Z,-7.788334
p02,2021-09-22T21:00:00Z,-7.594611
p02,2021-09-22T22:00:00Z,-6.873413
p02,2021-09-22T23:00:00Z,-5.591333
p02,2021-09-23T00:00:00Z,-5.182224
p02,2021-09-23T01:00:00Z,-4.831704
p02,2021-09-23T02:00:00Z,-2.850910
p02,2021-09-23T03:00:00Z,-2.820456
p02,2021-09-23T04:00:00Z,-1.890006
p02,2021-09-23T05:00:00Z,-1.422579
p02,2021-09-23T06:00:00Z,-2.088367
p02,2021-09-23T07:00:00Z,-1.158886
p02,2021-09-23T08:00:00Z,-3.045797
p02,2021-09-23T09:00:00Z,-4.656358
p02,2021-09-23T10:00:00Z,-5.065426
p02,2021-09-23T11:00:00Z,-6.681136
p02,2021-09-23T12:00:00Z,-6.273184
p02,2021-09-23T13:00:00Z,-7.302598
p02,2021-09-23T14:00:00Z,-7.433612
p02,2021-09-23T15:00:00Z,-9.105123
p02,2021-09-23T16:00:00Z,-8.582695
p02,2021-09-23T17:00:00Z,-8.926358
p02,2021-09-23T18:00:00Z,-8.865559
p02,2021-09-23T19:00:00Z,-7.512110
p02,2021-09-23T20:00:00Z,-6.934069
p02,2021-09-23T21:00:00Z,-6.591117
p02,2021-09-23T22:00:00Z,-6.137672
p02,2021-09-23T23:00:00Z,-5.151959
p02,2021-09-24T00:00:00Z,-4.688457
p02,2021-09-24T01:00:00Z,-4.401598
p02,2021-09-24T02:00:00Z,-3.135476
p02,2021-09-24T03:00:00Z,-2.881177
p02,2021-09-24T04:00:00Z,-3.055704
p02,2021-09-24T05:00:00Z,-2.570700
p02,2021-09-24T06:00:00Z,-2.115311
p02,2021-09-24T07:00:00Z,-3.422246
p02,2021-09-24T08:00:00Z,-2.691522
p02,2021-09-24T09:00:00Z,-3.795081
p02,2021-09-24T10:00:00Z,-4.035870
p02,2021-09-24T11:00:00Z,-4.747088
p02,2021-09-24T12:00:00Z,-6.438948
p02,2021-09-24T13:00:00Z,-6.899191
p02,2021-09-24T14:00:00Z,-7.951907
p02,2021-09-24T15:00:00Z,-8.582016
p02,2021-09-24T16:00:00Z,-8.603409
p02,2021-09-24T17:00:00Z,-8.178526
p02,2021-09-24T18:00:00Z,-7.996551
p02,2021-09-24T19:00:00Z,-7.005503
p02,2021-09-24T20:00:00Z,-7.878705
p02,2021-09-24T21:00:00Z,-7.037963
p02,2021-09-24T22:00:00Z,-7.178776
p02,2021-09-24T23:00:00Z,-4.966811
p02,2021-09-25T00:00:00Z,-4.983371
p02,2021-09-25T01:00:00Z,-3.423241
p02,2021-09-25T02:00:00Z,-4.066791
p02,2021-09-25T03:00:00Z,-3.157369
p02,2021-09-25T04:00:00Z,-2.598484
p02,2021-09-25T05:00:00Z,-1.948073
p02,2021-09-25T06:00:00Z,-2.079920
p02,2021-09-25T07:00:00Z,-1.797513
p02,2021-09-25T08:00:00Z,-3.157298
p02,2021-09-25T09:00:00Z,-4.183997
p02,2021-09-25T10:00:00Z,-4.743557
p02,2021-09-25T11:00:00Z,-5.098602
p02,2021-09-25T12:00:00Z,-6.285473
p02,2021-09-25T13:00:00Z,-6.190030
p02,2021-09-25T14:00:00Z,-7.575068
p02,2021-09-25T15:00:00Z,-7.012249
p02,2021-09-25T16:00:00Z,-8.235792
p02,2021-09-25T17:00:00Z,-7.558255
p02,2021-09-25T18:00:00Z,-7.521943
p02,2021-09-25T19:00:00Z,-8.435975
p02,2021-09-25T20:00:00Z,-6.408572
p02,2021-09-25T21:00:00Z,-6.572660
p02,2021-09-25T22:00:00Z,-5.902485
p02,2021-09-25T23:00:00Z,-4.249234
p02,2021-09-26T00:00:00Z,-4.225099
p02,2021-09-26T01:00:00Z,-3.871144
p02,2021-09-26T02:00:00Z,-3.210791
p02,2021-09-26T03:00:00Z,-2.482839
p02,2021-09-26T04:00:00Z,-2.885487
p02,2021-09-26T05:00:00Z,-1.799574
p02,2021-09-26T06:00:00Z,-2.677481
p02,2021-09-26T07:00:00Z,-1.812131
p02,2021-09-26T08:00:00Z,-2.985903
p02,2021-09-26T09:00:00Z,-2.954344
p02,2021-09-26T10:00:00Z,-2.765264
p02,2021-09-26T11:00:00Z,-4.977095
p02,2021-09-26T12:00:00Z,-6.045557
p02,2021-09-26T13:00:00Z,-7.630035
p02,2021-09-26T14:00:00Z,-7.111180
p02,2021-09-26T15:00:00Z,-8.099688
p02,2021-09-26T16:00:00Z,-7.933918
p02,2021-09-26T17:00:00Z,-7.727187
p02,2021-09-26T18:00:00Z,-7.458105
p02,2021-09-26T19:00:00Z,-7.252075
p02,2021-09-26T20:00:00Z,-7.940482
p02,2021-09-26T21:00:00Z,-7.194937
p02,2021-09-26T22:00:00Z,-5.976075
p02,2021-09-26T23:00:00Z,-5.633647
p02,2021-09-27T00:00:00Z,-3.824621
p02,2021-09-27T01:00:00Z,-3.579861
p02,2021-09-27T02:00:00Z,-2.846456
p02,2021-09-27T03:00:00Z,-2.336637
p02,2021-09-27T04:00:00Z,-1.984012
p02,2021-09-27T05:00:00Z,-1.947253
p02,2021-09-27T06:00:00Z,-3.210678
p02,2021-09-27T07:00:00Z,-2.730848
p02,2021-09-27T08:00:00Z,-3.897671
p02,2021-09-27T09:00:00Z,-4.533844
p02,2021-09-27T10:00:00Z,-4.368842
p02,2021-09-27T11:00:00Z,-5.017508
p02,2021-09-27T12:00:00Z,-5.111669
p02,2021-09-27T13:00:00Z,-5.619194
p02,2021-09-27T14:00:00Z,-7.896793
p02,2021-09-27T15:00:00Z,-7.605393
p02,2021-09-27T16:00:00Z,-8.560202
p02,2021-09-27T17:00:00Z,-8.313261
p02,2021-09-27T18:00:00Z,-7.132178
p02,2021-09-27T19:00:00Z,-7.876935
p02,2021-09-27T20:00:00Z,-5.980628
p02,2021-09-27T21:00:00Z,-6.848618
p02,2021-09-27T22:00:00Z,-5.116346
p02,2021-09-27T23:00:00Z,-5.118098
p02,2021-09-28T00:00:00Z,-4.751226
p02,2021-09-28T01:00:00Z,-4.057066
p02,2021-09-28T02:00:00Z,-2.814234
p02,2021-09-28T03:00:00Z,-2.292770
p02,2021-09-28T04:00:00Z,-1.542666
p02,2021-09-28T05:00:00Z,-1.220282
p02,2021-09-28T06:00:00Z,-1.516614
p02,2021-09-28T07:00:00Z,-2.705925
p02,2021-09-28T08:00:00Z,-3.915415
p02,2021-09-28T09:00:00Z,-3.930278
p02,2021-09-28T10:00:00Z,-4.529011
p02,2021-09-28T11:00:00Z,-4.945494
p02,2021-09-28T12:00:00Z,-5.186224
p02,2021-09-28T13:00:00Z,-5.977555
p02,2021-09-28T14:00:00Z,-7.633127
p02,2021-09-28T15:00:00Z,-8.508222
p02,2021-09-28T16:00:00Z,-8.170293
p02,2021-09-28T17:00:00Z,-8.265995
p02,2021-09-28T18:00:00Z,-7.436485
p02,2021-09-28T19:00:00Z,-7.670085
p02,2021-09-28T20:00:00Z,-7.403028
p02,2021-09-28T21:00:00Z,-5.583090
p02,2021-09-28T22:00:00Z,-5.983411
p02,2021-09-28T23:00:00Z,-5.123166
p02,2021-09-29T00:00:00Z,-4.403758
p02,2021-09-29T01:00:00Z,-3.647854
p02,2021-09-29T02:00:00Z,-2.917512
p02,2021-09-29T03:00:00Z,-2.591074
p02,2021-09-29T04:00:00Z,-1.481246
p02,2021-09-29T05:00:00Z,-2.832474
p02,2021-09-29T06:00:00Z,-2.256429
p02,2021-09-29T07:00:00Z,-2.457064
p02,2021-09-29T08:00:00Z,-2.024836
p02,2021-09-29T09:00:00Z,-3.565375
p02,2021-09-29T10:00:00Z,-5.209037
p02,2021-09-29T11:00:00Z,-4.730315
p02,2021-09-29T12:00:00Z,-6.004669
p02,2021-09-29T13:00:00Z,-5.791302
p02,2021-09-29T14:00:00Z,-6.806409
p02,2021-09-29T15:00:00Z,-7.851953
p02,2021-09-29T16:00:00Z,-7.677751
p02,2021-09-29T17:00:00Z,-8.148832
p02,2021-09-29T18:00:00Z,-8.190733
p02,2021-09-29T19:00:00Z,-7.281866
p02,2021-09-29T20:00:00Z,-7.973942
p02,2021-09-29T21:00:00Z,-7.091808
p02,2021-09-29T22:00:00Z,-5.355120
p02,2021-09-29T23:00:00Z,-5.463691
p02,2021-09-30T00:00:00Z,-3.695439
p02,2021-09-30T01:00:00Z,-3.334076
p02,2021-09-30T02:00:00Z,-3.470116
p02,2021-09-30T03:00:00Z,-1.884899
p02,2021-09-30T04:00:00Z,-2.639658
p02,2021-09-30T05:00:00Z,-2.145864
p02,2021-09-30T06:00:00Z,-1.826686
p02,2021-09-30T07:00:00Z,-2.536282
p02,2021-09-30T08:00:00Z,-3.605279
p02,2021-09-30T09:00:00Z,-3.529250
p02,2021-09-30T10:00:00Z,-4.559463
p02,2021-09-30T11:00:00Z,-4.436647
p02,2021-09-30T12:00:00Z,-5.416825
p02,2021-09-30T13:00:00Z,-6.922841
p02,2021-09-30T14:00:00Z,-7.296666
p02,2021-09-30T15:00:00Z,-7.729512
p02,2021-09-30T16:00:00Z,-8.390504
p02,2021-09-30T17:00:00Z,-8.018885
p02,2021-09-30T18:00:00Z,-7.083306
p02,2021-09-30T19:00:00Z,-7.280629
p02,2021-09-30T20:00:00Z,-6.780782
p02,2021-09-30T21:00:00Z,-7.835426
p02,2021-09-30T22:00:00Z,-6.260550
p02,2021-09-30T23:00:00Z,-4.465314
p02,2021-10-01T00:00:00Z,-3.360336
p02,2021-10-01T01:00:00Z,-3.883729
p02,2021-10-01T02:00:00Z,-3.437792
p02,2021-10-01T03:00:00Z,-2.798257
p02,2021-10-01T04:00:00Z,-2.195828
p02,2021-10-01T05:00:00Z,-1.701378
p02,2021-10-01T06:00:00Z,-1.320068
p02,2021-10-01T07:00:00Z,-1.859576
p02,2021-10-01T08:00:00Z,-2.004230
p02,2021-10-01T09:00:00Z,-2.945053
p02,2021-10-01T10:00:00Z,-3.525219
p02,2021-10-01T11:00:00Z,-5.724469
p02,2021-10-01T12:00:00Z,-7.170545
p02,2021-10-01T13:00:00Z,-5.962216
p02,2021-10-01T14:00:00Z,-7.069716
p02,2021-10-01T15:00:00Z,-8.507991
p02,2021-10-01T16:00:00Z,-7.516234
p02,2021-10-01T17:00:00Z,-7.698794
p02,2021-10-01T18:00:00Z,-7.712250
p02,2021-10-01T19:00:00Z,-7.606276
p02,2021-10-01T20:00:00Z,-7.007317
p02,2021-10-01T21:00:00Z,-6.602515
p02,2021-10-01T22:00:00Z,-5.093579
p02,2021-10-01T23:00:00Z,-4.999061
p02,2021-10-02T00:00:00Z,-5.142679
p02,2021-10-02T01:00:00Z,-3.807802
p02,2021-10-02T02:00:00Z,-1.314496
p02,2021-10-02T03:00:00Z,-2.274495
p02,2021-10-02T04:00:00Z,-2.274086
p02,2021-10-02T05:00:00Z,-2.174680
p02,2021-10-02T06:00:00Z,-1.485415
p02,2021-10-02T07:00:00Z,-2.785514
p02,2021-10-02T08:00:00Z,-2.312323
p02,2021-10-02T09:00:00Z,-3.664562
p02,2021-10-02T10:00:00Z,-3.264571
p02,2021-10-02T11:00:00Z,-5.209924
p02,2021-10-02T12:00:00Z,-5.801188
p02,2021-10-02T13:00:00Z,-6.529073
p02,2021-10-02T14:00:00Z,-6.842351
p02,2021-10-02T15:00:00Z,-6.639730
p02,2021-10-02T16:00:00Z,-7.613975
p02,2021-10-02T17:00:00Z,-7.582903
p02,2021-10-02T18:00:00Z,-7.427628
p02,2021-10-02T19:00:00Z,-7.190276
p02,2021-10-02T20:00:00Z,-6.443178
p02,2021-10-02T21:00:00Z,-6.823988
p02,2021-10-02T22:00:00Z,-4.415699
p02,2021-10-02T23:00:00Z,-4.945622
p02,2021-10-03T00:00:00Z,-3.850201
p02,2021-10-03T01:00:00Z,-4.517480
p02,2021-10-03T02:00:00Z,-2.485126
p02,2021-10-03T03:00:00Z,-2.292482
p02,2021-10-03T04:00:00Z,-2.670583
p02,2021-10-03T05:00:00Z,-1.463914
p02,2021-10-03T06:00:00Z,-2.338326
p02,2021-10-03T07:00:00Z,-2.330637
p02,2021-10-03T08:00:00Z,-2.574245
p02,2021-10-03T09:00:00Z,-3.994596
p02,2021-10-03T10:00:00Z,-3.475178
p02,2021-10-03T11:00:00Z,-4.888512
p02,2021-10-03T12:00:00Z,-6.060658
p02,2021-10-03T13:00:00Z,-7.403227
p02,2021-10-03T14:00:00Z,-6.590134
p02,2021-10-03T15:00:00Z,-7.164005
p02,2021-10-03T16:00:00Z,-7.700396
p02,2021-10-03T17:00:00Z,-7.419199
p02,2021-10-03T18:00:00Z,-7.959776
p02,2021-10-03T19:00:00Z,-7.580473
p02,2021-10-03T20:00:00Z,-6.225043
p02,2021-10-03T21:00:00Z,-6.529505
p02,2021-10-03T22:00:00Z,-5.566793
p02,2021-10-03T23:00:00Z,-5.844349
p02,2021-10-04T00:00:00Z,-3.256579
p02,2021-10-04T01:00:00Z,-3.742155
p02,2021-10-04T02:00:00Z,-2.468790
p02,2021-10-04T03:00:00Z,-2.308985
p02,2021-10-04T04:00:00Z,-2.000470
p02,2021-10-04T05:00:00Z,-1.752003
p02,2021-10-04T06:00:00Z,-1.664110
p02,2021-10-04T07:00:00Z,-2.306126
p02,2021-10-04T08:00:00Z,-2.213087
p02,2021-10-04T09:00:00Z,-3.279855
p02,2021-10-04T10:00:00Z,-3.959073
p02,2021-10-04T11:00:00Z,-4.501706
p02,2021-10-04T12:00:00Z,-5.321779
p02,2021-10-04T13:00:00Z,-5.527712
p02,2021-10-04T14:00:00Z,-6.548985
p02,2021-10-04T15:00:00Z,-6.924901
p02,2021-10-04T16:00:00Z,-7.443075
p02,2021-10-04T17:00:00Z,-7.700673
p02,2021-10-04T18:00:00Z,-7.769625
p02,2021-10-04T19:00:00Z,-7.310143
p02,2021-10-04T20:00:00Z,-6.654022
p02,2021-10-04T21:00:00Z,-5.595438
p02,2021-10-04T22:00:00Z,-7.189250
p02,2021-10-04T23:00:00Z,-4.356224
p02,2021-10-05T00:00:00Z,-5.011276
p02,2021-10-05T01:00:00Z,-3.088364
p02,2021-10-05T02:00:00Z,-2.435820
p02,2021-10-05T03:00:00Z,-2.479708
p02,2021-10-05T04:00:00Z,-1.451544
p02,2021-10-05T05:00:00Z,-1.523542
p02,2021-10-05T06:00:00Z,-1.462072
p02,2021-10-05T07:00:00Z,-2.768947
p02,2021-10-05T08:00:00Z,-2.853239
p02,2021-10-05T09:00:00Z,-3.363648
p02,2021-10-05T10:00:00Z,-4.651528
p02,2021-10-05T11:00:00Z,-3.889784
p02,2021-10-05T12:00:00Z,-4.781298
p02,2021-10-05T13:00:00Z,-6.460546
p02,2021-10-05T14:00:00Z,-6.929927
p02,2021-10-05T15:00:00Z,-7.283077
p02,2021-10-05T16:00:00Z,-7.428939
p02,2021-10-05T17:00:00Z,-7.427443
p02,2021-10-05T18:00:00Z,-6.561825
p02,2021-10-05T19:00:00Z,-7.154041
p02,2021-10-05T20:00:00Z,-7.447730
p02,2021-10-05T21:00:00Z,-6.654733
p02,2021-10-05T22:00:00Z,-5.864590
p02,2021-10-05T23:00:00Z,-4.374452
p02,2021-10-06T00:00:00Z,-4.370614
p02,2021-10-06T01:00:00Z,-2.764893
p02,2021-10-06T02:00:00Z,-2.479447
p02,2021-10-06T03:00:00Z,-2.056547
p02,2021-10-06T04:00:00Z,-1.731299
p02,2021-10-06T05:00:00Z,-0.899142
p02,2021-10-06T06:00:00Z,-1.827814
p02,2021-10-06T07:00:00Z,-2.042611
p02,2021-10-06T08:00:00Z,-2.518166
p02,2021-10-06T09:00:00Z,-3.674053
p02,2021-10-06T10:00:00Z,-4.021973
p02,2021-10-06T11:00:00Z,-5.663169
p02,2021-10-06T12:00:00Z,-5.659481
p02,2021-10-06T13:00:00Z,-5.847415
p02,2021-10-06T14:00:00Z,-6.709568
p02,2021-10-06T15:00:00Z,-7.379882
p02,2021-10-06T16:00:00Z,-7.492090
p02,2021-10-06T17:00:00Z,-7.559527
p02,2021-10-06T18:00:00Z,-8.011673
p02,2021-10-06T19:00:00Z,-7.543498
p02,2021-10-06T20:00:00Z,-6.400598
p02,2021-10-06T21:00:00Z,-6.149800
p02,2021-10-06T22:00:00Z,-5.037790
p02,2021-10-06T23:00:00Z,-4.475282
p02,2021-10-07T00:00:00Z,-3.590948
p02,2021-10-07T01:00:00Z,-3.327838
p02,2021-10-07T02:00:00Z,-1.984672
p02,2021-10-07T03:00:00Z,-2.201850
p02,2021-10-07T04:00:00Z,-0.768874
p02,2021-10-07T05:00:00Z,-2.302447
p02,2021-10-07T06:00:00Z,-1.125059
p02,2021-10-07T07:00:00Z,-1.662524
p02,2021-10-07T08:00:00Z,-2.284932
p02,2021-10-07T09:00:00Z,-2.948790
p02,2021-10-07T10:00:00Z,-3.258838
p02,2021-10-07T11:00:00Z,-4.655955
p02,2021-10-07T12:00:00Z,-4.980696
p02,2021-10-07T13:00:00Z,-6.025946
p02,2021-10-07T14:00:00Z,-6.578127
p02,2021-10-07T15:00:00Z,-7.427506
p02,2021-10-07T16:00:00Z,-7.863524
p02,2021-10-07T17:00:00Z,-7.403683
p02,2021-10-07T18:00:00Z,-7.109646
p02,2021-10-07T19:00:00Z,-6.525814
p02,2021-10-07T20:00:00Z,-5.604496
p02,2021-10-07T21:00:00Z,-6.277835
p02,2021-10-07T22:00:00Z,-4.706847
p02,2021-10-07T23:00:00Z,-4.268783
p02,2021-10-08T00:00:00Z,-3.862037
p02,2021-10-08T01:00:00Z,-3.755022
p02,2021-10-08T02:00:00Z,-1.634116
p02,2021-10-08T03:00:00Z,-1.538642
p02,2021-10-08T04:00:00Z,-1.507142
p02,2021-10-08T05:00:00Z,-1.197914
p02,2021-10-08T06:00:00Z,-1.917478
p02,2021-10-08T07:00:00Z,-0.707708
p02,2021-10-08T08:00:00Z,-2.143060
p02,2021-10-08T09:00:00Z,-2.650481
p02,2021-10-08T10:00:00Z,-2.747370
p02,2021-10-08T11:00:00Z,-5.057699
p02,2021-10-08T12:00:00Z,-5.964281
p02,2021-10-08T13:00:00Z,-6.243216
p02,2021-10-08T14:00:00Z,-6.820519
p02,2021-10-08T15:00:00Z,-7.491402
p02,2021-10-08T16:00:00Z,-7.453455
p02,2021-10-08T17:00:00Z,-7.785325
p02,2021-10-08T18:00:00Z,-6.676848
p02,2021-10-08T19:00:00Z,-6.974835
p02,2021-10-08T20:00:00Z,-6.060307
p02,2021-10-08T21:00:00Z,-6.038728
p02,2021-10-08T22:00:00Z,-3.966995
p02,2021-10-08T23:00:00Z,-3.524138
p02,2021-10-09T00:00:00Z,-4.205183
p02,2021-10-09T01:00:00Z,-2.302267
p02,2021-10-09T02:00:00Z,-2.289979
p02,2021-10-09T03:00:00Z,-1.473671
p02,2021-10-09T04:00:00Z,-1.608537
p02,2021-10-09T05:00:00Z,-1.179681
p02,2021-10-09T06:00:00Z,-1.700947
p02,2021-10-09T07:00:00Z,-1.942828
p02,2021-10-09T08:00:00Z,-2.506999
p02,2021-10-09T09:00:00Z,-2.907623
p02,2021-10-09T10:00:00Z,-3.462861
p02,2021-10-09T11:00:00Z,-4.003686
p02,2021-10-09T12:00:00Z,-5.533219
p02,2021-10-09T13:00:00Z,-6.266981
p02,2021-10-09T14:00:00Z,-6.388969
p02,2021-10-09T15:00:00Z,-6.295382
p02,2021-10-09T16:00:00Z,-7.371714
p02,2021-10-09T17:00:00Z,-6.604210
p02,2021-10-09T18:00:00Z,-6.404701
p02,2021-10-09T19:00:00Z,-6.400635
p02,2021-10-09T20:00:00Z,-6.089169
p02,2021-10-09T21:00:00Z,-5.577571
p02,2021-10-09T22:00:00Z,-4.309911
p02,2021-10-09T23:00:00Z,-5.055969
p02,2021-10-10T00:00:00Z,-3.371461
p02,2021-10-10T01:00:00Z,-2.988391
p02,2021-10-10T02:00:00Z,-2.079255
p02,2021-10-10T03:00:00Z,-1.918414
p02,2021-10-10T04:00:00Z,-1.215743
p02,2021-10-10T05:00:00Z,-1.249938
p02,2021-10-10T06:00:00Z,-1.269918
p02,2021-10-10T07:00:00Z,-2.120684
p02,2021-10-10T08:00:00Z,-2.300211
p02,2021-10-10T09:00:00Z,-2.831652
p02,2021-10-10T10:00:00Z,-4.327134
p02,2021-10-10T11:00:00Z,-4.395229
p02,2021-10-10T12:00:00Z,-4.999685
p02,2021-10-10T13:00:00Z,-6.384989
p02,2021-10-10T14:00:00Z,-5.779861
p02,2021-10-10T15:00:00Z,-6.549612
p02,2021-10-10T16:00:00Z,-7.713475
p02,2021-10-10T17:00:00Z,-7.519288
p02,2021-10-10T18:00:00Z,-7.011924
p02,2021-10-10T19:00:00Z,-6.798763
p02,2021-10-10T20:00:00Z,-6.357571
p02,2021-10-10T21:00:00Z,-6.142040
p02,2021-10-10T22:00:00Z,-5.243897
p02,2021-10-10T23:00:00Z,-4.567114
p02,2021-10-11T00:00:00Z,-2.943011
p02,2021-10-11T01:00:00Z,-2.846559
p02,2021-10-11T02:00:00Z,-0.751109
p02,2021-10-11T03:00:00Z,-0.809516
p02,2021-10-11T04:00:00Z,-1.345771
p02,2021-10-11T05:00:00Z,-1.287589
p02,2021-10-11T06:00:00Z,-1.168201
p02,2021-10-11T07:00:00Z,-1.966438
p02,2021-10-11T08:00:00Z,-1.188183
p02,2021-10-11T09:00:00Z,-2.762714
p02,2021-10-11T10:00:00Z,-3.771632
p02,2021-10-11T11:00:00Z,-4.365631
p02,2021-10-11T12:00:00Z,-4.883878
p02,2021-10-11T13:00:00Z,-6.333906
p02,2021-10-11T14:00:00Z,-5.942101
p02,2021-10-11T15:00:00Z,-6.158682
p02,2021-10-11T16:00:00Z,-7.439489
p02,2021-10-11T17:00:00Z,-7.491767
p02,2021-10-11T18:00:00Z,-7.127692
p02,2021-10-11T19:00:00Z,-6.463820
p02,2021-10-11T20:00:00Z,-6.307005
p02,2021-10-11T21:00:00Z,-5.955441
p02,2021-10-11T22:00:00Z,-4.291155
p02,2021-10-11T23:00:00Z,-4.596388
p02,2021-10-12T00:00:00Z,-3.145777
p02,2021-10-12T01:00:00Z,-2.282572
p02,2021-10-12T02:00:00Z,-2.759967
p02,2021-10-12T03:00:00Z,-1.900933
p02,2021-10-12T04:00:00Z,-0.698971
p02,2021-10-12T05:00:00Z,-0.745203
p02,2021-10-12T06:00:00Z,-2.129128
p02,2021-10-12T07:00:00Z,-1.164716
p02,2021-10-12T08:00:00Z,-1.751189
p02,2021-10-12T09:00:00Z,-2.683486
p02,2021-10-12T10:00:00Z,-2.981587
p02,2021-10-12T11:00:00Z,-3.266551
p02,2021-10-12T12:00:00Z,-3.975294
p02,2021-10-12T13:00:00Z,-4.808284
p02,2021-10-12T14:00:00Z,-6.458358
p02,2021-10-12T15:00:00Z,-6.733769
p02,2021-10-12T16:00:00Z,-6.664485
p02,2021-10-12T17:00:00Z,-7.395405
p02,2021-10-12T18:00:00Z,-7.670390
p02,2021-10-12T19:00:00Z,-7.509627
p02,2021-10-12T20:00:00Z,-5.936985
p02,2021-10-12T21:00:00Z,-4.799905
p02,2021-10-12T22:00:00Z,-4.093408
p02,2021-10-12T23:00:00Z,-4.598707
p02,2021-10-13T00:00:00Z,-2.865037
p02,2021-10-13T01:00:00Z,-2.445791
p02,2021-10-13T02:00:00Z,-2.056184
p02,2021-10-13T03:00:00Z,-0.614277
p02,2021-10-13T04:00:00Z,-1.413495
p02,2021-10-13T05:00:00Z,-2.210137
p02,2021-10-13T06:00:00Z,-0.265227
p02,2021-10-13T07:00:00Z,-1.691367
p02,2021-10-13T08:00:00Z,-2.297468
p02,2021-10-13T09:00:00Z,-2.867608
p02,2021-10-13T10:00:00Z,-3.297310
p02,2021-10-13T11:00:00Z,-3.978544
p02,2021-10-13T12:00:00Z,-5.351640
p02,2021-10-13T13:00:00Z,-5.173595
p02,2021-10-13T14:00:00Z,-5.660950
p02,2021-10-13T15:00:00Z,-6.771202
p02,2021-10-13T16:00:00Z,-7.370985
p02,2021-10-13T17:00:00Z,-7.116374
p02,2021-10-13T18:00:00Z,-7.578926
p02,2021-10-13T19:00:00Z,-6.696649
p02,2021-10-13T20:00:00Z,-5.373906
p02,2021-10-13T21:00:00Z,-4.745372
p02,2021-10-13T22:00:00Z,-4.528753
p02,2021-10-13T23:00:00Z,-3.565080
p02,2021-10-14T00:00:00Z,-2.955220
p02,2021-10-14T01:00:00Z,-2.654482
p02,2021-10-14T02:00:00Z,-1.474337
p02,2021-10-14T03:00:00Z,-1.864331
p02,2021-10-14T04:00:00Z,-1.341174
p02,2021-10-14T05:00:00Z,-0.525756
p02,2021-10-14T06:00:00Z,-0.651769
p02,2021-10-14T07:00:00Z,-0.818931
p02,2021-10-14T08:00:00Z,-1.532865
p02,2021-10-14T09:00:00Z,-2.915462
p02,2021-10-14T10:00:00Z,-2.616483
p02,2021-10-14T11:00:00Z,-3.272363
p02,2021-10-14T12:00:00Z,-4.169124
p02,2021-10-14T13:00:00Z,-5.389444
p02,2021-10-14T14:00:00Z,-5.261799
p02,2021-10-14T15:00:00Z,-7.019715
p02,2021-10-14T16:00:00Z,-7.162385
p02,2021-10-14T17:00:00Z,-6.643895
p02,2021-10-14T18:00:00Z,-6.599049
p02,2021-10-14T19:00:00Z,-6.036249
p02,2021-10-14T20:00:00Z,-6.238874
p02,2021-10-14T21:00:00Z,-5.111853
p02,2021-10-14T22:00:00Z,-4.217912
p02,2021-10-14T23:00:00Z,-3.556420
p02,2021-10-15T00:00:00Z,-3.023921
p02,2021-10-15T01:00:00Z,-1.688432
p02,2021-10-15T02:00:00Z,-0.497624
p02,2021-10-15T03:00:00Z,-0.326537
p02,2021-10-15T04:00:00Z,0.385832
p02,2021-10-15T05:00:00Z,-0.861605
p02,2021-10-15T06:00:00Z,-1.308893
p02,2021-10-15T07:00:00Z,-1.321725
p02,2021-10-15T08:00:00Z,-1.781115
p02,2021-10-15T09:00:00Z,-2.570286
p02,2021-10-15T10:00:00Z,-2.599730
p02,2021-10-15T11:00:00Z,-4.185596
p02,2021-10-15T12:00:00Z,-4.942066
p02,2021-10-15T13:00:00Z,-5.773006
p02,2021-10-15T14:00:00Z,-6.121337
p02,2021-10-15T15:00:00Z,-5.939921
p02,2021-10-15T16:00:00Z,-6.093171
p02,2021-10-15T17:00:00Z,-7.469382
p02,2021-10-15T18:00:00Z,-6.777391
p02,2021-10-15T19:00:00Z,-7.462235
p02,2021-10-15T20:00:00Z,-5.611159
p02,2021-10-15T21:00:00Z,-4.942956
p02,2021-10-15T22:00:00Z,-4.858497
p02,2021-10-15T23:00:00Z,-3.789885
p02,2021-10-16T00:00:00Z,-2.903108
p02,2021-10-16T01:00:00Z,-3.428938
p02,2021-10-16T02:00:00Z,-2.400844
p02,2021-10-16T03:00:00Z,-0.996788
p02,2021-10-16T04:00:00Z,-0.796025
p02,2021-10-16T05:00:00Z,-0.677717
p02,2021-10-16T06:00:00Z,-1.437337
p02,2021-10-16T07:00:00Z,-1.030181
p02,2021-10-16T08:00:00Z,-1.163038
p02,2021-10-16T09:00:00Z,-2.055923
p02,2021-10-16T10:00:00Z,-3.346907
p02,2021-10-16T11:00:00Z,-3.533070
p02,2021-10-16T12:00:00Z,-4.781708
p02,2021-10-16T13:00:00Z,-5.573975
p02,2021-10-16T14:00:00Z,-6.409477
p02,2021-10-16T15:00:00Z,-5.997987
p02,2021-10-16T16:00:00Z,-6.640347
p02,2021-10-16T17:00:00Z,-6.930858
p02,2021-10-16T18:00:00Z,-6.531468
p02,2021-10-16T19:00:00Z,-6.291431
p02,2021-10-16T20:00:00Z,-5.859745
p02,2021-10-16T21:00:00Z,-5.660905
p02,2021-10-16T22:00:00Z,-3.978454
p02,2021-10-16T23:00:00Z,-3.250114
p02,2021-10-17T00:00:00Z,-3.588256
p02,2021-10-17T01:00:00Z,-2.691341
p02,2021-10-17T02:00:00Z,-1.819194
p02,2021-10-17T03:00:00Z,-0.569285
p02,2021-10-17T04:00:00Z,-1.296385
p02,2021-10-17T05:00:00Z,0.425677
p02,2021-10-17T06:00:00Z,-1.239534
p02,2021-10-17T07:00:00Z,-1.727948
p02,2021-10-17T08:00:00Z,-2.049005
p02,2021-10-17T09:00:00Z,-2.449086
p02,2021-10-17T10:00:00Z,-2.582625
p02,2021-10-17T11:00:00Z,-4.416265
p02,2021-10-17T12:00:00Z,-5.158877
p02,2021-10-17T13:00:00Z,-5.179427
p02,2021-10-17T14:00:00Z,-6.342553
p02,2021-10-17T15:00:00Z,-7.078043
p02,2021-10-17T16:00:00Z,-7.149660
p02,2021-10-17T17:00:00Z,-6.263438
p02,2021-10-17T18:00:00Z,-6.214736
p02,2021-10-17T19:00:00Z,-7.257474
p02,2021-10-17T20:00:00Z,-5.918477
p02,2021-10-17T21:00:00Z,-4.916421
p02,2021-10-17T22:00:00Z,-4.114829
p02,2021-10-17T23:00:00Z,-3.721320
p02,2021-10-18T00:00:00Z,-3.152292
p02,2021-10-18T01:00:00Z,-1.784010
p02,2021-10-18T02:00:00Z,-2.031378
p02,2021-10-18T03:00:00Z,-1.016222
p02,2021-10-18T04:00:00Z,-0.557203
p02,2021-10-18T05:00:00Z,-0.571988
p02,2021-10-18T06:00:00Z,-0.787527
p02,2021-10-18T07:00:00Z,-0.514691
p02,2021-10-18T08:00:00Z,-1.161206
p02,2021-10-18T09:00:00Z,-2.075227
p02,2021-10-18T10:00:00Z,-3.011327
p02,2021-10-18T11:00:00Z,-4.064651
p02,2021-10-18T12:00:00Z,-3.668261
p02,2021-10-18T13:00:00Z,-5.192772
p02,2021-10-18T14:00:00Z,-5.215472
p02,2021-10-18T15:00:00Z,-5.077860
p02,2021-10-18T16:00:00Z,-6.591367
p02,2021-10-18T17:00:00Z,-5.805724
p02,2021-10-18T18:00:00Z,-6.360629
p02,2021-10-18T19:00:00Z,-5.999418
p02,2021-10-18T20:00:00Z,-5.947661
p02,2021-10-18T21:00:00Z,-4.706375
p02,2021-10-18T22:00:00Z,-4.624454
p02,2021-10-18T23:00:00Z,-3.056203
p02,2021-10-19T00:00:00Z,-2.965655
p02,2021-10-19T01:00:00Z,-2.164325
p02,2021-10-19T02:00:00Z,-0.624337
p02,2021-10-19T03:00:00Z,-1.003590
p02,2021-10-19T04:00:00Z,-0.781459
p02,2021-10-19T05:00:00Z,-0.875097
p02,2021-10-19T06:00:00Z,-0.493690
p02,2021-10-19T07:00:00Z,-1.088141
p02,2021-10-19T08:00:00Z,-1.756694
p02,2021-10-19T09:00:00Z,-1.392397
p02,2021-10-19T10:00:00Z,-2.716764
p02,2021-10-19T11:00:00Z,-3.532895
p02,2021-10-19T12:00:00Z,-4.298903
p02,2021-10-19T13:00:00Z,-4.260717
p02,2021-10-19T14:00:00Z,-5.606854
p02,2021-10-19T15:00:00Z,-6.822651
p02,2021-10-19T16:00:00Z,-6.450061
p02,2021-10-19T17:00:00Z,-6.276515
p02,2021-10-19T18:00:00Z,-6.948666
p02,2021-10-19T19:00:00Z,-6.333026
p02,2021-10-19T20:00:00Z,-4.754084
p02,2021-10-19T21:00:00Z,-5.139632
p02,2021-10-19T22:00:00Z,-3.823972
p02,2021-10-19T23:00:00Z,-3.373860
p02,2021-10-20T00:00:00Z,-2.123626
p02,2021-10-20T01:00:00Z,-1.549866
p02,2021-10-20T02:00:00Z,-1.616646
p02,2021-10-20T03:00:00Z,-0.422724
p02,2021-10-20T04:00:00Z,-0.616291
p02,2021-10-20T05:00:00Z,-0.628191
p02,2021-10-20T06:00:00Z,-0.508652
p02,2021-10-20T07:00:00Z,-0.220266
p02,2021-10-20T08:00:00Z,-1.097825
p02,2021-10-20T09:00:00Z,-1.840421
p02,2021-10-20T10:00:00Z,-3.690602
p02,2021-10-20T11:00:00Z,-3.183828
p02,2021-10-20T12:00:00Z,-4.235307
p02,2021-10-20T13:00:00Z,-5.101932
p02,2021-10-20T14:00:00Z,-6.261526
p02,2021-10-20T15:00:00Z,-5.876093
p02,2021-10-20T16:00:00Z,-6.395989
p02,2021-10-20T17:00:00Z,-5.811722
p02,2021-10-20T18:00:00Z,-5.180008
p02,2021-10-20T19:00:00Z,-6.228803
p02,2021-10-20T20:00:00Z,-6.181315
p02,2021-10-20T21:00:00Z,-4.237982
p02,2021-10-20T22:00:00Z,-3.066228
p02,2021-10-20T23:00:00Z,-2.360155
p02,2021-10-21T00:00:00Z,-2.251198
p02,2021-10-21T01:00:00Z,-2.153615
p02,2021-10-21T02:00:00Z,-0.923055
p02,2021-10-21T03:00:00Z,-1.203237
p02,2021-10-21T04:00:00Z,-0.002920
p02,2021-10-21T05:00:00Z,-0.818610
p02,2021-10-21T06:00:00Z,-0.424115
p02,2021-10-21T07:00:00Z,-0.309027
p02,2021-10-21T08:00:00Z,-0.557208
p02,2021-10-21T09:00:00Z,-1.866536
p02,2021-10-21T10:00:00Z,-1.438674
p02,2021-10-21T11:00:00Z,-3.802900
p02,2021-10-21T12:00:00Z,-3.442244
p02,2021-10-21T13:00:00Z,-4.492342
p02,2021-10-21T14:00:00Z,-5.310285
p02,2021-10-21T15:00:00Z,-6.360993
p02,2021-10-21T16:00:00Z,-6.601864
p02,2021-10-21T17:00:00Z,-5.974776
p02,2021-10-21T18:00:00Z,-5.409548
p02,2021-10-21T19:00:00Z,-5.686154
p02,2021-10-21T20:00:00Z,-4.355243
p02,2021-10-21T21:00:00Z,-5.463463
p02,2021-10-21T22:00:00Z,-2.967175
p02,2021-10-21T23:00:00Z,-3.562643
p02,2021-10-22T00:00:00Z,-1.843101
p02,2021-10-22T01:00:00Z,-2.000910
p02,2021-10-22T02:00:00Z,-1.502987
p02,2021-10-22T03:00:00Z,-0.379896
p02,2021-10-22T04:00:00Z,-0.049883
p02,2021-10-22T05:00:00Z,0.721198
p02,2021-10-22T06:00:00Z,0.008245
p02,2021-10-22T07:00:00Z,-0.392322
p02,2021-10-22T08:00:00Z,-1.036484
p02,2021-10-22T09:00:00Z,-1.755576
p02,2021-10-22T10:00:00Z,-2.313557
p02,2021-10-22T11:00:00Z,-3.349108
p02,2021-10-22T12:00:00Z,-3.316817
p02,2021-10-22T13:00:00Z,-5.287942
p02,2021-10-22T14:00:00Z,-4.991765
p02,2021-10-22T15:00:00Z,-5.738228
p02,2021-10-22T16:00:00Z,-6.114902
p02,2021-10-22T17:00:00Z,-6.020310
p02,2021-10-22T18:00:00Z,-5.383875
p02,2021-10-22T19:00:00Z,-5.952569
p02,2021-10-22T20:00:00Z,-5.970115
p02,2021-10-22T21:00:00Z,-4.125463
p02,2021-10-22T22:00:00Z,-3.828362
p02,2021-10-22T23:00:00Z,-3.879659
p02,2021-10-23T00:00:00Z,-1.852890
p02,2021-10-23T01:00:00Z,-1.268416
p02,2021-10-23T02:00:00Z,0.018104
p02,2021-10-23T03:00:00Z,0.682738
p02,2021-10-23T04:00:00Z,-0.249113
p02,2021-10-23T05:00:00Z,0.719955
p02,2021-10-23T06:00:00Z,-0.132182
p02,2021-10-23T07:00:00Z,0.087688
p02,2021-10-23T08:00:00Z,-1.351341
p02,2021-10-23T09:00:00Z,-1.493126
p02,2021-10-23T10:00:00Z,-1.283691
p02,2021-10-23T11:00:00Z,-3.417920
p02,2021-10-23T12:00:00Z,-4.390834
p02,2021-10-23T13:00:00Z,-4.276590
p02,2021-10-23T14:00:00Z,-5.521340
p02,2021-10-23T15:00:00Z,-5.219241
p02,2021-10-23T16:00:00Z,-6.441437
p02,2021-10-23T17:00:00Z,-6.324322
p02,2021-10-23T18:00:00Z,-6.162801
p02,2021-10-23T19:00:00Z,-5.053522
p02,2021-10-23T20:00:00Z,-5.134679
p02,2021-10-23T21:00:00Z,-4.513435
p02,2021-10-23T22:00:00Z,-3.676628
p02,2021-10-23T23:00:00Z,-3.083584
p02,2021-10-24T00:00:00Z,-1.672130
p02,2021-10-24T01:00:00Z,-1.086441
p02,2021-10-24T02:00:00Z,-0.987963
p02,2021-10-24T03:00:00Z,-0.648538
p02,2021-10-24T04:00:00Z,0.279508
p02,2021-10-24T05:00:00Z,0.320729
p02,2021-10-24T06:00:00Z,-0.126506
p02,2021-10-24T07:00:00Z,-1.081586
p02,2021-10-24T08:00:00Z,0.071155
p02,2021-10-24T09:00:00Z,-1.908009
p02,2021-10-24T10:00:00Z,-1.933431
p02,2021-10-24T11:00:00Z,-2.453874
p02,2021-10-24T12:00:00Z,-4.268927
p02,2021-10-24T13:00:00Z,-4.140845
p02,2021-10-24T14:00:00Z,-4.779560
p02,2021-10-24T15:00:00Z,-5.284405
p02,2021-10-24T16:00:00Z,-5.521911
p02,2021-10-24T17:00:00Z,-5.833846
p02,2021-10-24T18:00:00Z,-5.258882
p02,2021-10-24T19:00:00Z,-4.781403
p02,2021-10-24T20:00:00Z,-4.488375
p02,2021-10-24T21:00:00Z,-4.607221
p02,2021-10-24T22:00:00Z,-4.115934
p02,2021-10-24T23:00:00Z,-3.610095
p02,2021-10-25T00:00:00Z,-1.656668
p02,2021-10-25T01:00:00Z,-1.489691
p02,2021-10-25T02:00:00Z,-1.262071
p02,2021-10-25T03:00:00Z,-0.538371
p02,2021-10-25T04:00:00Z,0.440682
p02,2021-10-25T05:00:00Z,0.530782
p02,2021-10-25T06:00:00Z,0.781783
p02,2021-10-25T07:00:00Z,-0.449897
p02,2021-10-25T08:00:00Z,-0.492838
p02,2021-10-25T09:00:00Z,-1.277291
p02,2021-10-25T10:00:00Z,-2.270985
p02,2021-10-25T11:00:00Z,-1.527090
p02,2021-10-25T12:00:00Z,-2.402328
p02,2021-10-25T13:00:00Z,-4.493663
p02,2021-10-25T14:00:00Z,-4.984749
p02,2021-10-25T15:00:00Z,-5.589119
p02,2021-10-25T16:00:00Z,-6.212170
p02,2021-10-25T17:00:00Z,-5.254924
p02,2021-10-25T18:00:00Z,-6.084102
p02,2021-10-25T19:00:00Z,-5.766206
p02,2021-10-25T20:00:00Z,-5.032416
p02,2021-10-25T21:00:00Z,-3.837147
p02,2021-10-25T22:00:00Z,-3.098856
p02,2021-10-25T23:00:00Z,-2.474203
p02,2021-10-26T00:00:00Z,-0.619016
p02,2021-10-26T01:00:00Z,-1.155445
p02,2021-10-26T02:00:00Z,-0.446083
p02,2021-10-26T03:00:00Z,-0.918969
p02,2021-10-26T04:00:00Z,0.787119
p02,2021-10-26T05:00:00Z,0.404129
p02,2021-10-26T06:00:00Z,0.012896
p02,2021-10-26T07:00:00Z,0.359244
p02,2021-10-26T08:00:00Z,-0.417934
p02,2021-10-26T09:00:00Z,-1.140840
p02,2021-10-26T10:00:00Z,-1.165917
p02,2021-10-26T11:00:00Z,-1.974648
p02,2021-10-26T12:00:00Z,-3.902173
p02,2021-10-26T13:00:00Z,-4.008230
p02,2021-10-26T14:00:00Z,-5.143507
p02,2021-10-26T15:00:00Z,-5.677121
p02,2021-10-26T16:00:00Z,-4.753858
p02,2021-10-26T17:00:00Z,-6.260871
p02,2021-10-26T18:00:00Z,-5.249647
p02,2021-10-26T19:00:00Z,-6.030038
p02,2021-10-26T20:00:00Z,-5.044160
p02,2021-10-26T21:00:00Z,-3.903192
p02,2021-10-26T22:00:00Z,-2.817069
p02,2021-10-26T23:00:00Z,-2.396142
p02,2021-10-27T00:00:00Z,-2.236288
p02,2021-10-27T01:00:00Z,-1.715435
p02,2021-10-27T02:00:00Z,-1.042527
p02,2021-10-27T03:00:00Z,0.074526
p02,2021-10-27T04:00:00Z,1.253684
p02,2021-10-27T05:00:00Z,0.282774
p02,2021-10-27T06:00:00Z,0.165539
p02,2021-10-27T07:00:00Z,0.018088
p02,2021-10-27T08:00:00Z,0.015435
p02,2021-10-27T09:00:00Z,-1.312974
p02,2021-10-27T10:00:00Z,-1.611763
p02,2021-10-27T11:00:00Z,-2.782204
p02,2021-10-27T12:00:00Z,-2.742235
p02,2021-10-27T13:00:00Z,-4.387192
p02,2021-10-27T14:00:00Z,-3.778694
p02,2021-10-27T15:00:00Z,-5.134962
p02,2021-10-27T16:00:00Z,-6.035253
p02,2021-10-27T17:00:00Z,-4.922199
p02,2021-10-27T18:00:00Z,-4.638475
p02,2021-10-27T19:00:00Z,-4.814356
p02,2021-10-27T20:00:00Z,-3.963169
p02,2021-10-27T21:00:00Z,-3.722719
p02,2021-10-27T22:00:00Z,-3.590948
p02,2021-10-27T23:00:00Z,-2.616834
p02,2021-10-28T00:00:00Z,-1.043520
p02,2021-10-28T01:00:00Z,-1.225942
p02,2021-10-28T02:00:00Z,-0.419164
p02,2021-10-28T03:00:00Z,0.063720
p02,2021-10-28T04:00:00Z,0.635739
p02,2021-10-28T05:00:00Z,0.599882
p02,2021-10-28T06:00:00Z,-0.801004
p02,2021-10-28T07:00:00Z,0.089426
p02,2021-10-28T08:00:00Z,-0.214028
p02,2021-10-28T09:00:00Z,-0.362435
p02,2021-10-28T10:00:00Z,-1.227764
p02,2021-10-28T11:00:00Z,-2.612621
p02,2021-10-28T12:00:00Z,-2.782319
p02,2021-10-28T13:00:00Z,-3.535958
p02,2021-10-28T14:00:00Z,-4.478053
p02,2021-10-28T15:00:00Z,-5.686193
p02,2021-10-28T16:00:00Z,-5.336564
p02,2021-10-28T17:00:00Z,-4.724687
p02,2021-10-28T18:00:00Z,-5.724252
p02,2021-10-28T19:00:00Z,-5.249661
p02,2021-10-28T20:00:00Z,-4.355280
p02,2021-10-28T21:00:00Z,-4.463100
p02,2021-10-28T22:00:00Z,-3.212188
p02,2021-10-28T23:00:00Z,-1.892244
p02,2021-10-29T00:00:00Z,-1.289759
p02,2021-10-29T01:00:00Z,-1.071061
p02,2021-10-29T02:00:00Z,-0.131615
p02,2021-10-29T03:00:00Z,0.374218
p02,2021-10-29T04:00:00Z,0.539084
p02,2021-10-29T05:00:00Z,0.654700
p02,2021-10-29T06:00:00Z,0.894588
p02,2021-10-29T07:00:00Z,-0.211336
p02,2021-10-29T08:00:00Z,1.123889
p02,2021-10-29T09:00:00Z,-0.260741
p02,2021-10-29T10:00:00Z,-2.300158
p02,2021-10-29T11:00:00Z,-2.720396
p02,2021-10-29T12:00:00Z,-3.698165
p02,2021-10-29T13:00:00Z,-4.437415
p02,2021-10-29T14:00:00Z,-4.595242
p02,2021-10-29T15:00:00Z,-5.192136
p02,2021-10-29T16:00:00Z,-5.920240
p02,2021-10-29T17:00:00Z,-5.800840
p02,2021-10-29T18:00:00Z,-5.291821
p02,2021-10-29T19:00:00Z,-4.290690
p02,2021-10-29T20:00:00Z,-4.401084
p02,2021-10-29T21:00:00Z,-3.244871
p02,2021-10-29T22:00:00Z,-3.930786
p02,2021-10-29T23:00:00Z,-2.103869
p02,2021-10-30T00:00:00Z,-1.656545
p02,2021-10-30T01:00:00Z,-0.410952
p02,2021-10-30T02:00:00Z,-0.687565
p02,2021-10-30T03:00:00Z,0.134781
p02,2021-10-30T04:00:00Z,0.760250
p02,2021-10-30T05:00:00Z,1.459995
p02,2021-10-30T06:00:00Z,0.388694
p02,2021-10-30T07:00:00Z,1.161451
p02,2021-10-30T08:00:00Z,0.342647
p02,2021-10-30T09:00:00Z,-1.304132
p02,2021-10-30T10:00:00Z,-1.594235
p02,2021-10-30T11:00:00Z,-1.735015
p02,2021-10-30T12:00:00Z,-2.755555
p02,2021-10-30T13:00:00Z,-3.102749
p02,2021-10-30T14:00:00Z,-3.841034
p02,2021-10-30T15:00:00Z,-4.283168
p02,2021-10-30T16:00:00Z,-4.911481
p02,2021-10-30T17:00:00Z,-3.925862
p02,2021-10-30T18:00:00Z,-4.572051
p02,2021-10-30T19:00:00Z,-5.002555
p02,2021-10-30T20:00:00Z,-4.373842
p02,2021-10-30T21:00:00Z,-3.733869
p02,2021-10-30T22:00:00Z,-3.528132
p02,2021-10-30T23:00:00Z,-2.320238
p02,2021-10-31T00:00:00Z,-2.137139
p02,2021-10-31T01:00:00Z,-0.045347
p02,2021-10-31T02:00:00Z,0.195350
p02,2021-10-31T03:00:00Z,1.108272
p02,2021-10-31T04:00:00Z,0.685502
p02,2021-10-31T05:00:00Z,1.713648
p02,2021-10-31T06:00:00Z,0.505172
p02,2021-10-31T07:00:00Z,0.871145
p02,2021-10-31T08:00:00Z,-0.702853
p02,2021-10-31T09:00:00Z,-0.967463
p02,2021-10-31T10:00:00Z,-1.244129
p02,2021-10-31T11:00:00Z,-2.693638
p02,2021-10-31T12:00:00Z,-2.953157
p02,2021-10-31T13:00:00Z,-3.755298
p02,2021-10-31T14:00:00Z,-3.998728
p02,2021-10-31T15:00:00Z,-4.103000
p02,2021-10-31T16:00:00Z,-5.405011
p02,2021-10-31T17:00:00Z,-5.300043
p02,2021-10-31T18:00:00Z,-5.973846
p02,2021-10-31T19:00:00Z,-4.381976
p02,2021-10-31T20:00:00Z,-4.413070
p02,2021-10-31T21:00:00Z,-3.220315
p02,2021-10-31T22:00:00Z,-2.736255
p02,2021-10-31T23:00:00Z,-2.623146
p02,2021-11-01T00:00:00Z,-0.373821
p02,2021-11-01T01:00:00Z,-0.456263
p02,2021-11-01T02:00:00Z,0.217653
p02,2021-11-01T03:00:00Z,0.342451
p02,2021-11-01T04:00:00Z,0.536691
p02,2021-11-01T05:00:00Z,1.016919
p02,2021-11-01T06:00:00Z,1.108620
p02,2021-11-01T07:00:00Z,2.160118
p02,2021-11-01T08:00:00Z,-0.076850
p02,2021-11-01T09:00:00Z,0.062735
p02,2021-11-01T10:00:00Z,-1.062040
p02,2021-11-01T11:00:00Z,-1.889784
p02,2021-11-01T12:00:00Z,-2.815095
p02,2021-11-01T13:00:00Z,-4.525800
p02,2021-11-01T14:00:00Z,-3.321294
p02,2021-11-01T15:00:00Z,-4.624026
p02,2021-11-01T16:00:00Z,-4.985052
p02,2021-11-01T17:00:00Z,-4.643982
p02,2021-11-01T18:00:00Z,-4.518911
p02,2021-11-01T19:00:00Z,-4.666638
p02,2021-11-01T20:00:00Z,-4.235189
p02,2021-11-01T21:00:00Z,-2.754877
p02,2021-11-01T22:00:00Z,-3.027236
p02,2021-11-01T23:00:00Z,-2.209238
p02,2021-11-02T00:00:00Z,-0.859084
p02,2021-11-02T01:00:00Z,-0.512947
p02,2021-11-02T02:00:00Z,0.144318
p02,2021-11-02T03:00:00Z,1.858997
p02,2021-11-02T04:00:00Z,1.656484
p02,2021-11-02T05:00:00Z,0.952334
p02,2021-11-02T06:00:00Z,1.001004
p02,2021-11-02T07:00:00Z,0.857579
p02,2021-11-02T08:00:00Z,0.331879
p02,2021-11-02T09:00:00Z,0.571688
p02,2021-11-02T10:00:00Z,-0.851526
p02,2021-11-02T11:00:00Z,-1.720302
p02,2021-11-02T12:00:00Z,-2.193415
p02,2021-11-02T13:00:00Z,-3.597874
p02,2021-11-02T14:00:00Z,-3.873848
p02,2021-11-02T15:00:00Z,-4.201840
p02,2021-11-02T16:00:00Z,-4.410161
p02,2021-11-02T17:00:00Z,-4.281158
p02,2021-11-02T18:00:00Z,-4.616566
p02,2021-11-02T19:00:00Z,-4.784196
p02,2021-11-02T20:00:00Z,-3.392530
p02,2021-11-02T21:00:00Z,-2.876301
p02,2021-11-02T22:00:00Z,-2.466704
p02,2021-11-02T23:00:00Z,-2.146668
p02,2021-11-03T00:00:00Z,-2.005474
p02,2021-11-03T01:00:00Z,-0.048927
p02,2021-11-03T02:00:00Z,0.796698
p02,2021-11-03T03:00:00Z,1.085357
p02,2021-11-03T04:00:00Z,2.133303
p02,2021-11-03T05:00:00Z,1.532191
p02,2021-11-03T06:00:00Z,1.864580
p02,2021-11-03T07:00:00Z,0.577953
p02,2021-11-03T08:00:00Z,0.370603
p02,2021-11-03T09:00:00Z,0.102047
p02,2021-11-03T10:00:00Z,-0.338704
p02,2021-11-03T11:00:00Z,-2.221350
p02,2021-11-03T12:00:00Z,-2.535221
p02,2021-11-03T13:00:00Z,-3.066130
p02,2021-11-03T14:00:00Z,-3.103281
p02,2021-11-03T15:00:00Z,-5.206908
p02,2021-11-03T16:00:00Z,-5.002018
p02,2021-11-03T17:00:00Z,-4.763175
p02,2021-11-03T18:00:00Z,-4.210742
p02,2021-11-03T19:00:00Z,-4.613079
p02,2021-11-03T20:00:00Z,-3.270195
p02,2021-11-03T21:00:00Z,-2.861450
p02,2021-11-03T22:00:00Z,-1.939721
p02,2021-11-03T23:00:00Z,-1.228524
p02,2021-11-04T00:00:00Z,-0.982474
p02,2021-11-04T01:00:00Z,-0.610390
p02,2021-11-04T02:00:00Z,0.847607
p02,2021-11-04T03:00:00Z,0.598193
p02,2021-11-04T04:00:00Z,1.332350
p02,2021-11-04T05:00:00Z,2.049860
p02,2021-11-04T06:00:00Z,0.817631
p02,2021-11-04T07:00:00Z,1.024194
p02,2021-11-04T08:00:00Z,1.202747
p02,2021-11-04T09:00:00Z,0.072322
p02,2021-11-04T10:00:00Z,-1.009160
p02,2021-11-04T11:00:00Z,-1.345364
p02,2021-11-04T12:00:00Z,-3.388405
p02,2021-11-04T13:00:00Z,-2.869670
p02,2021-11-04T14:00:00Z,-4.101149
p02,2021-11-04T15:00:00Z,-4.799058
p02,2021-11-04T16:00:00Z,-3.933433
p02,2021-11-04T17:00:00Z,-3.380783
p02,2021-11-04T18:00:00Z,-5.198388
p02,2021-11-04T19:00:00Z,-3.686040
p02,2021-11-04T20:00:00Z,-3.386164
p02,2021-11-04T21:00:00Z,-2.410109
p02,2021-11-04T22:00:00Z,-2.737009
p02,2021-11-04T23:00:00Z,-1.727242
p02,2021-11-05T00:00:00Z,-1.053372
p02,2021-11-05T01:00:00Z,0.001911
p02,2021-11-05T02:00:00Z,0.522270
p02,2021-11-05T03:00:00Z,0.240436
p02,2021-11-05T04:00:00Z,1.358837
p02,2021-11-05T05:00:00Z,1.769520
p02,2021-11-05T06:00:00Z,1.814582
p02,2021-11-05T07:00:00Z,1.851818
p02,2021-11-05T08:00:00Z,0.436102
p02,2021-11-05T09:00:00Z,-0.336228
p02,2021-11-05T10:00:00Z,0.039066
p02,2021-11-05T11:00:00Z,-0.200330
p02,2021-11-05T12:00:00Z,-2.546485
p02,2021-11-05T13:00:00Z,-3.567604
p02,2021-11-05T14:00:00Z,-3.829378
p02,2021-11-05T15:00:00Z,-5.166448
p02,2021-11-05T16:00:00Z,-4.738209
p02,2021-11-05T17:00:00Z,-4.011192
p02,2021-11-05T18:00:00Z,-4.285531
p02,2021-11-05T19:00:00Z,-5.189996
p02,2021-11-05T20:00:00Z,-3.159586
p02,2021-11-05T21:00:00Z,-3.036863
p02,2021-11-05T22:00:00Z,-2.382831
p02,2021-11-05T23:00:00Z,-1.751165
p02,2021-11-06T00:00:00Z,0.339947
p02,2021-11-06T01:00:00Z,-0.449866
p02,2021-11-06T02:00:00Z,0.251606
p02,2021-11-06T03:00:00Z,1.217442
p02,2021-11-06T04:00:00Z,1.911164
p02,2021-11-06T05:00:00Z,1.396485
p02,2021-11-06T06:00:00Z,1.807126
p02,2021-11-06T07:00:00Z,-0.086844
p02,2021-11-06T08:00:00Z,0.680288
p02,2021-11-06T09:00:00Z,-0.018393
p02,2021-11-06T10:00:00Z,0.241892
p02,2021-11-06T11:00:00Z,-0.712878
p02,2021-11-06T12:00:00Z,-1.398326
p02,2021-11-06T13:00:00Z,-2.031908
p02,2021-11-06T14:00:00Z,-3.201478
p02,2021-11-06T15:00:00Z,-3.759652
p02,2021-11-06T16:00:00Z,-4.133960
p02,2021-11-06T17:00:00Z,-4.045424
p02,2021-11-06T18:00:00Z,-4.167739
p02,2021-11-06T19:00:00Z,-4.070738
p02,2021-11-06T20:00:00Z,-3.612065
p02,2021-11-06T21:00:00Z,-2.978761
p02,2021-11-06T22:00:00Z,-1.786284
p02,2021-11-06T23:00:00Z,-1.840084
p02,2021-11-07T00:00:00Z,-0.048629
p02,2021-11-07T01:00:00Z,0.208191
p02,2021-11-07T02:00:00Z,1.789075
p02,2021-11-07T03:00:00Z,0.421446
p02,2021-11-07T04:00:00Z,2.757401
p02,2021-11-07T05:00:00Z,3.099414
p02,2021-11-07T06:00:00Z,2.229445
p02,2021-11-07T07:00:00Z,0.774844
p02,2021-11-07T08:00:00Z,-0.195560
p02,2021-11-07T09:00:00Z,0.788519
p02,2021-11-07T10:00:00Z,-0.405576
p02,2021-11-07T11:00:00Z,-1.298722
p02,2021-11-07T12:00:00Z,-1.635534
p02,2021-11-07T13:00:00Z,-3.308604
p02,2021-11-07T14:00:00Z,-2.956463
p02,2021-11-07T15:00:00Z,-5.056655
p02,2021-11-07T16:00:00Z,-5.187012
p02,2021-11-07T17:00:00Z,-4.114058
p02,2021-11-07T18:00:00Z,-4.096225
p02,2021-11-07T19:00:00Z,-2.568901
p02,2021-11-07T20:00:00Z,-3.339125
p02,2021-11-07T21:00:00Z,-2.780939
p02,2021-11-07T22:00:00Z,-1.637008
p02,2021-11-07T23:00:00Z,-0.625425
p02,2021-11-08T00:00:00Z,0.393536
p02,2021-11-08T01:00:00Z,0.807201
p02,2021-11-08T02:00:00Z,1.440880
p02,2021-11-08T03:00:00Z,1.478436
p02,2021-11-08T04:00:00Z,1.766353
p02,2021-11-08T05:00:00Z,1.507739
p02,2021-11-08T06:00:00Z,2.168015
p02,2021-11-08T07:00:00Z,1.522816
p02,2021-11-08T08:00:00Z,1.969906
p02,2021-11-08T09:00:00Z,0.630892
p02,2021-11-08T10:00:00Z,-0.233569
p02,2021-11-08T11:00:00Z,-1.768444
p02,2021-11-08T12:00:00Z,-1.478521
p02,2021-11-08T13:00:00Z,-2.390354
p02,2021-11-08T14:00:00Z,-3.162003
p02,2021-11-08T15:00:00Z,-3.860297
p02,2021-11-08T16:00:00Z,-4.278133
p02,2021-11-08T17:00:00Z,-4.223022
p02,2021-11-08T18:00:00Z,-3.831453
p02,2021-11-08T19:00:00Z,-2.905659
p02,2021-11-08T20:00:00Z,-2.950259
p02,2021-11-08T21:00:00Z,-1.984623
p02,2021-11-08T22:00:00Z,-1.858431
p02,2021-11-08T23:00:00Z,-1.285861
p02,2021-11-09T00:00:00Z,0.550034
p02,2021-11-09T01:00:00Z,0.814190
p02,2021-11-09T02:00:00Z,0.558847
p02,2021-11-09T03:00:00Z,1.101176
p02,2021-11-09T04:00:00Z,1.113530
p02,2021-11-09T05:00:00Z,2.221050
p02,2021-11-09T06:00:00Z,1.827939
p02,2021-11-09T07:00:00Z,1.252799
p02,2021-11-09T08:00:00Z,1.373192
p02,2021-11-09T09:00:00Z,-0.375556
p02,2021-11-09T10:00:00Z,-0.041341
p02,2021-11-09T11:00:00Z,-1.846513
p02,2021-11-09T12:00:00Z,-1.419249
p02,2021-11-09T13:00:00Z,-1.980453
p02,2021-11-09T14:00:00Z,-2.979670
p02,2021-11-09T15:00:00Z,-3.751907
p02,2021-11-09T16:00:00Z,-3.474852
p02,2021-11-09T17:00:00Z,-3.973538
p02,2021-11-09T18:00:00Z,-4.755336
p02,2021-11-09T19:00:00Z,-2.956537
p02,2021-11-09T20:00:00Z,-2.884849
p02,2021-11-09T21:00:00Z,-2.965713
p02,2021-11-09T22:00:00Z,-1.324440
p02,2021-11-09T23:00:00Z,-0.874339
p02,2021-11-10T00:00:00Z,-0.216859
p02,2021-11-10T01:00:00Z,0.918366
p02,2021-11-10T02:00:00Z,1.564277
p02,2021-11-10T03:00:00Z,1.994412
p02,2021-11-10T04:00:00Z,1.893338
p02,2021-11-10T05:00:00Z,2.154318
p02,2021-11-10T06:00:00Z,1.502720
p02,2021-11-10T07:00:00Z,1.564848
p02,2021-11-10T08:00:00Z,1.694619
p02,2021-11-10T09:00:00Z,0.036347
p02,2021-11-10T10:00:00Z,0.411815
p02,2021-11-10T11:00:00Z,-1.398090
p02,2021-11-10T12:00:00Z,-1.906255
p02,2021-11-10T13:00:00Z,-2.910047
p02,2021-11-10T14:00:00Z,-3.167419
p02,2021-11-10T15:00:00Z,-3.157127
p02,2021-11-10T16:00:00Z,-3.281250
p02,2021-11-10T17:00:00Z,-3.342853
p02,2021-11-10T18:00:00Z,-3.208435
p02,2021-11-10T19:00:00Z,-3.209759
p02,2021-11-10T20:00:00Z,-3.633690
p02,2021-11-10T21:00:00Z,-3.141531
p02,2021-11-10T22:00:00Z,-1.354734
p02,2021-11-10T23:00:00Z,-0.786709
p02,2021-11-11T00:00:00Z,0.003566
p02,2021-11-11T01:00:00Z,0.020416
p02,2021-11-11T02:00:00Z,1.667256
p02,2021-11-11T03:00:00Z,1.908203
p02,2021-11-11T04:00:00Z,2.753078
p02,2021-11-11T05:00:00Z,1.601318
p02,2021-11-11T06:00:00Z,2.699327
p02,2021-11-11T07:00:00Z,1.916159
p02,2021-11-11T08:00:00Z,1.472647
p02,2021-11-11T09:00:00Z,0.772245
p02,2021-11-11T10:00:00Z,0.047161
p02,2021-11-11T11:00:00Z,-0.847063
p02,2021-11-11T12:00:00Z,-1.757753
p02,2021-11-11T13:00:00Z,-1.933160
p02,2021-11-11T14:00:00Z,-2.709456
p02,2021-11-11T15:00:00Z,-3.193903
p02,2021-11-11T16:00:00Z,-3.532746
p02,2021-11-11T17:00:00Z,-4.467977
p02,2021-11-11T18:00:00Z,-3.701038
p02,2021-11-11T19:00:00Z,-3.182544
p02,2021-11-11T20:00:00Z,-3.771765
p02,2021-11-11T21:00:00Z,-1.390110
p02,2021-11-11T22:00:00Z,-0.991182
p02,2021-11-11T23:00:00Z,-0.924066
p02,2021-11-12T00:00:00Z,-0.142197
p02,2021-11-12T01:00:00Z,0.416969
p02,2021-11-12T02:00:00Z,2.113713
p02,2021-11-12T03:00:00Z,2.285100
p02,2021-11-12T04:00:00Z,3.047206
p02,2021-11-12T05:00:00Z,2.594896
p02,2021-11-12T06:00:00Z,2.733543
p02,2021-11-12T07:00:00Z,2.715147
p02,2021-11-12T08:00:00Z,1.600697
p02,2021-11-12T09:00:00Z,1.534005
p02,2021-11-12T10:00:00Z,-0.403243
p02,2021-11-12T11:00:00Z,-1.324732
p02,2021-11-12T12:00:00Z,-0.877843
p02,2021-11-12T13:00:00Z,-2.192894
p02,2021-11-12T14:00:00Z,-2.054511
p02,2021-11-12T15:00:00Z,-3.067313
p02,2021-11-12T16:00:00Z,-3.283821
p02,2021-11-12T17:00:00Z,-2.961918
p02,2021-11-12T18:00:00Z,-4.130811
p02,2021-11-12T19:00:00Z,-3.355188
p02,2021-11-12T20:00:00Z,-3.291864
p02,2021-11-12T21:00:00Z,-1.308274
p02,2021-11-12T22:00:00Z,-1.205370
p02,2021-11-12T23:00:00Z,-0.294341
p02,2021-11-13T00:00:00Z,0.686457
p02,2021-11-13T01:00:00Z,1.684644
p02,2021-11-13T02:00:00Z,1.881263
p02,2021-11-13T03:00:00Z,2.414551
p02,2021-11-13T04:00:00Z,2.911692
p02,2021-11-13T05:00:00Z,3.087781
p02,2021-11-13T06:00:00Z,1.574686
p02,2021-11-13T07:00:00Z,2.636162
p02,2021-11-13T08:00:00Z,1.386203
p02,2021-11-13T09:00:00Z,0.781638
p02,2021-11-13T10:00:00Z,0.374102
p02,2021-11-13T11:00:00Z,-0.015891
p02,2021-11-13T12:00:00Z,-0.994977
p02,2021-11-13T13:00:00Z,-1.485139
p02,2021-11-13T14:00:00Z,-2.408866
p02,2021-11-13T15:00:00Z,-2.579886
p02,2021-11-13T16:00:00Z,-3.234460
p02,2021-11-13T17:00:00Z,-2.674290
p02,2021-11-13T18:00:00Z,-3.279701
p02,2021-11-13T19:00:00Z,-2.561821
p02,2021-11-13T20:00:00Z,-2.768031
p02,2021-11-13T21:00:00Z,-2.181855
p02,2021-11-13T22:00:00Z,-0.591068
p02,2021-11-13T23:00:00Z,-0.973540
p02,2021-11-14T00:00:00Z,0.272126
p02,2021-11-14T01:00:00Z,1.048481
p02,2021-11-14T02:00:00Z,1.620041
p02,2021-11-14T03:00:00Z,1.490471
p02,2021-11-14T04:00:00Z,2.110150
p02,2021-11-14T05:00:00Z,1.906288
p02,2021-11-14T06:00:00Z,3.011941
p02,2021-11-14T07:00:00Z,1.764283
p02,2021-11-14T08:00:00Z,1.339878
p02,2021-11-14T09:00:00Z,1.188482
p02,2021-11-14T10:00:00Z,0.949029
p02,2021-11-14T11:00:00Z,-0.173171
p02,2021-11-14T12:00:00Z,-1.027967
p02,2021-11-14T13:00:00Z,-2.467245
p02,2021-11-14T14:00:00Z,-2.778301
p02,2021-11-14T15:00:00Z,-2.465507
p02,2021-11-14T16:00:00Z,-3.211825
p02,2021-11-14T17:00:00Z,-2.741680
p02,2021-11-14T18:00:00Z,-4.025947
p02,2021-11-14T19:00:00Z,-2.889448
p02,2021-11-14T20:00:00Z,-2.284552
p02,2021-11-14T21:00:00Z,-2.053653
p02,2021-11-14T22:00:00Z,-1.071088
p02,2021-11-14T23:00:00Z,-0.671726
p02,2021-11-15T00:00:00Z,0.928099
p02,2021-11-15T01:00:00Z,1.124786
p02,2021-11-15T02:00:00Z,2.027130
p02,2021-11-15T03:00:00Z,3.337243
p02,2021-11-15T04:00:00Z,2.431067
p02,2021-11-15T05:00:00Z,3.974573
p02,2021-11-15T06:00:00Z,1.944885
p02,2021-11-15T07:00:00Z,2.525531
p02,2021-11-15T08:00:00Z,2.120951
p02,2021-11-15T09:00:00Z,1.885493
p02,2021-11-15T10:00:00Z,0.103092
p02,2021-11-15T11:00:00Z,0.499223
p02,2021-11-15T12:00:00Z,-1.550286
p02,2021-11-15T13:00:00Z,-2.217131
p02,2021-11-15T14:00:00Z,-2.711385
p02,2021-11-15T15:00:00Z,-2.134351
p02,2021-11-15T16:00:00Z,-3.300261
p02,2021-11-15T17:00:00Z,-3.431552
p02,2021-11-15T18:00:00Z,-3.887871
p02,2021-11-15T19:00:00Z,-2.336225
p02,2021-11-15T20:00:00Z,-2.784326
p02,2021-11-15T21:00:00Z,-0.772908
p02,2021-11-15T22:00:00Z,0.132408
p02,2021-11-15T23:00:00Z,-0.375241
p02,2021-11-16T00:00:00Z,0.966856
p02,2021-11-16T01:00:00Z,0.724747
p02,2021-11-16T02:00:00Z,2.476479
p02,2021-11-16T03:00:00Z,2.172627
p02,2021-11-16T04:00:00Z,3.693665
p02,2021-11-16T05:00:00Z,3.626453
p02,2021-11-16T06:00:00Z,2.258745
p02,2021-11-16T07:00:00Z,2.612088
p02,2021-11-16T08:00:00Z,2.326803
p02,2021-11-16T09:00:00Z,1.326427
p02,2021-11-16T10:00:00Z,0.774187
p02,2021-11-16T11:00:00Z,0.133903
p02,2021-11-16T12:00:00Z,-1.181596
p02,2021-11-16T13:00:00Z,-1.519102
p02,2021-11-16T14:00:00Z,-1.935174
p02,2021-11-16T15:00:00Z,-3.401730
p02,2021-11-16T16:00:00Z,-2.229814
p02,2021-11-16T17:00:00Z,-2.999680
p02,2021-11-16T18:00:00Z,-2.931359
p02,2021-11-16T19:00:00Z,-2.302798
p02,2021-11-16T20:00:00Z,-2.819104
p02,2021-11-16T21:00:00Z,-0.343042
p02,2021-11-16T22:00:00Z,-0.823285
p02,2021-11-16T23:00:00Z,-0.231717
p02,2021-11-17T00:00:00Z,0.805626
p02,2021-11-17T01:00:00Z,1.197079
p02,2021-11-17T02:00:00Z,2.252828
p02,2021-11-17T03:00:00Z,2.604899
p02,2021-11-17T04:00:00Z,2.903480
p02,2021-11-17T05:00:00Z,2.598522
p02,2021-11-17T06:00:00Z,2.367668
p02,2021-11-17T07:00:00Z,1.926314
p02,2021-11-17T08:00:00Z,3.033249
p02,2021-11-17T09:00:00Z,1.387092
p02,2021-11-17T10:00:00Z,1.593869
p02,2021-11-17T11:00:00Z,0.148843
p02,2021-11-17T12:00:00Z,-0.832719
p02,2021-11-17T13:00:00Z,-1.515523
p02,2021-11-17T14:00:00Z,-2.474428
p02,2021-11-17T15:00:00Z,-1.801751
p02,2021-11-17T16:00:00Z,-2.395612
p02,2021-11-17T17:00:00Z,-2.332712
p02,2021-11-17T18:00:00Z,-2.766121
p02,2021-11-17T19:00:00Z,-1.894306
p02,2021-11-17T20:00:00Z,-2.637814
p02,2021-11-17T21:00:00Z,-0.832186
p02,2021-11-17T22:00:00Z,-0.728946
p02,2021-11-17T23:00:00Z,0.492436
p02,2021-11-18T00:00:00Z,1.803339
p02,2021-11-18T01:00:00Z,1.446906
p02,2021-11-18T02:00:00Z,1.900659
p02,2021-11-18T03:00:00Z,2.900062
p02,2021-11-18T04:00:00Z,3.148525
p02,2021-11-18T05:00:00Z,3.452525
p02,2021-11-18T06:00:00Z,3.077867
p02,2021-11-18T07:00:00Z,2.158834
p02,2021-11-18T08:00:00Z,2.008760
p02,2021-11-18T09:00:00Z,1.160683
p02,2021-11-18T10:00:00Z,0.821472
p02,2021-11-18T11:00:00Z,0.113973
p02,2021-11-18T12:00:00Z,-1.305326
p02,2021-11-18T13:00:00Z,-0.374103
p02,2021-11-18T14:00:00Z,-2.304272
p02,2021-11-18T15:00:00Z,-2.433338
p02,2021-11-18T16:00:00Z,-2.725849
p02,2021-11-18T17:00:00Z,-2.756697
p02,2021-11-18T18:00:00Z,-3.958242
p02,2021-11-18T19:00:00Z,-2.145617
p02,2021-11-18T20:00:00Z,-1.496691
p02,2021-11-18T21:00:00Z,-1.513056
p02,2021-11-18T22:00:00Z,0.091094
p02,2021-11-18T23:00:00Z,0.576134
p02,2021-11-19T00:00:00Z,0.527423
p02,2021-11-19T01:00:00Z,2.016067
p02,2021-11-19T02:00:00Z,1.467590
p02,2021-11-19T03:00:00Z,3.199309
p02,2021-11-19T04:00:00Z,2.616029
p02,2021-11-19T05:00:00Z,3.237269
p02,2021-11-19T06:00:00Z,4.069840
p02,2021-11-19T07:00:00Z,1.863660
p02,2021-11-19T08:00:00Z,1.911818
p02,2021-11-19T09:00:00Z,2.389667
p02,2021-11-19T10:00:00Z,0.832586
p02,2021-11-19T11:00:00Z,0.540676
p02,2021-11-19T12:00:00Z,-0.230435
p02,2021-11-19T13:00:00Z,-1.307108
p02,2021-11-19T14:00:00Z,-1.998984
p02,2021-11-19T15:00:00Z,-1.590803
p02,2021-11-19T16:00:00Z,-2.178890
p02,2021-11-19T17:00:00Z,-2.229663
p02,2021-11-19T18:00:00Z,-3.020755
p02,2021-11-19T19:00:00Z,-3.093537
p02,2021-11-19T20:00:00Z,-1.913742
p02,2021-11-19T21:00:00Z,-0.489107
p02,2021-11-19T22:00:00Z,-0.524378
p02,2021-11-19T23:00:00Z,0.489363
p02,2021-11-20T00:00:00Z,1.978102
p02,2021-11-20T01:00:00Z,1.999464
p02,2021-11-20T02:00:00Z,2.951419
p02,2021-11-20T03:00:00Z,3.467946
p02,2021-11-20T04:00:00Z,3.477154
p02,2021-11-20T05:00:00Z,3.506632
p02,2021-11-20T06:00:00Z,3.750757
p02,2021-11-20T07:00:00Z,3.521888
p02,2021-11-20T08:00:00Z,2.614488
p02,2021-11-20T09:00:00Z,2.421647
p02,2021-11-20T10:00:00Z,1.532940
p02,2021-11-20T11:00:00Z,0.325355
p02,2021-11-20T12:00:00Z,-0.302158
p02,2021-11-20T13:00:00Z,-0.864335
p02,2021-11-20T14:00:00Z,-1.857346
p02,2021-11-20T15:00:00Z,-1.848317
p02,2021-11-20T16:00:00Z,-1.778892
p02,2021-11-20T17:00:00Z,-2.503639
p02,2021-11-20T18:00:00Z,-2.523832
p02,2021-11-20T19:00:00Z,-2.713476
p02,2021-11-20T20:00:00Z,-1.479674
p02,2021-11-20T21:00:00Z,-1.617687
p02,2021-11-20T22:00:00Z,-0.251059
p02,2021-11-20T23:00:00Z,1.291954
p02,2021-11-21T00:00:00Z,1.813393
p02,2021-11-21T01:00:00Z,2.614813
p02,2021-11-21T02:00:00Z,3.105644
p02,2021-11-21T03:00:00Z,3.787495
p02,2021-11-21T04:00:00Z,3.075330
p02,2021-11-21T05:00:00Z,4.545773
p02,2021-11-21T06:00:00Z,3.296334
p02,2021-11-21T07:00:00Z,3.170771
p02,2021-11-21T08:00:00Z,2.905955
p02,2021-11-21T09:00:00Z,2.033124
p02,2021-11-21T10:00:00Z,1.645352
p02,2021-11-21T11:00:00Z,0.375169
p02,2021-11-21T12:00:00Z,0.287140
p02,2021-11-21T13:00:00Z,-0.827933
p02,2021-11-21T14:00:00Z,-0.433488
p02,2021-11-21T15:00:00Z,-1.344091
p02,2021-11-21T16:00:00Z,-1.929250
p02,2021-11-21T17:00:00Z,-2.323549
p02,2021-11-21T18:00:00Z,-3.169414
p02,2021-11-21T19:00:00Z,-2.009566
p02,2021-11-21T20:00:00Z,-1.263784
p02,2021-11-21T21:00:00Z,-1.367009
p02,2021-11-21T22:00:00Z,0.844125
p02,2021-11-21T23:00:00Z,1.083525
p02,2021-11-22T00:00:00Z,2.200453
p02,2021-11-22T01:00:00Z,2.229329
p02,2021-11-22T02:00:00Z,2.516676
p02,2021-11-22T03:00:00Z,3.010451
p02,2021-11-22T04:00:00Z,2.908455
p02,2021-11-22T05:00:00Z,4.083604
p02,2021-11-22T06:00:00Z,3.186487
p02,2021-11-22T07:00:00Z,3.033789
p02,2021-11-22T08:00:00Z,3.128012
p02,2021-11-22T09:00:00Z,2.805744
p02,2021-11-22T10:00:00Z,1.237229
p02,2021-11-22T11:00:00Z,0.591059
p02,2021-11-22T12:00:00Z,0.046598
p02,2021-11-22T13:00:00Z,-0.952908
p02,2021-11-22T14:00:00Z,-0.540026
p02,2021-11-22T15:00:00Z,-2.225406
p02,2021-11-22T16:00:00Z,-2.008076
p02,2021-11-22T17:00:00Z,-2.497584
p02,2021-11-22T18:00:00Z,-2.140397
p02,2021-11-22T19:00:00Z,-1.044502
p02,2021-11-22T20:00:00Z,-0.719555
p02,2021-11-22T21:00:00Z,-1.560864
p02,2021-11-22T22:00:00Z,-0.042431
p02,2021-11-22T23:00:00Z,0.145119
p02,2021-11-23T00:00:00Z,1.692623
p02,2021-11-23T01:00:00Z,2.209664
p02,2021-11-23T02:00:00Z,3.418511
p02,2021-11-23T03:00:00Z,2.459217
p02,2021-11-23T04:00:00Z,4.133856
p02,2021-11-23T05:00:00Z,2.810160
p02,2021-11-23T06:00:00Z,4.121829
p02,2021-11-23T07:00:00Z,3.076644
p02,2021-11-23T08:00:00Z,2.602236
p02,2021-11-23T09:00:00Z,2.643048
p02,2021-11-23T10:00:00Z,1.030174
p02,2021-11-23T11:00:00Z,-0.225043
p02,2021-11-23T12:00:00Z,0.617533
p02,2021-11-23T13:00:00Z,-0.612059
p02,2021-11-23T14:00:00Z,-1.349864
p02,2021-11-23T15:00:00Z,-3.250733
p02,2021-11-23T16:00:00Z,-2.656471
p02,2021-11-23T17:00:00Z,-1.744812
p02,2021-11-23T18:00:00Z,-2.156747
p02,2021-11-23T19:00:00Z,-1.845400
p02,2021-11-23T20:00:00Z,-0.638144
p02,2021-11-23T21:00:00Z,0.104861
p02,2021-11-23T22:00:00Z,0.276188
p02,2021-11-23T23:00:00Z,0.797993
p02,2021-11-24T00:00:00Z,1.933237
p02,2021-11-24T01:00:00Z,2.470008
p02,2021-11-24T02:00:00Z,3.687746
p02,2021-11-24T03:00:00Z,4.602447
p02,2021-11-24T04:00:00Z,3.117847
p02,2021-11-24T05:00:00Z,4.532943
p02,2021-11-24T06:00:00Z,3.555132
p02,2021-11-24T07:00:00Z,3.311232
p02,2021-11-24T08:00:00Z,2.575440
p02,2021-11-24T09:00:00Z,1.971618
p02,2021-11-24T10:00:00Z,2.197210
p02,2021-11-24T11:00:00Z,1.103317
p02,2021-11-24T12:00:00Z,-0.223974
p02,2021-11-24T13:00:00Z,-0.126654
p02,2021-11-24T14:00:00Z,-1.186129
p02,2021-11-24T15:00:00Z,-2.154948
p02,2021-11-24T16:00:00Z,-1.313909
p02,2021-11-24T17:00:00Z,-2.696650
p02,2021-11-24T18:00:00Z,-2.071040
p02,2021-11-24T19:00:00Z,-2.575515
p02,2021-11-24T20:00:00Z,-0.904635
p02,2021-11-24T21:00:00Z,0.019818
p02,2021-11-24T22:00:00Z,0.440004
p02,2021-11-24T23:00:00Z,0.494575
p02,2021-11-25T00:00:00Z,1.543306
p02,2021-11-25T01:00:00Z,2.658320
p02,2021-11-25T02:00:00Z,3.437201
p02,2021-11-25T03:00:00Z,3.834857
p02,2021-11-25T04:00:00Z,3.542123
p02,2021-11-25T05:00:00Z,3.739568
p02,2021-11-25T06:00:00Z,4.168738
p02,2021-11-25T07:00:00Z,3.729044
p02,2021-11-25T08:00:00Z,3.054027
p02,2021-11-25T09:00:00Z,1.756345
p02,2021-11-25T10:00:00Z,1.483883
p02,2021-11-25T11:00:00Z,0.229014
p02,2021-11-25T12:00:00Z,0.528075
p02,2021-11-25T13:00:00Z,-0.362260
p02,2021-11-25T14:00:00Z,-1.484908
p02,2021-11-25T15:00:00Z,-1.346871
p02,2021-11-25T16:00:00Z,-1.921714
p02,2021-11-25T17:00:00Z,-2.163856
p02,2021-11-25T18:00:00Z,-2.164205
p02,2021-11-25T19:00:00Z,-1.006874
p02,2021-11-25T20:00:00Z,-1.623520
p02,2021-11-25T21:00:00Z,-0.679261
p02,2021-11-25T22:00:00Z,1.145028
p02,2021-11-25T23:00:00Z,1.595203
p02,2021-11-26T00:00:00Z,1.064089
p02,2021-11-26T01:00:00Z,3.220618
p02,2021-11-26T02:00:00Z,3.595694
p02,2021-11-26T03:00:00Z,4.034874
p02,2021-11-26T04:00:00Z,4.253775
p02,2021-11-26T05:00:00Z,4.617375
p02,2021-11-26T06:00:00Z,2.892802
p02,2021-11-26T07:00:00Z,3.724358
p02,2021-11-26T08:00:00Z,3.564331
p02,2021-11-26T09:00:00Z,2.093240
p02,2021-11-26T10:00:00Z,2.682961
p02,2021-11-26T11:00:00Z,0.623711
p02,2021-11-26T12:00:00Z,0.399144
p02,2021-11-26T13:00:00Z,0.326007
p02,2021-11-26T14:00:00Z,-1.433535
p02,2021-11-26T15:00:00Z,-0.486180
p02,2021-11-26T16:00:00Z,-2.366898
p02,2021-11-26T17:00:00Z,-1.694739
p02,2021-11-26T18:00:00Z,-1.515271
p02,2021-11-26T19:00:00Z,-0.676122
p02,2021-11-26T20:00:00Z,-0.599234
p02,2021-11-26T21:00:00Z,0.886897
p02,2021-11-26T22:00:00Z,0.783392
p02,2021-11-26T23:00:00Z,1.080928
p02,2021-11-27T00:00:00Z,2.092544
p02,2021-11-27T01:00:00Z,3.440116
p02,2021-11-27T02:00:00Z,3.669424
p02,2021-11-27T03:00:00Z,4.094261
p02,2021-11-27T04:00:00Z,4.131491
p02,2021-11-27T05:00:00Z,4.428995
p02,2021-11-27T06:00:00Z,4.538223
p02,2021-11-27T07:00:00Z,4.281634
p02,2021-11-27T08:00:00Z,4.494671
p02,2021-11-27T09:00:00Z,3.231405
p02,2021-11-27T10:00:00Z,2.146635
p02,2021-11-27T11:00:00Z,1.020172
p02,2021-11-27T12:00:00Z,0.871524
p02,2021-11-27T13:00:00Z,-0.170298
p02,2021-11-27T14:00:00Z,-1.116233
p02,2021-11-27T15:00:00Z,-0.875412
p02,2021-11-27T16:00:00Z,-1.949739
p02,2021-11-27T17:00:00Z,-0.737195
p02,2021-11-27T18:00:00Z,-1.550274
p02,2021-11-27T19:00:00Z,-0.865718
p02,2021-11-27T20:00:00Z,-0.811300
p02,2021-11-27T21:00:00Z,-0.095696
p02,2021-11-27T22:00:00Z,0.977153
p02,2021-11-27T23:00:00Z,0.631256
p02,2021-11-28T00:00:00Z,2.580992
p02,2021-11-28T01:00:00Z,3.606403
p02,2021-11-28T02:00:00Z,3.258014
p02,2021-11-28T03:00:00Z,4.261493
p02,2021-11-28T04:00:00Z,3.374312
p02,2021-11-28T05:00:00Z,4.467861
p02,2021-11-28T06:00:00Z,4.359909
p02,2021-11-28T07:00:00Z,3.989569
p02,2021-11-28T08:00:00Z,3.994001
p02,2021-11-28T09:00:00Z,2.657437
p02,2021-11-28T10:00:00Z,2.661735
p02,2021-11-28T11:00:00Z,1.664698
p02,2021-11-28T12:00:00Z,1.729708
p02,2021-11-28T13:00:00Z,-0.617042
p02,2021-11-28T14:00:00Z,0.289431
p02,2021-11-28T15:00:00Z,-1.088720
p02,2021-11-28T16:00:00Z,-2.103749
p02,2021-11-28T17:00:00Z,-1.346376
p02,2021-11-28T18:00:00Z,-1.494569
p02,2021-11-28T19:00:00Z,-1.139292
p02,2021-11-28T20:00:00Z,-0.485429
p02,2021-11-28T21:00:00Z,1.184133
p02,2021-11-28T22:00:00Z,0.503765
p02,2021-11-28T23:00:00Z,1.996549
p02,2021-11-29T00:00:00Z,2.310042
p02,2021-11-29T01:00:00Z,2.648784
p02,2021-11-29T02:00:00Z,3.725316
p02,2021-11-29T03:00:00Z,4.283680
p02,2021-11-29T04:00:00Z,3.840933
p02,2021-11-29T05:00:00Z,5.494103
p02,2021-11-29T06:00:00Z,4.307766
p02,2021-11-29T07:00:00Z,4.486270
p02,2021-11-29T08:00:00Z,3.755136
p02,2021-11-29T09:00:00Z,3.155869
p02,2021-11-29T10:00:00Z,3.064956
p02,2021-11-29T11:00:00Z,1.887286
p02,2021-11-29T12:00:00Z,0.963455
p02,2021-11-29T13:00:00Z,1.252396
p02,2021-11-29T14:00:00Z,-0.212070
p02,2021-11-29T15:00:00Z,-0.726357
p02,2021-11-29T16:00:00Z,-1.026219
p02,2021-11-29T17:00:00Z,-1.161175
p02,2021-11-29T18:00:00Z,-0.611038
p02,2021-11-29T19:00:00Z,-1.476999
p02,2021-11-29T20:00:00Z,-0.203838
p02,2021-11-29T21:00:00Z,-0.339943
p02,2021-11-29T22:00:00Z,0.595508
p02,2021-11-29T23:00:00Z,1.787089
p02,2021-11-30T00:00:00Z,2.576021
p02,2021-11-30T01:00:00Z,3.422760
p02,2021-11-30T02:00:00Z,4.514230
p02,2021-11-30T03:00:00Z,4.935757
p02,2021-11-30T04:00:00Z,5.727506
p02,2021-11-30T05:00:00Z,4.735019
p02,2021-11-30T06:00:00Z,4.465743
p02,2021-11-30T07:00:00Z,4.534003
p02,2021-11-30T08:00:00Z,4.024671
p02,2021-11-30T09:00:00Z,2.748961
p02,2021-11-30T10:00:00Z,3.266028
p02,2021-11-30T11:00:00Z,2.237757
p02,2021-11-30T12:00:00Z,0.737498
p02,2021-11-30T13:00:00Z,-0.317511
p02,2021-11-30T14:00:00Z,-0.559297
p02,2021-11-30T15:00:00Z,-0.120145
p02,2021-11-30T16:00:00Z,0.364370
p02,2021-11-30T17:00:00Z,-1.450470
p02,2021-11-30T18:00:00Z,-0.981303
p02,2021-11-30T19:00:00Z,-0.587628
p02,2021-11-30T20:00:00Z,0.379205
p02,2021-11-30T21:00:00Z,-0.078060
p02,2021-11-30T22:00:00Z,0.668425
p02,2021-11-30T23:00:00Z,2.466498
p02,2021-12-01T00:00:00Z,3.447357
p02,2021-12-01T01:00:00Z,2.996423
p02,2021-12-01T02:00:00Z,3.714461
p02,2021-12-01T03:00:00Z,5.413887
p02,2021-12-01T04:00:00Z,5.259288
p02,2021-12-01T05:00:00Z,4.775714
p02,2021-12-01T06:00:00Z,5.135085
p02,2021-12-01T07:00:00Z,5.219261
p02,2021-12-01T08:00:00Z,5.026019
p02,2021-12-01T09:00:00Z,3.371408
p02,2021-12-01T10:00:00Z,2.171821
p02,2021-12-01T11:00:00Z,1.775598
p02,2021-12-01T12:00:00Z,0.749648
p02,2021-12-01T13:00:00Z,0.498123
p02,2021-12-01T14:00:00Z,-0.331193
p02,2021-12-01T15:00:00Z,-1.142251
p02,2021-12-01T16:00:00Z,-0.467358
p02,2021-12-01T17:00:00Z,-0.867519
p02,2021-12-01T18:00:00Z,-0.406642
p02,2021-12-01T19:00:00Z,-0.872937
p02,2021-12-01T20:00:00Z,-0.439498
p02,2021-12-01T21:00:00Z,0.824780
p02,2021-12-01T22:00:00Z,0.357113
p02,2021-12-01T23:00:00Z,1.705842
p02,2021-12-02T00:00:00Z,2.498487
p02,2021-12-02T01:00:00Z,3.242917
p02,2021-12-02T02:00:00Z,3.911925
p02,2021-12-02T03:00:00Z,4.488953
p02,2021-12-02T04:00:00Z,4.487936
p02,2021-12-02T05:00:00Z,6.300959
p02,2021-12-02T06:00:00Z,4.657494
p02,2021-12-02T07:00:00Z,5.485026
p02,2021-12-02T08:00:00Z,3.894586
p02,2021-12-02T09:00:00Z,3.554876
p02,2021-12-02T10:00:00Z,2.701109
p02,2021-12-02T11:00:00Z,2.263218
p02,2021-12-02T12:00:00Z,1.842760
p02,2021-12-02T13:00:00Z,1.443865
p02,2021-12-02T14:00:00Z,-0.561049
p02,2021-12-02T15:00:00Z,-0.502146
p02,2021-12-02T16:00:00Z,-0.520936
p02,2021-12-02T17:00:00Z,-1.134146
p02,2021-12-02T18:00:00Z,-0.392665
p02,2021-12-02T19:00:00Z,-0.618060
p02,2021-12-02T20:00:00Z,-0.112523
p02,2021-12-02T21:00:00Z,1.109170
p02,2021-12-02T22:00:00Z,1.615757
p02,2021-12-02T23:00:00Z,2.086402
p02,2021-12-03T00:00:00Z,3.791817
p02,2021-12-03T01:00:00Z,3.709394
p02,2021-12-03T02:00:00Z,4.506229
p02,2021-12-03T03:00:00Z,5.721725
p02,2021-12-03T04:00:00Z,4.913818
p02,2021-12-03T05:00:00Z,5.541053
p02,2021-12-03T06:00:00Z,5.060215
p02,2021-12-03T07:00:00Z,5.348269
p02,2021-12-03T08:00:00Z,3.870441
p02,2021-12-03T09:00:00Z,3.471764
p02,2021-12-03T10:00:00Z,3.378731
p02,2021-12-03T11:00:00Z,1.530170
p02,2021-12-03T12:00:00Z,2.064063
p02,2021-12-03T13:00:00Z,1.126449
p02,2021-12-03T14:00:00Z,0.001039
p02,2021-12-03T15:00:00Z,-1.846026
p02,2021-12-03T16:00:00Z,-0.439423
p02,2021-12-03T17:00:00Z,-1.412197
p02,2021-12-03T18:00:00Z,-0.527567
p02,2021-12-03T19:00:00Z,-0.907045
p02,2021-12-03T20:00:00Z,-0.566690
p02,2021-12-03T21:00:00Z,0.310614
p02,2021-12-03T22:00:00Z,1.711123
p02,2021-12-03T23:00:00Z,2.393739
p02,2021-12-04T00:00:00Z,3.307923
p02,2021-12-04T01:00:00Z,3.696852
p02,2021-12-04T02:00:00Z,4.612479
p02,2021-12-04T03:00:00Z,4.496422
p02,2021-12-04T04:00:00Z,4.415133
p02,2021-12-04T05:00:00Z,4.602109
p02,2021-12-04T06:00:00Z,5.514601
p02,2021-12-04T07:00:00Z,4.610687
p02,2021-12-04T08:00:00Z,4.934808
p02,2021-12-04T09:00:00Z,3.774615
p02,2021-12-04T10:00:00Z,2.982035
p02,2021-12-04T11:00:00Z,2.000029
p02,2021-12-04T12:00:00Z,1.737802
p02,2021-12-04T13:00:00Z,1.330273
p02,2021-12-04T14:00:00Z,1.225537
p02,2021-12-04T15:00:00Z,-0.679298
p02,2021-12-04T16:00:00Z,0.189179
p02,2021-12-04T17:00:00Z,-0.851464
p02,2021-12-04T18:00:00Z,-1.189581
p02,2021-12-04T19:00:00Z,-0.388209
p02,2021-12-04T20:00:00Z,0.951281
p02,2021-12-04T21:00:00Z,0.214446
p02,2021-12-04T22:00:00Z,2.045434
p02,2021-12-04T23:00:00Z,2.956745
p02,2021-12-05T00:00:00Z,2.912434
p02,2021-12-05T01:00:00Z,3.340892
p02,2021-12-05T02:00:00Z,5.503004
p02,2021-12-05T03:00:00Z,5.978709
p02,2021-12-05T04:00:00Z,4.825076
p02,2021-12-05T05:00:00Z,5.556627
p02,2021-12-05T06:00:00Z,5.503588
p02,2021-12-05T07:00:00Z,5.285005
p02,2021-12-05T08:00:00Z,4.144631
p02,2021-12-05T09:00:00Z,3.125781
p02,2021-12-05T10:00:00Z,2.689058
p02,2021-12-05T11:00:00Z,2.880274
p02,2021-12-05T12:00:00Z,2.266697
p02,2021-12-05T13:00:00Z,0.119787
p02,2021-12-05T14:00:00Z,0.101535
p02,2021-12-05T15:00:00Z,0.210673
p02,2021-12-05T16:00:00Z,-0.125392
p02,2021-12-05T17:00:00Z,0.064301
p02,2021-12-05T18:00:00Z,0.124288
p02,2021-12-05T19:00:00Z,-0.024736
p02,2021-12-05T20:00:00Z,0.165795
p02,2021-12-05T21:00:00Z,1.203129
p02,2021-12-05T22:00:00Z,1.859556
p02,2021-12-05T23:00:00Z,3.038672
p02,2021-12-06T00:00:00Z,2.644857
p02,2021-12-06T01:00:00Z,3.308715
p02,2021-12-06T02:00:00Z,4.907019
p02,2021-12-06T03:00:00Z,4.964272
p02,2021-12-06T04:00:00Z,5.030808
p02,2021-12-06T05:00:00Z,5.060765
p02,2021-12-06T06:00:00Z,5.493683
p02,2021-12-06T07:00:00Z,5.048700
p02,2021-12-06T08:00:00Z,4.922254
p02,2021-12-06T09:00:00Z,4.771634
p02,2021-12-06T10:00:00Z,3.294772
p02,2021-12-06T11:00:00Z,3.277544
p02,2021-12-06T12:00:00Z,1.643906
p02,2021-12-06T13:00:00Z,1.166572
p02,2021-12-06T14:00:00Z,0.871777
p02,2021-12-06T15:00:00Z,0.714735
p02,2021-12-06T16:00:00Z,0.316570
p02,2021-12-06T17:00:00Z,-0.197875
p02,2021-12-06T18:00:00Z,-0.967693
p02,2021-12-06T19:00:00Z,0.357266
p02,2021-12-06T20:00:00Z,-0.192029
p02,2021-12-06T21:00:00Z,0.625798
p02,2021-12-06T22:00:00Z,2.367849
p02,2021-12-06T23:00:00Z,3.260406
p02,2021-12-07T00:00:00Z,3.212734
p02,2021-12-07T01:00:00Z,3.813531
p02,2021-12-07T02:00:00Z,4.736824
p02,2021-12-07T03:00:00Z,5.755413
p02,2021-12-07T04:00:00Z,6.691734
p02,2021-12-07T05:00:00Z,5.815377
p02,2021-12-07T06:00:00Z,5.459441
p02,2021-12-07T07:00:00Z,5.383413
p02,2021-12-07T08:00:00Z,4.937011
p02,2021-12-07T09:00:00Z,4.061981
p02,2021-12-07T10:00:00Z,3.086098
p02,2021-12-07T11:00:00Z,2.968175
p02,2021-12-07T12:00:00Z,1.387497
p02,2021-12-07T13:00:00Z,1.968277
p02,2021-12-07T14:00:00Z,0.477994
p02,2021-12-07T15:00:00Z,-0.225169
p02,2021-12-07T16:00:00Z,0.193352
p02,2021-12-07T17:00:00Z,0.384432
p02,2021-12-07T18:00:00Z,-1.008540
p02,2021-12-07T19:00:00Z,1.085983
p02,2021-12-07T20:00:00Z,1.044644
p02,2021-12-07T21:00:00Z,1.259764
p02,2021-12-07T22:00:00Z,1.813866
p02,2021-12-07T23:00:00Z,3.067036
p02,2021-12-08T00:00:00Z,4.076970
p02,2021-12-08T01:00:00Z,5.010897
p02,2021-12-08T02:00:00Z,4.539137
p02,2021-12-08T03:00:00Z,5.888803
p02,2021-12-08T04:00:00Z,5.584363
p02,2021-12-08T05:00:00Z,6.026540
p02,2021-12-08T06:00:00Z,6.038228
p02,2021-12-08T07:00:00Z,4.628959
p02,2021-12-08T08:00:00Z,5.331662
p02,2021-12-08T09:00:00Z,5.028899
p02,2021-12-08T10:00:00Z,3.075607
p02,2021-12-08T11:00:00Z,2.468471
p02,2021-12-08T12:00:00Z,2.786317
p02,2021-12-08T13:00:00Z,1.630116
p02,2021-12-08T14:00:00Z,0.563479
p02,2021-12-08T15:00:00Z,-0.735853
p02,2021-12-08T16:00:00Z,-0.192460
p02,2021-12-08T17:00:00Z,0.040016
p02,2021-12-08T18:00:00Z,0.568953
p02,2021-12-08T19:00:00Z,-0.054761
p02,2021-12-08T20:00:00Z,0.056251
p02,2021-12-08T21:00:00Z,0.538777
p02,2021-12-08T22:00:00Z,2.858561
p02,2021-12-08T23:00:00Z,3.258290
p02,2021-12-09T00:00:00Z,3.282791
p02,2021-12-09T01:00:00Z,4.298693
p02,2021-12-09T02:00:00Z,5.631494
p02,2021-12-09T03:00:00Z,5.130212
p02,2021-12-09T04:00:00Z,5.063208
p02,2021-12-09T05:00:00Z,6.584226
p02,2021-12-09T06:00:00Z,5.911602
p02,2021-12-09T07:00:00Z,5.723432
p02,2021-12-09T08:00:00Z,6.069012
p02,2021-12-09T09:00:00Z,5.662328
p02,2021-12-09T10:00:00Z,4.049320
p02,2021-12-09T11:00:00Z,3.793752
p02,2021-12-09T12:00:00Z,2.646614
p02,2021-12-09T13:00:00Z,2.113013
p02,2021-12-09T14:00:00Z,0.594057
p02,2021-12-09T15:00:00Z,1.024569
p02,2021-12-09T16:00:00Z,1.100334
p02,2021-12-09T17:00:00Z,1.130256
p02,2021-12-09T18:00:00Z,0.317405
p02,2021-12-09T19:00:00Z,0.129989
p02,2021-12-09T20:00:00Z,0.748454
p02,2021-12-09T21:00:00Z,1.962686
p02,2021-12-09T22:00:00Z,2.497549
p02,2021-12-09T23:00:00Z,3.428668
p02,2021-12-10T00:00:00Z,3.980313
p02,2021-12-10T01:00:00Z,4.866156
p02,2021-12-10T02:00:00Z,5.614229
p02,2021-12-10T03:00:00Z,6.082809
p02,2021-12-10T04:00:00Z,5.933053
p02,2021-12-10T05:00:00Z,7.596010
p02,2021-12-10T06:00:00Z,6.670220
p02,2021-12-10T07:00:00Z,6.051146
p02,2021-12-10T08:00:00Z,5.832611
p02,2021-12-10T09:00:00Z,4.571002
p02,2021-12-10T10:00:00Z,3.240737
p02,2021-12-10T11:00:00Z,3.372990
p02,2021-12-10T12:00:00Z,2.694899
p02,2021-12-10T13:00:00Z,2.769982
p02,2021-12-10T14:00:00Z,1.602000
p02,2021-12-10T15:00:00Z,1.033418
p02,2021-12-10T16:00:00Z,0.769661
p02,2021-12-10T17:00:00Z,0.820927
p02,2021-12-10T18:00:00Z,0.549108
p02,2021-12-10T19:00:00Z,0.050132
p02,2021-12-10T20:00:00Z,1.119121
p02,2021-12-10T21:00:00Z,2.252250
p02,2021-12-10T22:00:00Z,3.480665
p02,2021-12-10T23:00:00Z,3.234713
p02,2021-12-11T00:00:00Z,3.826984
p02,2021-12-11T01:00:00Z,5.338740
p02,2021-12-11T02:00:00Z,5.170860
p02,2021-12-11T03:00:00Z,5.513285
p02,2021-12-11T04:00:00Z,6.187797
p02,2021-12-11T05:00:00Z,5.735610
p02,2021-12-11T06:00:00Z,5.656575
p02,2021-12-11T07:00:00Z,5.835095
p02,2021-12-11T08:00:00Z,5.830710
p02,2021-12-11T09:00:00Z,5.129681
p02,2021-12-11T10:00:00Z,4.503328
p02,2021-12-11T11:00:00Z,3.352496
p02,2021-12-11T12:00:00Z,3.090003
p02,2021-12-11T13:00:00Z,2.568098
p02,2021-12-11T14:00:00Z,1.125671
p02,2021-12-11T15:00:00Z,0.664661
p02,2021-12-11T16:00:00Z,-0.192582
p02,2021-12-11T17:00:00Z,1.153746
p02,2021-12-11T18:00:00Z,0.354164
p02,2021-12-11T19:00:00Z,1.082372
p02,2021-12-11T20:00:00Z,1.340416
p02,2021-12-11T21:00:00Z,3.221425
p02,2021-12-11T22:00:00Z,3.350580
p02,2021-12-11T23:00:00Z,3.272093
p02,2021-12-12T00:00:00Z,4.714955
p02,2021-12-12T01:00:00Z,4.519916
p02,2021-12-12T02:00:00Z,4.636386
p02,2021-12-12T03:00:00Z,6.571754
p02,2021-12-12T04:00:00Z,6.703517
p02,2021-12-12T05:00:00Z,7.128303
p02,2021-12-12T06:00:00Z,6.875205
p02,2021-12-12T07:00:00Z,4.884219
p02,2021-12-12T08:00:00Z,4.998925
p02,2021-12-12T09:00:00Z,4.393467
p02,2021-12-12T10:00:00Z,4.349151
p02,2021-12-12T11:00:00Z,2.264135
p02,2021-12-12T12:00:00Z,3.314662
p02,2021-12-12T13:00:00Z,2.125593
p02,2021-12-12T14:00:00Z,1.146974
p02,2021-12-12T15:00:00Z,0.670614
p02,2021-12-12T16:00:00Z,0.890418
p02,2021-12-12T17:00:00Z,1.051612
p02,2021-12-12T18:00:00Z,0.932987
p02,2021-12-12T19:00:00Z,0.672832
p02,2021-12-12T20:00:00Z,-0.362107
p02,2021-12-12T21:00:00Z,1.007175
p02,2021-12-12T22:00:00Z,3.957978
p02,2021-12-12T23:00:00Z,3.831541
p02,2021-12-13T00:00:00Z,4.976805
p02,2021-12-13T01:00:00Z,5.842360
p02,2021-12-13T02:00:00Z,6.062044
p02,2021-12-13T03:00:00Z,6.375466
p02,2021-12-13T04:00:00Z,6.693757
p02,2021-12-13T05:00:00Z,6.624607
p02,2021-12-13T06:00:00Z,6.580710
p02,2021-12-13T07:00:00Z,6.209950
p02,2021-12-13T08:00:00Z,5.424851
p02,2021-12-13T09:00:00Z,4.848560
p02,2021-12-13T10:00:00Z,4.362255
p02,2021-12-13T11:00:00Z,3.405748
p02,2021-12-13T12:00:00Z,2.679969
p02,2021-12-13T13:00:00Z,2.681242
p02,2021-12-13T14:00:00Z,0.889590
p02,2021-12-13T15:00:00Z,0.763764
p02,2021-12-13T16:00:00Z,1.038388
p02,2021-12-13T17:00:00Z,0.887092
p02,2021-12-13T18:00:00Z,1.429590
p02,2021-12-13T19:00:00Z,1.815416
p02,2021-12-13T20:00:00Z,1.972231
p02,2021-12-13T21:00:00Z,3.001639
p02,2021-12-13T22:00:00Z,3.079351
p02,2021-12-13T23:00:00Z,3.798228
p02,2021-12-14T00:00:00Z,5.283370
p02,2021-12-14T01:00:00Z,5.080699
p02,2021-12-14T02:00:00Z,6.448839
p02,2021-12-14T03:00:00Z,6.303382
p02,2021-12-14T04:00:00Z,5.799731
p02,2021-12-14T05:00:00Z,6.844536
p02,2021-12-14T06:00:00Z,6.782033
p02,2021-12-14T07:00:00Z,6.073066
p02,2021-12-14T08:00:00Z,6.343339
p02,2021-12-14T09:00:00Z,5.666873
p02,2021-12-14T10:00:00Z,3.766734
p02,2021-12-14T11:00:00Z,3.626279
p02,2021-12-14T12:00:00Z,2.493238
p02,2021-12-14T13:00:00Z,2.083368
p02,2021-12-14T14:00:00Z,1.009301
p02,2021-12-14T15:00:00Z,1.716842
p02,2021-12-14T16:00:00Z,0.722573
p02,2021-12-14T17:00:00Z,1.506131
p02,2021-12-14T18:00:00Z,0.649280
p02,2021-12-14T19:00:00Z,1.143253
p02,2021-12-14T20:00:00Z,2.245641
p02,2021-12-14T21:00:00Z,2.166042
p02,2021-12-14T22:00:00Z,3.348441
p02,2021-12-14T23:00:00Z,3.074046
p02,2021-12-15T00:00:00Z,4.219947
p02,2021-12-15T01:00:00Z,5.443980
p02,2021-12-15T02:00:00Z,6.212756
p02,2021-12-15T03:00:00Z,6.360127
p02,2021-12-15T04:00:00Z,7.283985
p02,2021-12-15T05:00:00Z,6.620398
p02,2021-12-15T06:00:00Z,5.999688
p02,2021-12-15T07:00:00Z,6.989984
p02,2021-12-15T08:00:00Z,6.029826
p02,2021-12-15T09:00:00Z,5.572951
p02,2021-12-15T10:00:00Z,4.768162
p02,2021-12-15T11:00:00Z,3.873087
p02,2021-12-15T12:00:00Z,2.944347
p02,2021-12-15T13:00:00Z,2.336681
p02,2021-12-15T14:00:00Z,2.373946
p02,2021-12-15T15:00:00Z,0.955912
p02,2021-12-15T16:00:00Z,0.291321
p02,2021-12-15T17:00:00Z,1.744643
p02,2021-12-15T18:00:00Z,1.064398
p02,2021-12-15T19:00:00Z,1.924145
p02,2021-12-15T20:00:00Z,2.170987
p02,2021-12-15T21:00:00Z,2.338188
p02,2021-12-15T22:00:00Z,3.467876
p02,2021-12-15T23:00:00Z,3.793038
p02,2021-12-16T00:00:00Z,4.646648
p02,2021-12-16T01:00:00Z,5.790162
p02,2021-12-16T02:00:00Z,5.967753
p02,2021-12-16T03:00:00Z,5.872716
p02,2021-12-16T04:00:00Z,6.010650
p02,2021-12-16T05:00:00Z,6.496109
p02,2021-12-16T06:00:00Z,6.961700
p02,2021-12-16T07:00:00Z,6.646088
p02,2021-12-16T08:00:00Z,6.694020
p02,2021-12-16T09:00:00Z,5.989676
p02,2021-12-16T10:00:00Z,5.535313
p02,2021-12-16T11:00:00Z,4.546664
p02,2021-12-16T12:00:00Z,3.677382
p02,2021-12-16T13:00:00Z,2.313122
p02,2021-12-16T14:00:00Z,1.644622
p02,2021-12-16T15:00:00Z,2.095737
p02,2021-12-16T16:00:00Z,1.584930
p02,2021-12-16T17:00:00Z,1.192677
p02,2021-12-16T18:00:00Z,1.246442
p02,2021-12-16T19:00:00Z,0.827191
p02,2021-12-16T20:00:00Z,2.112859
p02,2021-12-16T21:00:00Z,2.409462
p02,2021-12-16T22:00:00Z,3.566713
p02,2021-12-16T23:00:00Z,4.056373
p02,2021-12-17T00:00:00Z,5.394902
p02,2021-12-17T01:00:00Z,6.148154
p02,2021-12-17T02:00:00Z,6.419559
p02,2021-12-17T03:00:00Z,6.997351
p02,2021-12-17T04:00:00Z,6.328325
p02,2021-12-17T05:00:00Z,7.395059
p02,2021-12-17T06:00:00Z,6.637230
p02,2021-12-17T07:00:00Z,7.055416
p02,2021-12-17T08:00:00Z,6.714396
p02,2021-12-17T09:00:00Z,5.888699
p02,2021-12-17T10:00:00Z,5.446675
p02,2021-12-17T11:00:00Z,3.364221
p02,2021-12-17T12:00:00Z,4.272089
p02,2021-12-17T13:00:00Z,3.398815
p02,2021-12-17T14:00:00Z,3.008043
p02,2021-12-17T15:00:00Z,1.815582
p02,2021-12-17T16:00:00Z,1.725628
p02,2021-12-17T17:00:00Z,2.137826
p02,2021-12-17T18:00:00Z,2.069043
p02,2021-12-17T19:00:00Z,0.923178
p02,2021-12-17T20:00:00Z,2.658645
p02,2021-12-17T21:00:00Z,2.857039
p02,2021-12-17T22:00:00Z,3.276135
p02,2021-12-17T23:00:00Z,4.130117
p02,2021-12-18T00:00:00Z,5.271457
p02,2021-12-18T01:00:00Z,5.117322
p02,2021-12-18T02:00:00Z,6.046707
p02,2021-12-18T03:00:00Z,6.629460
p02,2021-12-18T04:00:00Z,7.938194
p02,2021-12-18T05:00:00Z,6.793752
p02,2021-12-18T06:00:00Z,6.768359
p02,2021-12-18T07:00:00Z,7.498178
p02,2021-12-18T08:00:00Z,7.267957
p02,2021-12-18T09:00:00Z,5.289484
p02,2021-12-18T10:00:00Z,5.118494
p02,2021-12-18T11:00:00Z,4.980601
p02,2021-12-18T12:00:00Z,3.993671
p02,2021-12-18T13:00:00Z,2.769593
p02,2021-12-18T14:00:00Z,2.808755
p02,2021-12-18T15:00:00Z,1.933170
p02,2021-12-18T16:00:00Z,2.151102
p02,2021-12-18T17:00:00Z,1.853730
p02,2021-12-18T18:00:00Z,1.221560
p02,2021-12-18T19:00:00Z,2.714229
p02,2021-12-18T20:00:00Z,1.727995
p02,2021-12-18T21:00:00Z,3.402845
p02,2021-12-18T22:00:00Z,3.907274
p02,2021-12-18T23:00:00Z,4.290678
p02,2021-12-19T00:00:00Z,4.661643
p02,2021-12-19T01:00:00Z,6.722360
p02,2021-12-19T02:00:00Z,5.774423
p02,2021-12-19T03:00:00Z,7.418884
p02,2021-12-19T04:00:00Z,8.257746
p02,2021-12-19T05:00:00Z,7.524548
p02,2021-12-19T06:00:00Z,7.509080
p02,2021-12-19T07:00:00Z,7.404174
p02,2021-12-19T08:00:00Z,7.265491
p02,2021-12-19T09:00:00Z,5.790292
p02,2021-12-19T10:00:00Z,4.740516
p02,2021-12-19T11:00:00Z,4.542609
p02,2021-12-19T12:00:00Z,3.926618
p02,2021-12-19T13:00:00Z,2.597115
p02,2021-12-19T14:00:00Z,2.608372
p02,2021-12-19T15:00:00Z,1.776016
p02,2021-12-19T16:00:00Z,1.585218
p02,2021-12-19T17:00:00Z,1.218373
p02,2021-12-19T18:00:00Z,1.415435
p02,2021-12-19T19:00:00Z,2.054581
p02,2021-12-19T20:00:00Z,2.765373
p02,2021-12-19T21:00:00Z,3.072837
p02,2021-12-19T22:00:00Z,3.529466
p02,2021-12-19T23:00:00Z,4.373951
p02,2021-12-20T00:00:00Z,4.974673
p02,2021-12-20T01:00:00Z,6.415652
p02,2021-12-20T02:00:00Z,6.406433
p02,2021-12-20T03:00:00Z,6.602624
p02,2021-12-20T04:00:00Z,6.826584
p02,2021-12-20T05:00:00Z,7.429670
p02,2021-12-20T06:00:00Z,7.035206
p02,2021-12-20T07:00:00Z,6.931581
p02,2021-12-20T08:00:00Z,6.449037
p02,2021-12-20T09:00:00Z,5.284291
p02,2021-12-20T10:00:00Z,4.457074
p02,2021-12-20T11:00:00Z,5.320611
p02,2021-12-20T12:00:00Z,3.408846
p02,2021-12-20T13:00:00Z,3.259452
p02,2021-12-20T14:00:00Z,2.446446
p02,2021-12-20T15:00:00Z,1.827476
p02,2021-12-20T16:00:00Z,2.011483
p02,2021-12-20T17:00:00Z,2.080960
p02,2021-12-20T18:00:00Z,2.328537
p02,2021-12-20T19:00:00Z,1.763736
p02,2021-12-20T20:00:00Z,2.598018
p02,2021-12-20T21:00:00Z,3.661795
p02,2021-12-20T22:00:00Z,4.057773
p02,2021-12-20T23:00:00Z,4.396355
p02,2021-12-21T00:00:00Z,6.009239
p02,2021-12-21T01:00:00Z,6.357008
p02,2021-12-21T02:00:00Z,7.542544
p02,2021-12-21T03:00:00Z,7.343837
p02,2021-12-21T04:00:00Z,8.786029
p02,2021-12-21T05:00:00Z,6.998611
p02,2021-12-21T06:00:00Z,7.741174
p02,2021-12-21T07:00:00Z,7.971488
p02,2021-12-21T08:00:00Z,6.323509
p02,2021-12-21T09:00:00Z,6.373789
p02,2021-12-21T10:00:00Z,5.454366
p02,2021-12-21T11:00:00Z,5.004322
p02,2021-12-21T12:00:00Z,3.483444
p02,2021-12-21T13:00:00Z,3.367026
p02,2021-12-21T14:00:00Z,3.778885
p02,2021-12-21T15:00:00Z,2.949392
p02,2021-12-21T16:00:00Z,2.121536
p02,2021-12-21T17:00:00Z,1.932977
p02,2021-12-21T18:00:00Z,1.736360
p02,2021-12-21T19:00:00Z,2.008487
p02,2021-12-21T20:00:00Z,2.967195
p02,2021-12-21T21:00:00Z,2.774698
p02,2021-12-21T22:00:00Z,4.601331
p02,2021-12-21T23:00:00Z,4.380986
p02,2021-12-22T00:00:00Z,6.257647
p02,2021-12-22T01:00:00Z,6.527078
p02,2021-12-22T02:00:00Z,6.748368
p02,2021-12-22T03:00:00Z,7.611026
p02,2021-12-22T04:00:00Z,7.488283
p02,2021-12-22T05:00:00Z,7.993137
p02,2021-12-22T06:00:00Z,7.698802
p02,2021-12-22T07:00:00Z,6.785792
p02,2021-12-22T08:00:00Z,6.821168
p02,2021-12-22T09:00:00Z,6.223777
p02,2021-12-22T10:00:00Z,5.604371
p02,2021-12-22T11:00:00Z,5.610798
p02,2021-12-22T12:00:00Z,3.846385
p02,2021-12-22T13:00:00Z,3.115183
p02,2021-12-22T14:00:00Z,2.753058
p02,2021-12-22T15:00:00Z,0.700575
p02,2021-12-22T16:00:00Z,2.043866
p02,2021-12-22T17:00:00Z,1.608627
p02,2021-12-22T18:00:00Z,1.821634
p02,2021-12-22T19:00:00Z,2.261647
p02,2021-12-22T20:00:00Z,2.495255
p02,2021-12-22T21:00:00Z,2.201845
p02,2021-12-22T22:00:00Z,4.284730
p02,2021-12-22T23:00:00Z,3.530752
p02,2021-12-23T00:00:00Z,5.669745
p02,2021-12-23T01:00:00Z,5.928689
p02,2021-12-23T02:00:00Z,7.222954
p02,2021-12-23T03:00:00Z,8.143656
p02,2021-12-23T04:00:00Z,7.855686
p02,2021-12-23T05:00:00Z,8.326768
p02,2021-12-23T06:00:00Z,8.231484
p02,2021-12-23T07:00:00Z,8.549554
p02,2021-12-23T08:00:00Z,7.343051
p02,2021-12-23T09:00:00Z,7.003008
p02,2021-12-23T10:00:00Z,5.495063
p02,2021-12-23T11:00:00Z,4.781484
p02,2021-12-23T12:00:00Z,4.485903
p02,2021-12-23T13:00:00Z,3.602304
p02,2021-12-23T14:00:00Z,2.679766
p02,2021-12-23T15:00:00Z,2.948103
p02,2021-12-23T16:00:00Z,2.410683
p02,2021-12-23T17:00:00Z,2.191512
p02,2021-12-23T18:00:00Z,1.993207
p02,2021-12-23T19:00:00Z,2.709471
p02,2021-12-23T20:00:00Z,3.271727
p02,2021-12-23T21:00:00Z,3.405987
p02,2021-12-23T22:00:00Z,4.222016
p02,2021-12-23T23:00:00Z,5.299050
p02,2021-12-24T00:00:00Z,5.877829
p02,2021-12-24T01:00:00Z,6.915359
p02,2021-12-24T02:00:00Z,6.667849
p02,2021-12-24T03:00:00Z,7.919842
p02,2021-12-24T04:00:00Z,8.202906
p02,2021-12-24T05:00:00Z,8.009954
p02,2021-12-24T06:00:00Z,8.425241
p02,2021-12-24T07:00:00Z,7.366701
p02,2021-12-24T08:00:00Z,6.232677
p02,2021-12-24T09:00:00Z,7.226056
p02,2021-12-24T10:00:00Z,5.744821
p02,2021-12-24T11:00:00Z,5.860062
p02,2021-12-24T12:00:00Z,4.566907
p02,2021-12-24T13:00:00Z,2.662928
p02,2021-12-24T14:00:00Z,2.997547
p02,2021-12-24T15:00:00Z,2.961091
p02,2021-12-24T16:00:00Z,2.094136
p02,2021-12-24T17:00:00Z,1.597003
p02,2021-12-24T18:00:00Z,1.777955
p02,2021-12-24T19:00:00Z,1.958726
p02,2021-12-24T20:00:00Z,3.729115
p02,2021-12-24T21:00:00Z,2.040148
p02,2021-12-24T22:00:00Z,5.263270
p02,2021-12-24T23:00:00Z,4.561491
p02,2021-12-25T00:00:00Z,6.241686
p02,2021-12-25T01:00:00Z,6.528919
p02,2021-12-25T02:00:00Z,7.950641
p02,2021-12-25T03:00:00Z,7.704571
p02,2021-12-25T04:00:00Z,8.571639
p02,2021-12-25T05:00:00Z,7.468982
p02,2021-12-25T06:00:00Z,7.659506
p02,2021-12-25T07:00:00Z,8.312115
p02,2021-12-25T08:00:00Z,7.074256
p02,2021-12-25T09:00:00Z,6.544712
p02,2021-12-25T10:00:00Z,6.257681
p02,2021-12-25T11:00:00Z,4.495156
p02,2021-12-25T12:00:00Z,4.002861
p02,2021-12-25T13:00:00Z,3.950500
p02,2021-12-25T14:00:00Z,2.909602
p02,2021-12-25T15:00:00Z,2.448191
p02,2021-12-25T16:00:00Z,2.047771
p02,2021-12-25T17:00:00Z,2.230592
p02,2021-12-25T18:00:00Z,2.072771
p02,2021-12-25T19:00:00Z,2.922281
p02,2021-12-25T20:00:00Z,2.886052
p02,2021-12-25T21:00:00Z,4.064665
p02,2021-12-25T22:00:00Z,4.431172
p02,2021-12-25T23:00:00Z,5.015540
p02,2021-12-26T00:00:00Z,6.056059
p02,2021-12-26T01:00:00Z,6.425305
p02,2021-12-26T02:00:00Z,7.495770
p02,2021-12-26T03:00:00Z,8.033033
p02,2021-12-26T04:00:00Z,8.006843
p02,2021-12-26T05:00:00Z,8.261074
p02,2021-12-26T06:00:00Z,7.853278
p02,2021-12-26T07:00:00Z,7.818343
p02,2021-12-26T08:00:00Z,7.287737
p02,2021-12-26T09:00:00Z,6.923959
p02,2021-12-26T10:00:00Z,5.741723
p02,2021-12-26T11:00:00Z,5.717296
p02,2021-12-26T12:00:00Z,3.580957
p02,2021-12-26T13:00:00Z,3.636427
p02,2021-12-26T14:00:00Z,3.336349
p02,2021-12-26T15:00:00Z,2.359613
p02,2021-12-26T16:00:00Z,2.530735
p02,2021-12-26T17:00:00Z,2.859680
p02,2021-12-26T18:00:00Z,2.713711
p02,2021-12-26T19:00:00Z,2.608928
p02,2021-12-26T20:00:00Z,3.137753
p02,2021-12-26T21:00:00Z,4.596021
p02,2021-12-26T22:00:00Z,4.522905
p02,2021-12-26T23:00:00Z,5.038913
p02,2021-12-27T00:00:00Z,5.375300
p02,2021-12-27T01:00:00Z,6.419534
p02,2021-12-27T02:00:00Z,7.231343
p02,2021-12-27T03:00:00Z,8.717599
p02,2021-12-27T04:00:00Z,8.569089
p02,2021-12-27T05:00:00Z,8.362666
p02,2021-12-27T06:00:00Z,7.900832
p02,2021-12-27T07:00:00Z,7.799417
p02,2021-12-27T08:00:00Z,6.902277
p02,2021-12-27T09:00:00Z,7.154561
p02,2021-12-27T10:00:00Z,6.236648
p02,2021-12-27T11:00:00Z,5.479831
p02,2021-12-27T12:00:00Z,5.152801
p02,2021-12-27T13:00:00Z,3.330640
p02,2021-12-27T14:00:00Z,3.562221
p02,2021-12-27T15:00:00Z,2.596464
p02,2021-12-27T16:00:00Z,2.216427
p02,2021-12-27T17:00:00Z,3.061065
p02,2021-12-27T18:00:00Z,2.221576
p02,2021-12-27T19:00:00Z,2.966768
p02,2021-12-27T20:00:00Z,2.463344
p02,2021-12-27T21:00:00Z,4.571524
p02,2021-12-27T22:00:00Z,5.031504
p02,2021-12-27T23:00:00Z,5.129668
p02,2021-12-28T00:00:00Z,5.406253
p02,2021-12-28T01:00:00Z,6.264965
p02,2021-12-28T02:00:00Z,7.533543
p02,2021-12-28T03:00:00Z,8.832194
p02,2021-12-28T04:00:00Z,8.875793
p02,2021-12-28T05:00:00Z,8.791172
p02,2021-12-28T06:00:00Z,8.707010
p02,2021-12-28T07:00:00Z,8.495072
p02,2021-12-28T08:00:00Z,7.123223
p02,2021-12-28T09:00:00Z,6.965165
p02,2021-12-28T10:00:00Z,6.258921
p02,2021-12-28T11:00:00Z,5.064574
p02,2021-12-28T12:00:00Z,4.185171
p02,2021-12-28T13:00:00Z,4.497249
p02,2021-12-28T14:00:00Z,3.273860
p02,2021-12-28T15:00:00Z,3.133401
p02,2021-12-28T16:00:00Z,2.670176
p02,2021-12-28T17:00:00Z,2.132056
p02,2021-12-28T18:00:00Z,3.111877
p02,2021-12-28T19:00:00Z,2.227403
p02,2021-12-28T20:00:00Z,4.016118
p02,2021-12-28T21:00:00Z,3.949979
p02,2021-12-28T22:00:00Z,4.348879
p02,2021-12-28T23:00:00Z,5.530785
p02,2021-12-29T00:00:00Z,5.956658
p02,2021-12-29T01:00:00Z,7.038357
p02,2021-12-29T02:00:00Z,7.820313
p02,2021-12-29T03:00:00Z,7.871879
p02,2021-12-29T04:00:00Z,8.337184
p02,2021-12-29T05:00:00Z,7.777163
p02,2021-12-29T06:00:00Z,8.180421
p02,2021-12-29T07:00:00Z,7.366626
p02,2021-12-29T08:00:00Z,7.295739
p02,2021-12-29T09:00:00Z,6.876427
p02,2021-12-29T10:00:00Z,6.693332
p02,2021-12-29T11:00:00Z,5.089745
p02,2021-12-29T12:00:00Z,4.517450
p02,2021-12-29T13:00:00Z,4.203077
p02,2021-12-29T14:00:00Z,2.988669
p02,2021-12-29T15:00:00Z,3.415868
p02,2021-12-29T16:00:00Z,3.998542
p02,2021-12-29T17:00:00Z,3.270382
p02,2021-12-29T18:00:00Z,3.362170
p02,2021-12-29T19:00:00Z,3.477244
p02,2021-12-29T20:00:00Z,3.178553
p02,2021-12-29T21:00:00Z,4.947873
p02,2021-12-29T22:00:00Z,5.299788
p02,2021-12-29T23:00:00Z,5.810978
p02,2021-12-30T00:00:00Z,6.593101
p02,2021-12-30T01:00:00Z,6.426858
p02,2021-12-30T02:00:00Z,7.290575
p02,2021-12-30T03:00:00Z,8.036389
p02,2021-12-30T04:00:00Z,7.950251
p02,2021-12-30T05:00:00Z,9.032850
p02,2021-12-30T06:00:00Z,9.240872
p02,2021-12-30T07:00:00Z,8.810384
p02,2021-12-30T08:00:00Z,7.211308
p02,2021-12-30T09:00:00Z,8.327142
p02,2021-12-30T10:00:00Z,6.658403
p02,2021-12-30T11:00:00Z,5.857411
p02,2021-12-30T12:00:00Z,5.238476
p02,2021-12-30T13:00:00Z,4.424646
p02,2021-12-30T14:00:00Z,3.877025
p02,2021-12-30T15:00:00Z,3.515849
p02,2021-12-30T16:00:00Z,2.990198
p02,2021-12-30T17:00:00Z,3.570973
p02,2021-12-30T18:00:00Z,3.018163
p02,2021-12-30T19:00:00Z,3.947896
p02,2021-12-30T20:00:00Z,3.498181
p02,2021-12-30T21:00:00Z,5.075658
p02,2021-12-30T22:00:00Z,5.019315
p02,2021-12-30T23:00:00Z,6.298979
p02,2021-12-31T00:00:00Z,6.427559
p02,2021-12-31T01:00:00Z,7.006138
p02,2021-12-31T02:00:00Z,7.792009
p02,2021-12-31T03:00:00Z,8.805957
p02,2021-12-31T04:00:00Z,8.566532
p02,2021-12-31T05:00:00Z,10.000462
p02,2021-12-31T06:00:00Z,8.680932
p02,2021-12-31T07:00:00Z,9.538372
p02,2021-12-31T08:00:00Z,8.090388
p02,2021-12-31T09:00:00Z,7.637097
p02,2021-12-31T10:00:00Z,6.488350
p02,2021-12-31T11:00:00Z,5.414453
p02,2021-12-31T12:00:00Z,5.097580
p02,2021-12-31T13:00:00Z,4.113107
p02,2021-12-31T14:00:00Z,3.316964
p02,2021-12-31T15:00:00Z,3.493990
p02,2021-12-31T16:00:00Z,2.973052
p02,2021-12-31T17:00:00Z,3.305838
p02,2021-12-31T18:00:00Z,3.394542
p02,2021-12-31T19:00:00Z,2.861331
p02,2021-12-31T20:00:00Z,4.145295
p02,2021-12-31T21:00:00Z,4.547141
p02,2021-12-31T22:00:00Z,5.754253
p02,2021-12-31T23:00:00Z,6.197838
p02,2022-01-01T00:00:00Z,6.157889
p02,2022-01-01T01:00:00Z,7.575677
p02,2022-01-01T02:00:00Z,7.725782
p02,2022-01-01T03:00:00Z,9.536990
p02,2022-01-01T04:00:00Z,8.822168
p02,2022-01-01T05:00:00Z,8.569838
p02,2022-01-01T06:00:00Z,9.372273
p02,2022-01-01T07:00:00Z,9.839991
p02,2022-01-01T08:00:00Z,8.957737
p02,2022-01-01T09:00:00Z,8.258435
p02,2022-01-01T10:00:00Z,7.037843
p02,2022-01-01T11:00:00Z,6.297107
p02,2022-01-01T12:00:00Z,4.411342
p02,2022-01-01T13:00:00Z,5.484991
p02,2022-01-01T14:00:00Z,4.930910
p02,2022-01-01T15:00:00Z,3.644811
p02,2022-01-01T16:00:00Z,2.524637
p02,2022-01-01T17:00:00Z,2.404397
p02,2022-01-01T18:00:00Z,3.609536
p02,2022-01-01T19:00:00Z,3.293815
p02,2022-01-01T20:00:00Z,3.724744
p02,2022-01-01T21:00:00Z,4.440430
p02,2022-01-01T22:00:00Z,5.924920
p02,2022-01-01T23:00:00Z,5.272385
p02,2022-01-02T00:00:00Z,7.107973
p02,2022-01-02T01:00:00Z,6.993539
p02,2022-01-02T02:00:00Z,8.803267
p02,2022-01-02T03:00:00Z,8.906293
p02,2022-01-02T04:00:00Z,9.139416
p02,2022-01-02T05:00:00Z,9.661574
p02,2022-01-02T06:00:00Z,9.766120
p02,2022-01-02T07:00:00Z,9.268508
p02,2022-01-02T08:00:00Z,9.160683
p02,2022-01-02T09:00:00Z,7.537991
p02,2022-01-02T10:00:00Z,6.634141
p02,2022-01-02T11:00:00Z,6.569111
p02,2022-01-02T12:00:00Z,4.915796
p02,2022-01-02T13:00:00Z,5.124543
p02,2022-01-02T14:00:00Z,4.377312
p02,2022-01-02T15:00:00Z,3.626794
p02,2022-01-02T16:00:00Z,2.981131
p02,2022-01-02T17:00:00Z,3.116075
p02,2022-01-02T18:00:00Z,3.184811
p02,2022-01-02T19:00:00Z,3.187700
p02,2022-01-02T20:00:00Z,4.602056
p02,2022-01-02T21:00:00Z,5.421715
p02,2022-01-02T22:00:00Z,5.877398
p02,2022-01-02T23:00:00Z,6.321550
p02,2022-01-03T00:00:00Z,6.986507
p02,2022-01-03T01:00:00Z,8.199469
p02,2022-01-03T02:00:00Z,8.389787
p02,2022-01-03T03:00:00Z,8.573188
p02,2022-01-03T04:00:00Z,8.984211
p02,2022-01-03T05:00:00Z,9.304235
p02,2022-01-03T06:00:00Z,8.769347
p02,2022-01-03T07:00:00Z,9.799082
p02,2022-01-03T08:00:00Z,8.590688
p02,2022-01-03T09:00:00Z,7.506841
p02,2022-01-03T10:00:00Z,7.875637
p02,2022-01-03T11:00:00Z,6.777333
p02,2022-01-03T12:00:00Z,5.968150
p02,2022-01-03T13:00:00Z,4.151063
p02,2022-01-03T14:00:00Z,4.026315
p02,2022-01-03T15:00:00Z,3.548191
p02,2022-01-03T16:00:00Z,4.291131
p02,2022-01-03T17:00:00Z,3.397945
p02,2022-01-03T18:00:00Z,2.929442
p02,2022-01-03T19:00:00Z,4.333900
p02,2022-01-03T20:00:00Z,4.860449
p02,2022-01-03T21:00:00Z,4.721462
p02,2022-01-03T22:00:00Z,5.756395
p02,2022-01-03T23:00:00Z,5.786899
p02,2022-01-04T00:00:00Z,6.720933
p02,2022-01-04T01:00:00Z,9.022819
p02,2022-01-04T02:00:00Z,9.211484
p02,2022-01-04T03:00:00Z,9.043018
p02,2022-01-04T04:00:00Z,9.525072
p02,2022-01-04T05:00:00Z,9.627516
p02,2022-01-04T06:00:00Z,9.609913
p02,2022-01-04T07:00:00Z,8.901851
p02,2022-01-04T08:00:00Z,9.163978
p02,2022-01-04T09:00:00Z,8.841750
p02,2022-01-04T10:00:00Z,6.858673
p02,2022-01-04T11:00:00Z,5.947048
p02,2022-01-04T12:00:00Z,5.277249
p02,2022-01-04T13:00:00Z,4.143796
p02,2022-01-04T14:00:00Z,5.074105
p02,2022-01-04T15:00:00Z,3.576801
p02,2022-01-04T16:00:00Z,3.402876
p02,2022-01-04T17:00:00Z,3.720217
p02,2022-01-04T18:00:00Z,3.348745
p02,2022-01-04T19:00:00Z,3.793824
p02,2022-01-04T20:00:00Z,4.075382
p02,2022-01-04T21:00:00Z,5.036291
p02,2022-01-04T22:00:00Z,6.575172
p02,2022-01-04T23:00:00Z,5.955873
p02,2022-01-05T00:00:00Z,7.765606
p02,2022-01-05T01:00:00Z,8.081923
p02,2022-01-05T02:00:00Z,9.068266
p02,2022-01-05T03:00:00Z,9.131790
p02,2022-01-05T04:00:00Z,8.691813
p02,2022-01-05T05:00:00Z,9.555043
p02,2022-01-05T06:00:00Z,9.070454
p02,2022-01-05T07:00:00Z,9.467419
p02,2022-01-05T08:00:00Z,8.652207
p02,2022-01-05T09:00:00Z,8.763624
p02,2022-01-05T10:00:00Z,6.815655
p02,2022-01-05T11:00:00Z,7.216897
p02,2022-01-05T12:00:00Z,6.228207
p02,2022-01-05T13:00:00Z,5.759023
p02,2022-01-05T14:00:00Z,4.073469
p02,2022-01-05T15:00:00Z,4.528193
p02,2022-01-05T16:00:00Z,3.326053
p02,2022-01-05T17:00:00Z,3.844038
p02,2022-01-05T18:00:00Z,3.780376
p02,2022-01-05T19:00:00Z,4.913116
p02,2022-01-05T20:00:00Z,4.719839
p02,2022-01-05T21:00:00Z,5.228651
p02,2022-01-05T22:00:00Z,5.505430
p02,2022-01-05T23:00:00Z,6.273052
p02,2022-01-06T00:00:00Z,7.716680
p02,2022-01-06T01:00:00Z,7.900189
p02,2022-01-06T02:00:00Z,8.874421
p02,2022-01-06T03:00:00Z,9.132523
p02,2022-01-06T04:00:00Z,9.357635
p02,2022-01-06T05:00:00Z,9.236355
p02,2022-01-06T06:00:00Z,9.354095
p02,2022-01-06T07:00:00Z,9.372860
p02,2022-01-06T08:00:00Z,9.310678
p02,2022-01-06T09:00:00Z,8.717908
p02,2022-01-06T10:00:00Z,7.043600
p02,2022-01-06T11:00:00Z,6.608694
p02,2022-01-06T12:00:00Z,5.863536
p02,2022-01-06T13:00:00Z,5.730229
p02,2022-01-06T14:00:00Z,4.064136
p02,2022-01-06T15:00:00Z,3.736704
p02,2022-01-06T16:00:00Z,4.040120
p02,2022-01-06T17:00:00Z,3.873121
p02,2022-01-06T18:00:00Z,4.625589
p02,2022-01-06T19:00:00Z,3.638047
p02,2022-01-06T20:00:00Z,5.347122
p02,2022-01-06T21:00:00Z,5.135905
p02,2022-01-06T22:00:00Z,5.781355
p02,2022-01-06T23:00:00Z,6.206952
p02,2022-01-07T00:00:00Z,7.297121
p02,2022-01-07T01:00:00Z,8.242391
p02,2022-01-07T02:00:00Z,8.503958
p02,2022-01-07T03:00:00Z,8.893980
p02,2022-01-07T04:00:00Z,9.008957
p02,2022-01-07T05:00:00Z,9.570521
p02,2022-01-07T06:00:00Z,9.168178
p02,2022-01-07T07:00:00Z,9.439580
p02,2022-01-07T08:00:00Z,8.832491
p02,2022-01-07T09:00:00Z,8.701587
p02,2022-01-07T10:00:00Z,7.652342
p02,2022-01-07T11:00:00Z,7.136902
p02,2022-01-07T12:00:00Z,5.760644
p02,2022-01-07T13:00:00Z,4.965580
p02,2022-01-07T14:00:00Z,5.759490
p02,2022-01-07T15:00:00Z,4.114198
p02,2022-01-07T16:00:00Z,4.203483
p02,2022-01-07T17:00:00Z,4.039954
p02,2022-01-07T18:00:00Z,3.708185
p02,2022-01-07T19:00:00Z,4.108403
p02,2022-01-07T20:00:00Z,4.519741
p02,2022-01-07T21:00:00Z,5.562363
p02,2022-01-07T22:00:00Z,6.290239
p02,2022-01-07T23:00:00Z,6.765125
p02,2022-01-08T00:00:00Z,7.265914
p02,2022-01-08T01:00:00Z,8.868156
p02,2022-01-08T02:00:00Z,9.420623
p02,2022-01-08T03:00:00Z,9.298092
p02,2022-01-08T04:00:00Z,9.247574
p02,2022-01-08T05:00:00Z,9.531994
p02,2022-01-08T06:00:00Z,9.249781
p02,2022-01-08T07:00:00Z,9.317985
p02,2022-01-08T08:00:00Z,8.406348
p02,2022-01-08T09:00:00Z,7.863082
p02,2022-01-08T10:00:00Z,6.824474
p02,2022-01-08T11:00:00Z,6.649232
p02,2022-01-08T12:00:00Z,6.102457
p02,2022-01-08T13:00:00Z,5.206351
p02,2022-01-08T14:00:00Z,4.539435
p02,2022-01-08T15:00:00Z,3.939361
p02,2022-01-08T16:00:00Z,4.252666
p02,2022-01-08T17:00:00Z,4.730137
p02,2022-01-08T18:00:00Z,4.129223
p02,2022-01-08T19:00:00Z,4.698880
p02,2022-01-08T20:00:00Z,5.481258
p02,2022-01-08T21:00:00Z,5.856875
p02,2022-01-08T22:00:00Z,5.882480
p02,2022-01-08T23:00:00Z,6.435661
p02,2022-01-09T00:00:00Z,8.012576
p02,2022-01-09T01:00:00Z,8.654881
p02,2022-01-09T02:00:00Z,8.858951
p02,2022-01-09T03:00:00Z,9.835840
p02,2022-01-09T04:00:00Z,9.806788
p02,2022-01-09T05:00:00Z,10.527451
p02,2022-01-09T06:00:00Z,9.409307
p02,2022-01-09T07:00:00Z,9.025922
p02,2022-01-09T08:00:00Z,8.854937
p02,2022-01-09T09:00:00Z,8.566266
p02,2022-01-09T10:00:00Z,7.274402
p02,2022-01-09T11:00:00Z,6.746868
p02,2022-01-09T12:00:00Z,5.859340
p02,2022-01-09T13:00:00Z,6.056391
p02,2022-01-09T14:00:00Z,5.300032
p02,2022-01-09T15:00:00Z,4.927876
p02,2022-01-09T16:00:00Z,3.779398
p02,2022-01-09T17:00:00Z,3.807033
p02,2022-01-09T18:00:00Z,4.270903
p02,2022-01-09T19:00:00Z,4.593205
p02,2022-01-09T20:00:00Z,4.847557
p02,2022-01-09T21:00:00Z,6.405633
p02,2022-01-09T22:00:00Z,4.986623
p02,2022-01-09T23:00:00Z,7.460955
p02,2022-01-10T00:00:00Z,8.108032
p02,2022-01-10T01:00:00Z,8.777212
p02,2022-01-10T02:00:00Z,9.263914
p02,2022-01-10T03:00:00Z,10.408227
p02,2022-01-10T04:00:00Z,9.771515
p02,2022-01-10T05:00:00Z,10.020373
p02,2022-01-10T06:00:00Z,9.334965
p02,2022-01-10T07:00:00Z,10.982303
p02,2022-01-10T08:00:00Z,9.455544
p02,2022-01-10T09:00:00Z,7.990504
p02,2022-01-10T10:00:00Z,7.964205
p02,2022-01-10T11:00:00Z,6.685490
p02,2022-01-10T12:00:00Z,6.702763
p02,2022-01-10T13:00:00Z,5.655300
p02,2022-01-10T14:00:00Z,4.821837
p02,2022-01-10T15:00:00Z,4.755624
p02,2022-01-10T16:00:00Z,4.617648
p02,2022-01-10T17:00:00Z,3.673835
p02,2022-01-10T18:00:00Z,4.056450
p02,2022-01-10T19:00:00Z,5.164019
p02,2022-01-10T20:00:00Z,5.134642
p02,2022-01-10T21:00:00Z,5.772360
p02,2022-01-10T22:00:00Z,6.538611
p02,2022-01-10T23:00:00Z,6.771915
p02,2022-01-11T00:00:00Z,7.143669
p02,2022-01-11T01:00:00Z,8.576457
p02,2022-01-11T02:00:00Z,9.168054
p02,2022-01-11T03:00:00Z,9.191391
p02,2022-01-11T04:00:00Z,10.207210
p02,2022-01-11T05:00:00Z,9.425580
p02,2022-01-11T06:00:00Z,10.578892
p02,2022-01-11T07:00:00Z,9.396935
p02,2022-01-11T08:00:00Z,8.695722
p02,2022-01-11T09:00:00Z,8.621027
p02,2022-01-11T10:00:00Z,8.602550
p02,2022-01-11T11:00:00Z,7.020038
p02,2022-01-11T12:00:00Z,6.394960
p02,2022-01-11T13:00:00Z,5.786699
p02,2022-01-11T14:00:00Z,5.425878
p02,2022-01-11T15:00:00Z,4.830062
p02,2022-01-11T16:00:00Z,4.867998
p02,2022-01-11T17:00:00Z,3.988808
p02,2022-01-11T18:00:00Z,4.609622
p02,2022-01-11T19:00:00Z,3.944747
p02,2022-01-11T20:00:00Z,4.908293
p02,2022-01-11T21:00:00Z,5.518656
p02,2022-01-11T22:00:00Z,6.384183
p02,2022-01-11T23:00:00Z,6.586985
p02,2022-01-12T00:00:00Z,7.852380
p02,2022-01-12T01:00:00Z,7.659862
p02,2022-01-12T02:00:00Z,9.087705
p02,2022-01-12T03:00:00Z,9.872252
p02,2022-01-12T04:00:00Z,9.738989
p02,2022-01-12T05:00:00Z,9.894960
p02,2022-01-12T06:00:00Z,9.997646
p02,2022-01-12T07:00:00Z,9.530925
p02,2022-01-12T08:00:00Z,9.554995
p02,2022-01-12T09:00:00Z,9.427806
p02,2022-01-12T10:00:00Z,8.331313
p02,2022-01-12T11:00:00Z,8.332428
p02,2022-01-12T12:00:00Z,6.430273
p02,2022-01-12T13:00:00Z,5.730685
p02,2022-01-12T14:00:00Z,5.048277
p02,2022-01-12T15:00:00Z,5.463075
p02,2022-01-12T16:00:00Z,4.323481
p02,2022-01-12T17:00:00Z,3.222804
p02,2022-01-12T18:00:00Z,4.027241
p02,2022-01-12T19:00:00Z,4.875894
p02,2022-01-12T20:00:00Z,5.248611
p02,2022-01-12T21:00:00Z,5.464919
p02,2022-01-12T22:00:00Z,7.090992
p02,2022-01-12T23:00:00Z,6.761704
p02,2022-01-13T00:00:00Z,7.763351
p02,2022-01-13T01:00:00Z,8.284929
p02,2022-01-13T02:00:00Z,9.820772
p02,2022-01-13T03:00:00Z,10.610572
p02,2022-01-13T04:00:00Z,9.608134
p02,2022-01-13T05:00:00Z,9.649349
p02,2022-01-13T06:00:00Z,11.031027
p02,2022-01-13T07:00:00Z,9.140415
p02,2022-01-13T08:00:00Z,10.471639
p02,2022-01-13T09:00:00Z,9.583791
p02,2022-01-13T10:00:00Z,7.937100
p02,2022-01-13T11:00:00Z,8.229470
p02,2022-01-13T12:00:00Z,6.524184
p02,2022-01-13T13:00:00Z,5.055602
p02,2022-01-13T14:00:00Z,5.033225
p02,2022-01-13T15:00:00Z,4.524466
p02,2022-01-13T16:00:00Z,3.942082
p02,2022-01-13T17:00:00Z,4.008517
p02,2022-01-13T18:00:00Z,4.696678
p02,2022-01-13T19:00:00Z,4.505784
p02,2022-01-13T20:00:00Z,4.822086
p02,2022-01-13T21:00:00Z,5.720674
p02,2022-01-13T22:00:00Z,6.564952
p02,2022-01-13T23:00:00Z,8.335190
p02,2022-01-14T00:00:00Z,8.798763
p02,2022-01-14T01:00:00Z,9.107551
p02,2022-01-14T02:00:00Z,9.054294
p02,2022-01-14T03:00:00Z,9.646532
p02,2022-01-14T04:00:00Z,10.119998
p02,2022-01-14T05:00:00Z,10.487750
p02,2022-01-14T06:00:00Z,10.432385
p02,2022-01-14T07:00:00Z,8.906469
p02,2022-01-14T08:00:00Z,9.406946
p02,2022-01-14T09:00:00Z,8.371079
p02,2022-01-14T10:00:00Z,8.638982
p02,2022-01-14T11:00:00Z,7.688778
p02,2022-01-14T12:00:00Z,6.573935
p02,2022-01-14T13:00:00Z,5.846023
p02,2022-01-14T14:00:00Z,5.642796
p02,2022-01-14T15:00:00Z,4.822542
p02,2022-01-14T16:00:00Z,4.147744
p02,2022-01-14T17:00:00Z,4.560754
p02,2022-01-14T18:00:00Z,5.184794
p02,2022-01-14T19:00:00Z,5.733915
p02,2022-01-14T20:00:00Z,5.654851
p02,2022-01-14T21:00:00Z,5.792776
p02,2022-01-14T22:00:00Z,7.081834
p02,2022-01-14T23:00:00Z,7.425268
p02,2022-01-15T00:00:00Z,7.859440
p02,2022-01-15T01:00:00Z,8.797853
p02,2022-01-15T02:00:00Z,9.236513
p02,2022-01-15T03:00:00Z,10.492654
p02,2022-01-15T04:00:00Z,10.906666
p02,2022-01-15T05:00:00Z,10.659103
p02,2022-01-15T06:00:00Z,10.293584
p02,2022-01-15T07:00:00Z,9.985814
p02,2022-01-15T08:00:00Z,10.618221
p02,2022-01-15T09:00:00Z,8.363159
p02,2022-01-15T10:00:00Z,8.260794
p02,2022-01-15T11:00:00Z,7.340952
p02,2022-01-15T12:00:00Z,6.587996
p02,2022-01-15T13:00:00Z,7.279379
p02,2022-01-15T14:00:00Z,5.616111
p02,2022-01-15T15:00:00Z,4.551777
p02,2022-01-15T16:00:00Z,3.751909
p02,2022-01-15T17:00:00Z,4.270847
p02,2022-01-15T18:00:00Z,4.504102
p02,2022-01-15T19:00:00Z,4.194051
p02,2022-01-15T20:00:00Z,5.618562
p02,2022-01-15T21:00:00Z,6.024896
p02,2022-01-15T22:00:00Z,6.599371
p02,2022-01-15T23:00:00Z,7.880533
p02,2022-01-16T00:00:00Z,8.615050
p02,2022-01-16T01:00:00Z,9.276931
p02,2022-01-16T02:00:00Z,9.414785
p02,2022-01-16T03:00:00Z,10.172030
p02,2022-01-16T04:00:00Z,10.404661
p02,2022-01-16T05:00:00Z,10.154519
p02,2022-01-16T06:00:00Z,10.713251
p02,2022-01-16T07:00:00Z,10.735961
p02,2022-01-16T08:00:00Z,10.213704
p02,2022-01-16T09:00:00Z,9.063882
p02,2022-01-16T10:00:00Z,8.243965
p02,2022-01-16T11:00:00Z,7.888275
p02,2022-01-16T12:00:00Z,7.149308
p02,2022-01-16T13:00:00Z,6.572898
p02,2022-01-16T14:00:00Z,5.648378
p02,2022-01-16T15:00:00Z,4.408645
p02,2022-01-16T16:00:00Z,4.665601
p02,2022-01-16T17:00:00Z,4.522986
p02,2022-01-16T18:00:00Z,4.891027
p02,2022-01-16T19:00:00Z,5.164248
p02,2022-01-16T20:00:00Z,5.840321
p02,2022-01-16T21:00:00Z,6.734726
p02,2022-01-16T22:00:00Z,6.945234
p02,2022-01-16T23:00:00Z,7.412756
p02,2022-01-17T00:00:00Z,8.763248
p02,2022-01-17T01:00:00Z,9.414039
p02,2022-01-17T02:00:00Z,9.748604
p02,2022-01-17T03:00:00Z,10.888325
p02,2022-01-17T04:00:00Z,9.969843
p02,2022-01-17T05:00:00Z,10.125052
p02,2022-01-17T06:00:00Z,10.254342
p02,2022-01-17T07:00:00Z,9.794948
p02,2022-01-17T08:00:00Z,9.723041
p02,2022-01-17T09:00:00Z,9.700953
p02,2022-01-17T10:00:00Z,8.041757
p02,2022-01-17T11:00:00Z,7.860036
p02,2022-01-17T12:00:00Z,7.426510
p02,2022-01-17T13:00:00Z,6.352810
p02,2022-01-17T14:00:00Z,5.470703
p02,2022-01-17T15:00:00Z,6.145160
p02,2022-01-17T16:00:00Z,5.321550
p02,2022-01-17T17:00:00Z,4.343027
p02,2022-01-17T18:00:00Z,4.503742
p02,2022-01-17T19:00:00Z,4.140500
p02,2022-01-17T20:00:00Z,5.785564
p02,2022-01-17T21:00:00Z,7.420685
p02,2022-01-17T22:00:00Z,7.199497
p02,2022-01-17T23:00:00Z,7.217809
p02,2022-01-18T00:00:00Z,8.284908
p02,2022-01-18T01:00:00Z,8.775029
p02,2022-01-18T02:00:00Z,9.603667
p02,2022-01-18T03:00:00Z,10.263304
p02,2022-01-18T04:00:00Z,10.359779
p02,2022-01-18T05:00:00Z,11.028491
p02,2022-01-18T06:00:00Z,10.344754
p02,2022-01-18T07:00:00Z,9.556299
p02,2022-01-18T08:00:00Z,10.465833
p02,2022-01-18T09:00:00Z,8.814201
p02,2022-01-18T10:00:00Z,8.713679
p02,2022-01-18T11:00:00Z,8.149084
p02,2022-01-18T12:00:00Z,7.096214
p02,2022-01-18T13:00:00Z,6.123799
p02,2022-01-18T14:00:00Z,5.111087
p02,2022-01-18T15:00:00Z,4.903102
p02,2022-01-18T16:00:00Z,5.469808
p02,2022-01-18T17:00:00Z,4.529751
p02,2022-01-18T18:00:00Z,5.416540
p02,2022-01-18T19:00:00Z,5.742083
p02,2022-01-18T20:00:00Z,6.214281
p02,2022-01-18T21:00:00Z,7.200171
p02,2022-01-18T22:00:00Z,7.097003
p02,2022-01-18T23:00:00Z,7.340200
p02,2022-01-19T00:00:00Z,8.292949
p02,2022-01-19T01:00:00Z,9.661022
p02,2022-01-19T02:00:00Z,10.073510
p02,2022-01-19T03:00:00Z,10.024983
p02,2022-01-19T04:00:00Z,11.141727
p02,2022-01-19T05:00:00Z,10.839171
p02,2022-01-19T06:00:00Z,10.231097
p02,2022-01-19T07:00:00Z,10.220450
p02,2022-01-19T08:00:00Z,10.624858
p02,2022-01-19T09:00:00Z,8.985236
p02,2022-01-19T10:00:00Z,7.699606
p02,2022-01-19T11:00:00Z,8.292371
p02,2022-01-19T12:00:00Z,7.361710
p02,2022-01-19T13:00:00Z,6.148050
p02,2022-01-19T14:00:00Z,5.650705
p02,2022-01-19T15:00:00Z,5.113974
p02,2022-01-19T16:00:00Z,4.517270
p02,2022-01-19T17:00:00Z,4.664632
p02,2022-01-19T18:00:00Z,5.311165
p02,2022-01-19T19:00:00Z,6.284514
p02,2022-01-19T20:00:00Z,6.624931
p02,2022-01-19T21:00:00Z,5.515566
p02,2022-01-19T22:00:00Z,7.880543
p02,2022-01-19T23:00:00Z,7.550292
p02,2022-01-20T00:00:00Z,8.882273
p02,2022-01-20T01:00:00Z,8.831857
p02,2022-01-20T02:00:00Z,10.915296
p02,2022-01-20T03:00:00Z,10.425915
p02,2022-01-20T04:00:00Z,10.823324
p02,2022-01-20T05:00:00Z,10.980810
p02,2022-01-20T06:00:00Z,10.181062
p02,2022-01-20T07:00:00Z,10.998497
p02,2022-01-20T08:00:00Z,10.685340
p02,2022-01-20T09:00:00Z,9.819935
p02,2022-01-20T10:00:00Z,8.510315
p02,2022-01-20T11:00:00Z,7.962864
p02,2022-01-20T12:00:00Z,7.471669
p02,2022-01-20T13:00:00Z,7.522132
p02,2022-01-20T14:00:00Z,6.159669
p02,2022-01-20T15:00:00Z,5.447451
p02,2022-01-20T16:00:00Z,4.773536
p02,2022-01-20T17:00:00Z,5.496437
p02,2022-01-20T18:00:00Z,4.393848
p02,2022-01-20T19:00:00Z,5.792457
p02,2022-01-20T20:00:00Z,6.425404
p02,2022-01-20T21:00:00Z,6.052480
p02,2022-01-20T22:00:00Z,8.074571
p02,2022-01-20T23:00:00Z,7.653616
p02,2022-01-21T00:00:00Z,8.476898
p02,2022-01-21T01:00:00Z,9.940024
p02,2022-01-21T02:00:00Z,10.889611
p02,2022-01-21T03:00:00Z,11.384116
p02,2022-01-21T04:00:00Z,11.193298
p02,2022-01-21T05:00:00Z,12.160486
p02,2022-01-21T06:00:00Z,11.763048
p02,2022-01-21T07:00:00Z,10.467943
p02,2022-01-21T08:00:00Z,9.608891
p02,2022-01-21T09:00:00Z,10.625684
p02,2022-01-21T10:00:00Z,8.694123
p02,2022-01-21T11:00:00Z,7.887642
p02,2022-01-21T12:00:00Z,7.259445
p02,2022-01-21T13:00:00Z,6.247429
p02,2022-01-21T14:00:00Z,5.362440
p02,2022-01-21T15:00:00Z,5.504585
p02,2022-01-21T16:00:00Z,5.041860
p02,2022-01-21T17:00:00Z,4.849019
p02,2022-01-21T18:00:00Z,4.504330
p02,2022-01-21T19:00:00Z,6.289089
p02,2022-01-21T20:00:00Z,6.272527
p02,2022-01-21T21:00:00Z,6.924161
p02,2022-01-21T22:00:00Z,7.006783
p02,2022-01-21T23:00:00Z,7.673436
p02,2022-01-22T00:00:00Z,8.744932
p02,2022-01-22T01:00:00Z,9.676853
p02,2022-01-22T02:00:00Z,10.125712
p02,2022-01-22T03:00:00Z,11.014695
p02,2022-01-22T04:00:00Z,10.427530
p02,2022-01-22T05:00:00Z,11.158742
p02,2022-01-22T06:00:00Z,11.569714
p02,2022-01-22T07:00:00Z,10.288792
p02,2022-01-22T08:00:00Z,10.495230
p02,2022-01-22T09:00:00Z,9.650630
p02,2022-01-22T10:00:00Z,9.246592
p02,2022-01-22T11:00:00Z,9.341430
p02,2022-01-22T12:00:00Z,8.134045
p02,2022-01-22T13:00:00Z,6.785265
p02,2022-01-22T14:00:00Z,5.571460
p02,2022-01-22T15:00:00Z,5.328637
p02,2022-01-22T16:00:00Z,5.071919
p02,2022-01-22T17:00:00Z,5.237211
p02,2022-01-22T18:00:00Z,5.656994
p02,2022-01-22T19:00:00Z,5.152670
p02,2022-01-22T20:00:00Z,6.233312
p02,2022-01-22T21:00:00Z,7.635838
p02,2022-01-22T22:00:00Z,8.986741
p02,2022-01-22T23:00:00Z,7.527164
p02,2022-01-23T00:00:00Z,9.237225
p02,2022-01-23T01:00:00Z,10.573283
p02,2022-01-23T02:00:00Z,10.650475
p02,2022-01-23T03:00:00Z,10.569230
p02,2022-01-23T04:00:00Z,11.111030
p02,2022-01-23T05:00:00Z,11.351583
p02,2022-01-23T06:00:00Z,11.747826
p02,2022-01-23T07:00:00Z,11.001351
p02,2022-01-23T08:00:00Z,10.957847
p02,2022-01-23T09:00:00Z,10.044814
p02,2022-01-23T10:00:00Z,8.311425
p02,2022-01-23T11:00:00Z,7.982602
p02,2022-01-23T12:00:00Z,7.696730
p02,2022-01-23T13:00:00Z,6.512533
p02,2022-01-23T14:00:00Z,6.318537
p02,2022-01-23T15:00:00Z,5.730340
p02,2022-01-23T16:00:00Z,5.144067
p02,2022-01-23T17:00:00Z,5.567417
p02,2022-01-23T18:00:00Z,5.291184
p02,2022-01-23T19:00:00Z,4.672814
p02,2022-01-23T20:00:00Z,6.496406
p02,2022-01-23T21:00:00Z,7.055763
p02,2022-01-23T22:00:00Z,7.320323
p02,2022-01-23T23:00:00Z,7.894212
p02,2022-01-24T00:00:00Z,9.199127
p02,2022-01-24T01:00:00Z,10.243386
p02,2022-01-24T02:00:00Z,9.707134
p02,2022-01-24T03:00:00Z,10.162855
p02,2022-01-24T04:00:00Z,11.791582
p02,2022-01-24T05:00:00Z,11.573305
p02,2022-01-24T06:00:00Z,12.303041
p02,2022-01-24T07:00:00Z,11.260441
p02,2022-01-24T08:00:00Z,10.976544
p02,2022-01-24T09:00:00Z,11.530038
p02,2022-01-24T10:00:00Z,8.476946
p02,2022-01-24T11:00:00Z,8.028618
p02,2022-01-24T12:00:00Z,7.946287
p02,2022-01-24T13:00:00Z,6.841671
p02,2022-01-24T14:00:00Z,6.357888
p02,2022-01-24T15:00:00Z,5.589788
p02,2022-01-24T16:00:00Z,4.619478
p02,2022-01-24T17:00:00Z,5.601736
p02,2022-01-24T18:00:00Z,6.231112
p02,2022-01-24T19:00:00Z,5.836834
p02,2022-01-24T20:00:00Z,7.221145
p02,2022-01-24T21:00:00Z,7.371521
p02,2022-01-24T22:00:00Z,7.501048
p02,2022-01-24T23:00:00Z,8.894683
p02,2022-01-25T00:00:00Z,8.484198
p02,2022-01-25T01:00:00Z,9.735274
p02,2022-01-25T02:00:00Z,10.983297
p02,2022-01-25T03:00:00Z,11.955722
p02,2022-01-25T04:00:00Z,11.509447
p02,2022-01-25T05:00:00Z,11.344687
p02,2022-01-25T06:00:00Z,10.676735
p02,2022-01-25T07:00:00Z,11.394872
p02,2022-01-25T08:00:00Z,10.987796
p02,2022-01-25T09:00:00Z,10.269774
p02,2022-01-25T10:00:00Z,9.170442
p02,2022-01-25T11:00:00Z,8.293490
p02,2022-01-25T12:00:00Z,7.299790
p02,2022-01-25T13:00:00Z,6.731292
p02,2022-01-25T14:00:00Z,6.327508
p02,2022-01-25T15:00:00Z,6.295249
p02,2022-01-25T16:00:00Z,6.018939
p02,2022-01-25T17:00:00Z,5.561190
p02,2022-01-25T18:00:00Z,5.988101
p02,2022-01-25T19:00:00Z,5.682640
p02,2022-01-25T20:00:00Z,6.661745
p02,2022-01-25T21:00:00Z,6.489602
p02,2022-01-25T22:00:00Z,7.748669
p02,2022-01-25T23:00:00Z,9.277293
p02,2022-01-26T00:00:00Z,9.513416
p02,2022-01-26T01:00:00Z,10.184963
p02,2022-01-26T02:00:00Z,10.646443
p02,2022-01-26T03:00:00Z,11.751916
p02,2022-01-26T04:00:00Z,11.584952
p02,2022-01-26T05:00:00Z,11.260603
p02,2022-01-26T06:00:00Z,11.566295
p02,2022-01-26T07:00:00Z,11.046627
p02,2022-01-26T08:00:00Z,10.761337
p02,2022-01-26T09:00:00Z,10.359406
p02,2022-01-26T10:00:00Z,9.527526
p02,2022-01-26T11:00:00Z,9.180367
p02,2022-01-26T12:00:00Z,7.583754
p02,2022-01-26T13:00:00Z,6.569988
p02,2022-01-26T14:00:00Z,6.928630
p02,2022-01-26T15:00:00Z,6.202867
p02,2022-01-26T16:00:00Z,5.602349
p02,2022-01-26T17:00:00Z,5.166040
p02,2022-01-26T18:00:00Z,5.724868
p02,2022-01-26T19:00:00Z,5.842964
p02,2022-01-26T20:00:00Z,6.978410
p02,2022-01-26T21:00:00Z,6.631227
p02,2022-01-26T22:00:00Z,7.498052
p02,2022-01-26T23:00:00Z,7.243371
p02,2022-01-27T00:00:00Z,9.966436
p02,2022-01-27T01:00:00Z,10.872833
p02,2022-01-27T02:00:00Z,11.012422
p02,2022-01-27T03:00:00Z,11.240616
p02,2022-01-27T04:00:00Z,11.481976
p02,2022-01-27T05:00:00Z,11.801720
p02,2022-01-27T06:00:00Z,11.288949
p02,2022-01-27T07:00:00Z,11.018355
p02,2022-01-27T08:00:00Z,11.031512
p02,2022-01-27T09:00:00Z,9.687449
p02,2022-01-27T10:00:00Z,8.845087
p02,2022-01-27T11:00:00Z,8.276668
p02,2022-01-27T12:00:00Z,8.344384
p02,2022-01-27T13:00:00Z,7.315634
p02,2022-01-27T14:00:00Z,6.336219
p02,2022-01-27T15:00:00Z,6.391426
p02,2022-01-27T16:00:00Z,6.490422
p02,2022-01-27T17:00:00Z,5.623892
p02,2022-01-27T18:00:00Z,6.102774
p02,2022-01-27T19:00:00Z,5.746482
p02,2022-01-27T20:00:00Z,6.246419
p02,2022-01-27T21:00:00Z,8.016709
p02,2022-01-27T22:00:00Z,7.659150
p02,2022-01-27T23:00:00Z,8.496560
p02,2022-01-28T00:00:00Z,9.372004
p02,2022-01-28T01:00:00Z,10.475034
p02,2022-01-28T02:00:00Z,10.898764
p02,2022-01-28T03:00:00Z,11.571516
p02,2022-01-28T04:00:00Z,11.545248
p02,2022-01-28T05:00:00Z,11.432253
p02,2022-01-28T06:00:00Z,12.059538
p02,2022-01-28T07:00:00Z,11.085336
p02,2022-01-28T08:00:00Z,10.721985
p02,2022-01-28T09:00:00Z,9.606135
p02,2022-01-28T10:00:00Z,9.722797
p02,2022-01-28T11:00:00Z,8.881738
p02,2022-01-28T12:00:00Z,7.035239
p02,2022-01-28T13:00:00Z,7.220930
p02,2022-01-28T14:00:00Z,5.807376
p02,2022-01-28T15:00:00Z,6.617095
p02,2022-01-28T16:00:00Z,5.581973
p02,2022-01-28T17:00:00Z,6.010623
p02,2022-01-28T18:00:00Z,5.754355
p02,2022-01-28T19:00:00Z,6.487121
p02,2022-01-28T20:00:00Z,5.863237
p02,2022-01-28T21:00:00Z,7.354226
p02,2022-01-28T22:00:00Z,8.539250
p02,2022-01-28T23:00:00Z,9.465872
p02,2022-01-29T00:00:00Z,9.169949
p02,2022-01-29T01:00:00Z,10.437151
p02,2022-01-29T02:00:00Z,11.470183
p02,2022-01-29T03:00:00Z,11.431235
p02,2022-01-29T04:00:00Z,11.784195
p02,2022-01-29T05:00:00Z,11.757054
p02,2022-01-29T06:00:00Z,12.392609
p02,2022-01-29T07:00:00Z,11.943996
p02,2022-01-29T08:00:00Z,10.816155
p02,2022-01-29T09:00:00Z,10.083034
p02,2022-01-29T10:00:00Z,9.701906
p02,2022-01-29T11:00:00Z,8.048771
p02,2022-01-29T12:00:00Z,8.379765
p02,2022-01-29T13:00:00Z,8.248321
p02,2022-01-29T14:00:00Z,6.559559
p02,2022-01-29T15:00:00Z,5.676492
p02,2022-01-29T16:00:00Z,4.812421
p02,2022-01-29T17:00:00Z,5.318579
p02,2022-01-29T18:00:00Z,5.506287
p02,2022-01-29T19:00:00Z,6.124706
p02,2022-01-29T20:00:00Z,6.873572
p02,2022-01-29T21:00:00Z,6.806660
p02,2022-01-29T22:00:00Z,7.642395
p02,2022-01-29T23:00:00Z,7.991433
p02,2022-01-30T00:00:00Z,10.163333
p02,2022-01-30T01:00:00Z,10.743899
p02,2022-01-30T02:00:00Z,10.654311
p02,2022-01-30T03:00:00Z,10.867075
p02,2022-01-30T04:00:00Z,11.721767
p02,2022-01-30T05:00:00Z,11.379848
p02,2022-01-30T06:00:00Z,12.136562
p02,2022-01-30T07:00:00Z,10.965626
p02,2022-01-30T08:00:00Z,10.369688
p02,2022-01-30T09:00:00Z,10.808842
p02,2022-01-30T10:00:00Z,9.999049
p02,2022-01-30T11:00:00Z,8.604977
p02,2022-01-30T12:00:00Z,6.860075
p02,2022-01-30T13:00:00Z,7.150484
p02,2022-01-30T14:00:00Z,7.188814
p02,2022-01-30T15:00:00Z,6.378860
p02,2022-01-30T16:00:00Z,5.772976
p02,2022-01-30T17:00:00Z,6.886814
p02,2022-01-30T18:00:00Z,6.320481
p02,2022-01-30T19:00:00Z,5.909948
p02,2022-01-30T20:00:00Z,6.858831
p02,2022-01-30T21:00:00Z,7.345457
p02,2022-01-30T22:00:00Z,7.986739
p02,2022-01-30T23:00:00Z,9.522303
p02,2022-01-31T00:00:00Z,10.310470
p02,2022-01-31T01:00:00Z,10.895022
p02,2022-01-31T02:00:00Z,11.295917
p02,2022-01-31T03:00:00Z,11.367093
p02,2022-01-31T04:00:00Z,11.414696
p02,2022-01-31T05:00:00Z,11.750092
p02,2022-01-31T06:00:00Z,10.964812
p02,2022-01-31T07:00:00Z,11.960050
p02,2022-01-31T08:00:00Z,11.702276
p02,2022-01-31T09:00:00Z,11.205462
p02,2022-01-31T10:00:00Z,10.130734
p02,2022-01-31T11:00:00Z,9.162043
p02,2022-01-31T12:00:00Z,8.281130
p02,2022-01-31T13:00:00Z,7.191978
p02,2022-01-31T14:00:00Z,6.739929
p02,2022-01-31T15:00:00Z,5.467259
p02,2022-01-31T16:00:00Z,6.535725
p02,2022-01-31T17:00:00Z,6.172901
p02,2022-01-31T18:00:00Z,5.385738
p02,2022-01-31T19:00:00Z,5.871424
p02,2022-01-31T20:00:00Z,6.817251
p02,2022-01-31T21:00:00Z,7.109176
p02,2022-01-31T22:00:00Z,7.767704
p02,2022-01-31T23:00:00Z,8.535905
p02,2022-02-01T00:00:00Z,9.079935
p02,2022-02-01T01:00:00Z,10.889910
p02,2022-02-01T02:00:00Z,11.218534
p02,2022-02-01T03:00:00Z,11.212883
p02,2022-02-01T04:00:00Z,11.168943
p02,2022-02-01T05:00:00Z,12.712625
p02,2022-02-01T06:00:00Z,12.697627
p02,2022-02-01T07:00:00Z,11.752252
p02,2022-02-01T08:00:00Z,10.741267
p02,2022-02-01T09:00:00Z,10.950417
p02,2022-02-01T10:00:00Z,9.983714
p02,2022-02-01T11:00:00Z,9.402311
p02,2022-02-01T12:00:00Z,7.917800
p02,2022-02-01T13:00:00Z,7.056618
p02,2022-02-01T14:00:00Z,6.617407
p02,2022-02-01T15:00:00Z,6.339230
p02,2022-02-01T16:00:00Z,6.228882
p02,2022-02-01T17:00:00Z,6.238699
p02,2022-02-01T18:00:00Z,6.959696
p02,2022-02-01T19:00:00Z,7.013961
p02,2022-02-01T20:00:00Z,6.666130
p02,2022-02-01T21:00:00Z,6.825189
p02,2022-02-01T22:00:00Z,8.886120
p02,2022-02-01T23:00:00Z,8.068635
p02,2022-02-02T00:00:00Z,10.294601
p02,2022-02-02T01:00:00Z,10.853621
p02,2022-02-02T02:00:00Z,11.320430
p02,2022-02-02T03:00:00Z,10.801950
p02,2022-02-02T04:00:00Z,11.563787
p02,2022-02-02T05:00:00Z,12.060401
p02,2022-02-02T06:00:00Z,11.387950
p02,2022-02-02T07:00:00Z,11.812790
p02,2022-02-02T08:00:00Z,11.608829
p02,2022-02-02T09:00:00Z,10.132502
p02,2022-02-02T10:00:00Z,9.243322
p02,2022-02-02T11:00:00Z,8.606880
p02,2022-02-02T12:00:00Z,8.170661
p02,2022-02-02T13:00:00Z,8.583638
p02,2022-02-02T14:00:00Z,6.442216
p02,2022-02-02T15:00:00Z,6.278801
p02,2022-02-02T16:00:00Z,6.005070
p02,2022-02-02T17:00:00Z,6.284920
p02,2022-02-02T18:00:00Z,6.866654
p02,2022-02-02T19:00:00Z,6.392581
p02,2022-02-02T20:00:00Z,7.494803
p02,2022-02-02T21:00:00Z,7.491336
p02,2022-02-02T22:00:00Z,8.371592
p02,2022-02-02T23:00:00Z,8.949346
p02,2022-02-03T00:00:00Z,9.060398
p02,2022-02-03T01:00:00Z,10.676800
p02,2022-02-03T02:00:00Z,11.404909
p02,2022-02-03T03:00:00Z,11.542020
p02,2022-02-03T04:00:00Z,13.331072
p02,2022-02-03T05:00:00Z,11.719273
p02,2022-02-03T06:00:00Z,11.979132
p02,2022-02-03T07:00:00Z,11.967302
p02,2022-02-03T08:00:00Z,10.627807
p02,2022-02-03T09:00:00Z,10.162422
p02,2022-02-03T10:00:00Z,10.261541
p02,2022-02-03T11:00:00Z,9.107782
p02,2022-02-03T12:00:00Z,7.756514
p02,2022-02-03T13:00:00Z,7.026012
p02,2022-02-03T14:00:00Z,7.488699
p02,2022-02-03T15:00:00Z,5.474381
p02,2022-02-03T16:00:00Z,7.274448
p02,2022-02-03T17:00:00Z,5.885466
p02,2022-02-03T18:00:00Z,5.226195
p02,2022-02-03T19:00:00Z,7.283453
p02,2022-02-03T20:00:00Z,6.201803
p02,2022-02-03T21:00:00Z,8.408018
p02,2022-02-03T22:00:00Z,9.185999
p02,2022-02-03T23:00:00Z,9.502415
p02,2022-02-04T00:00:00Z,10.843773
p02,2022-02-04T01:00:00Z,10.290098
p02,2022-02-04T02:00:00Z,11.012907
p02,2022-02-04T03:00:00Z,11.585075
p02,2022-02-04T04:00:00Z,11.375614
p02,2022-02-04T05:00:00Z,11.733219
p02,2022-02-04T06:00:00Z,12.167171
p02,2022-02-04T07:00:00Z,12.236993
p02,2022-02-04T08:00:00Z,11.147853
p02,2022-02-04T09:00:00Z,10.393049
p02,2022-02-04T10:00:00Z,11.277608
p02,2022-02-04T11:00:00Z,8.336838
p02,2022-02-04T12:00:00Z,7.579658
p02,2022-02-04T13:00:00Z,8.532118
p02,2022-02-04T14:00:00Z,7.081578
p02,2022-02-04T15:00:00Z,5.965718
p02,2022-02-04T16:00:00Z,6.282000
p02,2022-02-04T17:00:00Z,5.904009
p02,2022-02-04T18:00:00Z,6.144377
p02,2022-02-04T19:00:00Z,6.431273
p02,2022-02-04T20:00:00Z,7.053795
p02,2022-02-04T21:00:00Z,8.042083
p02,2022-02-04T22:00:00Z,8.958058
p02,2022-02-04T23:00:00Z,9.732659
p02,2022-02-05T00:00:00Z,10.541038
p02,2022-02-05T01:00:00Z,10.846220
p02,2022-02-05T02:00:00Z,11.193855
p02,2022-02-05T03:00:00Z,12.269921
p02,2022-02-05T04:00:00Z,12.133208
p02,2022-02-05T05:00:00Z,12.253245
p02,2022-02-05T06:00:00Z,12.765738
p02,2022-02-05T07:00:00Z,11.573362
p02,2022-02-05T08:00:00Z,11.540942
p02,2022-02-05T09:00:00Z,10.375499
p02,2022-02-05T10:00:00Z,10.017465
p02,2022-02-05T11:00:00Z,9.226687
p02,2022-02-05T12:00:00Z,8.525021
p02,2022-02-05T13:00:00Z,8.653062
p02,2022-02-05T14:00:00Z,7.586638
p02,2022-02-05T15:00:00Z,7.022937
p02,2022-02-05T16:00:00Z,6.031302
p02,2022-02-05T17:00:00Z,5.529854
p02,2022-02-05T18:00:00Z,5.745811
p02,2022-02-05T19:00:00Z,7.135388
p02,2022-02-05T20:00:00Z,7.604102
p02,2022-02-05T21:00:00Z,6.654604
p02,2022-02-05T22:00:00Z,8.404248
p02,2022-02-05T23:00:00Z,9.568028
p02,2022-02-06T00:00:00Z,9.786999
p02,2022-02-06T01:00:00Z,11.108212
p02,2022-02-06T02:00:00Z,11.818724
p02,2022-02-06T03:00:00Z,11.804088
p02,2022-02-06T04:00:00Z,13.428050
p02,2022-02-06T05:00:00Z,13.442092
p02,2022-02-06T06:00:00Z,12.094902
p02,2022-02-06T07:00:00Z,12.302378
p02,2022-02-06T08:00:00Z,10.563137
p02,2022-02-06T09:00:00Z,11.128860
p02,2022-02-06T10:00:00Z,9.685442
p02,2022-02-06T11:00:00Z,9.660113
p02,2022-02-06T12:00:00Z,8.540908
p02,2022-02-06T13:00:00Z,7.536563
p02,2022-02-06T14:00:00Z,7.172169
p02,2022-02-06T15:00:00Z,6.961032
p02,2022-02-06T16:00:00Z,6.919191
p02,2022-02-06T17:00:00Z,5.788054
p02,2022-02-06T18:00:00Z,5.913340
p02,2022-02-06T19:00:00Z,7.313789
p02,2022-02-06T20:00:00Z,6.554794
p02,2022-02-06T21:00:00Z,8.561461
p02,2022-02-06T22:00:00Z,8.534616
p02,2022-02-06T23:00:00Z,8.800229
p02,2022-02-07T00:00:00Z,11.548757
p02,2022-02-07T01:00:00Z,11.323580
p02,2022-02-07T02:00:00Z,11.962084
p02,2022-02-07T03:00:00Z,12.619803
p02,2022-02-07T04:00:00Z,11.583025
p02,2022-02-07T05:00:00Z,12.211397
p02,2022-02-07T06:00:00Z,12.406408
p02,2022-02-07T07:00:00Z,12.245823
p02,2022-02-07T08:00:00Z,12.155497
p02,2022-02-07T09:00:00Z,10.872578
p02,2022-02-07T10:00:00Z,11.763545
p02,2022-02-07T11:00:00Z,9.671105
p02,2022-02-07T12:00:00Z,8.225811
p02,2022-02-07T13:00:00Z,7.824474
p02,2022-02-07T14:00:00Z,6.791177
p02,2022-02-07T15:00:00Z,6.698477
p02,2022-02-07T16:00:00Z,6.038136
p02,2022-02-07T17:00:00Z,6.294137
p02,2022-02-07T18:00:00Z,6.789842
p02,2022-02-07T19:00:00Z,6.813691
p02,2022-02-07T20:00:00Z,6.896882
p02,2022-02-07T21:00:00Z,6.935699
p02,2022-02-07T22:00:00Z,8.510732
p02,2022-02-07T23:00:00Z,8.977796
p02,2022-02-08T00:00:00Z,9.999406
p02,2022-02-08T01:00:00Z,11.455019
p02,2022-02-08T02:00:00Z,11.421336
p02,2022-02-08T03:00:00Z,12.038905
p02,2022-02-08T04:00:00Z,12.505026
p02,2022-02-08T05:00:00Z,11.635464
p02,2022-02-08T06:00:00Z,12.627840
p02,2022-02-08T07:00:00Z,11.844774
p02,2022-02-08T08:00:00Z,11.590576
p02,2022-02-08T09:00:00Z,11.193143
p02,2022-02-08T10:00:00Z,11.121717
p02,2022-02-08T11:00:00Z,10.210869
p02,2022-02-08T12:00:00Z,8.334232
p02,2022-02-08T13:00:00Z,8.160260
p02,2022-02-08T14:00:00Z,7.453406
p02,2022-02-08T15:00:00Z,6.955733
p02,2022-02-08T16:00:00Z,6.483502
p02,2022-02-08T17:00:00Z,6.422810
p02,2022-02-08T18:00:00Z,6.663064
p02,2022-02-08T19:00:00Z,6.797323
p02,2022-02-08T20:00:00Z,7.513999
p02,2022-02-08T21:00:00Z,8.117527
p02,2022-02-08T22:00:00Z,8.856005
p02,2022-02-08T23:00:00Z,9.556188
p02,2022-02-09T00:00:00Z,10.824382
p02,2022-02-09T01:00:00Z,10.168135
p02,2022-02-09T02:00:00Z,11.008888
p02,2022-02-09T03:00:00Z,12.260948
p02,2022-02-09T04:00:00Z,12.236924
p02,2022-02-09T05:00:00Z,12.324658
p02,2022-02-09T06:00:00Z,11.270456
p02,2022-02-09T07:00:00Z,12.722795
p02,2022-02-09T08:00:00Z,12.754958
p02,2022-02-09T09:00:00Z,11.305376
p02,2022-02-09T10:00:00Z,10.252858
p02,2022-02-09T11:00:00Z,9.609652
p02,2022-02-09T12:00:00Z,10.090267
p02,2022-02-09T13:00:00Z,7.853489
p02,2022-02-09T14:00:00Z,7.455790
p02,2022-02-09T15:00:00Z,6.704618
p02,2022-02-09T16:00:00Z,6.695188
p02,2022-02-09T17:00:00Z,6.110715
p02,2022-02-09T18:00:00Z,6.079510
p02,2022-02-09T19:00:00Z,7.438355
p02,2022-02-09T20:00:00Z,7.657955
p02,2022-02-09T21:00:00Z,8.071099
p02,2022-02-09T22:00:00Z,8.455435
p02,2022-02-09T23:00:00Z,9.639656
p02,2022-02-10T00:00:00Z,10.623899
p02,2022-02-10T01:00:00Z,11.588988
p02,2022-02-10T02:00:00Z,11.527843
p02,2022-02-10T03:00:00Z,12.193364
p02,2022-02-10T04:00:00Z,11.580365
p02,2022-02-10T05:00:00Z,12.254571
p02,2022-02-10T06:00:00Z,12.124025
p02,2022-02-10T07:00:00Z,12.359752
p02,2022-02-10T08:00:00Z,11.869874
p02,2022-02-10T09:00:00Z,10.360100
p02,2022-02-10T10:00:00Z,10.551243
p02,2022-02-10T11:00:00Z,9.454142
p02,2022-02-10T12:00:00Z,8.798985
p02,2022-02-10T13:00:00Z,8.214897
p02,2022-02-10T14:00:00Z,7.078011
p02,2022-02-10T15:00:00Z,6.920474
p02,2022-02-10T16:00:00Z,5.685900
p02,2022-02-10T17:00:00Z,6.269442
p02,2022-02-10T18:00:00Z,6.506465
p02,2022-02-10T19:00:00Z,7.264202
p02,2022-02-10T20:00:00Z,6.817436
p02,2022-02-10T21:00:00Z,7.963911
p02,2022-02-10T22:00:00Z,9.074026
p02,2022-02-10T23:00:00Z,8.958523
p02,2022-02-11T00:00:00Z,9.790057
p02,2022-02-11T01:00:00Z,11.030433
p02,2022-02-11T02:00:00Z,11.024870
p02,2022-02-11T03:00:00Z,11.988747
p02,2022-02-11T04:00:00Z,12.667019
p02,2022-02-11T05:00:00Z,12.782075
p02,2022-02-11T06:00:00Z,12.571574
p02,2022-02-11T07:00:00Z,11.817685
p02,2022-02-11T08:00:00Z,11.740162
p02,2022-02-11T09:00:00Z,11.132396
p02,2022-02-11T10:00:00Z,10.404217
p02,2022-02-11T11:00:00Z,9.951525
p02,2022-02-11T12:00:00Z,8.591442
p02,2022-02-11T13:00:00Z,7.967531
p02,2022-02-11T14:00:00Z,7.271749
p02,2022-02-11T15:00:00Z,7.555382
p02,2022-02-11T16:00:00Z,6.302649
p02,2022-02-11T17:00:00Z,7.270020
p02,2022-02-11T18:00:00Z,7.034551
p02,2022-02-11T19:00:00Z,7.532410
p02,2022-02-11T20:00:00Z,7.399489
p02,2022-02-11T21:00:00Z,7.238130
p02,2022-02-11T22:00:00Z,8.635735
p02,2022-02-11T23:00:00Z,10.072727
p02,2022-02-12T00:00:00Z,10.021458
p02,2022-02-12T01:00:00Z,10.639634
p02,2022-02-12T02:00:00Z,11.613898
p02,2022-02-12T03:00:00Z,12.126831
p02,2022-02-12T04:00:00Z,13.033445
p02,2022-02-12T05:00:00Z,12.138778
p02,2022-02-12T06:00:00Z,12.215630
p02,2022-02-12T07:00:00Z,12.188770
p02,2022-02-12T08:00:00Z,11.830112
p02,2022-02-12T09:00:00Z,10.374143
p02,2022-02-12T10:00:00Z,9.901178
p02,2022-02-12T11:00:00Z,10.022099
p02,2022-02-12T12:00:00Z,9.780552
p02,2022-02-12T13:00:00Z,8.296640
p02,2022-02-12T14:00:00Z,7.724900
p02,2022-02-12T15:00:00Z,7.920183
p02,2022-02-12T16:00:00Z,7.651529
p02,2022-02-12T17:00:00Z,6.147392
p02,2022-02-12T18:00:00Z,6.506116
p02,2022-02-12T19:00:00Z,7.069478
p02,2022-02-12T20:00:00Z,8.046045
p02,2022-02-12T21:00:00Z,8.768210
p02,2022-02-12T22:00:00Z,9.024260
p02,2022-02-12T23:00:00Z,9.820027
p02,2022-02-13T00:00:00Z,10.315587
p02,2022-02-13T01:00:00Z,9.820270
p02,2022-02-13T02:00:00Z,11.136741
p02,2022-02-13T03:00:00Z,12.731797
p02,2022-02-13T04:00:00Z,11.774949
p02,2022-02-13T05:00:00Z,12.773338
p02,2022-02-13T06:00:00Z,13.249470
p02,2022-02-13T07:00:00Z,12.337629
p02,2022-02-13T08:00:00Z,12.407500
p02,2022-02-13T09:00:00Z,11.199415
p02,2022-02-13T10:00:00Z,10.377262
p02,2022-02-13T11:00:00Z,9.560454
p02,2022-02-13T12:00:00Z,9.176669
p02,2022-02-13T13:00:00Z,8.026409
p02,2022-02-13T14:00:00Z,6.864520
p02,2022-02-13T15:00:00Z,7.168912
p02,2022-02-13T16:00:00Z,6.491658
p02,2022-02-13T17:00:00Z,7.277137
p02,2022-02-13T18:00:00Z,5.682065
p02,2022-02-13T19:00:00Z,7.435680
p02,2022-02-13T20:00:00Z,8.551738
p02,2022-02-13T21:00:00Z,7.967426
p02,2022-02-13T22:00:00Z,8.775611
p02,2022-02-13T23:00:00Z,9.765496
p02,2022-02-14T00:00:00Z,10.667097
p02,2022-02-14T01:00:00Z,10.030162
p02,2022-02-14T02:00:00Z,11.530039
p02,2022-02-14T03:00:00Z,11.437407
p02,2022-02-14T04:00:00Z,12.108831
p02,2022-02-14T05:00:00Z,13.594310
p02,2022-02-14T06:00:00Z,12.801926
p02,2022-02-14T07:00:00Z,12.267190
p02,2022-02-14T08:00:00Z,12.558477
p02,2022-02-14T09:00:00Z,11.134499
p02,2022-02-14T10:00:00Z,10.054053
p02,2022-02-14T11:00:00Z,8.686363
p02,2022-02-14T12:00:00Z,8.890101
p02,2022-02-14T13:00:00Z,8.196856
p02,2022-02-14T14:00:00Z,6.847478
p02,2022-02-14T15:00:00Z,7.170182
p02,2022-02-14T16:00:00Z,6.923927
p02,2022-02-14T17:00:00Z,7.131614
p02,2022-02-14T18:00:00Z,6.528272
p02,2022-02-14T19:00:00Z,8.004842
p02,2022-02-14T20:00:00Z,8.242614
p02,2022-02-14T21:00:00Z,8.012686
p02,2022-02-14T22:00:00Z,8.625109
p02,2022-02-14T23:00:00Z,10.038788
p02,2022-02-15T00:00:00Z,10.093727
p02,2022-02-15T01:00:00Z,11.189431
p02,2022-02-15T02:00:00Z,11.670298
p02,2022-02-15T03:00:00Z,11.915627
p02,2022-02-15T04:00:00Z,12.567206
p02,2022-02-15T05:00:00Z,12.391836
p02,2022-02-15T06:00:00Z,12.646160
p02,2022-02-15T07:00:00Z,12.357265
p02,2022-02-15T08:00:00Z,12.325063
p02,2022-02-15T09:00:00Z,10.350308
p02,2022-02-15T10:00:00Z,11.258943
p02,2022-02-15T11:00:00Z,9.735520
p02,2022-02-15T12:00:00Z,9.274063
p02,2022-02-15T13:00:00Z,8.119897
p02,2022-02-15T14:00:00Z,7.440297
p02,2022-02-15T15:00:00Z,7.150453
p02,2022-02-15T16:00:00Z,7.622767
p02,2022-02-15T17:00:00Z,6.837780
p02,2022-02-15T18:00:00Z,6.951997
p02,2022-02-15T19:00:00Z,6.854575
p02,2022-02-15T20:00:00Z,7.777062
p02,2022-02-15T21:00:00Z,8.083964
p02,2022-02-15T22:00:00Z,8.148173
p02,2022-02-15T23:00:00Z,9.633647
p02,2022-02-16T00:00:00Z,10.791069
p02,2022-02-16T01:00:00Z,11.033687
p02,2022-02-16T02:00:00Z,11.894911
p02,2022-02-16T03:00:00Z,11.692305
p02,2022-02-16T04:00:00Z,12.918661
p02,2022-02-16T05:00:00Z,12.978446
p02,2022-02-16T06:00:00Z,13.100416
p02,2022-02-16T07:00:00Z,12.263580
p02,2022-02-16T08:00:00Z,11.813510
p02,2022-02-16T09:00:00Z,10.955241
p02,2022-02-16T10:00:00Z,10.066707
p02,2022-02-16T11:00:00Z,9.283552
p02,2022-02-16T12:00:00Z,8.645245
p02,2022-02-16T13:00:00Z,7.711839
p02,2022-02-16T14:00:00Z,8.379174
p02,2022-02-16T15:00:00Z,6.886493
p02,2022-02-16T16:00:00Z,6.468328
p02,2022-02-16T17:00:00Z,6.873231
p02,2022-02-16T18:00:00Z,7.005362
p02,2022-02-16T19:00:00Z,7.659151
p02,2022-02-16T20:00:00Z,9.007390
p02,2022-02-16T21:00:00Z,8.296129
p02,2022-02-16T22:00:00Z,8.475511
p02,2022-02-16T23:00:00Z,10.897190
p02,2022-02-17T00:00:00Z,10.674806
p02,2022-02-17T01:00:00Z,11.418550
p02,2022-02-17T02:00:00Z,11.283951
p02,2022-02-17T03:00:00Z,12.437538
p02,2022-02-17T04:00:00Z,13.752061
p02,2022-02-17T05:00:00Z,12.614605
p02,2022-02-17T06:00:00Z,12.926159
p02,2022-02-17T07:00:00Z,11.591496
p02,2022-02-17T08:00:00Z,12.132613
p02,2022-02-17T09:00:00Z,11.885189
p02,2022-02-17T10:00:00Z,10.967399
p02,2022-02-17T11:00:00Z,9.895353
p02,2022-02-17T12:00:00Z,8.631813
p02,2022-02-17T13:00:00Z,8.878910
p02,2022-02-17T14:00:00Z,7.724723
p02,2022-02-17T15:00:00Z,7.632127
p02,2022-02-17T16:00:00Z,6.467127
p02,2022-02-17T17:00:00Z,6.882512
p02,2022-02-17T18:00:00Z,6.576700
p02,2022-02-17T19:00:00Z,7.443095
p02,2022-02-17T20:00:00Z,7.766524
p02,2022-02-17T21:00:00Z,8.235942
p02,2022-02-17T22:00:00Z,9.652398
p02,2022-02-17T23:00:00Z,9.153929
p02,2022-02-18T00:00:00Z,11.038768
p02,2022-02-18T01:00:00Z,12.045591
p02,2022-02-18T02:00:00Z,12.523179
p02,2022-02-18T03:00:00Z,12.490905
p02,2022-02-18T04:00:00Z,12.758729
p02,2022-02-18T05:00:00Z,12.855535
p02,2022-02-18T06:00:00Z,11.868209
p02,2022-02-18T07:00:00Z,11.650029
p02,2022-02-18T08:00:00Z,11.659055
p02,2022-02-18T09:00:00Z,10.741230
p02,2022-02-18T10:00:00Z,10.739340
p02,2022-02-18T11:00:00Z,10.287563
p02,2022-02-18T12:00:00Z,7.803684
p02,2022-02-18T13:00:00Z,7.458273
p02,2022-02-18T14:00:00Z,7.986736
p02,2022-02-18T15:00:00Z,6.581113
p02,2022-02-18T16:00:00Z,6.537244
p02,2022-02-18T17:00:00Z,6.464629
p02,2022-02-18T18:00:00Z,6.043560
p02,2022-02-18T19:00:00Z,7.389945
p02,2022-02-18T20:00:00Z,7.610854
p02,2022-02-18T21:00:00Z,9.373926
p02,2022-02-18T22:00:00Z,9.817537
p02,2022-02-18T23:00:00Z,9.373143
p02,2022-02-19T00:00:00Z,10.321207
p02,2022-02-19T01:00:00Z,11.522072
p02,2022-02-19T02:00:00Z,10.425733
p02,2022-02-19T03:00:00Z,12.501507
p02,2022-02-19T04:00:00Z,12.679799
p02,2022-02-19T05:00:00Z,13.004428
p02,2022-02-19T06:00:00Z,12.698757
p02,2022-02-19T07:00:00Z,12.194395
p02,2022-02-19T08:00:00Z,11.985496
p02,2022-02-19T09:00:00Z,10.730721
p02,2022-02-19T10:00:00Z,11.089305
p02,2022-02-19T11:00:00Z,9.610059
p02,2022-02-19T12:00:00Z,9.783602
p02,2022-02-19T13:00:00Z,8.492312
p02,2022-02-19T14:00:00Z,8.092714
p02,2022-02-19T15:00:00Z,7.426819
p02,2022-02-19T16:00:00Z,6.669423
p02,2022-02-19T17:00:00Z,7.073266
p02,2022-02-19T18:00:00Z,6.685700
p02,2022-02-19T19:00:00Z,7.651460
p02,2022-02-19T20:00:00Z,7.064171
p02,2022-02-19T21:00:00Z,7.171053
p02,2022-02-19T22:00:00Z,9.036519
p02,2022-02-19T23:00:00Z,10.134393
p02,2022-02-20T00:00:00Z,9.926124
p02,2022-02-20T01:00:00Z,11.157324
p02,2022-02-20T02:00:00Z,12.681544
p02,2022-02-20T03:00:00Z,13.634868
p02,2022-02-20T04:00:00Z,12.354113
p02,2022-02-20T05:00:00Z,12.686526
p02,2022-02-20T06:00:00Z,12.779330
p02,2022-02-20T07:00:00Z,11.917575
p02,2022-02-20T08:00:00Z,11.410086
p02,2022-02-20T09:00:00Z,11.408688
p02,2022-02-20T10:00:00Z,10.953204
p02,2022-02-20T11:00:00Z,10.211473
p02,2022-02-20T12:00:00Z,9.225989
p02,2022-02-20T13:00:00Z,7.560939
p02,2022-02-20T14:00:00Z,7.342265
p02,2022-02-20T15:00:00Z,7.908777
p02,2022-02-20T16:00:00Z,7.641116
p02,2022-02-20T17:00:00Z,6.873456
p02,2022-02-20T18:00:00Z,6.983263
p02,2022-02-20T19:00:00Z,8.100484
p02,2022-02-20T20:00:00Z,7.594574
p02,2022-02-20T21:00:00Z,8.708747
p02,2022-02-20T22:00:00Z,8.171301
p02,2022-02-20T23:00:00Z,9.635371
p02,2022-02-21T00:00:00Z,10.755230
p02,2022-02-21T01:00:00Z,10.718587
p02,2022-02-21T02:00:00Z,11.217056
p02,2022-02-21T03:00:00Z,12.634751
p02,2022-02-21T04:00:00Z,12.911883
p02,2022-02-21T05:00:00Z,12.991434
p02,2022-02-21T06:00:00Z,12.976240
p02,2022-02-21T07:00:00Z,12.742784
p02,2022-02-21T08:00:00Z,11.668501
p02,2022-02-21T09:00:00Z,11.489980
p02,2022-02-21T10:00:00Z,11.022238
p02,2022-02-21T11:00:00Z,9.927399
p02,2022-02-21T12:00:00Z,8.996492
p02,2022-02-21T13:00:00Z,8.644270
p02,2022-02-21T14:00:00Z,7.410211
p02,2022-02-21T15:00:00Z,7.210160
p02,2022-02-21T16:00:00Z,7.344042
p02,2022-02-21T17:00:00Z,6.446428
p02,2022-02-21T18:00:00Z,7.370502
p02,2022-02-21T19:00:00Z,7.160965
p02,2022-02-21T20:00:00Z,7.713670
p02,2022-02-21T21:00:00Z,8.257588
p02,2022-02-21T22:00:00Z,9.107460
p02,2022-02-21T23:00:00Z,8.881293
p02,2022-02-22T00:00:00Z,10.901987
p02,2022-02-22T01:00:00Z,11.481118
p02,2022-02-22T02:00:00Z,11.512730
p02,2022-02-22T03:00:00Z,12.100913
p02,2022-02-22T04:00:00Z,13.533493
p02,2022-02-22T05:00:00Z,12.048638
p02,2022-02-22T06:00:00Z,12.618044
p02,2022-02-22T07:00:00Z,12.953456
p02,2022-02-22T08:00:00Z,11.696843
p02,2022-02-22T09:00:00Z,11.275281
p02,2022-02-22T10:00:00Z,11.267251
p02,2022-02-22T11:00:00Z,9.991027
p02,2022-02-22T12:00:00Z,9.415632
p02,2022-02-22T13:00:00Z,8.631291
p02,2022-02-22T14:00:00Z,7.729373
p02,2022-02-22T15:00:00Z,7.621974
p02,2022-02-22T16:00:00Z,7.384836
p02,2022-02-22T17:00:00Z,6.773350
p02,2022-02-22T18:00:00Z,6.568575
p02,2022-02-22T19:00:00Z,6.675560
p02,2022-02-22T20:00:00Z,8.782962
p02,2022-02-22T21:00:00Z,8.285527
p02,2022-02-22T22:00:00Z,9.557005
p02,2022-02-22T23:00:00Z,10.369846
p02,2022-02-23T00:00:00Z,11.196048
p02,2022-02-23T01:00:00Z,11.282129
p02,2022-02-23T02:00:00Z,11.261796
p02,2022-02-23T03:00:00Z,12.395426
p02,2022-02-23T04:00:00Z,12.899876
p02,2022-02-23T05:00:00Z,12.503254
p02,2022-02-23T06:00:00Z,13.463432
p02,2022-02-23T07:00:00Z,11.974455
p02,2022-02-23T08:00:00Z,11.429326
p02,2022-02-23T09:00:00Z,11.469978
p02,2022-02-23T10:00:00Z,9.811044
p02,2022-02-23T11:00:00Z,9.642966
p02,2022-02-23T12:00:00Z,8.824799
p02,2022-02-23T13:00:00Z,8.435242
p02,2022-02-23T14:00:00Z,8.289127
p02,2022-02-23T15:00:00Z,6.855022
p02,2022-02-23T16:00:00Z,6.886877
p02,2022-02-23T17:00:00Z,7.033478
p02,2022-02-23T18:00:00Z,7.564259
p02,2022-02-23T19:00:00Z,7.313053
p02,2022-02-23T20:00:00Z,8.204469
p02,2022-02-23T21:00:00Z,8.686066
p02,2022-02-23T22:00:00Z,8.297861
p02,2022-02-23T23:00:00Z,9.902893
p02,2022-02-24T00:00:00Z,10.153003
p02,2022-02-24T01:00:00Z,11.051648
p02,2022-02-24T02:00:00Z,12.374268
p02,2022-02-24T03:00:00Z,12.907433
p02,2022-02-24T04:00:00Z,12.244671
p02,2022-02-24T05:00:00Z,13.226804
p02,2022-02-24T06:00:00Z,12.740267
p02,2022-02-24T07:00:00Z,12.912798
p02,2022-02-24T08:00:00Z,11.543698
p02,2022-02-24T09:00:00Z,11.359020
p02,2022-02-24T10:00:00Z,9.670113
p02,2022-02-24T11:00:00Z,10.612139
p02,2022-02-24T12:00:00Z,8.999780
p02,2022-02-24T13:00:00Z,8.786106
p02,2022-02-24T14:00:00Z,7.436127
p02,2022-02-24T15:00:00Z,6.634921
p02,2022-02-24T16:00:00Z,6.246054
p02,2022-02-24T17:00:00Z,7.168826
p02,2022-02-24T18:00:00Z,6.764071
p02,2022-02-24T19:00:00Z,7.297979
p02,2022-02-24T20:00:00Z,7.439991
p02,2022-02-24T21:00:00Z,9.053418
p02,2022-02-24T22:00:00Z,9.081690
p02,2022-02-24T23:00:00Z,10.544705
p02,2022-02-25T00:00:00Z,11.307491
p02,2022-02-25T01:00:00Z,11.909902
p02,2022-02-25T02:00:00Z,11.272898
p02,2022-02-25T03:00:00Z,12.581867
p02,2022-02-25T04:00:00Z,12.754462
p02,2022-02-25T05:00:00Z,13.195823
p02,2022-02-25T06:00:00Z,13.283537
p02,2022-02-25T07:00:00Z,12.902242
p02,2022-02-25T08:00:00Z,11.960046
p02,2022-02-25T09:00:00Z,11.671603
p02,2022-02-25T10:00:00Z,11.217515
p02,2022-02-25T11:00:00Z,9.562249
p02,2022-02-25T12:00:00Z,9.172303
p02,2022-02-25T13:00:00Z,8.406594
p02,2022-02-25T14:00:00Z,7.577012
p02,2022-02-25T15:00:00Z,7.488999
p02,2022-02-25T16:00:00Z,7.303886
p02,2022-02-25T17:00:00Z,7.131619
p02,2022-02-25T18:00:00Z,7.565792
p02,2022-02-25T19:00:00Z,7.766813
p02,2022-02-25T20:00:00Z,7.849838
p02,2022-02-25T21:00:00Z,8.170522
p02,2022-02-25T22:00:00Z,9.246948
p02,2022-02-25T23:00:00Z,9.190614
p02,2022-02-26T00:00:00Z,10.372727
p02,2022-02-26T01:00:00Z,11.008453
p02,2022-02-26T02:00:00Z,12.887593
p02,2022-02-26T03:00:00Z,12.953400
p02,2022-02-26T04:00:00Z,13.171241
p02,2022-02-26T05:00:00Z,12.445165
p02,2022-02-26T06:00:00Z,13.225563
p02,2022-02-26T07:00:00Z,11.684105
p02,2022-02-26T08:00:00Z,11.363701
p02,2022-02-26T09:00:00Z,11.158361
p02,2022-02-26T10:00:00Z,10.870087
p02,2022-02-26T11:00:00Z,9.210635
p02,2022-02-26T12:00:00Z,8.828982
p02,2022-02-26T13:00:00Z,9.433037
p02,2022-02-26T14:00:00Z,7.764538
p02,2022-02-26T15:00:00Z,7.209253
p02,2022-02-26T16:00:00Z,6.863783
p02,2022-02-26T17:00:00Z,6.480813
p02,2022-02-26T18:00:00Z,7.736175
p02,2022-02-26T19:00:00Z,7.565368
p02,2022-02-26T20:00:00Z,6.977344
p02,2022-02-26T21:00:00Z,8.232237
p02,2022-02-26T22:00:00Z,9.776474
p02,2022-02-26T23:00:00Z,10.187159
p02,2022-02-27T00:00:00Z,10.710123
p02,2022-02-27T01:00:00Z,11.783153
p02,2022-02-27T02:00:00Z,12.085001
p02,2022-02-27T03:00:00Z,11.851987
p02,2022-02-27T04:00:00Z,13.398724
p02,2022-02-27T05:00:00Z,11.788820
p02,2022-02-27T06:00:00Z,13.419984
p02,2022-02-27T07:00:00Z,13.219602
p02,2022-02-27T08:00:00Z,11.941606
p02,2022-02-27T09:00:00Z,12.227083
p02,2022-02-27T10:00:00Z,10.441368
p02,2022-02-27T11:00:00Z,9.903600
p02,2022-02-27T12:00:00Z,8.789698
p02,2022-02-27T13:00:00Z,9.370867
p02,2022-02-27T14:00:00Z,7.822889
p02,2022-02-27T15:00:00Z,7.252961
p02,2022-02-27T16:00:00Z,7.322627
p02,2022-02-27T17:00:00Z,7.712225
p02,2022-02-27T18:00:00Z,7.230772
p02,2022-02-27T19:00:00Z,8.145800
p02,2022-02-27T20:00:00Z,8.209235
p02,2022-02-27T21:00:00Z,8.068080
p02,2022-02-27T22:00:00Z,9.114912
p02,2022-02-27T23:00:00Z,10.199798
p02,2022-02-28T00:00:00Z,11.030739
p02,2022-02-28T01:00:00Z,12.083954
p02,2022-02-28T02:00:00Z,11.644126
p02,2022-02-28T03:00:00Z,12.268202
p02,2022-02-28T04:00:00Z,12.550921
p02,2022-02-28T05:00:00Z,12.331456
p02,2022-02-28T06:00:00Z,12.751223
p02,2022-02-28T07:00:00Z,12.050209
p02,2022-02-28T08:00:00Z,11.685183
p02,2022-02-28T09:00:00Z,11.252610
p02,2022-02-28T10:00:00Z,10.804719
p02,2022-02-28T11:00:00Z,9.654196
p02,2022-02-28T12:00:00Z,8.578743
p02,2022-02-28T13:00:00Z,8.576148
p02,2022-02-28T14:00:00Z,7.666078
p02,2022-02-28T15:00:00Z,7.525261
p02,2022-02-28T16:00:00Z,7.190746
p02,2022-02-28T17:00:00Z,6.933917
p02,2022-02-28T18:00:00Z,8.304210
p02,2022-02-28T19:00:00Z,6.670921
p02,2022-02-28T20:00:00Z,7.851178
p02,2022-02-28T21:00:00Z,9.173488
p02,2022-02-28T22:00:00Z,9.347353
p02,2022-02-28T23:00:00Z,10.713711
p02,2022-03-01T00:00:00Z,10.704241
p02,2022-03-01T01:00:00Z,12.165283
p02,2022-03-01T02:00:00Z,12.055459
p02,2022-03-01T03:00:00Z,12.960971
p02,2022-03-01T04:00:00Z,13.134458
p02,2022-03-01T05:00:00Z,12.549412
p02,2022-03-01T06:00:00Z,13.887577
p02,2022-03-01T07:00:00Z,12.013313
p02,2022-03-01T08:00:00Z,13.061907
p02,2022-03-01T09:00:00Z,11.062296
p02,2022-03-01T10:00:00Z,10.113820
p02,2022-03-01T11:00:00Z,9.745156
p02,2022-03-01T12:00:00Z,9.720310
p02,2022-03-01T13:00:00Z,7.714613
p02,2022-03-01T14:00:00Z,7.860220
p02,2022-03-01T15:00:00Z,7.077629
p02,2022-03-01T16:00:00Z,7.155354
p02,2022-03-01T17:00:00Z,7.413392
p02,2022-03-01T18:00:00Z,7.189899
p02,2022-03-01T19:00:00Z,7.781033
p02,2022-03-01T20:00:00Z,8.351683
p02,2022-03-01T21:00:00Z,8.755585
p02,2022-03-01T22:00:00Z,9.387485
p02,2022-03-01T23:00:00Z,10.136364
p02,2022-03-02T00:00:00Z,10.907821
p02,2022-03-02T01:00:00Z,11.079338
p02,2022-03-02T02:00:00Z,12.116789
p02,2022-03-02T03:00:00Z,12.397064
p02,2022-03-02T04:00:00Z,13.192784
p02,2022-03-02T05:00:00Z,13.409163
p02,2022-03-02T06:00:00Z,12.341380
p02,2022-03-02T07:00:00Z,13.223899
p02,2022-03-02T08:00:00Z,12.678061
p02,2022-03-02T09:00:00Z,11.079445
p02,2022-03-02T10:00:00Z,10.987086
p02,2022-03-02T11:00:00Z,10.627956
p02,2022-03-02T12:00:00Z,8.101891
p02,2022-03-02T13:00:00Z,8.683988
p02,2022-03-02T14:00:00Z,8.301779
p02,2022-03-02T15:00:00Z,7.783599
p02,2022-03-02T16:00:00Z,7.082795
p02,2022-03-02T17:00:00Z,6.989720
p02,2022-03-02T18:00:00Z,6.973046
p02,2022-03-02T19:00:00Z,6.938773
p02,2022-03-02T20:00:00Z,8.389694
p02,2022-03-02T21:00:00Z,9.086310
p02,2022-03-02T22:00:00Z,9.191517
p02,2022-03-02T23:00:00Z,10.977632
p02,2022-03-03T00:00:00Z,10.936292
p02,2022-03-03T01:00:00Z,11.537790
p02,2022-03-03T02:00:00Z,13.049725
p02,2022-03-03T03:00:00Z,13.176747
p02,2022-03-03T04:00:00Z,11.909975
p02,2022-03-03T05:00:00Z,13.080120
p02,2022-03-03T06:00:00Z,12.674909
p02,2022-03-03T07:00:00Z,13.539270
p02,2022-03-03T08:00:00Z,13.129643
p02,2022-03-03T09:00:00Z,10.921449
p02,2022-03-03T10:00:00Z,10.525848
p02,2022-03-03T11:00:00Z,10.599686
p02,2022-03-03T12:00:00Z,9.247608
p02,2022-03-03T13:00:00Z,9.038680
p02,2022-03-03T14:00:00Z,7.482788
p02,2022-03-03T15:00:00Z,6.655236
p02,2022-03-03T16:00:00Z,8.362161
p02,2022-03-03T17:00:00Z,6.373397
p02,2022-03-03T18:00:00Z,6.648916
p02,2022-03-03T19:00:00Z,6.781948
p02,2022-03-03T20:00:00Z,8.196475
p02,2022-03-03T21:00:00Z,8.021620
p02,2022-03-03T22:00:00Z,10.072726
p02,2022-03-03T23:00:00Z,10.574845
p02,2022-03-04T00:00:00Z,11.093127
p02,2022-03-04T01:00:00Z,10.872997
p02,2022-03-04T02:00:00Z,12.146863
p02,2022-03-04T03:00:00Z,12.675881
p02,2022-03-04T04:00:00Z,12.933176
p02,2022-03-04T05:00:00Z,13.513719
p02,2022-03-04T06:00:00Z,12.987960
p02,2022-03-04T07:00:00Z,13.049631
p02,2022-03-04T08:00:00Z,12.679601
p02,2022-03-04T09:00:00Z,11.447758
p02,2022-03-04T10:00:00Z,11.323974
p02,2022-03-04T11:00:00Z,9.768863
p02,2022-03-04T12:00:00Z,8.599311
p02,2022-03-04T13:00:00Z,8.911461
p02,2022-03-04T14:00:00Z,8.265763
p02,2022-03-04T15:00:00Z,6.970844
p02,2022-03-04T16:00:00Z,7.245013
p02,2022-03-04T17:00:00Z,8.301836
p02,2022-03-04T18:00:00Z,6.954117
p02,2022-03-04T19:00:00Z,8.132548
p02,2022-03-04T20:00:00Z,7.774850
p02,2022-03-04T21:00:00Z,7.936525
p02,2022-03-04T22:00:00Z,9.272233
p02,2022-03-04T23:00:00Z,10.113717
p02,2022-03-05T00:00:00Z,10.888698
p02,2022-03-05T01:00:00Z,10.560801
p02,2022-03-05T02:00:00Z,12.288425
p02,2022-03-05T03:00:00Z,13.020578
p02,2022-03-05T04:00:00Z,12.761516
p02,2022-03-05T05:00:00Z,15.246419
p02,2022-03-05T06:00:00Z,12.490921
p02,2022-03-05T07:00:00Z,11.795311
p02,2022-03-05T08:00:00Z,11.845577
p02,2022-03-05T09:00:00Z,11.175364
p02,2022-03-05T10:00:00Z,11.083081
p02,2022-03-05T11:00:00Z,11.136009
p02,2022-03-05T12:00:00Z,9.655908
p02,2022-03-05T13:00:00Z,7.732693
p02,2022-03-05T14:00:00Z,7.938329
p02,2022-03-05T15:00:00Z,7.646651
p02,2022-03-05T16:00:00Z,7.293341
p02,2022-03-05T17:00:00Z,7.072545
p02,2022-03-05T18:00:00Z,6.968639
p02,2022-03-05T19:00:00Z,7.646653
p02,2022-03-05T20:00:00Z,7.648877
p02,2022-03-05T21:00:00Z,8.748304
p02,2022-03-05T22:00:00Z,8.732397
p02,2022-03-05T23:00:00Z,10.277744
p02,2022-03-06T00:00:00Z,11.143723
p02,2022-03-06T01:00:00Z,11.419162
p02,2022-03-06T02:00:00Z,11.605369
p02,2022-03-06T03:00:00Z,11.446245
p02,2022-03-06T04:00:00Z,12.129479
p02,2022-03-06T05:00:00Z,13.289010
p02,2022-03-06T06:00:00Z,12.748927
p02,2022-03-06T07:00:00Z,13.184457
p02,2022-03-06T08:00:00Z,12.580294
p02,2022-03-06T09:00:00Z,11.133242
p02,2022-03-06T10:00:00Z,11.063628
p02,2022-03-06T11:00:00Z,9.349527
p02,2022-03-06T12:00:00Z,9.109808
p02,2022-03-06T13:00:00Z,9.368359
p02,2022-03-06T14:00:00Z,7.604681
p02,2022-03-06T15:00:00Z,7.680344
p02,2022-03-06T16:00:00Z,6.717967
p02,2022-03-06T17:00:00Z,6.268196
p02,2022-03-06T18:00:00Z,7.148082
p02,2022-03-06T19:00:00Z,6.964529
p02,2022-03-06T20:00:00Z,7.627111
p02,2022-03-06T21:00:00Z,8.755525
p02,2022-03-06T22:00:00Z,9.042999
p02,2022-03-06T23:00:00Z,9.583449
p02,2022-03-07T00:00:00Z,11.095027
p02,2022-03-07T01:00:00Z,11.892411
p02,2022-03-07T02:00:00Z,12.229359
p02,2022-03-07T03:00:00Z,13.343167
p02,2022-03-07T04:00:00Z,13.185609
p02,2022-03-07T05:00:00Z,13.272859
p02,2022-03-07T06:00:00Z,12.960331
p02,2022-03-07T07:00:00Z,13.201461
p02,2022-03-07T08:00:00Z,13.052213
p02,2022-03-07T09:00:00Z,12.131492
p02,2022-03-07T10:00:00Z,10.719173
p02,2022-03-07T11:00:00Z,9.924907
p02,2022-03-07T12:00:00Z,9.593553
p02,2022-03-07T13:00:00Z,9.476651
p02,2022-03-07T14:00:00Z,7.189401
p02,2022-03-07T15:00:00Z,7.280620
p02,2022-03-07T16:00:00Z,7.576625
p02,2022-03-07T17:00:00Z,5.856405
p02,2022-03-07T18:00:00Z,6.870218
p02,2022-03-07T19:00:00Z,7.484567
p02,2022-03-07T20:00:00Z,7.933763
p02,2022-03-07T21:00:00Z,8.692852
p02,2022-03-07T22:00:00Z,8.874009
p02,2022-03-07T23:00:00Z,9.218990
p02,2022-03-08T00:00:00Z,10.878085
p02,2022-03-08T01:00:00Z,11.042862
p02,2022-03-08T02:00:00Z,12.324009
p02,2022-03-08T03:00:00Z,12.637057
p02,2022-03-08T04:00:00Z,12.310499
p02,2022-03-08T05:00:00Z,12.315108
p02,2022-03-08T06:00:00Z,13.574941
p02,2022-03-08T07:00:00Z,11.963871
p02,2022-03-08T08:00:00Z,12.335188
p02,2022-03-08T09:00:00Z,10.801524
p02,2022-03-08T10:00:00Z,10.121009
p02,2022-03-08T11:00:00Z,9.629980
p02,2022-03-08T12:00:00Z,9.336476
p02,2022-03-08T13:00:00Z,8.613058
p02,2022-03-08T14:00:00Z,7.848611
p02,2022-03-08T15:00:00Z,6.873947
p02,2022-03-08T16:00:00Z,7.258948
p02,2022-03-08T17:00:00Z,6.987309
p02,2022-03-08T18:00:00Z,6.503443
p02,2022-03-08T19:00:00Z,8.061654
p02,2022-03-08T20:00:00Z,6.806231
p02,2022-03-08T21:00:00Z,9.518486
p02,2022-03-08T22:00:00Z,9.191279
p02,2022-03-08T23:00:00Z,9.139765
p02,2022-03-09T00:00:00Z,9.871981
p02,2022-03-09T01:00:00Z,11.288615
p02,2022-03-09T02:00:00Z,12.108975
p02,2022-03-09T03:00:00Z,12.727873
p02,2022-03-09T04:00:00Z,13.474690
p02,2022-03-09T05:00:00Z,12.865572
p02,2022-03-09T06:00:00Z,13.401173
p02,2022-03-09T07:00:00Z,12.400656
p02,2022-03-09T08:00:00Z,11.251703
p02,2022-03-09T09:00:00Z,11.178224
p02,2022-03-09T10:00:00Z,11.280199
p02,2022-03-09T11:00:00Z,10.292628
p02,2022-03-09T12:00:00Z,8.223039
p02,2022-03-09T13:00:00Z,8.828710
p02,2022-03-09T14:00:00Z,7.475509
p02,2022-03-09T15:00:00Z,6.621572
p02,2022-03-09T16:00:00Z,7.392967
p02,2022-03-09T17:00:00Z,6.709504
p02,2022-03-09T18:00:00Z,7.217884
p02,2022-03-09T19:00:00Z,6.885756
p02,2022-03-09T20:00:00Z,8.157962
p02,2022-03-09T21:00:00Z,8.597324
p02,2022-03-09T22:00:00Z,9.170032
p02,2022-03-09T23:00:00Z,10.248147
p02,2022-03-10T00:00:00Z,10.677574
p02,2022-03-10T01:00:00Z,11.413805
p02,2022-03-10T02:00:00Z,11.037039
p02,2022-03-10T03:00:00Z,12.280943
p02,2022-03-10T04:00:00Z,12.866296
p02,2022-03-10T05:00:00Z,12.891530
p02,2022-03-10T06:00:00Z,13.258460
p02,2022-03-10T07:00:00Z,11.988417
p02,2022-03-10T08:00:00Z,12.792795
p02,2022-03-10T09:00:00Z,12.119077
p02,2022-03-10T10:00:00Z,10.297294
p02,2022-03-10T11:00:00Z,10.509811
p02,2022-03-10T12:00:00Z,10.332297
p02,2022-03-10T13:00:00Z,8.601897
p02,2022-03-10T14:00:00Z,6.847736
p02,2022-03-10T15:00:00Z,8.190690
p02,2022-03-10T16:00:00Z,5.522558
p02,2022-03-10T17:00:00Z,6.883210
p02,2022-03-10T18:00:00Z,7.006069
p02,2022-03-10T19:00:00Z,6.757506
p02,2022-03-10T20:00:00Z,7.260441
p02,2022-03-10T21:00:00Z,8.010599
p02,2022-03-10T22:00:00Z,8.779781
p02,2022-03-10T23:00:00Z,9.910466
p02,2022-03-11T00:00:00Z,9.900151
p02,2022-03-11T01:00:00Z,11.649545
p02,2022-03-11T02:00:00Z,11.957023
p02,2022-03-11T03:00:00Z,12.816237
p02,2022-03-11T04:00:00Z,13.254311
p02,2022-03-11T05:00:00Z,12.594751
p02,2022-03-11T06:00:00Z,12.646648
p02,2022-03-11T07:00:00Z,12.836024
p02,2022-03-11T08:00:00Z,11.435100
p02,2022-03-11T09:00:00Z,11.548740
p02,2022-03-11T10:00:00Z,10.798239
p02,2022-03-11T11:00:00Z,8.868124
p02,2022-03-11T12:00:00Z,8.888402
p02,2022-03-11T13:00:00Z,8.824230
p02,2022-03-11T14:00:00Z,7.750346
p02,2022-03-11T15:00:00Z,7.321352
p02,2022-03-11T16:00:00Z,6.684296
p02,2022-03-11T17:00:00Z,7.339590
p02,2022-03-11T18:00:00Z,7.081729
p02,2022-03-11T19:00:00Z,7.361214
p02,2022-03-11T20:00:00Z,7.065332
p02,2022-03-11T21:00:00Z,8.463463
p02,2022-03-11T22:00:00Z,8.799305
p02,2022-03-11T23:00:00Z,10.410716
p02,2022-03-12T00:00:00Z,11.098091
p02,2022-03-12T01:00:00Z,11.360703
p02,2022-03-12T02:00:00Z,12.144587
p02,2022-03-12T03:00:00Z,13.683841
p02,2022-03-12T04:00:00Z,13.551924
p02,2022-03-12T05:00:00Z,13.363770
p02,2022-03-12T06:00:00Z,13.607382
p02,2022-03-12T07:00:00Z,13.116085
p02,2022-03-12T08:00:00Z,12.170195
p02,2022-03-12T09:00:00Z,11.187297
p02,2022-03-12T10:00:00Z,10.836814
p02,2022-03-12T11:00:00Z,10.376429
p02,2022-03-12T12:00:00Z,9.265715
p02,2022-03-12T13:00:00Z,8.045652
p02,2022-03-12T14:00:00Z,8.651513
p02,2022-03-12T15:00:00Z,7.139088
p02,2022-03-12T16:00:00Z,7.340767
p02,2022-03-12T17:00:00Z,6.728865
p02,2022-03-12T18:00:00Z,6.718456
p02,2022-03-12T19:00:00Z,6.475477
p02,2022-03-12T20:00:00Z,8.050724
p02,2022-03-12T21:00:00Z,8.870460
p02,2022-03-12T22:00:00Z,8.892451
p02,2022-03-12T23:00:00Z,10.555554
p02,2022-03-13T00:00:00Z,10.738559
p02,2022-03-13T01:00:00Z,11.198367
p02,2022-03-13T02:00:00Z,12.054583
p02,2022-03-13T03:00:00Z,13.442036
p02,2022-03-13T04:00:00Z,12.792318
p02,2022-03-13T05:00:00Z,12.229674
p02,2022-03-13T06:00:00Z,12.764618
p02,2022-03-13T07:00:00Z,12.340999
p02,2022-03-13T08:00:00Z,11.508442
p02,2022-03-13T09:00:00Z,10.860920
p02,2022-03-13T10:00:00Z,11.496391
p02,2022-03-13T11:00:00Z,10.212759
p02,2022-03-13T12:00:00Z,8.437186
p02,2022-03-13T13:00:00Z,8.958374
p02,2022-03-13T14:00:00Z,6.508981
p02,2022-03-13T15:00:00Z,7.566460
p02,2022-03-13T16:00:00Z,7.480150
p02,2022-03-13T17:00:00Z,7.095593
p02,2022-03-13T18:00:00Z,7.038145
p02,2022-03-13T19:00:00Z,7.553417
p02,2022-03-13T20:00:00Z,7.957313
p02,2022-03-13T21:00:00Z,7.862862
p02,2022-03-13T22:00:00Z,9.309677
p02,2022-03-13T23:00:00Z,9.752477
p02,2022-03-14T00:00:00Z,10.267272
p02,2022-03-14T01:00:00Z,10.923460
p02,2022-03-14T02:00:00Z,11.992071
p02,2022-03-14T03:00:00Z,12.601033
p02,2022-03-14T04:00:00Z,12.236530
p02,2022-03-14T05:00:00Z,13.141678
p02,2022-03-14T06:00:00Z,11.750499
p02,2022-03-14T07:00:00Z,13.666569
p02,2022-03-14T08:00:00Z,12.449601
p02,2022-03-14T09:00:00Z,11.526895
p02,2022-03-14T10:00:00Z,10.238093
p02,2022-03-14T11:00:00Z,9.590499
p02,2022-03-14T12:00:00Z,9.308269
p02,2022-03-14T13:00:00Z,8.667890
p02,2022-03-14T14:00:00Z,7.806514
p02,2022-03-14T15:00:00Z,7.054597
p02,2022-03-14T16:00:00Z,6.441816
p02,2022-03-14T17:00:00Z,6.774851
p02,2022-03-14T18:00:00Z,6.908659
p02,2022-03-14T19:00:00Z,8.046595
p02,2022-03-14T20:00:00Z,8.264336
p02,2022-03-14T21:00:00Z,9.459880
p02,2022-03-14T22:00:00Z,9.041866
p02,2022-03-14T23:00:00Z,9.866477
p02,2022-03-15T00:00:00Z,10.465548
p02,2022-03-15T01:00:00Z,11.181146
p02,2022-03-15T02:00:00Z,11.057905
p02,2022-03-15T03:00:00Z,12.206773
p02,2022-03-15T04:00:00Z,12.319477
p02,2022-03-15T05:00:00Z,12.751208
p02,2022-03-15T06:00:00Z,12.920308
p02,2022-03-15T07:00:00Z,12.930073
p02,2022-03-15T08:00:00Z,11.353891
p02,2022-03-15T09:00:00Z,11.602536
p02,2022-03-15T10:00:00Z,10.763549
p02,2022-03-15T11:00:00Z,9.935899
p02,2022-03-15T12:00:00Z,8.802734
p02,2022-03-15T13:00:00Z,8.591736
p02,2022-03-15T14:00:00Z,8.222026
p02,2022-03-15T15:00:00Z,7.533349
p02,2022-03-15T16:00:00Z,7.189417
p02,2022-03-15T17:00:00Z,6.819133
p02,2022-03-15T18:00:00Z,6.665649
p02,2022-03-15T19:00:00Z,7.488030
p02,2022-03-15T20:00:00Z,7.274155
p02,2022-03-15T21:00:00Z,9.238318
p02,2022-03-15T22:00:00Z,9.094718
p02,2022-03-15T23:00:00Z,9.844219
p02,2022-03-16T00:00:00Z,9.719542
p02,2022-03-16T01:00:00Z,11.328246
p02,2022-03-16T02:00:00Z,11.706975
p02,2022-03-16T03:00:00Z,12.959254
p02,2022-03-16T04:00:00Z,13.562249
p02,2022-03-16T05:00:00Z,11.889458
p02,2022-03-16T06:00:00Z,13.151666
p02,2022-03-16T07:00:00Z,12.544280
p02,2022-03-16T08:00:00Z,12.085645
p02,2022-03-16T09:00:00Z,11.753027
p02,2022-03-16T10:00:00Z,10.311511
p02,2022-03-16T11:00:00Z,9.627251
p02,2022-03-16T12:00:00Z,9.511605
p02,2022-03-16T13:00:00Z,8.394023
p02,2022-03-16T14:00:00Z,7.782026
p02,2022-03-16T15:00:00Z,7.359996
p02,2022-03-16T16:00:00Z,5.667959
p02,2022-03-16T17:00:00Z,6.919263
p02,2022-03-16T18:00:00Z,6.749525
p02,2022-03-16T19:00:00Z,6.835625
p02,2022-03-16T20:00:00Z,7.568396
p02,2022-03-16T21:00:00Z,8.371666
p02,2022-03-16T22:00:00Z,8.302817
p02,2022-03-16T23:00:00Z,9.504684
p02,2022-03-17T00:00:00Z,10.726805
p02,2022-03-17T01:00:00Z,10.520444
p02,2022-03-17T02:00:00Z,11.452526
p02,2022-03-17T03:00:00Z,12.278526
p02,2022-03-17T04:00:00Z,12.389110
p02,2022-03-17T05:00:00Z,12.578187
p02,2022-03-17T06:00:00Z,12.377268
p02,2022-03-17T07:00:00Z,11.611982
p02,2022-03-17T08:00:00Z,11.519614
p02,2022-03-17T09:00:00Z,10.483623
p02,2022-03-17T10:00:00Z,10.735456
p02,2022-03-17T11:00:00Z,9.119216
p02,2022-03-17T12:00:00Z,10.031878
p02,2022-03-17T13:00:00Z,7.847396
p02,2022-03-17T14:00:00Z,8.612083
p02,2022-03-17T15:00:00Z,7.079879
p02,2022-03-17T16:00:00Z,7.009328
p02,2022-03-17T17:00:00Z,6.283335
p02,2022-03-17T18:00:00Z,6.883021
p02,2022-03-17T19:00:00Z,7.095202
p02,2022-03-17T20:00:00Z,6.047986
p02,2022-03-17T21:00:00Z,7.491454
p02,2022-03-17T22:00:00Z,9.066034
p02,2022-03-17T23:00:00Z,9.489675
p02,2022-03-18T00:00:00Z,10.289590
p02,2022-03-18T01:00:00Z,11.215354
p02,2022-03-18T02:00:00Z,11.592100
p02,2022-03-18T03:00:00Z,12.126242
p02,2022-03-18T04:00:00Z,13.470170
p02,2022-03-18T05:00:00Z,11.187230
p02,2022-03-18T06:00:00Z,12.898301
p02,2022-03-18T07:00:00Z,12.372077
p02,2022-03-18T08:00:00Z,12.226323
p02,2022-03-18T09:00:00Z,10.756233
p02,2022-03-18T10:00:00Z,11.023708
p02,2022-03-18T11:00:00Z,9.240887
p02,2022-03-18T12:00:00Z,8.565454
p02,2022-03-18T13:00:00Z,8.650287
p02,2022-03-18T14:00:00Z,7.267028
p02,2022-03-18T15:00:00Z,6.666471
p02,2022-03-18T16:00:00Z,7.637285
p02,2022-03-18T17:00:00Z,6.849384
p02,2022-03-18T18:00:00Z,7.213308
p02,2022-03-18T19:00:00Z,7.353757
p02,2022-03-18T20:00:00Z,7.052933
p02,2022-03-18T21:00:00Z,8.595590
p02,2022-03-18T22:00:00Z,9.267142
p02,2022-03-18T23:00:00Z,9.161255
p02,2022-03-19T00:00:00Z,11.258422
p02,2022-03-19T01:00:00Z,11.558352
p02,2022-03-19T02:00:00Z,11.349992
p02,2022-03-19T03:00:00Z,11.522426
p02,2022-03-19T04:00:00Z,12.573172
p02,2022-03-19T05:00:00Z,12.811046
p02,2022-03-19T06:00:00Z,13.224144
p02,2022-03-19T07:00:00Z,11.664028
p02,2022-03-19T08:00:00Z,11.908880
p02,2022-03-19T09:00:00Z,11.302188
p02,2022-03-19T10:00:00Z,11.054134
p02,2022-03-19T11:00:00Z,9.977115
p02,2022-03-19T12:00:00Z,9.265984
p02,2022-03-19T13:00:00Z,7.916867
p02,2022-03-19T14:00:00Z,7.920094
p02,2022-03-19T15:00:00Z,7.457091
p02,2022-03-19T16:00:00Z,6.702785
p02,2022-03-19T17:00:00Z,5.849005
p02,2022-03-19T18:00:00Z,5.913997
p02,2022-03-19T19:00:00Z,7.220597
p02,2022-03-19T20:00:00Z,7.757816
p02,2022-03-19T21:00:00Z,8.539700
p02,2022-03-19T22:00:00Z,7.893006
p02,2022-03-19T23:00:00Z,9.394078
p02,2022-03-20T00:00:00Z,10.086435
p02,2022-03-20T01:00:00Z,10.505588
p02,2022-03-20T02:00:00Z,12.123732
p02,2022-03-20T03:00:00Z,12.755858
p02,2022-03-20T04:00:00Z,11.965339
p02,2022-03-20T05:00:00Z,12.052496
p02,2022-03-20T06:00:00Z,12.585890
p02,2022-03-20T07:00:00Z,12.756450
p02,2022-03-20T08:00:00Z,12.330991
p02,2022-03-20T09:00:00Z,11.277747
p02,2022-03-20T10:00:00Z,10.805780
p02,2022-03-20T11:00:00Z,10.225023
p02,2022-03-20T12:00:00Z,9.218075
p02,2022-03-20T13:00:00Z,8.790954
p02,2022-03-20T14:00:00Z,8.054497
p02,2022-03-20T15:00:00Z,6.820443
p02,2022-03-20T16:00:00Z,7.358173
p02,2022-03-20T17:00:00Z,6.881142
p02,2022-03-20T18:00:00Z,6.948903
p02,2022-03-20T19:00:00Z,6.497896
p02,2022-03-20T20:00:00Z,6.874488
p02,2022-03-20T21:00:00Z,8.143723
p02,2022-03-20T22:00:00Z,9.622294
p02,2022-03-20T23:00:00Z,9.735618
p02,2022-03-21T00:00:00Z,9.986981
p02,2022-03-21T01:00:00Z,11.319618
p02,2022-03-21T02:00:00Z,10.472931
p02,2022-03-21T03:00:00Z,12.599349
p02,2022-03-21T04:00:00Z,11.645578
p02,2022-03-21T05:00:00Z,12.057131
p02,2022-03-21T06:00:00Z,12.168126
p02,2022-03-21T07:00:00Z,11.647117
p02,2022-03-21T08:00:00Z,11.888930
p02,2022-03-21T09:00:00Z,11.039558
p02,2022-03-21T10:00:00Z,11.048589
p02,2022-03-21T11:00:00Z,9.329330
p02,2022-03-21T12:00:00Z,8.746075
p02,2022-03-21T13:00:00Z,7.881071
p02,2022-03-21T14:00:00Z,7.871286
p02,2022-03-21T15:00:00Z,6.320701
p02,2022-03-21T16:00:00Z,6.746301
p02,2022-03-21T17:00:00Z,6.636876
p02,2022-03-21T18:00:00Z,6.426896
p02,2022-03-21T19:00:00Z,6.885547
p02,2022-03-21T20:00:00Z,6.855337
p02,2022-03-21T21:00:00Z,7.479307
p02,2022-03-21T22:00:00Z,9.588548
p02,2022-03-21T23:00:00Z,9.616769
p02,2022-03-22T00:00:00Z,10.415801
p02,2022-03-22T01:00:00Z,10.641390
p02,2022-03-22T02:00:00Z,11.520178
p02,2022-03-22T03:00:00Z,13.023654
p02,2022-03-22T04:00:00Z,11.341579
p02,2022-03-22T05:00:00Z,12.248895
p02,2022-03-22T06:00:00Z,12.598445
p02,2022-03-22T07:00:00Z,12.927934
p02,2022-03-22T08:00:00Z,11.172075
p02,2022-03-22T09:00:00Z,10.771180
p02,2022-03-22T10:00:00Z,9.508942
p02,2022-03-22T11:00:00Z,9.420513
p02,2022-03-22T12:00:00Z,8.749017
p02,2022-03-22T13:00:00Z,8.405357
p02,2022-03-22T14:00:00Z,7.439966
p02,2022-03-22T15:00:00Z,7.084358
p02,2022-03-22T16:00:00Z,5.669679
p02,2022-03-22T17:00:00Z,6.800968
p02,2022-03-22T18:00:00Z,5.845386
p02,2022-03-22T19:00:00Z,6.416975
p02,2022-03-22T20:00:00Z,6.873919
p02,2022-03-22T21:00:00Z,9.258588
p02,2022-03-22T22:00:00Z,7.956567
p02,2022-03-22T23:00:00Z,8.882795
p02,2022-03-23T00:00:00Z,10.236000
p02,2022-03-23T01:00:00Z,10.988119
p02,2022-03-23T02:00:00Z,11.154237
p02,2022-03-23T03:00:00Z,11.968324
p02,2022-03-23T04:00:00Z,12.868232
p02,2022-03-23T05:00:00Z,12.721521
p02,2022-03-23T06:00:00Z,11.868964
p02,2022-03-23T07:00:00Z,11.977760
p02,2022-03-23T08:00:00Z,12.349746
p02,2022-03-23T09:00:00Z,11.967632
p02,2022-03-23T10:00:00Z,9.721387
p02,2022-03-23T11:00:00Z,8.977453
p02,2022-03-23T12:00:00Z,8.983898
p02,2022-03-23T13:00:00Z,8.899340
p02,2022-03-23T14:00:00Z,7.457912
p02,2022-03-23T15:00:00Z,6.721973
p02,2022-03-23T16:00:00Z,6.948558
p02,2022-03-23T17:00:00Z,6.392749
p02,2022-03-23T18:00:00Z,6.373364
p02,2022-03-23T19:00:00Z,7.129971
p02,2022-03-23T20:00:00Z,7.400564
p02,2022-03-23T21:00:00Z,7.731764
p02,2022-03-23T22:00:00Z,8.939313
p02,2022-03-23T23:00:00Z,9.902030
p02,2022-03-24T00:00:00Z,10.474292
p02,2022-03-24T01:00:00Z,11.137947
p02,2022-03-24T02:00:00Z,10.894328
p02,2022-03-24T03:00:00Z,11.396136
p02,2022-03-24T04:00:00Z,12.843905
p02,2022-03-24T05:00:00Z,12.299474
p02,2022-03-24T06:00:00Z,12.250706
p02,2022-03-24T07:00:00Z,11.488614
p02,2022-03-24T08:00:00Z,11.805897
p02,2022-03-24T09:00:00Z,10.906148
p02,2022-03-24T10:00:00Z,10.784475
p02,2022-03-24T11:00:00Z,9.172391
p02,2022-03-24T12:00:00Z,10.032110
p02,2022-03-24T13:00:00Z,9.246310
p02,2022-03-24T14:00:00Z,7.158995
p02,2022-03-24T15:00:00Z,7.697412
p02,2022-03-24T16:00:00Z,6.129745
p02,2022-03-24T17:00:00Z,6.437273
p02,2022-03-24T18:00:00Z,6.241873
p02,2022-03-24T19:00:00Z,6.911193
p02,2022-03-24T20:00:00Z,7.524467
p02,2022-03-24T21:00:00Z,7.342738
p02,2022-03-24T22:00:00Z,8.602375
p02,2022-03-24T23:00:00Z,9.556494
p02,2022-03-25T00:00:00Z,10.236559
p02,2022-03-25T01:00:00Z,10.812145
p02,2022-03-25T02:00:00Z,11.522192
p02,2022-03-25T03:00:00Z,12.333518
p02,2022-03-25T04:00:00Z,12.439697
p02,2022-03-25T05:00:00Z,12.036327
p02,2022-03-25T06:00:00Z,11.828713
p02,2022-03-25T07:00:00Z,12.219626
p02,2022-03-25T08:00:00Z,11.821061
p02,2022-03-25T09:00:00Z,11.149972
p02,2022-03-25T10:00:00Z,10.066347
p02,2022-03-25T11:00:00Z,9.172767
p02,2022-03-25T12:00:00Z,9.111934
p02,2022-03-25T13:00:00Z,7.942309
p02,2022-03-25T14:00:00Z,7.630913
p02,2022-03-25T15:00:00Z,7.355688
p02,2022-03-25T16:00:00Z,5.996537
p02,2022-03-25T17:00:00Z,7.454445
p02,2022-03-25T18:00:00Z,6.438312
p02,2022-03-25T19:00:00Z,6.795178
p02,2022-03-25T20:00:00Z,7.861510
p02,2022-03-25T21:00:00Z,7.398204
p02,2022-03-25T22:00:00Z,8.400947
p02,2022-03-25T23:00:00Z,9.086794
p02,2022-03-26T00:00:00Z,10.250060
p02,2022-03-26T01:00:00Z,10.614320
p02,2022-03-26T02:00:00Z,11.669461
p02,2022-03-26T03:00:00Z,11.696109
p02,2022-03-26T04:00:00Z,12.014674
p02,2022-03-26T05:00:00Z,11.937226
p02,2022-03-26T06:00:00Z,11.998251
p02,2022-03-26T07:00:00Z,12.608370
p02,2022-03-26T08:00:00Z,11.397618
p02,2022-03-26T09:00:00Z,11.417430
p02,2022-03-26T10:00:00Z,10.389503
p02,2022-03-26T11:00:00Z,10.082547
p02,2022-03-26T12:00:00Z,9.300244
p02,2022-03-26T13:00:00Z,8.283188
p02,2022-03-26T14:00:00Z,6.831222
p02,2022-03-26T15:00:00Z,6.958142
p02,2022-03-26T16:00:00Z,5.582820
p02,2022-03-26T17:00:00Z,6.460794
p02,2022-03-26T18:00:00Z,5.998341
p02,2022-03-26T19:00:00Z,6.539329
p02,2022-03-26T20:00:00Z,7.181198
p02,2022-03-26T21:00:00Z,7.864603
p02,2022-03-26T22:00:00Z,7.749743
p02,2022-03-26T23:00:00Z,9.275322
p02,2022-03-27T00:00:00Z,10.520078
p02,2022-03-27T01:00:00Z,11.095289
p02,2022-03-27T02:00:00Z,10.948799
p02,2022-03-27T03:00:00Z,12.460468
p02,2022-03-27T04:00:00Z,11.434888
p02,2022-03-27T05:00:00Z,12.133314
p02,2022-03-27T06:00:00Z,12.011350
p02,2022-03-27T07:00:00Z,11.671795
p02,2022-03-27T08:00:00Z,10.550247
p02,2022-03-27T09:00:00Z,11.065992
p02,2022-03-27T10:00:00Z,10.413206
p02,2022-03-27T11:00:00Z,8.772221
p02,2022-03-27T12:00:00Z,8.467038
p02,2022-03-27T13:00:00Z,7.535661
p02,2022-03-27T14:00:00Z,7.051776
p02,2022-03-27T15:00:00Z,5.779803
p02,2022-03-27T16:00:00Z,6.373302
p02,2022-03-27T17:00:00Z,6.399612
p02,2022-03-27T18:00:00Z,6.872039
p02,2022-03-27T19:00:00Z,7.072542
p02,2022-03-27T20:00:00Z,7.217910
p02,2022-03-27T21:00:00Z,8.350737
p02,2022-03-27T22:00:00Z,9.300769
p02,2022-03-27T23:00:00Z,9.067727
p02,2022-03-28T00:00:00Z,10.826932
p02,2022-03-28T01:00:00Z,11.622163
p02,2022-03-28T02:00:00Z,11.913456
p02,2022-03-28T03:00:00Z,12.283623
p02,2022-03-28T04:00:00Z,11.625393
p02,2022-03-28T05:00:00Z,12.404128
p02,2022-03-28T06:00:00Z,11.364031
p02,2022-03-28T07:00:00Z,11.464270
p02,2022-03-28T08:00:00Z,11.563507
p02,2022-03-28T09:00:00Z,10.141432
p02,2022-03-28T10:00:00Z,10.468968
p02,2022-03-28T11:00:00Z,9.195742
p02,2022-03-28T12:00:00Z,8.463439
p02,2022-03-28T13:00:00Z,7.682308
p02,2022-03-28T14:00:00Z,7.599977
p02,2022-03-28T15:00:00Z,6.454438
p02,2022-03-28T16:00:00Z,6.138580
p02,2022-03-28T17:00:00Z,5.752890
p02,2022-03-28T18:00:00Z,5.567376
p02,2022-03-28T19:00:00Z,6.687556
p02,2022-03-28T20:00:00Z,6.710955
p02,2022-03-28T21:00:00Z,7.094370
p02,2022-03-28T22:00:00Z,8.146083
p02,2022-03-28T23:00:00Z,10.292414
p02,2022-03-29T00:00:00Z,10.375150
p02,2022-03-29T01:00:00Z,10.226604
p02,2022-03-29T02:00:00Z,11.257498
p02,2022-03-29T03:00:00Z,10.779995
p02,2022-03-29T04:00:00Z,12.884910
p02,2022-03-29T05:00:00Z,12.197196
p02,2022-03-29T06:00:00Z,11.981595
p02,2022-03-29T07:00:00Z,12.706500
p02,2022-03-29T08:00:00Z,11.360428
p02,2022-03-29T09:00:00Z,11.144109
p02,2022-03-29T10:00:00Z,8.784761
p02,2022-03-29T11:00:00Z,10.090412
p02,2022-03-29T12:00:00Z,8.223635
p02,2022-03-29T13:00:00Z,7.312062
p02,2022-03-29T14:00:00Z,7.044721
p02,2022-03-29T15:00:00Z,6.297356
p02,2022-03-29T16:00:00Z,5.021489
p02,2022-03-29T17:00:00Z,5.849698
p02,2022-03-29T18:00:00Z,6.379395
p02,2022-03-29T19:00:00Z,5.364598
p02,2022-03-29T20:00:00Z,6.356711
p02,2022-03-29T21:00:00Z,7.224633
p02,2022-03-29T22:00:00Z,8.277960
p02,2022-03-29T23:00:00Z,8.932440
p02,2022-03-30T00:00:00Z,10.348116
p02,2022-03-30T01:00:00Z,10.547974
p02,2022-03-30T02:00:00Z,11.478599
p02,2022-03-30T03:00:00Z,11.578351
p02,2022-03-30T04:00:00Z,10.818479
p02,2022-03-30T05:00:00Z,11.632672
p02,2022-03-30T06:00:00Z,12.523771
p02,2022-03-30T07:00:00Z,11.854253
p02,2022-03-30T08:00:00Z,10.361932
p02,2022-03-30T09:00:00Z,9.962534
p02,2022-03-30T10:00:00Z,11.168999
p02,2022-03-30T11:00:00Z,9.949070
p02,2022-03-30T12:00:00Z,7.462596
p02,2022-03-30T13:00:00Z,8.386353
p02,2022-03-30T14:00:00Z,6.452021
p02,2022-03-30T15:00:00Z,7.030261
p02,2022-03-30T16:00:00Z,6.661427
p02,2022-03-30T17:00:00Z,5.130525
p02,2022-03-30T18:00:00Z,5.105703
p02,2022-03-30T19:00:00Z,6.519677
p02,2022-03-30T20:00:00Z,7.157501
p02,2022-03-30T21:00:00Z,7.881525
p02,2022-03-30T22:00:00Z,7.886884
p02,2022-03-30T23:00:00Z,9.210134
p02,2022-03-31T00:00:00Z,9.874542
p02,2022-03-31T01:00:00Z,9.772718
p02,2022-03-31T02:00:00Z,11.240475
p02,2022-03-31T03:00:00Z,11.888235
p02,2022-03-31T04:00:00Z,11.897995
p02,2022-03-31T05:00:00Z,12.263498
p02,2022-03-31T06:00:00Z,12.084208
p02,2022-03-31T07:00:00Z,12.515418
p02,2022-03-31T08:00:00Z,11.254270
p02,2022-03-31T09:00:00Z,9.948008
p02,2022-03-31T10:00:00Z,9.703263
p02,2022-03-31T11:00:00Z,9.256089
p02,2022-03-31T12:00:00Z,7.511245
p02,2022-03-31T13:00:00Z,8.743158
p02,2022-03-31T14:00:00Z,7.330660
p02,2022-03-31T15:00:00Z,6.721472
p02,2022-03-31T16:00:00Z,5.952477
p02,2022-03-31T17:00:00Z,5.753575
p02,2022-03-31T18:00:00Z,5.834238
p02,2022-03-31T19:00:00Z,7.114963
p02,2022-03-31T20:00:00Z,6.589567
p02,2022-03-31T21:00:00Z,8.109508
p02,2022-03-31T22:00:00Z,8.946582
p02,2022-03-31T23:00:00Z,10.032241
p02,2022-04-01T00:00:00Z,9.838573
p02,2022-04-01T01:00:00Z,10.733617
p02,2022-04-01T02:00:00Z,10.916952
p02,2022-04-01T03:00:00Z,11.616160
p02,2022-04-01T04:00:00Z,12.737965
p02,2022-04-01T05:00:00Z,12.247565
p02,2022-04-01T06:00:00Z,11.587753
p02,2022-04-01T07:00:00Z,12.319257
p02,2022-04-01T08:00:00Z,11.188398
p02,2022-04-01T09:00:00Z,10.466624
p02,2022-04-01T10:00:00Z,9.700471
p02,2022-04-01T11:00:00Z,9.886371
p02,2022-04-01T12:00:00Z,9.524565
p02,2022-04-01T13:00:00Z,8.101878
p02,2022-04-01T14:00:00Z,6.506919
p02,2022-04-01T15:00:00Z,5.279413
p02,2022-04-01T16:00:00Z,5.523878
p02,2022-04-01T17:00:00Z,6.513029
p02,2022-04-01T18:00:00Z,6.175858
p02,2022-04-01T19:00:00Z,6.607673
p02,2022-04-01T20:00:00Z,6.994204
p02,2022-04-01T21:00:00Z,8.006173
p02,2022-04-01T22:00:00Z,6.964681
p02,2022-04-01T23:00:00Z,8.486764
p02,2022-04-02T00:00:00Z,9.943067
p02,2022-04-02T01:00:00Z,11.169960
p02,2022-04-02T02:00:00Z,11.699560
p02,2022-04-02T03:00:00Z,11.616631
p02,2022-04-02T04:00:00Z,11.462784
p02,2022-04-02T05:00:00Z,11.665208
p02,2022-04-02T06:00:00Z,10.826551
p02,2022-04-02T07:00:00Z,11.444573
p02,2022-04-02T08:00:00Z,10.789829
p02,2022-04-02T09:00:00Z,10.548769
p02,2022-04-02T10:00:00Z,10.271998
p02,2022-04-02T11:00:00Z,8.501441
p02,2022-04-02T12:00:00Z,8.030615
p02,2022-04-02T13:00:00Z,8.097223
p02,2022-04-02T14:00:00Z,6.082030
p02,2022-04-02T15:00:00Z,6.061192
p02,2022-04-02T16:00:00Z,6.802974
p02,2022-04-02T17:00:00Z,4.979712
p02,2022-04-02T18:00:00Z,5.614557
p02,2022-04-02T19:00:00Z,6.162898
p02,2022-04-02T20:00:00Z,7.459071
p02,2022-04-02T21:00:00Z,7.831901
p02,2022-04-02T22:00:00Z,7.758785
p02,2022-04-02T23:00:00Z,9.725277
p02,2022-04-03T00:00:00Z,9.786557
p02,2022-04-03T01:00:00Z,9.233677
p02,2022-04-03T02:00:00Z,10.474757
p02,2022-04-03T03:00:00Z,11.352596
p02,2022-04-03T04:00:00Z,12.328921
p02,2022-04-03T05:00:00Z,12.307416
p02,2022-04-03T06:00:00Z,12.174548
p02,2022-04-03T07:00:00Z,11.250261
p02,2022-04-03T08:00:00Z,11.687208
p02,2022-04-03T09:00:00Z,10.311486
p02,2022-04-03T10:00:00Z,9.990224
p02,2022-04-03T11:00:00Z,8.593915
p02,2022-04-03T12:00:00Z,8.001187
p02,2022-04-03T13:00:00Z,7.756089
p02,2022-04-03T14:00:00Z,6.402012
p02,2022-04-03T15:00:00Z,6.257207
p02,2022-04-03T16:00:00Z,6.272440
p02,2022-04-03T17:00:00Z,6.283947
p02,2022-04-03T18:00:00Z,6.623442
p02,2022-04-03T19:00:00Z,5.571057
p02,2022-04-03T20:00:00Z,5.881097
p02,2022-04-03T21:00:00Z,7.606661
p02,2022-04-03T22:00:00Z,8.818850
p02,2022-04-03T23:00:00Z,8.026661
p02,2022-04-04T00:00:00Z,9.694932
p02,2022-04-04T01:00:00Z,9.441925
p02,2022-04-04T02:00:00Z,10.989474
p02,2022-04-04T03:00:00Z,12.530577
p02,2022-04-04T04:00:00Z,11.617523
p02,2022-04-04T05:00:00Z,12.310168
p02,2022-04-04T06:00:00Z,11.219926
p02,2022-04-04T07:00:00Z,10.676042
p02,2022-04-04T08:00:00Z,11.133321
p02,2022-04-04T09:00:00Z,10.290753
p02,2022-04-04T10:00:00Z,9.604705
p02,2022-04-04T11:00:00Z,8.821400
p02,2022-04-04T12:00:00Z,8.217561
p02,2022-04-04T13:00:00Z,7.322357
p02,2022-04-04T14:00:00Z,6.357010
p02,2022-04-04T15:00:00Z,6.746852
p02,2022-04-04T16:00:00Z,5.998006
p02,2022-04-04T17:00:00Z,6.000075
p02,2022-04-04T18:00:00Z,5.959787
p02,2022-04-04T19:00:00Z,6.028348
p02,2022-04-04T20:00:00Z,6.210626
p02,2022-04-04T21:00:00Z,7.001306
p02,2022-04-04T22:00:00Z,6.794738
p02,2022-04-04T23:00:00Z,9.111193
p02,2022-04-05T00:00:00Z,9.502652
p02,2022-04-05T01:00:00Z,9.975272
p02,2022-04-05T02:00:00Z,9.974593
p02,2022-04-05T03:00:00Z,11.999287
p02,2022-04-05T04:00:00Z,11.756506
p02,2022-04-05T05:00:00Z,10.809562
p02,2022-04-05T06:00:00Z,11.866779
p02,2022-04-05T07:00:00Z,12.074608
p02,2022-04-05T08:00:00Z,10.867267
p02,2022-04-05T09:00:00Z,9.808250
p02,2022-04-05T10:00:00Z,8.395198
p02,2022-04-05T11:00:00Z,9.357026
p02,2022-04-05T12:00:00Z,6.986191
p02,2022-04-05T13:00:00Z,5.851768
p02,2022-04-05T14:00:00Z,7.540958
p02,2022-04-05T15:00:00Z,5.725057
p02,2022-04-05T16:00:00Z,6.063114
p02,2022-04-05T17:00:00Z,4.447835
p02,2022-04-05T18:00:00Z,6.604740
p02,2022-04-05T19:00:00Z,5.268976
p02,2022-04-05T20:00:00Z,6.929252
p02,2022-04-05T21:00:00Z,7.070062
p02,2022-04-05T22:00:00Z,8.523087
p02,2022-04-05T23:00:00Z,9.407538
p02,2022-04-06T00:00:00Z,8.841094
p02,2022-04-06T01:00:00Z,10.533330
p02,2022-04-06T02:00:00Z,10.335787
p02,2022-04-06T03:00:00Z,11.328806
p02,2022-04-06T04:00:00Z,11.581732
p02,2022-04-06T05:00:00Z,11.438989
p02,2022-04-06T06:00:00Z,11.429982
p02,2022-04-06T07:00:00Z,11.301240
p02,2022-04-06T08:00:00Z,10.505402
p02,2022-04-06T09:00:00Z,9.238032
p02,2022-04-06T10:00:00Z,9.136697
p02,2022-04-06T11:00:00Z,8.350943
p02,2022-04-06T12:00:00Z,8.091796
p02,2022-04-06T13:00:00Z,6.960108
p02,2022-04-06T14:00:00Z,6.381928
p02,2022-04-06T15:00:00Z,5.956805
p02,2022-04-06T16:00:00Z,6.446968
p02,2022-04-06T17:00:00Z,6.210470
p02,2022-04-06T18:00:00Z,6.014094
p02,2022-04-06T19:00:00Z,5.847336
p02,2022-04-06T20:00:00Z,5.544072
p02,2022-04-06T21:00:00Z,7.163955
p02,2022-04-06T22:00:00Z,7.943966
p02,2022-04-06T23:00:00Z,8.914889
p02,2022-04-07T00:00:00Z,9.345358
p02,2022-04-07T01:00:00Z,9.816198
p02,2022-04-07T02:00:00Z,10.039982
p02,2022-04-07T03:00:00Z,10.688940
p02,2022-04-07T04:00:00Z,11.150916
p02,2022-04-07T05:00:00Z,12.388836
p02,2022-04-07T06:00:00Z,11.313689
p02,2022-04-07T07:00:00Z,10.804842
p02,2022-04-07T08:00:00Z,11.558280
p02,2022-04-07T09:00:00Z,9.918116
p02,2022-04-07T10:00:00Z,9.209637
p02,2022-04-07T11:00:00Z,8.806081
p02,2022-04-07T12:00:00Z,6.941297
p02,2022-04-07T13:00:00Z,8.029466
p02,2022-04-07T14:00:00Z,5.750652
p02,2022-04-07T15:00:00Z,5.887494
p02,2022-04-07T16:00:00Z,5.365753
p02,2022-04-07T17:00:00Z,5.963287
p02,2022-04-07T18:00:00Z,5.384177
p02,2022-04-07T19:00:00Z,6.413803
p02,2022-04-07T20:00:00Z,5.850133
p02,2022-04-07T21:00:00Z,6.514277
p02,2022-04-07T22:00:00Z,7.882391
p02,2022-04-07T23:00:00Z,9.225152
p02,2022-04-08T00:00:00Z,9.621484
p02,2022-04-08T01:00:00Z,9.844598
p02,2022-04-08T02:00:00Z,9.935689
p02,2022-04-08T03:00:00Z,11.424060
p02,2022-04-08T04:00:00Z,11.367745
p02,2022-04-08T05:00:00Z,11.264595
p02,2022-04-08T06:00:00Z,11.661966
p02,2022-04-08T07:00:00Z,10.751354
p02,2022-04-08T08:00:00Z,10.542234
p02,2022-04-08T09:00:00Z,8.697815
p02,2022-04-08T10:00:00Z,8.050047
p02,2022-04-08T11:00:00Z,8.795668
p02,2022-04-08T12:00:00Z,6.831258
p02,2022-04-08T13:00:00Z,7.563779
p02,2022-04-08T14:00:00Z,7.096000
p02,2022-04-08T15:00:00Z,5.660244
p02,2022-04-08T16:00:00Z,6.285278
p02,2022-04-08T17:00:00Z,4.879430
p02,2022-04-08T18:00:00Z,6.057451
p02,2022-04-08T19:00:00Z,5.132939
p02,2022-04-08T20:00:00Z,6.627091
p02,2022-04-08T21:00:00Z,7.087302
p02,2022-04-08T22:00:00Z,7.850885
p02,2022-04-08T23:00:00Z,7.851363
p02,2022-04-09T00:00:00Z,9.045901
p02,2022-04-09T01:00:00Z,9.663758
p02,2022-04-09T02:00:00Z,11.132884
p02,2022-04-09T03:00:00Z,11.150099
p02,2022-04-09T04:00:00Z,10.634367
p02,2022-04-09T05:00:00Z,11.091994
p02,2022-04-09T06:00:00Z,11.277602
p02,2022-04-09T07:00:00Z,10.894233
p02,2022-04-09T08:00:00Z,10.608665
p02,2022-04-09T09:00:00Z,10.167015
p02,2022-04-09T10:00:00Z,8.968033
p02,2022-04-09T11:00:00Z,8.476553
p02,2022-04-09T12:00:00Z,7.614118
p02,2022-04-09T13:00:00Z,7.660330
p02,2022-04-09T14:00:00Z,6.430146
p02,2022-04-09T15:00:00Z,5.573743
p02,2022-04-09T16:00:00Z,5.017802
p02,2022-04-09T17:00:00Z,5.254617
p02,2022-04-09T18:00:00Z,6.104297
p02,2022-04-09T19:00:00Z,5.666261
p02,2022-04-09T20:00:00Z,5.484797
p02,2022-04-09T21:00:00Z,6.979621
p02,2022-04-09T22:00:00Z,6.995228
p02,2022-04-09T23:00:00Z,8.577715
p02,2022-04-10T00:00:00Z,10.305127
p02,2022-04-10T01:00:00Z,10.009195
p02,2022-04-10T02:00:00Z,10.116209
p02,2022-04-10T03:00:00Z,11.752722
p02,2022-04-10T04:00:00Z,11.423746
p02,2022-04-10T05:00:00Z,12.085562
p02,2022-04-10T06:00:00Z,11.983032
p02,2022-04-10T07:00:00Z,10.457636
p02,2022-04-10T08:00:00Z,10.681570
p02,2022-04-10T09:00:00Z,9.301861
p02,2022-04-10T10:00:00Z,9.904408
p02,2022-04-10T11:00:00Z,7.191069
p02,2022-04-10T12:00:00Z,7.398799
p02,2022-04-10T13:00:00Z,7.037764
p02,2022-04-10T14:00:00Z,6.700692
p02,2022-04-10T15:00:00Z,5.642039
p02,2022-04-10T16:00:00Z,5.544668
p02,2022-04-10T17:00:00Z,5.327144
p02,2022-04-10T18:00:00Z,4.772223
p02,2022-04-10T19:00:00Z,5.566539
p02,2022-04-10T20:00:00Z,5.981078
p02,2022-04-10T21:00:00Z,6.935595
p02,2022-04-10T22:00:00Z,7.737474
p02,2022-04-10T23:00:00Z,7.892050
p02,2022-04-11T00:00:00Z,9.757598
p02,2022-04-11T01:00:00Z,10.013177
p02,2022-04-11T02:00:00Z,10.554750
p02,2022-04-11T03:00:00Z,11.193994
p02,2022-04-11T04:00:00Z,10.830337
p02,2022-04-11T05:00:00Z,11.395595
p02,2022-04-11T06:00:00Z,10.961632
p02,2022-04-11T07:00:00Z,11.282028
p02,2022-04-11T08:00:00Z,10.207041
p02,2022-04-11T09:00:00Z,10.161222
p02,2022-04-11T10:00:00Z,8.717591
p02,2022-04-11T11:00:00Z,7.780058
p02,2022-04-11T12:00:00Z,7.206840
p02,2022-04-11T13:00:00Z,7.128512
p02,2022-04-11T14:00:00Z,6.300975
p02,2022-04-11T15:00:00Z,5.753647
p02,2022-04-11T16:00:00Z,5.353889
p02,2022-04-11T17:00:00Z,4.692802
p02,2022-04-11T18:00:00Z,5.453976
p02,2022-04-11T19:00:00Z,6.321244
p02,2022-04-11T20:00:00Z,7.173942
p02,2022-04-11T21:00:00Z,6.616703
p02,2022-04-11T22:00:00Z,6.829784
p02,2022-04-11T23:00:00Z,7.610209
p02,2022-04-12T00:00:00Z,9.028909
p02,2022-04-12T01:00:00Z,9.716839
p02,2022-04-12T02:00:00Z,10.073771
p02,2022-04-12T03:00:00Z,11.603203
p02,2022-04-12T04:00:00Z,11.995862
p02,2022-04-12T05:00:00Z,10.625185
p02,2022-04-12T06:00:00Z,10.383492
p02,2022-04-12T07:00:00Z,10.900632
p02,2022-04-12T08:00:00Z,10.899606
p02,2022-04-12T09:00:00Z,9.711817
p02,2022-04-12T10:00:00Z,8.911705
p02,2022-04-12T11:00:00Z,7.991440
p02,2022-04-12T12:00:00Z,7.028967
p02,2022-04-12T13:00:00Z,7.104888
p02,2022-04-12T14:00:00Z,6.962407
p02,2022-04-12T15:00:00Z,5.196510
p02,2022-04-12T16:00:00Z,5.720876
p02,2022-04-12T17:00:00Z,4.950211
p02,2022-04-12T18:00:00Z,5.754485
p02,2022-04-12T19:00:00Z,5.559895
p02,2022-04-12T20:00:00Z,6.685690
p02,2022-04-12T21:00:00Z,6.854123
p02,2022-04-12T22:00:00Z,7.185792
p02,2022-04-12T23:00:00Z,7.610535
p02,2022-04-13T00:00:00Z,8.908280
p02,2022-04-13T01:00:00Z,9.548591
p02,2022-04-13T02:00:00Z,9.818444
p02,2022-04-13T03:00:00Z,10.745245
p02,2022-04-13T04:00:00Z,10.015017
p02,2022-04-13T05:00:00Z,11.128083
p02,2022-04-13T06:00:00Z,10.929366
p02,2022-04-13T07:00:00Z,10.360581
p02,2022-04-13T08:00:00Z,9.762750
p02,2022-04-13T09:00:00Z,9.521518
p02,2022-04-13T10:00:00Z,8.595307
p02,2022-04-13T11:00:00Z,7.753832
p02,2022-04-13T12:00:00Z,6.424604
p02,2022-04-13T13:00:00Z,6.605499
p02,2022-04-13T14:00:00Z,6.027444
p02,2022-04-13T15:00:00Z,5.215495
p02,2022-04-13T16:00:00Z,5.710884
p02,2022-04-13T17:00:00Z,5.329647
p02,2022-04-13T18:00:00Z,5.119369
p02,2022-04-13T19:00:00Z,5.544972
p02,2022-04-13T20:00:00Z,6.541100
p02,2022-04-13T21:00:00Z,6.585668
p02,2022-04-13T22:00:00Z,6.942229
p02,2022-04-13T23:00:00Z,8.253993
p02,2022-04-14T00:00:00Z,8.027928
p02,2022-04-14T01:00:00Z,9.679300
p02,2022-04-14T02:00:00Z,9.898094
p02,2022-04-14T03:00:00Z,10.638454
p02,2022-04-14T04:00:00Z,10.853806
p02,2022-04-14T05:00:00Z,10.972502
p02,2022-04-14T06:00:00Z,10.483059
p02,2022-04-14T07:00:00Z,10.777786
p02,2022-04-14T08:00:00Z,9.871662
p02,2022-04-14T09:00:00Z,8.860171
p02,2022-04-14T10:00:00Z,8.361696
p02,2022-04-14T11:00:00Z,7.960929
p02,2022-04-14T12:00:00Z,7.543886
p02,2022-04-14T13:00:00Z,6.237361
p02,2022-04-14T14:00:00Z,4.659069
p02,2022-04-14T15:00:00Z,5.707882
p02,2022-04-14T16:00:00Z,5.200050
p02,2022-04-14T17:00:00Z,5.032366
p02,2022-04-14T18:00:00Z,5.719336
p02,2022-04-14T19:00:00Z,4.971060
p02,2022-04-14T20:00:00Z,5.019594
p02,2022-04-14T21:00:00Z,6.816604
p02,2022-04-14T22:00:00Z,7.394672
p02,2022-04-14T23:00:00Z,7.567853
p02,2022-04-15T00:00:00Z,9.090533
p02,2022-04-15T01:00:00Z,9.478422
p02,2022-04-15T02:00:00Z,9.548531
p02,2022-04-15T03:00:00Z,10.846708
p02,2022-04-15T04:00:00Z,10.627082
p02,2022-04-15T05:00:00Z,11.016507
p02,2022-04-15T06:00:00Z,10.910451
p02,2022-04-15T07:00:00Z,10.797367
p02,2022-04-15T08:00:00Z,9.220404
p02,2022-04-15T09:00:00Z,9.614880
p02,2022-04-15T10:00:00Z,9.462445
p02,2022-04-15T11:00:00Z,8.169573
p02,2022-04-15T12:00:00Z,7.483817
p02,2022-04-15T13:00:00Z,7.087695
p02,2022-04-15T14:00:00Z,5.881801
p02,2022-04-15T15:00:00Z,6.169913
p02,2022-04-15T16:00:00Z,5.561591
p02,2022-04-15T17:00:00Z,5.443788
p02,2022-04-15T18:00:00Z,5.058802
p02,2022-04-15T19:00:00Z,5.760163
p02,2022-04-15T20:00:00Z,5.371671
p02,2022-04-15T21:00:00Z,6.082074
p02,2022-04-15T22:00:00Z,7.193864
p02,2022-04-15T23:00:00Z,7.929130
p02,2022-04-16T00:00:00Z,8.681762
p02,2022-04-16T01:00:00Z,9.125096
p02,2022-04-16T02:00:00Z,9.939018
p02,2022-04-16T03:00:00Z,10.630122
p02,2022-04-16T04:00:00Z,10.319382
p02,2022-04-16T05:00:00Z,11.421153
p02,2022-04-16T06:00:00Z,10.039206
p02,2022-04-16T07:00:00Z,10.396313
p02,2022-04-16T08:00:00Z,9.605150
p02,2022-04-16T09:00:00Z,9.291271
p02,2022-04-16T10:00:00Z,8.635347
p02,2022-04-16T11:00:00Z,6.631976
p02,2022-04-16T12:00:00Z,6.142590
p02,2022-04-16T13:00:00Z,6.104512
p02,2022-04-16T14:00:00Z,4.976609
p02,2022-04-16T15:00:00Z,5.022715
p02,2022-04-16T16:00:00Z,4.438711
p02,2022-04-16T17:00:00Z,4.500882
p02,2022-04-16T18:00:00Z,5.089999
p02,2022-04-16T19:00:00Z,4.944901
p02,2022-04-16T20:00:00Z,6.444340
p02,2022-04-16T21:00:00Z,6.696930
p02,2022-04-16T22:00:00Z,8.347138
p02,2022-04-16T23:00:00Z,6.839896
p02,2022-04-17T00:00:00Z,8.898348
p02,2022-04-17T01:00:00Z,8.896838
p02,2022-04-17T02:00:00Z,9.666767
p02,2022-04-17T03:00:00Z,10.063131
p02,2022-04-17T04:00:00Z,10.783601
p02,2022-04-17T05:00:00Z,10.279577
p02,2022-04-17T06:00:00Z,9.737672
p02,2022-04-17T07:00:00Z,9.641284
p02,2022-04-17T08:00:00Z,9.713364
p02,2022-04-17T09:00:00Z,8.870411
p02,2022-04-17T10:00:00Z,7.788754
p02,2022-04-17T11:00:00Z,8.164840
p02,2022-04-17T12:00:00Z,6.997017
p02,2022-04-17T13:00:00Z,5.510805
p02,2022-04-17T14:00:00Z,6.283480
p02,2022-04-17T15:00:00Z,4.824567
p02,2022-04-17T16:00:00Z,4.529487
p02,2022-04-17T17:00:00Z,5.277522
p02,2022-04-17T18:00:00Z,5.065746
p02,2022-04-17T19:00:00Z,4.361292
p02,2022-04-17T20:00:00Z,6.294953
p02,2022-04-17T21:00:00Z,5.452382
p02,2022-04-17T22:00:00Z,6.644670
p02,2022-04-17T23:00:00Z,7.823106
p02,2022-04-18T00:00:00Z,8.557945
p02,2022-04-18T01:00:00Z,9.141083
p02,2022-04-18T02:00:00Z,9.629641
p02,2022-04-18T03:00:00Z,10.415565
p02,2022-04-18T04:00:00Z,10.718971
p02,2022-04-18T05:00:00Z,11.012530
p02,2022-04-18T06:00:00Z,10.973464
p02,2022-04-18T07:00:00Z,10.779185
p02,2022-04-18T08:00:00Z,9.123894
p02,2022-04-18T09:00:00Z,9.734402
p02,2022-04-18T10:00:00Z,8.157361
p02,2022-04-18T11:00:00Z,8.225053
p02,2022-04-18T12:00:00Z,7.183469
p02,2022-04-18T13:00:00Z,6.110669
p02,2022-04-18T14:00:00Z,4.323516
p02,2022-04-18T15:00:00Z,5.367317
p02,2022-04-18T16:00:00Z,4.694834
p02,2022-04-18T17:00:00Z,4.569541
p02,2022-04-18T18:00:00Z,4.470447
p02,2022-04-18T19:00:00Z,4.337954
p02,2022-04-18T20:00:00Z,5.249658
p02,2022-04-18T21:00:00Z,5.063162
p02,2022-04-18T22:00:00Z,7.109936
p02,2022-04-18T23:00:00Z,7.325717
p02,2022-04-19T00:00:00Z,8.431796
p02,2022-04-19T01:00:00Z,9.121969
p02,2022-04-19T02:00:00Z,9.692994
p02,2022-04-19T03:00:00Z,10.773828
p02,2022-04-19T04:00:00Z,11.179902
p02,2022-04-19T05:00:00Z,10.992913
p02,2022-04-19T06:00:00Z,10.800367
p02,2022-04-19T07:00:00Z,9.947047
p02,2022-04-19T08:00:00Z,10.077951
p02,2022-04-19T09:00:00Z,8.732761
p02,2022-04-19T10:00:00Z,8.457690
p02,2022-04-19T11:00:00Z,7.323250
p02,2022-04-19T12:00:00Z,6.226371
p02,2022-04-19T13:00:00Z,5.912010
p02,2022-04-19T14:00:00Z,5.992168
p02,2022-04-19T15:00:00Z,4.320211
p02,2022-04-19T16:00:00Z,5.360172
p02,2022-04-19T17:00:00Z,4.075255
p02,2022-04-19T18:00:00Z,4.544292
p02,2022-04-19T19:00:00Z,5.455990
p02,2022-04-19T20:00:00Z,5.144201
p02,2022-04-19T21:00:00Z,4.745124
p02,2022-04-19T22:00:00Z,6.981480
p02,2022-04-19T23:00:00Z,8.614072
p02,2022-04-20T00:00:00Z,7.273274
p02,2022-04-20T01:00:00Z,8.584725
p02,2022-04-20T02:00:00Z,9.294814
p02,2022-04-20T03:00:00Z,9.800791
p02,2022-04-20T04:00:00Z,10.384008
p02,2022-04-20T05:00:00Z,10.131454
p02,2022-04-20T06:00:00Z,10.032750
p02,2022-04-20T07:00:00Z,9.597291
p02,2022-04-20T08:00:00Z,9.801803
p02,2022-04-20T09:00:00Z,8.862135
p02,2022-04-20T10:00:00Z,8.402520
p02,2022-04-20T11:00:00Z,7.193237
p02,2022-04-20T12:00:00Z,6.513882
p02,2022-04-20T13:00:00Z,6.260841
p02,2022-04-20T14:00:00Z,4.989711
p02,2022-04-20T15:00:00Z,4.218297
p02,2022-04-20T16:00:00Z,4.538824
p02,2022-04-20T17:00:00Z,3.580715
p02,2022-04-20T18:00:00Z,4.697101
p02,2022-04-20T19:00:00Z,4.815611
p02,2022-04-20T20:00:00Z,5.474497
p02,2022-04-20T21:00:00Z,6.093534
p02,2022-04-20T22:00:00Z,5.831054
p02,2022-04-20T23:00:00Z,8.378217
p02,2022-04-21T00:00:00Z,7.963604
p02,2022-04-21T01:00:00Z,8.186527
p02,2022-04-21T02:00:00Z,9.213626
p02,2022-04-21T03:00:00Z,10.444500
p02,2022-04-21T04:00:00Z,10.825562
p02,2022-04-21T05:00:00Z,10.934656
p02,2022-04-21T06:00:00Z,10.495761
p02,2022-04-21T07:00:00Z,9.625798
p02,2022-04-21T08:00:00Z,9.736915
p02,2022-04-21T09:00:00Z,8.402540
p02,2022-04-21T10:00:00Z,7.742618
p02,2022-04-21T11:00:00Z,7.721720
p02,2022-04-21T12:00:00Z,6.158337
p02,2022-04-21T13:00:00Z,5.258994
p02,2022-04-21T14:00:00Z,4.528879
p02,2022-04-21T15:00:00Z,4.760597
p02,2022-04-21T16:00:00Z,4.709732
p02,2022-04-21T17:00:00Z,4.291691
p02,2022-04-21T18:00:00Z,4.817942
p02,2022-04-21T19:00:00Z,5.029127
p02,2022-04-21T20:00:00Z,3.668843
p02,2022-04-21T21:00:00Z,5.830709
p02,2022-04-21T22:00:00Z,5.118547
p02,2022-04-21T23:00:00Z,7.785382
p02,2022-04-22T00:00:00Z,8.261742
p02,2022-04-22T01:00:00Z,8.475910
p02,2022-04-22T02:00:00Z,9.345863
p02,2022-04-22T03:00:00Z,10.306627
p02,2022-04-22T04:00:00Z,9.773229
p02,2022-04-22T05:00:00Z,10.676422
p02,2022-04-22T06:00:00Z,10.332409
p02,2022-04-22T07:00:00Z,9.799985
p02,2022-04-22T08:00:00Z,9.798407
p02,2022-04-22T09:00:00Z,8.322915
p02,2022-04-22T10:00:00Z,7.707367
p02,2022-04-22T11:00:00Z,6.452739
p02,2022-04-22T12:00:00Z,6.279558
p02,2022-04-22T13:00:00Z,6.060483
p02,2022-04-22T14:00:00Z,4.292341
p02,2022-04-22T15:00:00Z,4.933255
p02,2022-04-22T16:00:00Z,4.380411
p02,2022-04-22T17:00:00Z,3.685340
p02,2022-04-22T18:00:00Z,4.288689
p02,2022-04-22T19:00:00Z,4.317248
p02,2022-04-22T20:00:00Z,5.395134
p02,2022-04-22T21:00:00Z,5.686432
p02,2022-04-22T22:00:00Z,6.472107
p02,2022-04-22T23:00:00Z,7.012494
p02,2022-04-23T00:00:00Z,7.934330
p02,2022-04-23T01:00:00Z,8.693669
p02,2022-04-23T02:00:00Z,9.054879
p02,2022-04-23T03:00:00Z,11.334555
p02,2022-04-23T04:00:00Z,10.393540
p02,2022-04-23T05:00:00Z,10.594186
p02,2022-04-23T06:00:00Z,9.820416
p02,2022-04-23T07:00:00Z,9.473377
p02,2022-04-23T08:00:00Z,8.919716
p02,2022-04-23T09:00:00Z,7.753652
p02,2022-04-23T10:00:00Z,7.399572
p02,2022-04-23T11:00:00Z,6.808234
p02,2022-04-23T12:00:00Z,6.731593
p02,2022-04-23T13:00:00Z,5.757951
p02,2022-04-23T14:00:00Z,5.701452
p02,2022-04-23T15:00:00Z,4.054868
p02,2022-04-23T16:00:00Z,4.661366
p02,2022-04-23T17:00:00Z,4.198418
p02,2022-04-23T18:00:00Z,4.168671
p02,2022-04-23T19:00:00Z,4.117838
p02,2022-04-23T20:00:00Z,4.103314
p02,2022-04-23T21:00:00Z,6.033510
p02,2022-04-23T22:00:00Z,6.315131
p02,2022-04-23T23:00:00Z,7.347051
p02,2022-04-24T00:00:00Z,6.686461
p02,2022-04-24T01:00:00Z,8.514153
p02,2022-04-24T02:00:00Z,8.904606
p02,2022-04-24T03:00:00Z,9.439985
p02,2022-04-24T04:00:00Z,10.269508
p02,2022-04-24T05:00:00Z,10.231181
p02,2022-04-24T06:00:00Z,9.670141
p02,2022-04-24T07:00:00Z,10.027078
p02,2022-04-24T08:00:00Z,8.360456
p02,2022-04-24T09:00:00Z,8.494791
p02,2022-04-24T10:00:00Z,7.122416
p02,2022-04-24T11:00:00Z,6.209781
p02,2022-04-24T12:00:00Z,6.046265
p02,2022-04-24T13:00:00Z,5.578383
p02,2022-04-24T14:00:00Z,4.015405
p02,2022-04-24T15:00:00Z,3.527835
p02,2022-04-24T16:00:00Z,3.014932
p02,2022-04-24T17:00:00Z,4.401959
p02,2022-04-24T18:00:00Z,4.564493
p02,2022-04-24T19:00:00Z,4.075210
p02,2022-04-24T20:00:00Z,5.104620
p02,2022-04-24T21:00:00Z,5.467366
p02,2022-04-24T22:00:00Z,6.082984
p02,2022-04-24T23:00:00Z,6.140713
p02,2022-04-25T00:00:00Z,8.255135
p02,2022-04-25T01:00:00Z,8.916234
p02,2022-04-25T02:00:00Z,8.902972
p02,2022-04-25T03:00:00Z,9.254019
p02,2022-04-25T04:00:00Z,9.575348
p02,2022-04-25T05:00:00Z,9.803019
p02,2022-04-25T06:00:00Z,9.499626
p02,2022-04-25T07:00:00Z,9.728568
p02,2022-04-25T08:00:00Z,8.633372
p02,2022-04-25T09:00:00Z,8.941320
p02,2022-04-25T10:00:00Z,8.229839
p02,2022-04-25T11:00:00Z,7.382174
p02,2022-04-25T12:00:00Z,6.460427
p02,2022-04-25T13:00:00Z,5.124469
p02,2022-04-25T14:00:00Z,4.421357
p02,2022-04-25T15:00:00Z,4.487358
p02,2022-04-25T16:00:00Z,3.935709
p02,2022-04-25T17:00:00Z,3.383318
p02,2022-04-25T18:00:00Z,4.284699
p02,2022-04-25T19:00:00Z,3.129981
p02,2022-04-25T20:00:00Z,4.034424
p02,2022-04-25T21:00:00Z,6.195332
p02,2022-04-25T22:00:00Z,6.878374
p02,2022-04-25T23:00:00Z,6.058645
p02,2022-04-26T00:00:00Z,7.322714
p02,2022-04-26T01:00:00Z,8.224403
p02,2022-04-26T02:00:00Z,10.006087
p02,2022-04-26T03:00:00Z,9.533252
p02,2022-04-26T04:00:00Z,9.512058
p02,2022-04-26T05:00:00Z,10.270324
p02,2022-04-26T06:00:00Z,9.525657
p02,2022-04-26T07:00:00Z,9.677594
p02,2022-04-26T08:00:00Z,9.335307
p02,2022-04-26T09:00:00Z,7.439950
p02,2022-04-26T10:00:00Z,6.968717
p02,2022-04-26T11:00:00Z,7.220683
p02,2022-04-26T12:00:00Z,6.077312
p02,2022-04-26T13:00:00Z,5.223652
p02,2022-04-26T14:00:00Z,5.248404
p02,2022-04-26T15:00:00Z,4.068537
p02,2022-04-26T16:00:00Z,4.841339
p02,2022-04-26T17:00:00Z,4.147401
p02,2022-04-26T18:00:00Z,2.592791
p02,2022-04-26T19:00:00Z,6.224366
p02,2022-04-26T20:00:00Z,4.852421
p02,2022-04-26T21:00:00Z,5.133263
p02,2022-04-26T22:00:00Z,6.532652
p02,2022-04-26T23:00:00Z,7.591812
p02,2022-04-27T00:00:00Z,6.694279
p02,2022-04-27T01:00:00Z,8.514146
p02,2022-04-27T02:00:00Z,8.673444
p02,2022-04-27T03:00:00Z,9.840376
p02,2022-04-27T04:00:00Z,9.596729
p02,2022-04-27T05:00:00Z,10.272015
p02,2022-04-27T06:00:00Z,10.883035
p02,2022-04-27T07:00:00Z,8.866372
p02,2022-04-27T08:00:00Z,8.405694
p02,2022-04-27T09:00:00Z,7.222131
p02,2022-04-27T10:00:00Z,6.598228
p02,2022-04-27T11:00:00Z,7.184241
p02,2022-04-27T12:00:00Z,6.668894
p02,2022-04-27T13:00:00Z,4.844265
p02,2022-04-27T14:00:00Z,4.711723
p02,2022-04-27T15:00:00Z,3.990064
p02,2022-04-27T16:00:00Z,2.770119
p02,2022-04-27T17:00:00Z,4.234505
p02,2022-04-27T18:00:00Z,3.086322
p02,2022-04-27T19:00:00Z,4.173032
p02,2022-04-27T20:00:00Z,5.162035
p02,2022-04-27T21:00:00Z,4.506711
p02,2022-04-27T22:00:00Z,5.539196
p02,2022-04-27T23:00:00Z,6.674329
p02,2022-04-28T00:00:00Z,6.846662
p02,2022-04-28T01:00:00Z,8.142962
p02,2022-04-28T02:00:00Z,8.700457
p02,2022-04-28T03:00:00Z,9.119017
p02,2022-04-28T04:00:00Z,9.404871
p02,2022-04-28T05:00:00Z,9.784120
p02,2022-04-28T06:00:00Z,10.197367
p02,2022-04-28T07:00:00Z,10.352805
p02,2022-04-28T08:00:00Z,8.857152
p02,2022-04-28T09:00:00Z,7.679582
p02,2022-04-28T10:00:00Z,7.052437
p02,2022-04-28T11:00:00Z,7.620578
p02,2022-04-28T12:00:00Z,5.501954
p02,2022-04-28T13:00:00Z,5.564145
p02,2022-04-28T14:00:00Z,4.081152
p02,2022-04-28T15:00:00Z,4.086258
p02,2022-04-28T16:00:00Z,2.463676
p02,2022-04-28T17:00:00Z,3.323029
p02,2022-04-28T18:00:00Z,2.778716
p02,2022-04-28T19:00:00Z,3.622248
p02,2022-04-28T20:00:00Z,4.399955
p02,2022-04-28T21:00:00Z,5.267386
p02,2022-04-28T22:00:00Z,6.475032
p02,2022-04-28T23:00:00Z,6.909590
p02,2022-04-29T00:00:00Z,6.799052
p02,2022-04-29T01:00:00Z,8.324351
p02,2022-04-29T02:00:00Z,8.933227
p02,2022-04-29T03:00:00Z,8.562017
p02,2022-04-29T04:00:00Z,9.375974
p02,2022-04-29T05:00:00Z,8.829834
p02,2022-04-29T06:00:00Z,8.543176
p02,2022-04-29T07:00:00Z,8.533229
p02,2022-04-29T08:00:00Z,8.759884
p02,2022-04-29T09:00:00Z,8.406015
p02,2022-04-29T10:00:00Z,6.805522
p02,2022-04-29T11:00:00Z,6.896533
p02,2022-04-29T12:00:00Z,5.448494
p02,2022-04-29T13:00:00Z,5.245533
p02,2022-04-29T14:00:00Z,3.968865
p02,2022-04-29T15:00:00Z,3.980196
p02,2022-04-29T16:00:00Z,2.893958
p02,2022-04-29T17:00:00Z,3.365229
p02,2022-04-29T18:00:00Z,3.584642
p02,2022-04-29T19:00:00Z,3.620994
p02,2022-04-29T20:00:00Z,2.620387
p02,2022-04-29T21:00:00Z,5.121890
p02,2022-04-29T22:00:00Z,4.307973
p02,2022-04-29T23:00:00Z,5.864516
p02,2022-04-30T00:00:00Z,7.170093
p02,2022-04-30T01:00:00Z,7.908227
p02,2022-04-30T02:00:00Z,8.668426
p02,2022-04-30T03:00:00Z,9.330838
p02,2022-04-30T04:00:00Z,9.621682
p02,2022-04-30T05:00:00Z,9.105630
p02,2022-04-30T06:00:00Z,8.766254
p02,2022-04-30T07:00:00Z,8.449674
p02,2022-04-30T08:00:00Z,9.146148
p02,2022-04-30T09:00:00Z,7.877562
p02,2022-04-30T10:00:00Z,6.250885
p02,2022-04-30T11:00:00Z,5.871035
p02,2022-04-30T12:00:00Z,4.852442
p02,2022-04-30T13:00:00Z,3.882614
p02,2022-04-30T14:00:00Z,4.035535
p02,2022-04-30T15:00:00Z,4.029979
p02,2022-04-30T16:00:00Z,2.304245
p02,2022-04-30T17:00:00Z,4.079952
p02,2022-04-30T18:00:00Z,4.140118
p02,2022-04-30T19:00:00Z,3.891061
p02,2022-04-30T20:00:00Z,4.109115
p02,2022-04-30T21:00:00Z,4.936334
p02,2022-04-30T22:00:00Z,5.696425
p02,2022-04-30T23:00:00Z,6.057514
p02,2022-05-01T00:00:00Z,6.084785
p02,2022-05-01T01:00:00Z,7.792665
p02,2022-05-01T02:00:00Z,8.069141
p02,2022-05-01T03:00:00Z,9.045129
p02,2022-05-01T04:00:00Z,8.420077
p02,2022-05-01T05:00:00Z,9.851319
p02,2022-05-01T06:00:00Z,9.191738
p02,2022-05-01T07:00:00Z,8.865972
p02,2022-05-01T08:00:00Z,8.608797
p02,2022-05-01T09:00:00Z,8.171316
p02,2022-05-01T10:00:00Z,6.279775
p02,2022-05-01T11:00:00Z,5.353366
p02,2022-05-01T12:00:00Z,5.199326
p02,2022-05-01T13:00:00Z,4.407658
p02,2022-05-01T14:00:00Z,4.028939
p02,2022-05-01T15:00:00Z,3.774896
p02,2022-05-01T16:00:00Z,2.771217
p02,2022-05-01T17:00:00Z,3.632867
p02,2022-05-01T18:00:00Z,2.621865
p02,2022-05-01T19:00:00Z,2.926377
p02,2022-05-01T20:00:00Z,4.040720
p02,2022-05-01T21:00:00Z,3.903390
p02,2022-05-01T22:00:00Z,5.294711
p02,2022-05-01T23:00:00Z,6.143778
p02,2022-05-02T00:00:00Z,6.465386
p02,2022-05-02T01:00:00Z,7.649257
p02,2022-05-02T02:00:00Z,7.969926
p02,2022-05-02T03:00:00Z,8.520434
p02,2022-05-02T04:00:00Z,8.196161
p02,2022-05-02T05:00:00Z,8.594656
p02,2022-05-02T06:00:00Z,8.689398
p02,2022-05-02T07:00:00Z,8.307070
p02,2022-05-02T08:00:00Z,7.770533
p02,2022-05-02T09:00:00Z,7.427733
p02,2022-05-02T10:00:00Z,6.027905
p02,2022-05-02T11:00:00Z,5.426255
p02,2022-05-02T12:00:00Z,4.720026
p02,2022-05-02T13:00:00Z,4.594425
p02,2022-05-02T14:00:00Z,3.524751
p02,2022-05-02T15:00:00Z,3.404828
p02,2022-05-02T16:00:00Z,2.414144
p02,2022-05-02T17:00:00Z,3.745509
p02,2022-05-02T18:00:00Z,3.859367
p02,2022-05-02T19:00:00Z,2.977378
p02,2022-05-02T20:00:00Z,3.921488
p02,2022-05-02T21:00:00Z,4.607788
p02,2022-05-02T22:00:00Z,4.877261
p02,2022-05-02T23:00:00Z,6.818788
p02,2022-05-03T00:00:00Z,7.739436
p02,2022-05-03T01:00:00Z,7.933147
p02,2022-05-03T02:00:00Z,8.057540
p02,2022-05-03T03:00:00Z,9.658089
p02,2022-05-03T04:00:00Z,9.050485
p02,2022-05-03T05:00:00Z,9.032678
p02,2022-05-03T06:00:00Z,8.934359
p02,2022-05-03T07:00:00Z,9.196898
p02,2022-05-03T08:00:00Z,7.837502
p02,2022-05-03T09:00:00Z,7.618986
p02,2022-05-03T10:00:00Z,7.059991
p02,2022-05-03T11:00:00Z,5.971937
p02,2022-05-03T12:00:00Z,4.993435
p02,2022-05-03T13:00:00Z,3.582354
p02,2022-05-03T14:00:00Z,4.261525
p02,2022-05-03T15:00:00Z,2.675024
p02,2022-05-03T16:00:00Z,3.075457
p02,2022-05-03T17:00:00Z,2.306096
p02,2022-05-03T18:00:00Z,2.867994
p02,2022-05-03T19:00:00Z,2.476731
p02,2022-05-03T20:00:00Z,3.955212
p02,2022-05-03T21:00:00Z,4.737735
p02,2022-05-03T22:00:00Z,5.087106
p02,2022-05-03T23:00:00Z,5.101735
p02,2022-05-04T00:00:00Z,6.312463
p02,2022-05-04T01:00:00Z,8.131104
p02,2022-05-04T02:00:00Z,8.739883
p02,2022-05-04T03:00:00Z,8.552678
p02,2022-05-04T04:00:00Z,8.383862
p02,2022-05-04T05:00:00Z,7.854241
p02,2022-05-04T06:00:00Z,8.514434
p02,2022-05-04T07:00:00Z,8.136293
p02,2022-05-04T08:00:00Z,8.387376
p02,2022-05-04T09:00:00Z,7.481212
p02,2022-05-04T10:00:00Z,6.986785
p02,2022-05-04T11:00:00Z,5.267846
p02,2022-05-04T12:00:00Z,4.846089
p02,2022-05-04T13:00:00Z,3.395106
p02,2022-05-04T14:00:00Z,4.465567
p02,2022-05-04T15:00:00Z,3.365158
p02,2022-05-04T16:00:00Z,2.177148
p02,2022-05-04T17:00:00Z,2.843877
p02,2022-05-04T18:00:00Z,2.213929
p02,2022-05-04T19:00:00Z,2.502683
p02,2022-05-04T20:00:00Z,3.973250
p02,2022-05-04T21:00:00Z,4.630633
p02,2022-05-04T22:00:00Z,4.317718
p02,2022-05-04T23:00:00Z,4.523524
p02,2022-05-05T00:00:00Z,6.143738
p02,2022-05-05T01:00:00Z,7.774667
p02,2022-05-05T02:00:00Z,7.274811
p02,2022-05-05T03:00:00Z,8.878801
p02,2022-05-05T04:00:00Z,7.723192
p02,2022-05-05T05:00:00Z,9.335777
p02,2022-05-05T06:00:00Z,7.422315
p02,2022-05-05T07:00:00Z,8.591926
p02,2022-05-05T08:00:00Z,7.725365
p02,2022-05-05T09:00:00Z,7.350535
p02,2022-05-05T10:00:00Z,6.343178
p02,2022-05-05T11:00:00Z,5.504444
p02,2022-05-05T12:00:00Z,4.654052
p02,2022-05-05T13:00:00Z,4.469125
p02,2022-05-05T14:00:00Z,3.769493
p02,2022-05-05T15:00:00Z,3.361182
p02,2022-05-05T16:00:00Z,3.093214
p02,2022-05-05T17:00:00Z,2.384889
p02,2022-05-05T18:00:00Z,2.682237
p02,2022-05-05T19:00:00Z,3.350180
p02,2022-05-05T20:00:00Z,3.240975
p02,2022-05-05T21:00:00Z,4.786096
p02,2022-05-05T22:00:00Z,5.393564
p02,2022-05-05T23:00:00Z,5.725736
p02,2022-05-06T00:00:00Z,6.491869
p02,2022-05-06T01:00:00Z,7.576206
p02,2022-05-06T02:00:00Z,7.678476
p02,2022-05-06T03:00:00Z,9.416963
p02,2022-05-06T04:00:00Z,8.512847
p02,2022-05-06T05:00:00Z,9.254922
p02,2022-05-06T06:00:00Z,9.270124
p02,2022-05-06T07:00:00Z,8.062344
p02,2022-05-06T08:00:00Z,7.515488
p02,2022-05-06T09:00:00Z,7.472415
p02,2022-05-06T10:00:00Z,6.238897
p02,2022-05-06T11:00:00Z,4.558811
p02,2022-05-06T12:00:00Z,3.587791
p02,2022-05-06T13:00:00Z,3.770534
p02,2022-05-06T14:00:00Z,4.275545
p02,2022-05-06T15:00:00Z,2.776051
p02,2022-05-06T16:00:00Z,2.888373
p02,2022-05-06T17:00:00Z,2.526168
p02,2022-05-06T18:00:00Z,2.234596
p02,2022-05-06T19:00:00Z,3.220191
p02,2022-05-06T20:00:00Z,3.473390
p02,2022-05-06T21:00:00Z,2.777779
p02,2022-05-06T22:00:00Z,5.799573
p02,2022-05-06T23:00:00Z,5.160182
p02,2022-05-07T00:00:00Z,6.154148
p02,2022-05-07T01:00:00Z,6.554637
p02,2022-05-07T02:00:00Z,7.668571
p02,2022-05-07T03:00:00Z,9.006614
p02,2022-05-07T04:00:00Z,8.120875
p02,2022-05-07T05:00:00Z,8.053693
p02,2022-05-07T06:00:00Z,8.912401
p02,2022-05-07T07:00:00Z,7.836898
p02,2022-05-07T08:00:00Z,7.391414
p02,2022-05-07T09:00:00Z,7.428216
p02,2022-05-07T10:00:00Z,5.718624
p02,2022-05-07T11:00:00Z,5.112155
p02,2022-05-07T12:00:00Z,4.978174
p02,2022-05-07T13:00:00Z,3.668698
p02,2022-05-07T14:00:00Z,3.098833
p02,2022-05-07T15:00:00Z,2.804468
p02,2022-05-07T16:00:00Z,2.095829
p02,2022-05-07T17:00:00Z,2.030300
p02,2022-05-07T18:00:00Z,2.266703
p02,2022-05-07T19:00:00Z,2.746565
p02,2022-05-07T20:00:00Z,3.977555
p02,2022-05-07T21:00:00Z,4.150734
p02,2022-05-07T22:00:00Z,5.033773
p02,2022-05-07T23:00:00Z,4.732025
p02,2022-05-08T00:00:00Z,6.573065
p02,2022-05-08T01:00:00Z,6.334810
p02,2022-05-08T02:00:00Z,6.752747
p02,2022-05-08T03:00:00Z,8.213621
p02,2022-05-08T04:00:00Z,8.536724
p02,2022-05-08T05:00:00Z,7.767362
p02,2022-05-08T06:00:00Z,8.432627
p02,2022-05-08T07:00:00Z,8.450610
p02,2022-05-08T08:00:00Z,7.735963
p02,2022-05-08T09:00:00Z,6.846606
p02,2022-05-08T10:00:00Z,6.079482
p02,2022-05-08T11:00:00Z,4.737717
p02,2022-05-08T12:00:00Z,4.902975
p02,2022-05-08T13:00:00Z,3.926651
p02,2022-05-08T14:00:00Z,3.370861
p02,2022-05-08T15:00:00Z,3.043222
p02,2022-05-08T16:00:00Z,2.204680
p02,2022-05-08T17:00:00Z,1.756477
p02,2022-05-08T18:00:00Z,2.027978
p02,2022-05-08T19:00:00Z,2.004481
p02,2022-05-08T20:00:00Z,3.694779
p02,2022-05-08T21:00:00Z,3.980465
p02,2022-05-08T22:00:00Z,4.020799
p02,2022-05-08T23:00:00Z,4.931577
p02,2022-05-09T00:00:00Z,5.467861
p02,2022-05-09T01:00:00Z,6.642802
p02,2022-05-09T02:00:00Z,7.440668
p02,2022-05-09T03:00:00Z,7.860138
p02,2022-05-09T04:00:00Z,7.908662
p02,2022-05-09T05:00:00Z,8.190002
p02,2022-05-09T06:00:00Z,7.096015
p02,2022-05-09T07:00:00Z,7.064408
p02,2022-05-09T08:00:00Z,6.951879
p02,2022-05-09T09:00:00Z,6.856846
p02,2022-05-09T10:00:00Z,5.656056
p02,2022-05-09T11:00:00Z,4.446424
p02,2022-05-09T12:00:00Z,4.700859
p02,2022-05-09T13:00:00Z,3.422592
p02,2022-05-09T14:00:00Z,3.491200
p02,2022-05-09T15:00:00Z,2.836707
p02,2022-05-09T16:00:00Z,1.808065
p02,2022-05-09T17:00:00Z,1.426599
p02,2022-05-09T18:00:00Z,1.383575
p02,2022-05-09T19:00:00Z,2.546823
p02,2022-05-09T20:00:00Z,4.237515
p02,2022-05-09T21:00:00Z,4.150143
p02,2022-05-09T22:00:00Z,4.419995
p02,2022-05-09T23:00:00Z,4.693604
p02,2022-05-10T00:00:00Z,6.116024
p02,2022-05-10T01:00:00Z,6.574367
p02,2022-05-10T02:00:00Z,6.583629
p02,2022-05-10T03:00:00Z,8.575661
p02,2022-05-10T04:00:00Z,8.162840
p02,2022-05-10T05:00:00Z,7.432945
p02,2022-05-10T06:00:00Z,7.805421
p02,2022-05-10T07:00:00Z,6.608465
p02,2022-05-10T08:00:00Z,7.271881
p02,2022-05-10T09:00:00Z,6.143941
p02,2022-05-10T10:00:00Z,5.100728
p02,2022-05-10T11:00:00Z,5.275659
p02,2022-05-10T12:00:00Z,4.272375
p02,2022-05-10T13:00:00Z,4.137862
p02,2022-05-10T14:00:00Z,2.879894
p02,2022-05-10T15:00:00Z,2.602079
p02,2022-05-10T16:00:00Z,2.041077
p02,2022-05-10T17:00:00Z,2.845894
p02,2022-05-10T18:00:00Z,1.826567
p02,2022-05-10T19:00:00Z,2.675449
p02,2022-05-10T20:00:00Z,2.348472
p02,2022-05-10T21:00:00Z,2.835021
p02,2022-05-10T22:00:00Z,4.311269
p02,2022-05-10T23:00:00Z,3.977881
p02,2022-05-11T00:00:00Z,5.874621
p02,2022-05-11T01:00:00Z,7.041793
p02,2022-05-11T02:00:00Z,6.475217
p02,2022-05-11T03:00:00Z,7.227380
p02,2022-05-11T04:00:00Z,7.830935
p02,2022-05-11T05:00:00Z,7.548111
p02,2022-05-11T06:00:00Z,6.970886
p02,2022-05-11T07:00:00Z,7.291849
p02,2022-05-11T08:00:00Z,7.066181
p02,2022-05-11T09:00:00Z,6.779182
p02,2022-05-11T10:00:00Z,5.808057
p02,2022-05-11T11:00:00Z,5.291762
p02,2022-05-11T12:00:00Z,3.282589
p02,2022-05-11T13:00:00Z,3.142352
p02,2022-05-11T14:00:00Z,1.606479
p02,2022-05-11T15:00:00Z,2.300966
p02,2022-05-11T16:00:00Z,2.803563
p02,2022-05-11T17:00:00Z,1.203524
p02,2022-05-11T18:00:00Z,2.138866
p02,2022-05-11T19:00:00Z,2.367637
p02,2022-05-11T20:00:00Z,2.672582
p02,2022-05-11T21:00:00Z,3.541882
p02,2022-05-11T22:00:00Z,3.368521
p02,2022-05-11T23:00:00Z,4.754948
p02,2022-05-12T00:00:00Z,6.026342
p02,2022-05-12T01:00:00Z,6.186487
p02,2022-05-12T02:00:00Z,6.977508
p02,2022-05-12T03:00:00Z,8.399577
p02,2022-05-12T04:00:00Z,8.189076
p02,2022-05-12T05:00:00Z,8.545576
p02,2022-05-12T06:00:00Z,8.056168
p02,2022-05-12T07:00:00Z,8.016932
p02,2022-05-12T08:00:00Z,6.493226
p02,2022-05-12T09:00:00Z,6.395102
p02,2022-05-12T10:00:00Z,5.729635
p02,2022-05-12T11:00:00Z,5.132219
p02,2022-05-12T12:00:00Z,3.741977
p02,2022-05-12T13:00:00Z,2.622873
p02,2022-05-12T14:00:00Z,2.695636
p02,2022-05-12T15:00:00Z,1.825286
p02,2022-05-12T16:00:00Z,1.333507
p02,2022-05-12T17:00:00Z,2.216949
p02,2022-05-12T18:00:00Z,1.757364
p02,2022-05-12T19:00:00Z,3.092297
p02,2022-05-12T20:00:00Z,2.186010
p02,2022-05-12T21:00:00Z,3.192415
p02,2022-05-12T22:00:00Z,4.045189
p02,2022-05-12T23:00:00Z,5.145799
p02,2022-05-13T00:00:00Z,5.507903
p02,2022-05-13T01:00:00Z,5.857688
p02,2022-05-13T02:00:00Z,6.800633
p02,2022-05-13T03:00:00Z,7.018386
p02,2022-05-13T04:00:00Z,7.897642
p02,2022-05-13T05:00:00Z,7.641786
p02,2022-05-13T06:00:00Z,7.122497
p02,2022-05-13T07:00:00Z,7.299974
p02,2022-05-13T08:00:00Z,6.772146
p02,2022-05-13T09:00:00Z,6.196858
p02,2022-05-13T10:00:00Z,5.244983
p02,2022-05-13T11:00:00Z,4.855107
p02,2022-05-13T12:00:00Z,3.572980
p02,2022-05-13T13:00:00Z,3.256427
p02,2022-05-13T14:00:00Z,2.136787
p02,2022-05-13T15:00:00Z,2.034251
p02,2022-05-13T16:00:00Z,0.670878
p02,2022-05-13T17:00:00Z,0.956127
p02,2022-05-13T18:00:00Z,2.096880
p02,2022-05-13T19:00:00Z,2.125252
p02,2022-05-13T20:00:00Z,2.805877
p02,2022-05-13T21:00:00Z,2.433674
p02,2022-05-13T22:00:00Z,4.167993
p02,2022-05-13T23:00:00Z,4.423847
p02,2022-05-14T00:00:00Z,5.332736
p02,2022-05-14T01:00:00Z,5.812149
p02,2022-05-14T02:00:00Z,6.840492
p02,2022-05-14T03:00:00Z,7.322644
p02,2022-05-14T04:00:00Z,7.872311
p02,2022-05-14T05:00:00Z,7.309102
p02,2022-05-14T06:00:00Z,7.847025
p02,2022-05-14T07:00:00Z,7.446031
p02,2022-05-14T08:00:00Z,6.076951
p02,2022-05-14T09:00:00Z,6.069827
p02,2022-05-14T10:00:00Z,5.211019
p02,2022-05-14T11:00:00Z,3.935781
p02,2022-05-14T12:00:00Z,3.884934
p02,2022-05-14T13:00:00Z,2.899040
p02,2022-05-14T14:00:00Z,3.004079
p02,2022-05-14T15:00:00Z,1.940967
p02,2022-05-14T16:00:00Z,1.614179
p02,2022-05-14T17:00:00Z,1.311161
p02,2022-05-14T18:00:00Z,1.948439
p02,2022-05-14T19:00:00Z,2.061557
p02,2022-05-14T20:00:00Z,2.126639
p02,2022-05-14T21:00:00Z,2.666884
p02,2022-05-14T22:00:00Z,3.448922
p02,2022-05-14T23:00:00Z,4.119441
p02,2022-05-15T00:00:00Z,5.373738
p02,2022-05-15T01:00:00Z,6.034119
p02,2022-05-15T02:00:00Z,6.480732
p02,2022-05-15T03:00:00Z,6.520092
p02,2022-05-15T04:00:00Z,7.667107
p02,2022-05-15T05:00:00Z,7.702806
p02,2022-05-15T06:00:00Z,7.178950
p02,2022-05-15T07:00:00Z,7.509735
p02,2022-05-15T08:00:00Z,5.151049
p02,2022-05-15T09:00:00Z,5.523760
p02,2022-05-15T10:00:00Z,5.809113
p02,2022-05-15T11:00:00Z,4.540758
p02,2022-05-15T12:00:00Z,4.692022
p02,2022-05-15T13:00:00Z,3.092699
p02,2022-05-15T14:00:00Z,2.943364
p02,2022-05-15T15:00:00Z,1.252190
p02,2022-05-15T16:00:00Z,1.040826
p02,2022-05-15T17:00:00Z,1.262752
p02,2022-05-15T18:00:00Z,0.706798
p02,2022-05-15T19:00:00Z,2.208713
p02,2022-05-15T20:00:00Z,2.336855
p02,2022-05-15T21:00:00Z,2.795422
p02,2022-05-15T22:00:00Z,4.492169
p02,2022-05-15T23:00:00Z,4.604764
p02,2022-05-16T00:00:00Z,5.452524
p02,2022-05-16T01:00:00Z,5.177386
p02,2022-05-16T02:00:00Z,6.368311
p02,2022-05-16T03:00:00Z,6.938776
p02,2022-05-16T04:00:00Z,7.775433
p02,2022-05-16T05:00:00Z,7.589410
p02,2022-05-16T06:00:00Z,6.717010
p02,2022-05-16T07:00:00Z,6.645938
p02,2022-05-16T08:00:00Z,6.837671
p02,2022-05-16T09:00:00Z,5.823687
p02,2022-05-16T10:00:00Z,4.646825
p02,2022-05-16T11:00:00Z,3.906175
p02,2022-05-16T12:00:00Z,3.148029
p02,2022-05-16T13:00:00Z,2.796534
p02,2022-05-16T14:00:00Z,2.533898
p02,2022-05-16T15:00:00Z,1.487451
p02,2022-05-16T16:00:00Z,0.875486
p02,2022-05-16T17:00:00Z,1.747807
p02,2022-05-16T18:00:00Z,1.018649
p02,2022-05-16T19:00:00Z,1.428139
p02,2022-05-16T20:00:00Z,2.336241
p02,2022-05-16T21:00:00Z,2.935412
p02,2022-05-16T22:00:00Z,3.636624
p02,2022-05-16T23:00:00Z,4.892073
p02,2022-05-17T00:00:00Z,5.264953
p02,2022-05-17T01:00:00Z,5.413682
p02,2022-05-17T02:00:00Z,6.037200
p02,2022-05-17T03:00:00Z,6.968822
p02,2022-05-17T04:00:00Z,7.147100
p02,2022-05-17T05:00:00Z,7.096761
p02,2022-05-17T06:00:00Z,7.170665
p02,2022-05-17T07:00:00Z,6.436781
p02,2022-05-17T08:00:00Z,6.017523
p02,2022-05-17T09:00:00Z,4.144087
p02,2022-05-17T10:00:00Z,4.852262
p02,2022-05-17T11:00:00Z,4.367007
p02,2022-05-17T12:00:00Z,3.123201
p02,2022-05-17T13:00:00Z,1.334130
p02,2022-05-17T14:00:00Z,2.146701
p02,2022-05-17T15:00:00Z,1.037791
p02,2022-05-17T16:00:00Z,1.287761
p02,2022-05-17T17:00:00Z,0.321704
p02,2022-05-17T18:00:00Z,1.140790
p02,2022-05-17T19:00:00Z,0.170214
p02,2022-05-17T20:00:00Z,2.484141
p02,2022-05-17T21:00:00Z,2.187857
p02,2022-05-17T22:00:00Z,3.016380
p02,2022-05-17T23:00:00Z,3.163091
p02,2022-05-18T00:00:00Z,4.764721
p02,2022-05-18T01:00:00Z,5.956573
p02,2022-05-18T02:00:00Z,5.893224
p02,2022-05-18T03:00:00Z,6.821165
p02,2022-05-18T04:00:00Z,6.664019
p02,2022-05-18T05:00:00Z,7.120488
p02,2022-05-18T06:00:00Z,7.449692
p02,2022-05-18T07:00:00Z,7.189071
p02,2022-05-18T08:00:00Z,6.248713
p02,2022-05-18T09:00:00Z,5.325669
p02,2022-05-18T10:00:00Z,3.835938
p02,2022-05-18T11:00:00Z,4.188201
p02,2022-05-18T12:00:00Z,3.358570
p02,2022-05-18T13:00:00Z,2.432875
p02,2022-05-18T14:00:00Z,2.053595
p02,2022-05-18T15:00:00Z,0.837765
p02,2022-05-18T16:00:00Z,1.519873
p02,2022-05-18T17:00:00Z,1.353474
p02,2022-05-18T18:00:00Z,1.191225
p02,2022-05-18T19:00:00Z,1.674488
p02,2022-05-18T20:00:00Z,2.630699
p02,2022-05-18T21:00:00Z,3.286940
p02,2022-05-18T22:00:00Z,2.918972
p02,2022-05-18T23:00:00Z,4.032304
p02,2022-05-19T00:00:00Z,4.934733
p02,2022-05-19T01:00:00Z,5.083931
p02,2022-05-19T02:00:00Z,5.644397
p02,2022-05-19T03:00:00Z,6.071435
p02,2022-05-19T04:00:00Z,6.822552
p02,2022-05-19T05:00:00Z,7.087859
p02,2022-05-19T06:00:00Z,7.064677
p02,2022-05-19T07:00:00Z,5.849010
p02,2022-05-19T08:00:00Z,6.287494
p02,2022-05-19T09:00:00Z,5.160383
p02,2022-05-19T10:00:00Z,4.077375
p02,2022-05-19T11:00:00Z,4.271041
p02,2022-05-19T12:00:00Z,2.686048
p02,2022-05-19T13:00:00Z,2.663514
p02,2022-05-19T14:00:00Z,0.853049
p02,2022-05-19T15:00:00Z,1.868795
p02,2022-05-19T16:00:00Z,1.340437
p02,2022-05-19T17:00:00Z,1.151284
p02,2022-05-19T18:00:00Z,1.274905
p02,2022-05-19T19:00:00Z,1.066569
p02,2022-05-19T20:00:00Z,1.917032
p02,2022-05-19T21:00:00Z,2.171734
p02,2022-05-19T22:00:00Z,2.536267
p02,2022-05-19T23:00:00Z,3.273873
p02,2022-05-20T00:00:00Z,3.925208
p02,2022-05-20T01:00:00Z,5.336883
p02,2022-05-20T02:00:00Z,6.103204
p02,2022-05-20T03:00:00Z,5.976536
p02,2022-05-20T04:00:00Z,7.361069
p02,2022-05-20T05:00:00Z,6.908391
p02,2022-05-20T06:00:00Z,7.187971
p02,2022-05-20T07:00:00Z,6.473839
p02,2022-05-20T08:00:00Z,5.130528
p02,2022-05-20T09:00:00Z,5.133024
p02,2022-05-20T10:00:00Z,4.096952
p02,2022-05-20T11:00:00Z,3.663425
p02,2022-05-20T12:00:00Z,3.005425
p02,2022-05-20T13:00:00Z,2.927377
p02,2022-05-20T14:00:00Z,0.745773
p02,2022-05-20T15:00:00Z,0.548686
p02,2022-05-20T16:00:00Z,1.106347
p02,2022-05-20T17:00:00Z,0.955135
p02,2022-05-20T18:00:00Z,0.617551
p02,2022-05-20T19:00:00Z,1.366533
p02,2022-05-20T20:00:00Z,1.565161
p02,2022-05-20T21:00:00Z,2.296757
p02,2022-05-20T22:00:00Z,3.094937
p02,2022-05-20T23:00:00Z,4.103374
p02,2022-05-21T00:00:00Z,4.987538
p02,2022-05-21T01:00:00Z,4.568802
p02,2022-05-21T02:00:00Z,5.471986
p02,2022-05-21T03:00:00Z,5.997471
p02,2022-05-21T04:00:00Z,6.114004
p02,2022-05-21T05:00:00Z,6.370835
p02,2022-05-21T06:00:00Z,6.012550
p02,2022-05-21T07:00:00Z,6.152081
p02,2022-05-21T08:00:00Z,6.257651
p02,2022-05-21T09:00:00Z,4.840045
p02,2022-05-21T10:00:00Z,4.821628
p02,2022-05-21T11:00:00Z,3.402742
p02,2022-05-21T12:00:00Z,2.638620
p02,2022-05-21T13:00:00Z,1.611729
p02,2022-05-21T14:00:00Z,1.369432
p02,2022-05-21T15:00:00Z,0.133977
p02,2022-05-21T16:00:00Z,1.108297
p02,2022-05-21T17:00:00Z,2.031211
p02,2022-05-21T18:00:00Z,0.909213
p02,2022-05-21T19:00:00Z,0.873334
p02,2022-05-21T20:00:00Z,1.958105
p02,2022-05-21T21:00:00Z,2.132725
p02,2022-05-21T22:00:00Z,3.329868
p02,2022-05-21T23:00:00Z,3.483471
p02,2022-05-22T00:00:00Z,4.277858
p02,2022-05-22T01:00:00Z,4.662631
p02,2022-05-22T02:00:00Z,5.460771
p02,2022-05-22T03:00:00Z,7.153404
p02,2022-05-22T04:00:00Z,6.094229
p02,2022-05-22T05:00:00Z,7.041817
p02,2022-05-22T06:00:00Z,6.494994
p02,2022-05-22T07:00:00Z,6.176979
p02,2022-05-22T08:00:00Z,5.830166
p02,2022-05-22T09:00:00Z,5.247413
p02,2022-05-22T10:00:00Z,3.647921
p02,2022-05-22T11:00:00Z,4.841002
p02,2022-05-22T12:00:00Z,2.231419
p02,2022-05-22T13:00:00Z,2.979316
p02,2022-05-22T14:00:00Z,0.963370
p02,2022-05-22T15:00:00Z,0.864791
p02,2022-05-22T16:00:00Z,0.627378
p02,2022-05-22T17:00:00Z,0.628310
p02,2022-05-22T18:00:00Z,0.211190
p02,2022-05-22T19:00:00Z,0.806963
p02,2022-05-22T20:00:00Z,1.183306
p02,2022-05-22T21:00:00Z,2.781301
p02,2022-05-22T22:00:00Z,3.589529
p02,2022-05-22T23:00:00Z,3.122840
p02,2022-05-23T00:00:00Z,4.410531
p02,2022-05-23T01:00:00Z,4.569833
p02,2022-05-23T02:00:00Z,5.236295
p02,2022-05-23T03:00:00Z,5.307603
p02,2022-05-23T04:00:00Z,5.977199
p02,2022-05-23T05:00:00Z,6.958616
p02,2022-05-23T06:00:00Z,5.989345
p02,2022-05-23T07:00:00Z,6.076473
p02,2022-05-23T08:00:00Z,4.709949
p02,2022-05-23T09:00:00Z,4.235432
p02,2022-05-23T10:00:00Z,5.675647
p02,2022-05-23T11:00:00Z,2.848832
p02,2022-05-23T12:00:00Z,2.952287
p02,2022-05-23T13:00:00Z,1.608929
p02,2022-05-23T14:00:00Z,0.883547
p02,2022-05-23T15:00:00Z,0.333322
p02,2022-05-23T16:00:00Z,1.507327
p02,2022-05-23T17:00:00Z,-0.032316
p02,2022-05-23T18:00:00Z,0.905252
p02,2022-05-23T19:00:00Z,0.809720
p02,2022-05-23T20:00:00Z,0.985357
p02,2022-05-23T21:00:00Z,0.943060
p02,2022-05-23T22:00:00Z,2.679857
p02,2022-05-23T23:00:00Z,3.420858
p02,2022-05-24T00:00:00Z,4.064662
p02,2022-05-24T01:00:00Z,4.444128
p02,2022-05-24T02:00:00Z,5.063755
p02,2022-05-24T03:00:00Z,5.947749
p02,2022-05-24T04:00:00Z,6.780523
p02,2022-05-24T05:00:00Z,6.499627
p02,2022-05-24T06:00:00Z,6.434336
p02,2022-05-24T07:00:00Z,6.279788
p02,2022-05-24T08:00:00Z,5.431121
p02,2022-05-24T09:00:00Z,4.194979
p02,2022-05-24T10:00:00Z,4.318739
p02,2022-05-24T11:00:00Z,3.820114
p02,2022-05-24T12:00:00Z,2.256199
p02,2022-05-24T13:00:00Z,1.254380
p02,2022-05-24T14:00:00Z,0.931282
p02,2022-05-24T15:00:00Z,0.349469
p02,2022-05-24T16:00:00Z,0.094333
p02,2022-05-24T17:00:00Z,0.162635
p02,2022-05-24T18:00:00Z,0.667259
p02,2022-05-24T19:00:00Z,0.780440
p02,2022-05-24T20:00:00Z,1.556416
p02,2022-05-24T21:00:00Z,1.795230
p02,2022-05-24T22:00:00Z,2.818424
p02,2022-05-24T23:00:00Z,2.478568
p02,2022-05-25T00:00:00Z,4.351520
p02,2022-05-25T01:00:00Z,5.351411
p02,2022-05-25T02:00:00Z,6.182380
p02,2022-05-25T03:00:00Z,5.480919
p02,2022-05-25T04:00:00Z,6.000318
p02,2022-05-25T05:00:00Z,7.058530
p02,2022-05-25T06:00:00Z,5.391550
p02,2022-05-25T07:00:00Z,6.351923
p02,2022-05-25T08:00:00Z,5.714464
p02,2022-05-25T09:00:00Z,4.212989
p02,2022-05-25T10:00:00Z,4.193017
p02,2022-05-25T11:00:00Z,1.753252
p02,2022-05-25T12:00:00Z,1.812746
p02,2022-05-25T13:00:00Z,0.582984
p02,2022-05-25T14:00:00Z,1.145742
p02,2022-05-25T15:00:00Z,0.909604
p02,2022-05-25T16:00:00Z,0.414635
p02,2022-05-25T17:00:00Z,0.688524
p02,2022-05-25T18:00:00Z,0.433509
p02,2022-05-25T19:00:00Z,0.622515
p02,2022-05-25T20:00:00Z,0.701444
p02,2022-05-25T21:00:00Z,1.211668
p02,2022-05-25T22:00:00Z,2.971669
p02,2022-05-25T23:00:00Z,3.125781
p02,2022-05-26T00:00:00Z,4.132447
p02,2022-05-26T01:00:00Z,4.758976
p02,2022-05-26T02:00:00Z,4.234234
p02,2022-05-26T03:00:00Z,6.010670
p02,2022-05-26T04:00:00Z,6.555448
p02,2022-05-26T05:00:00Z,4.871412
p02,2022-05-26T06:00:00Z,6.153993
p02,2022-05-26T07:00:00Z,6.088821
p02,2022-05-26T08:00:00Z,5.122386
p02,2022-05-26T09:00:00Z,4.796103
p02,2022-05-26T10:00:00Z,4.568473
p02,2022-05-26T11:00:00Z,3.181355
p02,2022-05-26T12:00:00Z,1.730185
p02,2022-05-26T13:00:00Z,2.159156
p02,2022-05-26T14:00:00Z,1.332656
p02,2022-05-26T15:00:00Z,0.820199
p02,2022-05-26T16:00:00Z,-1.238025
p02,2022-05-26T17:00:00Z,-0.242174
p02,2022-05-26T18:00:00Z,-1.340647
p02,2022-05-26T19:00:00Z,0.008363
p02,2022-05-26T20:00:00Z,0.325940
p02,2022-05-26T21:00:00Z,0.392930
p02,2022-05-26T22:00:00Z,2.917955
p02,2022-05-26T23:00:00Z,1.712395
p02,2022-05-27T00:00:00Z,3.964014
p02,2022-05-27T01:00:00Z,5.217620
p02,2022-05-27T02:00:00Z,4.873299
p02,2022-05-27T03:00:00Z,5.223230
p02,2022-05-27T04:00:00Z,5.268911
p02,2022-05-27T05:00:00Z,5.894006
p02,2022-05-27T06:00:00Z,6.122807
p02,2022-05-27T07:00:00Z,4.963718
p02,2022-05-27T08:00:00Z,4.166132
p02,2022-05-27T09:00:00Z,4.259873
p02,2022-05-27T10:00:00Z,2.993176
p02,2022-05-27T11:00:00Z,2.105069
p02,2022-05-27T12:00:00Z,1.429931
p02,2022-05-27T13:00:00Z,1.659360
p02,2022-05-27T14:00:00Z,1.448999
p02,2022-05-27T15:00:00Z,-0.386733
p02,2022-05-27T16:00:00Z,-0.404698
p02,2022-05-27T17:00:00Z,-0.809967
p02,2022-05-27T18:00:00Z,0.971216
p02,2022-05-27T19:00:00Z,-0.618130
p02,2022-05-27T20:00:00Z,0.044870
p02,2022-05-27T21:00:00Z,0.791152
p02,2022-05-27T22:00:00Z,1.801783
p02,2022-05-27T23:00:00Z,2.281355
p02,2022-05-28T00:00:00Z,4.165291
p02,2022-05-28T01:00:00Z,4.221688
p02,2022-05-28T02:00:00Z,5.209294
p02,2022-05-28T03:00:00Z,5.369165
p02,2022-05-28T04:00:00Z,4.906185
p02,2022-05-28T05:00:00Z,5.356665
p02,2022-05-28T06:00:00Z,4.305259
p02,2022-05-28T07:00:00Z,4.618909
p02,2022-05-28T08:00:00Z,5.028595
p02,2022-05-28T09:00:00Z,2.616963
p02,2022-05-28T10:00:00Z,3.188685
p02,2022-05-28T11:00:00Z,3.239375
p02,2022-05-28T12:00:00Z,1.629891
p02,2022-05-28T13:00:00Z,1.104564
p02,2022-05-28T14:00:00Z,1.068971
p02,2022-05-28T15:00:00Z,-0.556576
p02,2022-05-28T16:00:00Z,-0.900535
p02,2022-05-28T17:00:00Z,0.371040
p02,2022-05-28T18:00:00Z,0.521094
p02,2022-05-28T19:00:00Z,-0.115495
p02,2022-05-28T20:00:00Z,0.120088
p02,2022-05-28T21:00:00Z,1.855884
p02,2022-05-28T22:00:00Z,1.907445
p02,2022-05-28T23:00:00Z,2.859353
p02,2022-05-29T00:00:00Z,3.848100
p02,2022-05-29T01:00:00Z,4.182121
p02,2022-05-29T02:00:00Z,4.134261
p02,2022-05-29T03:00:00Z,5.267855
p02,2022-05-29T04:00:00Z,5.208658
p02,2022-05-29T05:00:00Z,5.291892
p02,2022-05-29T06:00:00Z,5.452558
p02,2022-05-29T07:00:00Z,5.188814
p02,2022-05-29T08:00:00Z,3.931353
p02,2022-05-29T09:00:00Z,4.457725
p02,2022-05-29T10:00:00Z,3.245962
p02,2022-05-29T11:00:00Z,2.624060
p02,2022-05-29T12:00:00Z,2.056765
p02,2022-05-29T13:00:00Z,1.106619
p02,2022-05-29T14:00:00Z,-0.022427
p02,2022-05-29T15:00:00Z,-0.118073
p02,2022-05-29T16:00:00Z,-0.080182
p02,2022-05-29T17:00:00Z,0.214068
p02,2022-05-29T18:00:00Z,-0.622130
p02,2022-05-29T19:00:00Z,0.213371
p02,2022-05-29T20:00:00Z,-0.059982
p02,2022-05-29T21:00:00Z,1.266698
p02,2022-05-29T22:00:00Z,1.376999
p02,2022-05-29T23:00:00Z,1.836022
p02,2022-05-30T00:00:00Z,3.430066
p02,2022-05-30T01:00:00Z,3.652295
p02,2022-05-30T02:00:00Z,4.271973
p02,2022-05-30T03:00:00Z,4.577519
p02,2022-05-30T04:00:00Z,4.340027
p02,2022-05-30T05:00:00Z,4.487431
p02,2022-05-30T06:00:00Z,5.835905
p02,2022-05-30T07:00:00Z,4.835847
p02,2022-05-30T08:00:00Z,3.776753
p02,2022-05-30T09:00:00Z,4.056956
p02,2022-05-30T10:00:00Z,3.348097
p02,2022-05-30T11:00:00Z,1.895661
p02,2022-05-30T12:00:00Z,2.313047
p02,2022-05-30T13:00:00Z,0.817637
p02,2022-05-30T14:00:00Z,0.427832
p02,2022-05-30T15:00:00Z,0.072613
p02,2022-05-30T16:00:00Z,-0.646894
p02,2022-05-30T17:00:00Z,-0.295436
p02,2022-05-30T18:00:00Z,-1.167676
p02,2022-05-30T19:00:00Z,-0.550324
p02,2022-05-30T20:00:00Z,-0.064403
p02,2022-05-30T21:00:00Z,0.374100
p02,2022-05-30T22:00:00Z,1.967325
p02,2022-05-30T23:00:00Z,2.436527
p02,2022-05-31T00:00:00Z,3.912831
p02,2022-05-31T01:00:00Z,3.769178
p02,2022-05-31T02:00:00Z,4.054251
p02,2022-05-31T03:00:00Z,4.935640
p02,2022-05-31T04:00:00Z,5.558659
p02,2022-05-31T05:00:00Z,4.860739
p02,2022-05-31T06:00:00Z,5.224332
p02,2022-05-31T07:00:00Z,4.355842
p02,2022-05-31T08:00:00Z,4.123903
p02,2022-05-31T09:00:00Z,3.594178
p02,2022-05-31T10:00:00Z,3.089616
p02,2022-05-31T11:00:00Z,3.362591
p02,2022-05-31T12:00:00Z,1.504493
p02,2022-05-31T13:00:00Z,0.840818
p02,2022-05-31T14:00:00Z,0.190295
p02,2022-05-31T15:00:00Z,-0.404072
p02,2022-05-31T16:00:00Z,-0.584787
p02,2022-05-31T17:00:00Z,-1.521166
p02,2022-05-31T18:00:00Z,-0.455780
p02,2022-05-31T19:00:00Z,-0.893361
p02,2022-05-31T20:00:00Z,0.292537
p02,2022-05-31T21:00:00Z,-0.069258
p02,2022-05-31T22:00:00Z,1.471784
p02,2022-05-31T23:00:00Z,2.242202
p02,2022-06-01T00:00:00Z,2.128418
p02,2022-06-01T01:00:00Z,2.988192
p02,2022-06-01T02:00:00Z,5.421941
p02,2022-06-01T03:00:00Z,4.682445
p02,2022-06-01T04:00:00Z,5.284965
p02,2022-06-01T05:00:00Z,5.897222
p02,2022-06-01T06:00:00Z,5.032664
p02,2022-06-01T07:00:00Z,4.248453
p02,2022-06-01T08:00:00Z,3.798265
p02,2022-06-01T09:00:00Z,3.093184
p02,2022-06-01T10:00:00Z,2.389295
p02,2022-06-01T11:00:00Z,1.747348
p02,2022-06-01T12:00:00Z,1.221613
p02,2022-06-01T13:00:00Z,-0.343297
p02,2022-06-01T14:00:00Z,-0.869714
p02,2022-06-01T15:00:00Z,-1.887453
p02,2022-06-01T16:00:00Z,-1.048779
p02,2022-06-01T17:00:00Z,-1.109475
p02,2022-06-01T18:00:00Z,-0.586828
p02,2022-06-01T19:00:00Z,-0.322049
p02,2022-06-01T20:00:00Z,-0.063318
p02,2022-06-01T21:00:00Z,0.250198
p02,2022-06-01T22:00:00Z,1.008187
p02,2022-06-01T23:00:00Z,1.914306
p02,2022-06-02T00:00:00Z,2.702218
p02,2022-06-02T01:00:00Z,3.688787
p02,2022-06-02T02:00:00Z,3.885546
p02,2022-06-02T03:00:00Z,4.794870
p02,2022-06-02T04:00:00Z,4.921515
p02,2022-06-02T05:00:00Z,4.347759
p02,2022-06-02T06:00:00Z,5.911356
p02,2022-06-02T07:00:00Z,4.943741
p02,2022-06-02T08:00:00Z,4.079788
p02,2022-06-02T09:00:00Z,4.775598
p02,2022-06-02T10:00:00Z,2.880819
p02,2022-06-02T11:00:00Z,2.010103
p02,2022-06-02T12:00:00Z,2.214979
p02,2022-06-02T13:00:00Z,0.299234
p02,2022-06-02T14:00:00Z,-0.667645
p02,2022-06-02T15:00:00Z,-2.016580
p02,2022-06-02T16:00:00Z,-0.757059
p02,2022-06-02T17:00:00Z,-0.633646
p02,2022-06-02T18:00:00Z,-0.620548
p02,2022-06-02T19:00:00Z,-0.773392
p02,2022-06-02T20:00:00Z,-0.102900
p02,2022-06-02T21:00:00Z,1.198738
p02,2022-06-02T22:00:00Z,1.758302
p02,2022-06-02T23:00:00Z,0.654708
p02,2022-06-03T00:00:00Z,2.377602
p02,2022-06-03T01:00:00Z,3.505518
p02,2022-06-03T02:00:00Z,4.418769
p02,2022-06-03T03:00:00Z,4.576207
p02,2022-06-03T04:00:00Z,4.248719
p02,2022-06-03T05:00:00Z,5.178012
p02,2022-06-03T06:00:00Z,4.394657
p02,2022-06-03T07:00:00Z,4.350948
p02,2022-06-03T08:00:00Z,3.855341
p02,2022-06-03T09:00:00Z,3.274873
p02,2022-06-03T10:00:00Z,2.707870
p02,2022-06-03T11:00:00Z,2.046637
p02,2022-06-03T12:00:00Z,0.774638
p02,2022-06-03T13:00:00Z,-1.006958
p02,2022-06-03T14:00:00Z,0.594699
p02,2022-06-03T15:00:00Z,-1.340837
p02,2022-06-03T16:00:00Z,-0.429922
p02,2022-06-03T17:00:00Z,-1.649267
p02,2022-06-03T18:00:00Z,-0.952310
p02,2022-06-03T19:00:00Z,-0.743713
p02,2022-06-03T20:00:00Z,0.093499
p02,2022-06-03T21:00:00Z,0.496591
p02,2022-06-03T22:00:00Z,0.996475
p02,2022-06-03T23:00:00Z,1.255714
p02,2022-06-04T00:00:00Z,2.885868
p02,2022-06-04T01:00:00Z,3.342092
p02,2022-06-04T02:00:00Z,3.589008
p02,2022-06-04T03:00:00Z,4.530522
p02,2022-06-04T04:00:00Z,4.845127
p02,2022-06-04T05:00:00Z,5.159023
p02,2022-06-04T06:00:00Z,4.722051
p02,2022-06-04T07:00:00Z,3.886284
p02,2022-06-04T08:00:00Z,4.101490
p02,2022-06-04T09:00:00Z,3.776617
p02,2022-06-04T10:00:00Z,2.289265
p02,2022-06-04T11:00:00Z,0.950102
p02,2022-06-04T12:00:00Z,0.109238
p02,2022-06-04T13:00:00Z,-0.790580
p02,2022-06-04T14:00:00Z,-0.784727
p02,2022-06-04T15:00:00Z,-2.258071
p02,2022-06-04T16:00:00Z,-0.934537
p02,2022-06-04T17:00:00Z,-1.693674
p02,2022-06-04T18:00:00Z,-0.613818
p02,2022-06-04T19:00:00Z,-0.421861
p02,2022-06-04T20:00:00Z,-1.232072
p02,2022-06-04T21:00:00Z,0.717570
p02,2022-06-04T22:00:00Z,1.128762
p02,2022-06-04T23:00:00Z,1.415517
p02,2022-06-05T00:00:00Z,2.364168
p02,2022-06-05T01:00:00Z,2.892623
p02,2022-06-05T02:00:00Z,4.249372
p02,2022-06-05T03:00:00Z,4.345454
p02,2022-06-05T04:00:00Z,4.708125
p02,2022-06-05T05:00:00Z,4.600224
p02,2022-06-05T06:00:00Z,4.450831
p02,2022-06-05T07:00:00Z,3.031194
p02,2022-06-05T08:00:00Z,4.256868
p02,2022-06-05T09:00:00Z,3.072924
p02,2022-06-05T10:00:00Z,2.529647
p02,2022-06-05T11:00:00Z,1.510234
p02,2022-06-05T12:00:00Z,1.571501
p02,2022-06-05T13:00:00Z,0.130695
p02,2022-06-05T14:00:00Z,-1.267311
p02,2022-06-05T15:00:00Z,-1.005547
p02,2022-06-05T16:00:00Z,-1.788782
p02,2022-06-05T17:00:00Z,-2.495849
p02,2022-06-05T18:00:00Z,-1.445050
p02,2022-06-05T19:00:00Z,-2.256662
p02,2022-06-05T20:00:00Z,0.040550
p02,2022-06-05T21:00:00Z,0.389925
p02,2022-06-05T22:00:00Z,0.120207
p02,2022-06-05T23:00:00Z,0.876866
p02,2022-06-06T00:00:00Z,2.361858
p02,2022-06-06T01:00:00Z,2.968977
p02,2022-06-06T02:00:00Z,3.947560
p02,2022-06-06T03:00:00Z,4.044045
p02,2022-06-06T04:00:00Z,5.162222
p02,2022-06-06T05:00:00Z,3.074428
p02,2022-06-06T06:00:00Z,4.662938
p02,2022-06-06T07:00:00Z,4.052353
p02,2022-06-06T08:00:00Z,2.839413
p02,2022-06-06T09:00:00Z,3.700943
p02,2022-06-06T10:00:00Z,2.265424
p02,2022-06-06T11:00:00Z,1.033979
p02,2022-06-06T12:00:00Z,1.731283
p02,2022-06-06T13:00:00Z,0.395434
p02,2022-06-06T14:00:00Z,-0.397111
p02,2022-06-06T15:00:00Z,-1.138961
p02,2022-06-06T16:00:00Z,-0.835084
p02,2022-06-06T17:00:00Z,-1.756739
p02,2022-06-06T18:00:00Z,-1.419134
p02,2022-06-06T19:00:00Z,-0.866190
p02,2022-06-06T20:00:00Z,-0.505689
p02,2022-06-06T21:00:00Z,0.011072
p02,2022-06-06T22:00:00Z,0.671469
p02,2022-06-06T23:00:00Z,0.845546
p02,2022-06-07T00:00:00Z,2.691423
p02,2022-06-07T01:00:00Z,2.797804
p02,2022-06-07T02:00:00Z,4.176028
p02,2022-06-07T03:00:00Z,3.033983
p02,2022-06-07T04:00:00Z,3.408994
p02,2022-06-07T05:00:00Z,4.371649
p02,2022-06-07T06:00:00Z,4.717660
p02,2022-06-07T07:00:00Z,4.107027
p02,2022-06-07T08:00:00Z,2.602899
p02,2022-06-07T09:00:00Z,3.398651
p02,2022-06-07T10:00:00Z,2.319934
p02,2022-06-07T11:00:00Z,1.604065
p02,2022-06-07T12:00:00Z,0.689617
p02,2022-06-07T13:00:00Z,-0.846596
p02,2022-06-07T14:00:00Z,-1.010004
p02,2022-06-07T15:00:00Z,-0.875406
p02,2022-06-07T16:00:00Z,-2.086672
p02,2022-06-07T17:00:00Z,-1.545741
p02,2022-06-07T18:00:00Z,-1.775820
p02,2022-06-07T19:00:00Z,-1.354468
p02,2022-06-07T20:00:00Z,-1.410192
p02,2022-06-07T21:00:00Z,-0.348159
p02,2022-06-07T22:00:00Z,0.979815
p02,2022-06-07T23:00:00Z,0.327075
p02,2022-06-08T00:00:00Z,1.251392
p02,2022-06-08T01:00:00Z,2.458570
p02,2022-06-08T02:00:00Z,3.975321
p02,2022-06-08T03:00:00Z,4.184172
p02,2022-06-08T04:00:00Z,4.047995
p02,2022-06-08T05:00:00Z,4.114875
p02,2022-06-08T06:00:00Z,2.482387
p02,2022-06-08T07:00:00Z,3.765564
p02,2022-06-08T08:00:00Z,3.011673
p02,2022-06-08T09:00:00Z,2.279215
p02,2022-06-08T10:00:00Z,1.892944
p02,2022-06-08T11:00:00Z,0.635352
p02,2022-06-08T12:00:00Z,-0.213625
p02,2022-06-08T13:00:00Z,-0.588921
p02,2022-06-08T14:00:00Z,-1.363513
p02,2022-06-08T15:00:00Z,-2.378156
p02,2022-06-08T16:00:00Z,-1.420485
p02,2022-06-08T17:00:00Z,-1.383192
p02,2022-06-08T18:00:00Z,-0.638558
p02,2022-06-08T19:00:00Z,-1.232871
p02,2022-06-08T20:00:00Z,-1.158209
p02,2022-06-08T21:00:00Z,0.326196
p02,2022-06-08T22:00:00Z,0.643399
p02,2022-06-08T23:00:00Z,1.062684
p02,2022-06-09T00:00:00Z,1.343710
p02,2022-06-09T01:00:00Z,3.328737
p02,2022-06-09T02:00:00Z,4.022114
p02,2022-06-09T03:00:00Z,3.086201
p02,2022-06-09T04:00:00Z,4.210060
p02,2022-06-09T05:00:00Z,5.656771
p02,2022-06-09T06:00:00Z,3.852659
p02,2022-06-09T07:00:00Z,4.054523
p02,2022-06-09T08:00:00Z,2.919807
p02,2022-06-09T09:00:00Z,1.863756
p02,2022-06-09T10:00:00Z,1.635989
p02,2022-06-09T11:00:00Z,0.291019
p02,2022-06-09T12:00:00Z,-0.414558
p02,2022-06-09T13:00:00Z,-0.317504
p02,2022-06-09T14:00:00Z,-1.516286
p02,2022-06-09T15:00:00Z,-2.107742
p02,2022-06-09T16:00:00Z,-2.558304
p02,2022-06-09T17:00:00Z,-1.235670
p02,2022-06-09T18:00:00Z,-2.173106
p02,2022-06-09T19:00:00Z,-1.900926
p02,2022-06-09T20:00:00Z,-1.395628
p02,2022-06-09T21:00:00Z,-0.435896
p02,2022-06-09T22:00:00Z,-0.319275
p02,2022-06-09T23:00:00Z,0.827431
p02,2022-06-10T00:00:00Z,1.802409
p02,2022-06-10T01:00:00Z,1.387496
p02,2022-06-10T02:00:00Z,3.190553
p02,2022-06-10T03:00:00Z,2.448941
p02,2022-06-10T04:00:00Z,4.550351
p02,2022-06-10T05:00:00Z,3.782782
p02,2022-06-10T06:00:00Z,3.893899
p02,2022-06-10T07:00:00Z,4.673404
p02,2022-06-10T08:00:00Z,2.669404
p02,2022-06-10T09:00:00Z,2.173337
p02,2022-06-10T10:00:00Z,0.812869
p02,2022-06-10T11:00:00Z,1.003102
p02,2022-06-10T12:00:00Z,-0.059844
p02,2022-06-10T13:00:00Z,-0.183338
p02,2022-06-10T14:00:00Z,-1.209091
p02,2022-06-10T15:00:00Z,-1.349737
p02,2022-06-10T16:00:00Z,-2.394738
p02,2022-06-10T17:00:00Z,-2.583916
p02,2022-06-10T18:00:00Z,-1.113542
p02,2022-06-10T19:00:00Z,-2.413463
p02,2022-06-10T20:00:00Z,-1.758448
p02,2022-06-10T21:00:00Z,-0.323741
p02,2022-06-10T22:00:00Z,0.021863
p02,2022-06-10T23:00:00Z,-0.051675
p02,2022-06-11T00:00:00Z,1.426000
p02,2022-06-11T01:00:00Z,3.032194
p02,2022-06-11T02:00:00Z,2.805918
p02,2022-06-11T03:00:00Z,3.650708
p02,2022-06-11T04:00:00Z,2.839402
p02,2022-06-11T05:00:00Z,3.561507
p02,2022-06-11T06:00:00Z,3.319548
p02,2022-06-11T07:00:00Z,3.450510
p02,2022-06-11T08:00:00Z,2.705779
p02,2022-06-11T09:00:00Z,2.796304
p02,2022-06-11T10:00:00Z,1.597273
p02,2022-06-11T11:00:00Z,0.872669
p02,2022-06-11T12:00:00Z,0.412205
p02,2022-06-11T13:00:00Z,-0.317869
p02,2022-06-11T14:00:00Z,-1.771446
p02,2022-06-11T15:00:00Z,-1.925003
p02,2022-06-11T16:00:00Z,-2.242817
p02,2022-06-11T17:00:00Z,-2.639281
p02,2022-06-11T18:00:00Z,-3.150920
p02,2022-06-11T19:00:00Z,-3.022080
p02,2022-06-11T20:00:00Z,-1.528992
p02,2022-06-11T21:00:00Z,-1.044355
p02,2022-06-11T22:00:00Z,0.143793
p02,2022-06-11T23:00:00Z,0.323027
p02,2022-06-12T00:00:00Z,1.383723
p02,2022-06-12T01:00:00Z,2.733295
p02,2022-06-12T02:00:00Z,2.313116
p02,2022-06-12T03:00:00Z,2.785209
p02,2022-06-12T04:00:00Z,3.460944
p02,2022-06-12T05:00:00Z,4.440140
p02,2022-06-12T06:00:00Z,3.289147
p02,2022-06-12T07:00:00Z,3.383537
p02,2022-06-12T08:00:00Z,2.971000
p02,2022-06-12T09:00:00Z,1.693994
p02,2022-06-12T10:00:00Z,1.119378
p02,2022-06-12T11:00:00Z,0.447860
p02,2022-06-12T12:00:00Z,-0.172197
p02,2022-06-12T13:00:00Z,-0.541790
p02,2022-06-12T14:00:00Z,-1.644557
p02,2022-06-12T15:00:00Z,-2.175254
p02,2022-06-12T16:00:00Z,-1.537989
p02,2022-06-12T17:00:00Z,-2.786063
p02,2022-06-12T18:00:00Z,-2.220709
p02,2022-06-12T19:00:00Z,-1.599217
p02,2022-06-12T20:00:00Z,-1.151354
p02,2022-06-12T21:00:00Z,-0.462340
p02,2022-06-12T22:00:00Z,-0.210690
p02,2022-06-12T23:00:00Z,0.415733
p02,2022-06-13T00:00:00Z,0.705214
p02,2022-06-13T01:00:00Z,1.176216
p02,2022-06-13T02:00:00Z,2.944798
p02,2022-06-13T03:00:00Z,3.513343
p02,2022-06-13T04:00:00Z,3.065692
p02,2022-06-13T05:00:00Z,2.895675
p02,2022-06-13T06:00:00Z,3.706889
p02,2022-06-13T07:00:00Z,2.541748
p02,2022-06-13T08:00:00Z,2.099189
p02,2022-06-13T09:00:00Z,2.532376
p02,2022-06-13T10:00:00Z,2.201577
p02,2022-06-13T11:00:00Z,1.173645
p02,2022-06-13T12:00:00Z,-0.482170
p02,2022-06-13T13:00:00Z,-1.397651
p02,2022-06-13T14:00:00Z,-1.615749
p02,2022-06-13T15:00:00Z,-2.523231
p02,2022-06-13T16:00:00Z,-2.447072
p02,2022-06-13T17:00:00Z,-3.184109
p02,2022-06-13T18:00:00Z,-2.986054
p02,2022-06-13T19:00:00Z,-2.196091
p02,2022-06-13T20:00:00Z,-1.966638
p02,2022-06-13T21:00:00Z,-1.819131
p02,2022-06-13T22:00:00Z,0.088713
p02,2022-06-13T23:00:00Z,0.700292
p02,2022-06-14T00:00:00Z,2.405349
p02,2022-06-14T01:00:00Z,1.414674
p02,2022-06-14T02:00:00Z,1.957892
p02,2022-06-14T03:00:00Z,2.794418
p02,2022-06-14T04:00:00Z,2.784790
p02,2022-06-14T05:00:00Z,2.588537
p02,2022-06-14T06:00:00Z,3.779020
p02,2022-06-14T07:00:00Z,3.232669
p02,2022-06-14T08:00:00Z,3.213089
p02,2022-06-14T09:00:00Z,1.842124
p02,2022-06-14T10:00:00Z,0.936960
p02,2022-06-14T11:00:00Z,0.658531
p02,2022-06-14T12:00:00Z,-0.198409
p02,2022-06-14T13:00:00Z,-0.629461
p02,2022-06-14T14:00:00Z,-2.082009
p02,2022-06-14T15:00:00Z,-2.467156
p02,2022-06-14T16:00:00Z,-3.464064
p02,2022-06-14T17:00:00Z,-3.184629
p02,2022-06-14T18:00:00Z,-1.939233
p02,2022-06-14T19:00:00Z,-2.600529
p02,2022-06-14T20:00:00Z,-0.928807
p02,2022-06-14T21:00:00Z,-1.043313
p02,2022-06-14T22:00:00Z,-0.693773
p02,2022-06-14T23:00:00Z,0.338382
p02,2022-06-15T00:00:00Z,1.010729
p02,2022-06-15T01:00:00Z,0.800786
p02,2022-06-15T02:00:00Z,2.569396
p02,2022-06-15T03:00:00Z,2.900611
p02,2022-06-15T04:00:00Z,3.363758
p02,2022-06-15T05:00:00Z,3.148245
p02,2022-06-15T06:00:00Z,2.886066
p02,2022-06-15T07:00:00Z,3.277788
p02,2022-06-15T08:00:00Z,2.269761
p02,2022-06-15T09:00:00Z,1.665835
p02,2022-06-15T10:00:00Z,0.985246
p02,2022-06-15T11:00:00Z,0.027392
p02,2022-06-15T12:00:00Z,-0.724799
p02,2022-06-15T13:00:00Z,-0.543458
p02,2022-06-15T14:00:00Z,-2.555728
p02,2022-06-15T15:00:00Z,-2.755765
p02,2022-06-15T16:00:00Z,-2.640255
p02,2022-06-15T17:00:00Z,-2.262341
p02,2022-06-15T18:00:00Z,-3.531073
p02,2022-06-15T19:00:00Z,-2.691506
p02,2022-06-15T20:00:00Z,-1.620529
p02,2022-06-15T21:00:00Z,-1.133994
p02,2022-06-15T22:00:00Z,-0.586986
p02,2022-06-15T23:00:00Z,-0.229577
p02,2022-06-16T00:00:00Z,1.682142
p02,2022-06-16T01:00:00Z,2.054487
p02,2022-06-16T02:00:00Z,2.182658
p02,2022-06-16T03:00:00Z,1.531551
p02,2022-06-16T04:00:00Z,2.233581
p02,2022-06-16T05:00:00Z,3.054553
p02,2022-06-16T06:00:00Z,3.480298
p02,2022-06-16T07:00:00Z,2.522683
p02,2022-06-16T08:00:00Z,1.975947
p02,2022-06-16T09:00:00Z,1.864868
p02,2022-06-16T10:00:00Z,0.303651
p02,2022-06-16T11:00:00Z,1.377014
p02,2022-06-16T12:00:00Z,-0.364204
p02,2022-06-16T13:00:00Z,-0.812545
p02,2022-06-16T14:00:00Z,-2.204531
p02,2022-06-16T15:00:00Z,-2.699624
p02,2022-06-16T16:00:00Z,-2.223496
p02,2022-06-16T17:00:00Z,-2.152386
p02,2022-06-16T18:00:00Z,-1.998478
p02,2022-06-16T19:00:00Z,-3.365440
p02,2022-06-16T20:00:00Z,-2.367606
p02,2022-06-16T21:00:00Z,-1.751494
p02,2022-06-16T22:00:00Z,0.010867
p02,2022-06-16T23:00:00Z,-0.821243
p02,2022-06-17T00:00:00Z,0.778343
p02,2022-06-17T01:00:00Z,0.523007
p02,2022-06-17T02:00:00Z,2.596235
p02,2022-06-17T03:00:00Z,3.646412
p02,2022-06-17T04:00:00Z,3.343409
p02,2022-06-17T05:00:00Z,2.685603
p02,2022-06-17T06:00:00Z,2.535033
p02,2022-06-17T07:00:00Z,2.426129
p02,2022-06-17T08:00:00Z,0.926148
p02,2022-06-17T09:00:00Z,1.089476
p02,2022-06-17T10:00:00Z,0.441521
p02,2022-06-17T11:00:00Z,0.075824
p02,2022-06-17T12:00:00Z,-0.712487
p02,2022-06-17T13:00:00Z,-1.503080
p02,2022-06-17T14:00:00Z,-2.500058
p02,2022-06-17T15:00:00Z,-1.703004
p02,2022-06-17T16:00:00Z,-3.325698
p02,2022-06-17T17:00:00Z,-2.350919
p02,2022-06-17T18:00:00Z,-3.925458
p02,2022-06-17T19:00:00Z,-2.901593
p02,2022-06-17T20:00:00Z,-2.391982
p02,2022-06-17T21:00:00Z,-1.884453
p02,2022-06-17T22:00:00Z,-0.705094
p02,2022-06-17T23:00:00Z,-0.594945
p02,2022-06-18T00:00:00Z,0.913189
p02,2022-06-18T01:00:00Z,0.993280
p02,2022-06-18T02:00:00Z,3.096984
p02,2022-06-18T03:00:00Z,0.949394
p02,2022-06-18T04:00:00Z,2.984528
p02,2022-06-18T05:00:00Z,3.405532
p02,2022-06-18T06:00:00Z,2.979585
p02,2022-06-18T07:00:00Z,2.625204
p02,2022-06-18T08:00:00Z,1.735405
p02,2022-06-18T09:00:00Z,2.101192
p02,2022-06-18T10:00:00Z,0.419553
p02,2022-06-18T11:00:00Z,0.331900
p02,2022-06-18T12:00:00Z,-1.341871
p02,2022-06-18T13:00:00Z,-1.728861
p02,2022-06-18T14:00:00Z,-2.449578
p02,2022-06-18T15:00:00Z,-3.114513
p02,2022-06-18T16:00:00Z,-4.100696
p02,2022-06-18T17:00:00Z,-3.578271
p02,2022-06-18T18:00:00Z,-3.092584
p02,2022-06-18T19:00:00Z,-2.450306
p02,2022-06-18T20:00:00Z,-1.651790
p02,2022-06-18T21:00:00Z,-1.269189
p02,2022-06-18T22:00:00Z,-1.097802
p02,2022-06-18T23:00:00Z,-0.117362
p02,2022-06-19T00:00:00Z,0.565952
p02,2022-06-19T01:00:00Z,1.994351
p02,2022-06-19T02:00:00Z,2.557423
p02,2022-06-19T03:00:00Z,1.986766
p02,2022-06-19T04:00:00Z,2.076744
p02,2022-06-19T05:00:00Z,2.626395
p02,2022-06-19T06:00:00Z,2.806859
p02,2022-06-19T07:00:00Z,2.828537
p02,2022-06-19T08:00:00Z,2.363542
p02,2022-06-19T09:00:00Z,0.218622
p02,2022-06-19T10:00:00Z,0.150231
p02,2022-06-19T11:00:00Z,0.370726
p02,2022-06-19T12:00:00Z,-1.193643
p02,2022-06-19T13:00:00Z,-1.674250
p02,2022-06-19T14:00:00Z,-2.373527
p02,2022-06-19T15:00:00Z,-2.951459
p02,2022-06-19T16:00:00Z,-3.356853
p02,2022-06-19T17:00:00Z,-3.369854
p02,2022-06-19T18:00:00Z,-4.226779
p02,2022-06-19T19:00:00Z,-2.094934
p02,2022-06-19T20:00:00Z,-2.002839
p02,2022-06-19T21:00:00Z,-1.690016
p02,2022-06-19T22:00:00Z,-1.115505
p02,2022-06-19T23:00:00Z,0.192167
p02,2022-06-20T00:00:00Z,-0.392649
p02,2022-06-20T01:00:00Z,1.356734
p02,2022-06-20T02:00:00Z,2.361324
p02,2022-06-20T03:00:00Z,1.861963
p02,2022-06-20T04:00:00Z,2.621325
p02,2022-06-20T05:00:00Z,2.600961
p02,2022-06-20T06:00:00Z,3.160017
p02,2022-06-20T07:00:00Z,2.074840
p02,2022-06-20T08:00:00Z,1.205759
p02,2022-06-20T09:00:00Z,1.193098
p02,2022-06-20T10:00:00Z,0.002803
p02,2022-06-20T11:00:00Z,0.373166
p02,2022-06-20T12:00:00Z,-0.909961
p02,2022-06-20T13:00:00Z,-1.791356
p02,2022-06-20T14:00:00Z,-2.744658
p02,2022-06-20T15:00:00Z,-3.626117
p02,2022-06-20T16:00:00Z,-2.913783
p02,2022-06-20T17:00:00Z,-3.949912
p02,2022-06-20T18:00:00Z,-2.862646
p02,2022-06-20T19:00:00Z,-3.139219
p02,2022-06-20T20:00:00Z,-2.959872
p02,2022-06-20T21:00:00Z,-1.970785
p02,2022-06-20T22:00:00Z,-0.834009
p02,2022-06-20T23:00:00Z,0.486836
p02,2022-06-21T00:00:00Z,0.916154
p02,2022-06-21T01:00:00Z,1.573479
p02,2022-06-21T02:00:00Z,1.960335
p02,2022-06-21T03:00:00Z,2.104073
p02,2022-06-21T04:00:00Z,2.418162
p02,2022-06-21T05:00:00Z,2.566889
p02,2022-06-21T06:00:00Z,1.913756
p02,2022-06-21T07:00:00Z,1.575644
p02,2022-06-21T08:00:00Z,1.216101
p02,2022-06-21T09:00:00Z,0.787152
p02,2022-06-21T10:00:00Z,-0.329712
p02,2022-06-21T11:00:00Z,-0.850414
p02,2022-06-21T12:00:00Z,-1.934396
p02,2022-06-21T13:00:00Z,-2.301113
p02,2022-06-21T14:00:00Z,-2.662435
p02,2022-06-21T15:00:00Z,-3.302863
p02,2022-06-21T16:00:00Z,-4.298569
p02,2022-06-21T17:00:00Z,-3.557794
p02,2022-06-21T18:00:00Z,-3.480284
p02,2022-06-21T19:00:00Z,-4.137639
p02,2022-06-21T20:00:00Z,-3.490566
p02,2022-06-21T21:00:00Z,-1.844080
p02,2022-06-21T22:00:00Z,-1.682948
p02,2022-06-21T23:00:00Z,-0.006315
p02,2022-06-22T00:00:00Z,-0.571444
p02,2022-06-22T01:00:00Z,0.653794
p02,2022-06-22T02:00:00Z,1.484539
p02,2022-06-22T03:00:00Z,2.548843
p02,2022-06-22T04:00:00Z,2.457794
p02,2022-06-22T05:00:00Z,2.219785
p02,2022-06-22T06:00:00Z,1.689280
p02,2022-06-22T07:00:00Z,1.821782
p02,2022-06-22T08:00:00Z,1.034524
p02,2022-06-22T09:00:00Z,0.703891
p02,2022-06-22T10:00:00Z,0.145589
p02,2022-06-22T11:00:00Z,-0.570496
p02,2022-06-22T12:00:00Z,-2.173223
p02,2022-06-22T13:00:00Z,-2.353290
p02,2022-06-22T14:00:00Z,-2.700660
p02,2022-06-22T15:00:00Z,-4.272711
p02,2022-06-22T16:00:00Z,-3.246227
p02,2022-06-22T17:00:00Z,-4.468575
p02,2022-06-22T18:00:00Z,-2.905972
p02,2022-06-22T19:00:00Z,-3.610930
p02,2022-06-22T20:00:00Z,-1.615151
p02,2022-06-22T21:00:00Z,-2.282884
p02,2022-06-22T22:00:00Z,-1.425062
p02,2022-06-22T23:00:00Z,-0.305962
p02,2022-06-23T00:00:00Z,-0.410954
p02,2022-06-23T01:00:00Z,0.430523
p02,2022-06-23T02:00:00Z,1.978227
p02,2022-06-23T03:00:00Z,1.723369
p02,2022-06-23T04:00:00Z,1.455990
p02,2022-06-23T05:00:00Z,1.529111
p02,2022-06-23T06:00:00Z,2.815215
p02,2022-06-23T07:00:00Z,2.637625
p02,2022-06-23T08:00:00Z,0.463168
p02,2022-06-23T09:00:00Z,0.358765
p02,2022-06-23T10:00:00Z,0.083922
p02,2022-06-23T11:00:00Z,-0.565606
p02,2022-06-23T12:00:00Z,-2.088363
p02,2022-06-23T13:00:00Z,-1.425714
p02,2022-06-23T14:00:00Z,-3.163498
p02,2022-06-23T15:00:00Z,-3.427202
p02,2022-06-23T16:00:00Z,-4.190080
p02,2022-06-23T17:00:00Z,-3.411797
p02,2022-06-23T18:00:00Z,-3.421687
p02,2022-06-23T19:00:00Z,-4.075588
p02,2022-06-23T20:00:00Z,-3.287196
p02,2022-06-23T21:00:00Z,-2.180700
p02,2022-06-23T22:00:00Z,-1.640652
p02,2022-06-23T23:00:00Z,-1.185271
p02,2022-06-24T00:00:00Z,0.120232
p02,2022-06-24T01:00:00Z,0.483004
p02,2022-06-24T02:00:00Z,0.982578
p02,2022-06-24T03:00:00Z,2.125485
p02,2022-06-24T04:00:00Z,2.297400
p02,2022-06-24T05:00:00Z,2.409072
p02,2022-06-24T06:00:00Z,1.973214
p02,2022-06-24T07:00:00Z,1.296088
p02,2022-06-24T08:00:00Z,1.916253
p02,2022-06-24T09:00:00Z,1.174928
p02,2022-06-24T10:00:00Z,0.186622
p02,2022-06-24T11:00:00Z,-1.232853
p02,2022-06-24T12:00:00Z,-1.968802
p02,2022-06-24T13:00:00Z,-2.297784
p02,2022-06-24T14:00:00Z,-3.105570
p02,2022-06-24T15:00:00Z,-3.290530
p02,2022-06-24T16:00:00Z,-4.202244
p02,2022-06-24T17:00:00Z,-3.593834
p02,2022-06-24T18:00:00Z,-4.080560
p02,2022-06-24T19:00:00Z,-3.908377
p02,2022-06-24T20:00:00Z,-3.463187
p02,2022-06-24T21:00:00Z,-0.892373
p02,2022-06-24T22:00:00Z,-2.040606
p02,2022-06-24T23:00:00Z,-1.615290
p02,2022-06-25T00:00:00Z,-0.982001
p02,2022-06-25T01:00:00Z,0.586923
p02,2022-06-25T02:00:00Z,0.478000
p02,2022-06-25T03:00:00Z,1.577016
p02,2022-06-25T04:00:00Z,1.606383
p02,2022-06-25T05:00:00Z,2.095674
p02,2022-06-25T06:00:00Z,2.527290
p02,2022-06-25T07:00:00Z,1.019016
p02,2022-06-25T08:00:00Z,1.240958
p02,2022-06-25T09:00:00Z,-0.226583
p02,2022-06-25T10:00:00Z,-0.591362
p02,2022-06-25T11:00:00Z,-0.788052
p02,2022-06-25T12:00:00Z,-2.887881
p02,2022-06-25T13:00:00Z,-2.520499
p02,2022-06-25T14:00:00Z,-3.185095
p02,2022-06-25T15:00:00Z,-4.064491
p02,2022-06-25T16:00:00Z,-3.767201
p02,2022-06-25T17:00:00Z,-4.629910
p02,2022-06-25T18:00:00Z,-4.365242
p02,2022-06-25T19:00:00Z,-2.959203
p02,2022-06-25T20:00:00Z,-3.200713
p02,2022-06-25T21:00:00Z,-3.427636
p02,2022-06-25T22:00:00Z,-2.843194
p02,2022-06-25T23:00:00Z,-2.091183
p02,2022-06-26T00:00:00Z,-1.376438
p02,2022-06-26T01:00:00Z,0.067774
p02,2022-06-26T02:00:00Z,1.048558
p02,2022-06-26T03:00:00Z,1.549136
p02,2022-06-26T04:00:00Z,0.831449
p02,2022-06-26T05:00:00Z,1.231355
p02,2022-06-26T06:00:00Z,0.782874
p02,2022-06-26T07:00:00Z,1.415512
p02,2022-06-26T08:00:00Z,2.308683
p02,2022-06-26T09:00:00Z,-0.698613
p02,2022-06-26T10:00:00Z,0.160795
p02,2022-06-26T11:00:00Z,-1.526115
p02,2022-06-26T12:00:00Z,-2.275288
p02,2022-06-26T13:00:00Z,-2.485796
p02,2022-06-26T14:00:00Z,-2.939794
p02,2022-06-26T15:00:00Z,-3.471181
p02,2022-06-26T16:00:00Z,-5.374508
p02,2022-06-26T17:00:00Z,-3.558845
p02,2022-06-26T18:00:00Z,-4.280821
p02,2022-06-26T19:00:00Z,-4.529965
p02,2022-06-26T20:00:00Z,-4.045326
p02,2022-06-26T21:00:00Z,-2.819183
p02,2022-06-26T22:00:00Z,-2.259527
p02,2022-06-26T23:00:00Z,-1.431184
p02,2022-06-27T00:00:00Z,-0.554741
p02,2022-06-27T01:00:00Z,0.425693
p02,2022-06-27T02:00:00Z,0.432992
p02,2022-06-27T03:00:00Z,1.228627
p02,2022-06-27T04:00:00Z,1.984609
p02,2022-06-27T05:00:00Z,1.860823
p02,2022-06-27T06:00:00Z,1.625989
p02,2022-06-27T07:00:00Z,1.682320
p02,2022-06-27T08:00:00Z,1.144243
p02,2022-06-27T09:00:00Z,-0.333843
p02,2022-06-27T10:00:00Z,-1.277734
p02,2022-06-27T11:00:00Z,-1.218662
p02,2022-06-27T12:00:00Z,-3.094541
p02,2022-06-27T13:00:00Z,-2.213862
p02,2022-06-27T14:00:00Z,-3.612700
p02,2022-06-27T15:00:00Z,-3.862338
p02,2022-06-27T16:00:00Z,-5.339897
p02,2022-06-27T17:00:00Z,-3.744614
p02,2022-06-27T18:00:00Z,-4.934086
p02,2022-06-27T19:00:00Z,-3.306127
p02,2022-06-27T20:00:00Z,-3.951170
p02,2022-06-27T21:00:00Z,-3.090287
p02,2022-06-27T22:00:00Z,-2.010186
p02,2022-06-27T23:00:00Z,-0.599491
p02,2022-06-28T00:00:00Z,-1.162107
p02,2022-06-28T01:00:00Z,-0.147813
p02,2022-06-28T02:00:00Z,0.564864
p02,2022-06-28T03:00:00Z,0.226523
p02,2022-06-28T04:00:00Z,0.764525
p02,2022-06-28T05:00:00Z,1.358927
p02,2022-06-28T06:00:00Z,1.490374
p02,2022-06-28T07:00:00Z,1.257651
p02,2022-06-28T08:00:00Z,0.425768
p02,2022-06-28T09:00:00Z,0.191433
p02,2022-06-28T10:00:00Z,-0.831936
p02,2022-06-28T11:00:00Z,-1.786823
p02,2022-06-28T12:00:00Z,-2.553350
p02,2022-06-28T13:00:00Z,-3.346626
p02,2022-06-28T14:00:00Z,-4.032981
p02,2022-06-28T15:00:00Z,-3.793111
p02,2022-06-28T16:00:00Z,-4.657679
p02,2022-06-28T17:00:00Z,-4.464864
p02,2022-06-28T18:00:00Z,-4.708302
p02,2022-06-28T19:00:00Z,-3.838541
p02,2022-06-28T20:00:00Z,-3.801678
p02,2022-06-28T21:00:00Z,-2.543923
p02,2022-06-28T22:00:00Z,-2.017475
p02,2022-06-28T23:00:00Z,-2.063174
p02,2022-06-29T00:00:00Z,-0.528722
p02,2022-06-29T01:00:00Z,-0.482599
p02,2022-06-29T02:00:00Z,-0.007649
p02,2022-06-29T03:00:00Z,1.531876
p02,2022-06-29T04:00:00Z,1.490604
p02,2022-06-29T05:00:00Z,1.389996
p02,2022-06-29T06:00:00Z,0.623941
p02,2022-06-29T07:00:00Z,1.378538
p02,2022-06-29T08:00:00Z,0.869962
p02,2022-06-29T09:00:00Z,0.051435
p02,2022-06-29T10:00:00Z,0.083504
p02,2022-06-29T11:00:00Z,-2.041731
p02,2022-06-29T12:00:00Z,-2.830557
p02,2022-06-29T13:00:00Z,-3.304546
p02,2022-06-29T14:00:00Z,-3.582441
p02,2022-06-29T15:00:00Z,-3.876037
p02,2022-06-29T16:00:00Z,-4.291077
p02,2022-06-29T17:00:00Z,-4.162058
p02,2022-06-29T18:00:00Z,-4.906582
p02,2022-06-29T19:00:00Z,-4.132565
p02,2022-06-29T20:00:00Z,-4.175813
p02,2022-06-29T21:00:00Z,-2.821613
p02,2022-06-29T22:00:00Z,-2.547305
p02,2022-06-29T23:00:00Z,-1.633622
p02,2022-06-30T00:00:00Z,-1.013220
p02,2022-06-30T01:00:00Z,-1.276689
p02,2022-06-30T02:00:00Z,0.063142
p02,2022-06-30T03:00:00Z,1.058430
p02,2022-06-30T04:00:00Z,1.820692
p02,2022-06-30T05:00:00Z,0.176972
p02,2022-06-30T06:00:00Z,0.675523
p02,2022-06-30T07:00:00Z,0.028380
p02,2022-06-30T08:00:00Z,0.225485
p02,2022-06-30T09:00:00Z,-0.870839
p02,2022-06-30T10:00:00Z,-0.325440
p02,2022-06-30T11:00:00Z,-2.200888
p02,2022-06-30T12:00:00Z,-2.779228
p02,2022-06-30T13:00:00Z,-3.023914
p02,2022-06-30T14:00:00Z,-3.129059
p02,2022-06-30T15:00:00Z,-4.194739
p02,2022-06-30T16:00:00Z,-3.739333
p02,2022-06-30T17:00:00Z,-4.831829
p02,2022-06-30T18:00:00Z,-3.461448
p02,2022-06-30T19:00:00Z,-4.841884
p02,2022-06-30T20:00:00Z,-4.455724
p02,2022-06-30T21:00:00Z,-2.951789
p02,2022-06-30T22:00:00Z,-2.712410
p02,2022-06-30T23:00:00Z,-2.438943
p02,2022-07-01T00:00:00Z,-0.208922
p02,2022-07-01T01:00:00Z,-0.314898
p02,2022-07-01T02:00:00Z,-0.015866
p02,2022-07-01T03:00:00Z,1.410104
p02,2022-07-01T04:00:00Z,1.732673
p02,2022-07-01T05:00:00Z,1.063495
p02,2022-07-01T06:00:00Z,0.848894
p02,2022-07-01T07:00:00Z,1.109713
p02,2022-07-01T08:00:00Z,0.483616
p02,2022-07-01T09:00:00Z,-0.312171
p02,2022-07-01T10:00:00Z,-1.107648
p02,2022-07-01T11:00:00Z,-1.810110
p02,2022-07-01T12:00:00Z,-3.014641
p02,2022-07-01T13:00:00Z,-3.279629
p02,2022-07-01T14:00:00Z,-4.134986
p02,2022-07-01T15:00:00Z,-4.014948
p02,2022-07-01T16:00:00Z,-4.532102
p02,2022-07-01T17:00:00Z,-4.734904
p02,2022-07-01T18:00:00Z,-5.133081
p02,2022-07-01T19:00:00Z,-5.068031
p02,2022-07-01T20:00:00Z,-5.278276
p02,2022-07-01T21:00:00Z,-2.798265
p02,2022-07-01T22:00:00Z,-2.757823
p02,2022-07-01T23:00:00Z,-1.585708
p02,2022-07-02T00:00:00Z,-0.914323
p02,2022-07-02T01:00:00Z,-0.015512
p02,2022-07-02T02:00:00Z,0.358133
p02,2022-07-02T03:00:00Z,0.393673
p02,2022-07-02T04:00:00Z,0.533861
p02,2022-07-02T05:00:00Z,1.807753
p02,2022-07-02T06:00:00Z,1.497892
p02,2022-07-02T07:00:00Z,0.320484
p02,2022-07-02T08:00:00Z,-0.454619
p02,2022-07-02T09:00:00Z,-0.063294
p02,2022-07-02T10:00:00Z,-1.931540
p02,2022-07-02T11:00:00Z,-2.465020
p02,2022-07-02T12:00:00Z,-4.283682
p02,2022-07-02T13:00:00Z,-3.105350
p02,2022-07-02T14:00:00Z,-4.379220
p02,2022-07-02T15:00:00Z,-5.061102
p02,2022-07-02T16:00:00Z,-4.493545
p02,2022-07-02T17:00:00Z,-5.571169
p02,2022-07-02T18:00:00Z,-5.429437
p02,2022-07-02T19:00:00Z,-4.807324
p02,2022-07-02T20:00:00Z,-3.429068
p02,2022-07-02T21:00:00Z,-3.520600
p02,2022-07-02T22:00:00Z,-3.231833
p02,2022-07-02T23:00:00Z,-1.661807
p02,2022-07-03T00:00:00Z,-1.779973
p02,2022-07-03T01:00:00Z,-0.167224
p02,2022-07-03T02:00:00Z,-0.451351
p02,2022-07-03T03:00:00Z,0.013775
p02,2022-07-03T04:00:00Z,1.021991
p02,2022-07-03T05:00:00Z,0.316170
p02,2022-07-03T06:00:00Z,1.021974
p02,2022-07-03T07:00:00Z,0.520289
p02,2022-07-03T08:00:00Z,0.348162
p02,2022-07-03T09:00:00Z,-0.536217
p02,2022-07-03T10:00:00Z,-1.803393
p02,2022-07-03T11:00:00Z,-0.438682
p02,2022-07-03T12:00:00Z,-2.694927
p02,2022-07-03T13:00:00Z,-3.631458
p02,2022-07-03T14:00:00Z,-4.081646
p02,2022-07-03T15:00:00Z,-5.330024
p02,2022-07-03T16:00:00Z,-4.384757
p02,2022-07-03T17:00:00Z,-5.091511
p02,2022-07-03T18:00:00Z,-4.761180
p02,2022-07-03T19:00:00Z,-4.926660
p02,2022-07-03T20:00:00Z,-3.673291
p02,2022-07-03T21:00:00Z,-3.989725
p02,2022-07-03T22:00:00Z,-2.532236
p02,2022-07-03T23:00:00Z,-1.711679
p02,2022-07-04T00:00:00Z,-0.353529
p02,2022-07-04T01:00:00Z,-1.015114
p02,2022-07-04T02:00:00Z,-1.084388
p02,2022-07-04T03:00:00Z,0.410104
p02,2022-07-04T04:00:00Z,1.629325
p02,2022-07-04T05:00:00Z,2.799363
p02,2022-07-04T06:00:00Z,0.617266
p02,2022-07-04T07:00:00Z,0.363397
p02,2022-07-04T08:00:00Z,-0.332046
p02,2022-07-04T09:00:00Z,0.053524
p02,2022-07-04T10:00:00Z,-1.195146
p02,2022-07-04T11:00:00Z,-2.379439
p02,2022-07-04T12:00:00Z,-2.202515
p02,2022-07-04T13:00:00Z,-4.153960
p02,2022-07-04T14:00:00Z,-4.991484
p02,2022-07-04T15:00:00Z,-4.631204
p02,2022-07-04T16:00:00Z,-5.151254
p02,2022-07-04T17:00:00Z,-5.014331
p02,2022-07-04T18:00:00Z,-4.905137
p02,2022-07-04T19:00:00Z,-5.019382
p02,2022-07-04T20:00:00Z,-4.729599
p02,2022-07-04T21:00:00Z,-4.068175
p02,2022-07-04T22:00:00Z,-3.295211
p02,2022-07-04T23:00:00Z,-2.381332
p02,2022-07-05T00:00:00Z,-2.062670
p02,2022-07-05T01:00:00Z,-0.866066
p02,2022-07-05T02:00:00Z,-0.924815
p02,2022-07-05T03:00:00Z,-0.355053
p02,2022-07-05T04:00:00Z,1.655257
p02,2022-07-05T05:00:00Z,1.185399
p02,2022-07-05T06:00:00Z,0.054944
p02,2022-07-05T07:00:00Z,1.190444
p02,2022-07-05T08:00:00Z,-0.107144
p02,2022-07-05T09:00:00Z,-0.750449
p02,2022-07-05T10:00:00Z,-1.957313
p02,2022-07-05T11:00:00Z,-2.928188
p02,2022-07-05T12:00:00Z,-3.460487
p02,2022-07-05T13:00:00Z,-3.606912
p02,2022-07-05T14:00:00Z,-5.571597
p02,2022-07-05T15:00:00Z,-4.813749
p02,2022-07-05T16:00:00Z,-5.066939
p02,2022-07-05T17:00:00Z,-5.854338
p02,2022-07-05T18:00:00Z,-4.629773
p02,2022-07-05T19:00:00Z,-4.758996
p02,2022-07-05T20:00:00Z,-4.544034
p02,2022-07-05T21:00:00Z,-4.257979
p02,2022-07-05T22:00:00Z,-2.095175
p02,2022-07-05T23:00:00Z,-2.847777
p02,2022-07-06T00:00:00Z,-0.694332
p02,2022-07-06T01:00:00Z,-0.760370
p02,2022-07-06T02:00:00Z,0.313896
p02,2022-07-06T03:00:00Z,-0.635648
p02,2022-07-06T04:00:00Z,1.230720
p02,2022-07-06T05:00:00Z,1.770721
p02,2022-07-06T06:00:00Z,0.785581
p02,2022-07-06T07:00:00Z,-0.428171
p02,2022-07-06T08:00:00Z,0.053404
p02,2022-07-06T09:00:00Z,-1.260043
p02,2022-07-06T10:00:00Z,-1.360905
p02,2022-07-06T11:00:00Z,-2.458169
p02,2022-07-06T12:00:00Z,-3.376411
p02,2022-07-06T13:00:00Z,-4.124131
p02,2022-07-06T14:00:00Z,-5.497302
p02,2022-07-06T15:00:00Z,-4.107609
p02,2022-07-06T16:00:00Z,-5.472020
p02,2022-07-06T17:00:00Z,-6.397091
p02,2022-07-06T18:00:00Z,-6.160990
p02,2022-07-06T19:00:00Z,-5.105889
p02,2022-07-06T20:00:00Z,-4.251953
p02,2022-07-06T21:00:00Z,-4.393456
p02,2022-07-06T22:00:00Z,-3.301803
p02,2022-07-06T23:00:00Z,-2.681656
p02,2022-07-07T00:00:00Z,-2.066336
p02,2022-07-07T01:00:00Z,-0.982455
p02,2022-07-07T02:00:00Z,0.118329
p02,2022-07-07T03:00:00Z,-0.605513
p02,2022-07-07T04:00:00Z,0.142902
p02,2022-07-07T05:00:00Z,0.640303
p02,2022-07-07T06:00:00Z,0.474851
p02,2022-07-07T07:00:00Z,-0.245457
p02,2022-07-07T08:00:00Z,-0.251055
p02,2022-07-07T09:00:00Z,-0.674062
p02,2022-07-07T10:00:00Z,-0.996171
p02,2022-07-07T11:00:00Z,-2.583571
p02,2022-07-07T12:00:00Z,-3.476977
p02,2022-07-07T13:00:00Z,-4.144963
p02,2022-07-07T14:00:00Z,-4.670691
p02,2022-07-07T15:00:00Z,-4.777495
p02,2022-07-07T16:00:00Z,-5.733307
p02,2022-07-07T17:00:00Z,-6.044343
p02,2022-07-07T18:00:00Z,-4.774351
p02,2022-07-07T19:00:00Z,-4.698958
p02,2022-07-07T20:00:00Z,-4.822068
p02,2022-07-07T21:00:00Z,-3.187798
p02,2022-07-07T22:00:00Z,-3.726356
p02,2022-07-07T23:00:00Z,-3.106632
p02,2022-07-08T00:00:00Z,-1.636708
p02,2022-07-08T01:00:00Z,-1.099613
p02,2022-07-08T02:00:00Z,-0.465229
p02,2022-07-08T03:00:00Z,-0.496618
p02,2022-07-08T04:00:00Z,0.148184
p02,2022-07-08T05:00:00Z,-0.334049
p02,2022-07-08T06:00:00Z,0.516790
p02,2022-07-08T07:00:00Z,-0.056041
p02,2022-07-08T08:00:00Z,-0.318255
p02,2022-07-08T09:00:00Z,-0.453762
p02,2022-07-08T10:00:00Z,-1.909486
p02,2022-07-08T11:00:00Z,-2.451843
p02,2022-07-08T12:00:00Z,-3.990838
p02,2022-07-08T13:00:00Z,-4.246743
p02,2022-07-08T14:00:00Z,-4.428184
p02,2022-07-08T15:00:00Z,-4.384340
p02,2022-07-08T16:00:00Z,-4.720600
p02,2022-07-08T17:00:00Z,-5.387992
p02,2022-07-08T18:00:00Z,-5.471474
p02,2022-07-08T19:00:00Z,-5.253416
p02,2022-07-08T20:00:00Z,-5.057249
p02,2022-07-08T21:00:00Z,-4.403860
p02,2022-07-08T22:00:00Z,-3.335842
p02,2022-07-08T23:00:00Z,-2.182378
p02,2022-07-09T00:00:00Z,-2.030994
p02,2022-07-09T01:00:00Z,-1.138975
p02,2022-07-09T02:00:00Z,-0.993719
p02,2022-07-09T03:00:00Z,0.283926
p02,2022-07-09T04:00:00Z,-0.062522
p02,2022-07-09T05:00:00Z,-0.258632
p02,2022-07-09T06:00:00Z,0.336193
p02,2022-07-09T07:00:00Z,-0.940089
p02,2022-07-09T08:00:00Z,-0.475269
p02,2022-07-09T09:00:00Z,-1.080167
p02,2022-07-09T10:00:00Z,-2.304067
p02,2022-07-09T11:00:00Z,-3.410733
p02,2022-07-09T12:00:00Z,-4.219885
p02,2022-07-09T13:00:00Z,-3.806953
p02,2022-07-09T14:00:00Z,-4.910262
p02,2022-07-09T15:00:00Z,-5.381711
p02,2022-07-09T16:00:00Z,-5.110709
p02,2022-07-09T17:00:00Z,-4.541135
p02,2022-07-09T18:00:00Z,-6.002063
p02,2022-07-09T19:00:00Z,-5.150154
p02,2022-07-09T20:00:00Z,-4.467744
p02,2022-07-09T21:00:00Z,-4.642294
p02,2022-07-09T22:00:00Z,-3.332434
p02,2022-07-09T23:00:00Z,-4.341590
p02,2022-07-10T00:00:00Z,-2.446973
p02,2022-07-10T01:00:00Z,-1.848254
p02,2022-07-10T02:00:00Z,0.038448
p02,2022-07-10T03:00:00Z,0.443009
p02,2022-07-10T04:00:00Z,-0.347156
p02,2022-07-10T05:00:00Z,-0.053260
p02,2022-07-10T06:00:00Z,-0.181877
p02,2022-07-10T07:00:00Z,-0.135017
p02,2022-07-10T08:00:00Z,-0.836807
p02,2022-07-10T09:00:00Z,-1.343522
p02,2022-07-10T10:00:00Z,-1.206830
p02,2022-07-10T11:00:00Z,-2.869395
p02,2022-07-10T12:00:00Z,-5.039572
p02,2022-07-10T13:00:00Z,-3.963016
p02,2022-07-10T14:00:00Z,-4.290113
p02,2022-07-10T15:00:00Z,-5.116858
p02,2022-07-10T16:00:00Z,-6.008594
p02,2022-07-10T17:00:00Z,-6.055026
p02,2022-07-10T18:00:00Z,-6.335956
p02,2022-07-10T19:00:00Z,-5.500470
p02,2022-07-10T20:00:00Z,-4.942112
p02,2022-07-10T21:00:00Z,-3.991356
p02,2022-07-10T22:00:00Z,-3.172076
p02,2022-07-10T23:00:00Z,-2.987356
p02,2022-07-11T00:00:00Z,-2.875324
p02,2022-07-11T01:00:00Z,-1.358723
p02,2022-07-11T02:00:00Z,-0.883995
p02,2022-07-11T03:00:00Z,0.156869
p02,2022-07-11T04:00:00Z,0.045828
p02,2022-07-11T05:00:00Z,0.519168
p02,2022-07-11T06:00:00Z,-0.338572
p02,2022-07-11T07:00:00Z,0.594865
p02,2022-07-11T08:00:00Z,-1.207859
p02,2022-07-11T09:00:00Z,-2.390932
p02,2022-07-11T10:00:00Z,-1.993575
p02,2022-07-11T11:00:00Z,-2.389071
p02,2022-07-11T12:00:00Z,-3.878423
p02,2022-07-11T13:00:00Z,-4.484343
p02,2022-07-11T14:00:00Z,-6.016776
p02,2022-07-11T15:00:00Z,-5.792028
p02,2022-07-11T16:00:00Z,-5.828156
p02,2022-07-11T17:00:00Z,-6.657662
p02,2022-07-11T18:00:00Z,-5.043941
p02,2022-07-11T19:00:00Z,-6.190263
p02,2022-07-11T20:00:00Z,-6.115218
p02,2022-07-11T21:00:00Z,-4.934749
p02,2022-07-11T22:00:00Z,-3.770561
p02,2022-07-11T23:00:00Z,-2.623701
p02,2022-07-12T00:00:00Z,-2.179709
p02,2022-07-12T01:00:00Z,-1.670099
p02,2022-07-12T02:00:00Z,-0.263507
p02,2022-07-12T03:00:00Z,-0.333011
p02,2022-07-12T04:00:00Z,-0.736884
p02,2022-07-12T05:00:00Z,-0.357797
p02,2022-07-12T06:00:00Z,0.022759
p02,2022-07-12T07:00:00Z,-1.101583
p02,2022-07-12T08:00:00Z,-1.384877
p02,2022-07-12T09:00:00Z,-2.337202
p02,2022-07-12T10:00:00Z,-2.801964
p02,2022-07-12T11:00:00Z,-2.852433
p02,2022-07-12T12:00:00Z,-4.052888
p02,2022-07-12T13:00:00Z,-4.205083
p02,2022-07-12T14:00:00Z,-4.594304
p02,2022-07-12T15:00:00Z,-6.095868
p02,2022-07-12T16:00:00Z,-6.605214
p02,2022-07-12T17:00:00Z,-5.611500
p02,2022-07-12T18:00:00Z,-6.600850
p02,2022-07-12T19:00:00Z,-5.635448
p02,2022-07-12T20:00:00Z,-5.542823
p02,2022-07-12T21:00:00Z,-5.383739
p02,2022-07-12T22:00:00Z,-3.442025
p02,2022-07-12T23:00:00Z,-3.219603
p02,2022-07-13T00:00:00Z,-3.395389
p02,2022-07-13T01:00:00Z,-1.444515
p02,2022-07-13T02:00:00Z,-1.573259
p02,2022-07-13T03:00:00Z,-0.070766
p02,2022-07-13T04:00:00Z,-0.263162
p02,2022-07-13T05:00:00Z,0.724606
p02,2022-07-13T06:00:00Z,-0.879676
p02,2022-07-13T07:00:00Z,-0.700757
p02,2022-07-13T08:00:00Z,-1.918982
p02,2022-07-13T09:00:00Z,-2.187831
p02,2022-07-13T10:00:00Z,-1.911784
p02,2022-07-13T11:00:00Z,-2.882965
p02,2022-07-13T12:00:00Z,-4.099438
p02,2022-07-13T13:00:00Z,-4.460908
p02,2022-07-13T14:00:00Z,-5.450268
p02,2022-07-13T15:00:00Z,-6.054778
p02,2022-07-13T16:00:00Z,-6.984279
p02,2022-07-13T17:00:00Z,-5.772395
p02,2022-07-13T18:00:00Z,-6.027150
p02,2022-07-13T19:00:00Z,-4.861512
p02,2022-07-13T20:00:00Z,-5.052687
p02,2022-07-13T21:00:00Z,-4.730667
p02,2022-07-13T22:00:00Z,-3.700585
p02,2022-07-13T23:00:00Z,-2.961457
p02,2022-07-14T00:00:00Z,-2.703358
p02,2022-07-14T01:00:00Z,-2.255768
p02,2022-07-14T02:00:00Z,-0.679453
p02,2022-07-14T03:00:00Z,-1.207866
p02,2022-07-14T04:00:00Z,-1.170011
p02,2022-07-14T05:00:00Z,-0.041155
p02,2022-07-14T06:00:00Z,-1.095936
p02,2022-07-14T07:00:00Z,-1.069197
p02,2022-07-14T08:00:00Z,-1.761715
p02,2022-07-14T09:00:00Z,-1.290190
p02,2022-07-14T10:00:00Z,-3.318059
p02,2022-07-14T11:00:00Z,-4.281940
p02,2022-07-14T12:00:00Z,-3.597662
p02,2022-07-14T13:00:00Z,-4.931733
p02,2022-07-14T14:00:00Z,-6.402256
p02,2022-07-14T15:00:00Z,-5.153688
p02,2022-07-14T16:00:00Z,-5.970549
p02,2022-07-14T17:00:00Z,-6.817287
p02,2022-07-14T18:00:00Z,-6.471209
p02,2022-07-14T19:00:00Z,-5.792176
p02,2022-07-14T20:00:00Z,-5.292748
p02,2022-07-14T21:00:00Z,-4.467064
p02,2022-07-14T22:00:00Z,-4.802424
p02,2022-07-14T23:00:00Z,-3.868709
p02,2022-07-15T00:00:00Z,-2.832243
p02,2022-07-15T01:00:00Z,-1.996499
p02,2022-07-15T02:00:00Z,-0.880656
p02,2022-07-15T03:00:00Z,-0.808379
p02,2022-07-15T04:00:00Z,0.074889
p02,2022-07-15T05:00:00Z,-0.382159
p02,2022-07-15T06:00:00Z,-1.395631
p02,2022-07-15T07:00:00Z,-0.166380
p02,2022-07-15T08:00:00Z,-2.074743
p02,2022-07-15T09:00:00Z,-1.590427
p02,2022-07-15T10:00:00Z,-1.914523
p02,2022-07-15T11:00:00Z,-3.363744
p02,2022-07-15T12:00:00Z,-4.712794
p02,2022-07-15T13:00:00Z,-5.131383
p02,2022-07-15T14:00:00Z,-4.715629
p02,2022-07-15T15:00:00Z,-6.410111
p02,2022-07-15T16:00:00Z,-6.111476
p02,2022-07-15T17:00:00Z,-6.209257
p02,2022-07-15T18:00:00Z,-6.932512
p02,2022-07-15T19:00:00Z,-6.000978
p02,2022-07-15T20:00:00Z,-5.175547
p02,2022-07-15T21:00:00Z,-5.405516
p02,2022-07-15T22:00:00Z,-5.051673
p02,2022-07-15T23:00:00Z,-3.860001
p02,2022-07-16T00:00:00Z,-2.504001
p02,2022-07-16T01:00:00Z,-1.793649
p02,2022-07-16T02:00:00Z,-1.575790
p02,2022-07-16T03:00:00Z,-0.680066
p02,2022-07-16T04:00:00Z,-1.118961
p02,2022-07-16T05:00:00Z,-0.014421
p02,2022-07-16T06:00:00Z,-0.382624
p02,2022-07-16T07:00:00Z,-1.526485
p02,2022-07-16T08:00:00Z,-1.778642
p02,2022-07-16T09:00:00Z,-2.664797
p02,2022-07-16T10:00:00Z,-2.610751
p02,2022-07-16T11:00:00Z,-4.775422
p02,2022-07-16T12:00:00Z,-4.474814
p02,2022-07-16T13:00:00Z,-5.357141
p02,2022-07-16T14:00:00Z,-6.028550
p02,2022-07-16T15:00:00Z,-6.202220
p02,2022-07-16T16:00:00Z,-6.708566
p02,2022-07-16T17:00:00Z,-6.672193
p02,2022-07-16T18:00:00Z,-7.339502
p02,2022-07-16T19:00:00Z,-5.912574
p02,2022-07-16T20:00:00Z,-5.948081
p02,2022-07-16T21:00:00Z,-5.723408
p02,2022-07-16T22:00:00Z,-4.462467
p02,2022-07-16T23:00:00Z,-3.477572
p02,2022-07-17T00:00:00Z,-2.553874
p02,2022-07-17T01:00:00Z,-1.561262
p02,2022-07-17T02:00:00Z,-1.809561
p02,2022-07-17T03:00:00Z,-1.205731
p02,2022-07-17T04:00:00Z,-0.313918
p02,2022-07-17T05:00:00Z,-0.961100
p02,2022-07-17T06:00:00Z,-1.260057
p02,2022-07-17T07:00:00Z,-1.455692
p02,2022-07-17T08:00:00Z,-2.291764
p02,2022-07-17T09:00:00Z,-2.601311
p02,2022-07-17T10:00:00Z,-2.611815
p02,2022-07-17T11:00:00Z,-2.878935
p02,2022-07-17T12:00:00Z,-4.953616
p02,2022-07-17T13:00:00Z,-5.250504
p02,2022-07-17T14:00:00Z,-5.664721
p02,2022-07-17T15:00:00Z,-6.455551
p02,2022-07-17T16:00:00Z,-6.636591
p02,2022-07-17T17:00:00Z,-6.423059
p02,2022-07-17T18:00:00Z,-6.404199
p02,2022-07-17T19:00:00Z,-5.810053
p02,2022-07-17T20:00:00Z,-5.221739
p02,2022-07-17T21:00:00Z,-6.104661
p02,2022-07-17T22:00:00Z,-4.520057
p02,2022-07-17T23:00:00Z,-3.722614
p02,2022-07-18T00:00:00Z,-2.670853
p02,2022-07-18T01:00:00Z,-1.575988
p02,2022-07-18T02:00:00Z,-1.453264
p02,2022-07-18T03:00:00Z,-1.434555
p02,2022-07-18T04:00:00Z,-0.650646
p02,2022-07-18T05:00:00Z,-0.545698
p02,2022-07-18T06:00:00Z,-1.541198
p02,2022-07-18T07:00:00Z,-1.862031
p02,2022-07-18T08:00:00Z,-1.196714
p02,2022-07-18T09:00:00Z,-2.589924
p02,2022-07-18T10:00:00Z,-3.510039
p02,2022-07-18T11:00:00Z,-4.113287
p02,2022-07-18T12:00:00Z,-4.355790
p02,2022-07-18T13:00:00Z,-5.023943
p02,2022-07-18T14:00:00Z,-5.398123
p02,2022-07-18T15:00:00Z,-6.557273
p02,2022-07-18T16:00:00Z,-6.436773
p02,2022-07-18T17:00:00Z,-7.077926
p02,2022-07-18T18:00:00Z,-6.457319
p02,2022-07-18T19:00:00Z,-6.167412
p02,2022-07-18T20:00:00Z,-5.767351
p02,2022-07-18T21:00:00Z,-4.336315
p02,2022-07-18T22:00:00Z,-5.190555
p02,2022-07-18T23:00:00Z,-4.052057
p02,2022-07-19T00:00:00Z,-3.702056
p02,2022-07-19T01:00:00Z,-1.588484
p02,2022-07-19T02:00:00Z,-1.287040
p02,2022-07-19T03:00:00Z,-0.649140
p02,2022-07-19T04:00:00Z,-1.000244
p02,2022-07-19T05:00:00Z,-1.635193
p02,2022-07-19T06:00:00Z,0.061749
p02,2022-07-19T07:00:00Z,-0.763284
p02,2022-07-19T08:00:00Z,-1.671642
p02,2022-07-19T09:00:00Z,-2.598778
p02,2022-07-19T10:00:00Z,-3.253369
p02,2022-07-19T11:00:00Z,-3.080248
p02,2022-07-19T12:00:00Z,-4.929427
p02,2022-07-19T13:00:00Z,-5.706554
p02,2022-07-19T14:00:00Z,-6.194179
p02,2022-07-19T15:00:00Z,-6.068960
p02,2022-07-19T16:00:00Z,-6.823566
p02,2022-07-19T17:00:00Z,-6.997312
p02,2022-07-19T18:00:00Z,-6.771077
p02,2022-07-19T19:00:00Z,-7.101921
p02,2022-07-19T20:00:00Z,-6.092407
p02,2022-07-19T21:00:00Z,-6.063882
p02,2022-07-19T22:00:00Z,-4.541022
p02,2022-07-19T23:00:00Z,-4.700972
p02,2022-07-20T00:00:00Z,-3.268974
p02,2022-07-20T01:00:00Z,-1.934385
p02,2022-07-20T02:00:00Z,-2.603094
p02,2022-07-20T03:00:00Z,-1.908371
p02,2022-07-20T04:00:00Z,-1.339206
p02,2022-07-20T05:00:00Z,-1.483298
p02,2022-07-20T06:00:00Z,-1.256204
p02,2022-07-20T07:00:00Z,-1.423296
p02,2022-07-20T08:00:00Z,-1.719680
p02,2022-07-20T09:00:00Z,-2.467409
p02,2022-07-20T10:00:00Z,-3.693150
p02,2022-07-20T11:00:00Z,-3.939747
p02,2022-07-20T12:00:00Z,-4.895255
p02,2022-07-20T13:00:00Z,-5.101774
p02,2022-07-20T14:00:00Z,-6.072448
p02,2022-07-20T15:00:00Z,-6.242802
p02,2022-07-20T16:00:00Z,-6.625527
p02,2022-07-20T17:00:00Z,-7.587013
p02,2022-07-20T18:00:00Z,-7.452479
p02,2022-07-20T19:00:00Z,-7.237166
p02,2022-07-20T20:00:00Z,-5.614859
p02,2022-07-20T21:00:00Z,-5.211385
p02,2022-07-20T22:00:00Z,-3.898324
p02,2022-07-20T23:00:00Z,-3.428009
p02,2022-07-21T00:00:00Z,-3.416215
p02,2022-07-21T01:00:00Z,-1.805387
p02,2022-07-21T02:00:00Z,-1.562540
p02,2022-07-21T03:00:00Z,-2.275131
p02,2022-07-21T04:00:00Z,-1.633129
p02,2022-07-21T05:00:00Z,-0.964784
p02,2022-07-21T06:00:00Z,-1.522404
p02,2022-07-21T07:00:00Z,-0.726500
p02,2022-07-21T08:00:00Z,-1.733592
p02,2022-07-21T09:00:00Z,-2.890149
p02,2022-07-21T10:00:00Z,-3.378204
p02,2022-07-21T11:00:00Z,-3.484571
p02,2022-07-21T12:00:00Z,-4.483977
p02,2022-07-21T13:00:00Z,-5.797704
p02,2022-07-21T14:00:00Z,-6.786104
p02,2022-07-21T15:00:00Z,-7.145450
p02,2022-07-21T16:00:00Z,-6.683158
p02,2022-07-21T17:00:00Z,-8.234172
p02,2022-07-21T18:00:00Z,-7.486308
p02,2022-07-21T19:00:00Z,-6.824495
p02,2022-07-21T20:00:00Z,-6.724934
p02,2022-07-21T21:00:00Z,-4.954640
p02,2022-07-21T22:00:00Z,-4.527491
p02,2022-07-21T23:00:00Z,-3.967973
p02,2022-07-22T00:00:00Z,-2.884794
p02,2022-07-22T01:00:00Z,-2.884213
p02,2022-07-22T02:00:00Z,-1.249065
p02,2022-07-22T03:00:00Z,-1.990485
p02,2022-07-22T04:00:00Z,-2.263489
p02,2022-07-22T05:00:00Z,-0.744906
p02,2022-07-22T06:00:00Z,-0.990057
p02,2022-07-22T07:00:00Z,-2.065138
p02,2022-07-22T08:00:00Z,-2.895827
p02,2022-07-22T09:00:00Z,-3.355304
p02,2022-07-22T10:00:00Z,-3.294743
p02,2022-07-22T11:00:00Z,-5.047334
p02,2022-07-22T12:00:00Z,-4.628417
p02,2022-07-22T13:00:00Z,-4.667534
p02,2022-07-22T14:00:00Z,-5.960798
p02,2022-07-22T15:00:00Z,-6.874442
p02,2022-07-22T16:00:00Z,-6.992185
p02,2022-07-22T17:00:00Z,-7.236217
p02,2022-07-22T18:00:00Z,-6.381629
p02,2022-07-22T19:00:00Z,-6.682211
p02,2022-07-22T20:00:00Z,-7.162590
p02,2022-07-22T21:00:00Z,-5.721955
p02,2022-07-22T22:00:00Z,-4.242026
p02,2022-07-22T23:00:00Z,-4.681682
p02,2022-07-23T00:00:00Z,-3.501276
p02,2022-07-23T01:00:00Z,-1.668851
p02,2022-07-23T02:00:00Z,-1.152779
p02,2022-07-23T03:00:00Z,-1.766729
p02,2022-07-23T04:00:00Z,-1.675965
p02,2022-07-23T05:00:00Z,-1.708333
p02,2022-07-23T06:00:00Z,-0.984472
p02,2022-07-23T07:00:00Z,-2.418157
p02,2022-07-23T08:00:00Z,-1.372205
p02,2022-07-23T09:00:00Z,-3.030283
p02,2022-07-23T10:00:00Z,-3.589247
p02,2022-07-23T11:00:00Z,-4.791141
p02,2022-07-23T12:00:00Z,-4.992220
p02,2022-07-23T13:00:00Z,-7.071274
p02,2022-07-23T14:00:00Z,-6.900653
p02,2022-07-23T15:00:00Z,-7.418308
p02,2022-07-23T16:00:00Z,-8.201003
p02,2022-07-23T17:00:00Z,-7.526991
p02,2022-07-23T18:00:00Z,-7.357309
p02,2022-07-23T19:00:00Z,-6.104912
p02,2022-07-23T20:00:00Z,-7.003000
p02,2022-07-23T21:00:00Z,-4.950238
p02,2022-07-23T22:00:00Z,-5.051760
p02,2022-07-23T23:00:00Z,-4.914712
p02,2022-07-24T00:00:00Z,-3.468691
p02,2022-07-24T01:00:00Z,-3.267797
p02,2022-07-24T02:00:00Z,-1.958893
p02,2022-07-24T03:00:00Z,-0.980470
p02,2022-07-24T04:00:00Z,-0.493574
p02,2022-07-24T05:00:00Z,-1.794233
p02,2022-07-24T06:00:00Z,-0.681277
p02,2022-07-24T07:00:00Z,-1.760632
p02,2022-07-24T08:00:00Z,-2.588201
p02,2022-07-24T09:00:00Z,-2.825265
p02,2022-07-24T10:00:00Z,-3.488986
p02,2022-07-24T11:00:00Z,-4.506433
p02,2022-07-24T12:00:00Z,-4.306256
p02,2022-07-24T13:00:00Z,-5.208044
p02,2022-07-24T14:00:00Z,-6.663683
p02,2022-07-24T15:00:00Z,-6.435571
p02,2022-07-24T16:00:00Z,-7.387230
p02,2022-07-24T17:00:00Z,-6.820571
p02,2022-07-24T18:00:00Z,-7.468469
p02,2022-07-24T19:00:00Z,-6.914334
p02,2022-07-24T20:00:00Z,-6.270206
p02,2022-07-24T21:00:00Z,-6.532469
p02,2022-07-24T22:00:00Z,-5.514845
p02,2022-07-24T23:00:00Z,-4.790219
p02,2022-07-25T00:00:00Z,-3.650447
p02,2022-07-25T01:00:00Z,-2.620008
p02,2022-07-25T02:00:00Z,-2.481760
p02,2022-07-25T03:00:00Z,-1.503607
p02,2022-07-25T04:00:00Z,-1.808680
p02,2022-07-25T05:00:00Z,-1.271653
p02,2022-07-25T06:00:00Z,-1.779994
p02,2022-07-25T07:00:00Z,-1.380839
p02,2022-07-25T08:00:00Z,-1.947196
p02,2022-07-25T09:00:00Z,-2.975501
p02,2022-07-25T10:00:00Z,-3.444198
p02,2022-07-25T11:00:00Z,-3.894082
p02,2022-07-25T12:00:00Z,-5.442013
p02,2022-07-25T13:00:00Z,-5.791639
p02,2022-07-25T14:00:00Z,-6.840410
p02,2022-07-25T15:00:00Z,-7.511816
p02,2022-07-25T16:00:00Z,-6.803988
p02,2022-07-25T17:00:00Z,-7.969827
p02,2022-07-25T18:00:00Z,-7.564264
p02,2022-07-25T19:00:00Z,-6.790301
p02,2022-07-25T20:00:00Z,-6.569375
p02,2022-07-25T21:00:00Z,-6.054515
p02,2022-07-25T22:00:00Z,-4.560831
p02,2022-07-25T23:00:00Z,-4.733916
p02,2022-07-26T00:00:00Z,-3.309868
p02,2022-07-26T01:00:00Z,-1.995882
p02,2022-07-26T02:00:00Z,-2.444172
p02,2022-07-26T03:00:00Z,-2.363374
p02,2022-07-26T04:00:00Z,-0.943517
p02,2022-07-26T05:00:00Z,-1.558392
p02,2022-07-26T06:00:00Z,-1.862166
p02,2022-07-26T07:00:00Z,-1.271934
p02,2022-07-26T08:00:00Z,-2.780727
p02,2022-07-26T09:00:00Z,-2.865407
p02,2022-07-26T10:00:00Z,-3.860226
p02,2022-07-26T11:00:00Z,-4.374434
p02,2022-07-26T12:00:00Z,-5.548033
p02,2022-07-26T13:00:00Z,-6.559074
p02,2022-07-26T14:00:00Z,-6.790743
p02,2022-07-26T15:00:00Z,-6.083568
p02,2022-07-26T16:00:00Z,-7.153434
p02,2022-07-26T17:00:00Z,-7.868115
p02,2022-07-26T18:00:00Z,-7.232734
p02,2022-07-26T19:00:00Z,-6.915996
p02,2022-07-26T20:00:00Z,-6.555673
p02,2022-07-26T21:00:00Z,-5.568981
p02,2022-07-26T22:00:00Z,-4.340624
p02,2022-07-26T23:00:00Z,-5.102583
p02,2022-07-27T00:00:00Z,-4.922907
p02,2022-07-27T01:00:00Z,-2.853086
p02,2022-07-27T02:00:00Z,-1.876145
p02,2022-07-27T03:00:00Z,-1.360913
p02,2022-07-27T04:00:00Z,-1.725701
p02,2022-07-27T05:00:00Z,-1.295968
p02,2022-07-27T06:00:00Z,-2.234924
p02,2022-07-27T07:00:00Z,-2.746081
p02,2022-07-27T08:00:00Z,-1.838321
p02,2022-07-27T09:00:00Z,-2.115311
p02,2022-07-27T10:00:00Z,-3.345538
p02,2022-07-27T11:00:00Z,-3.461671
p02,2022-07-27T12:00:00Z,-4.706822
p02,2022-07-27T13:00:00Z,-5.229236
p02,2022-07-27T14:00:00Z,-6.216389
p02,2022-07-27T15:00:00Z,-7.502106
p02,2022-07-27T16:00:00Z,-7.504211
p02,2022-07-27T17:00:00Z,-8.224047
p02,2022-07-27T18:00:00Z,-7.531611
p02,2022-07-27T19:00:00Z,-7.018034
p02,2022-07-27T20:00:00Z,-5.934803
p02,2022-07-27T21:00:00Z,-5.719299
p02,2022-07-27T22:00:00Z,-5.057954
p02,2022-07-27T23:00:00Z,-5.211391
p02,2022-07-28T00:00:00Z,-4.458152
p02,2022-07-28T01:00:00Z,-3.690642
p02,2022-07-28T02:00:00Z,-2.361297
p02,2022-07-28T03:00:00Z,-2.842336
p02,2022-07-28T04:00:00Z,-1.954740
p02,2022-07-28T05:00:00Z,-0.683546
p02,2022-07-28T06:00:00Z,-0.912626
p02,2022-07-28T07:00:00Z,-2.604234
p02,2022-07-28T08:00:00Z,-1.227307
p02,2022-07-28T09:00:00Z,-2.874856
p02,2022-07-28T10:00:00Z,-3.934233
p02,2022-07-28T11:00:00Z,-4.337235
p02,2022-07-28T12:00:00Z,-5.394250
p02,2022-07-28T13:00:00Z,-6.209058
p02,2022-07-28T14:00:00Z,-6.864456
p02,2022-07-28T15:00:00Z,-7.210169
p02,2022-07-28T16:00:00Z,-7.497458
p02,2022-07-28T17:00:00Z,-7.348988
p02,2022-07-28T18:00:00Z,-7.120034
p02,2022-07-28T19:00:00Z,-7.755246
p02,2022-07-28T20:00:00Z,-6.993856
p02,2022-07-28T21:00:00Z,-6.832231
p02,2022-07-28T22:00:00Z,-6.078006
p02,2022-07-28T23:00:00Z,-5.060496
p02,2022-07-29T00:00:00Z,-4.612288
p02,2022-07-29T01:00:00Z,-3.537991
p02,2022-07-29T02:00:00Z,-3.236586
p02,2022-07-29T03:00:00Z,-2.325639
p02,2022-07-29T04:00:00Z,-2.365807
p02,2022-07-29T05:00:00Z,-2.184162
p02,2022-07-29T06:00:00Z,-2.074734
p02,2022-07-29T07:00:00Z,-1.842033
p02,2022-07-29T08:00:00Z,-3.457261
p02,2022-07-29T09:00:00Z,-3.512658
p02,2022-07-29T10:00:00Z,-3.658344
p02,2022-07-29T11:00:00Z,-3.609969
p02,2022-07-29T12:00:00Z,-5.848024
p02,2022-07-29T13:00:00Z,-6.043776
p02,2022-07-29T14:00:00Z,-7.510589
p02,2022-07-29T15:00:00Z,-7.006329
p02,2022-07-29T16:00:00Z,-7.525390
p02,2022-07-29T17:00:00Z,-8.092512
p02,2022-07-29T18:00:00Z,-6.707889
p02,2022-07-29T19:00:00Z,-7.173175
p02,2022-07-29T20:00:00Z,-6.718272
p02,2022-07-29T21:00:00Z,-5.492053
p02,2022-07-29T22:00:00Z,-5.651168
p02,2022-07-29T23:00:00Z,-4.298448
p02,2022-07-30T00:00:00Z,-4.265441
p02,2022-07-30T01:00:00Z,-3.590273
p02,2022-07-30T02:00:00Z,-2.955020
p02,2022-07-30T03:00:00Z,-2.104118
p02,2022-07-30T04:00:00Z,-2.038842
p02,2022-07-30T05:00:00Z,-2.162983
p02,2022-07-30T06:00:00Z,-1.418958
p02,2022-07-30T07:00:00Z,-2.673555
p02,2022-07-30T08:00:00Z,-1.475119
p02,2022-07-30T09:00:00Z,-2.682125
p02,2022-07-30T10:00:00Z,-4.364035
p02,2022-07-30T11:00:00Z,-5.749723
p02,2022-07-30T12:00:00Z,-5.433969
p02,2022-07-30T13:00:00Z,-6.005271
p02,2022-07-30T14:00:00Z,-7.988171
p02,2022-07-30T15:00:00Z,-7.502798
p02,2022-07-30T16:00:00Z,-8.200368
p02,2022-07-30T17:00:00Z,-7.129087
p02,2022-07-30T18:00:00Z,-8.645163
p02,2022-07-30T19:00:00Z,-6.806754
p02,2022-07-30T20:00:00Z,-7.800382
p02,2022-07-30T21:00:00Z,-5.858530
p02,2022-07-30T22:00:00Z,-5.929971
p02,2022-07-30T23:00:00Z,-5.127665
p02,2022-07-31T00:00:00Z,-4.407293
p02,2022-07-31T01:00:00Z,-3.356423
p02,2022-07-31T02:00:00Z,-2.679986
p02,2022-07-31T03:00:00Z,-1.626383
p02,2022-07-31T04:00:00Z,-1.763728
p02,2022-07-31T05:00:00Z,-1.380670
p02,2022-07-31T06:00:00Z,-1.314993
p02,2022-07-31T07:00:00Z,-2.547594
p02,2022-07-31T08:00:00Z,-3.312955
p02,2022-07-31T09:00:00Z,-3.316928
p02,2022-07-31T10:00:00Z,-3.981244
p02,2022-07-31T11:00:00Z,-5.096771
p02,2022-07-31T12:00:00Z,-6.005511
p02,2022-07-31T13:00:00Z,-6.043865
p02,2022-07-31T14:00:00Z,-7.030600
p02,2022-07-31T15:00:00Z,-7.140063
p02,2022-07-31T16:00:00Z,-6.969531
p02,2022-07-31T17:00:00Z,-7.939492
p02,2022-07-31T18:00:00Z,-8.179874
p02,2022-07-31T19:00:00Z,-7.709841
p02,2022-07-31T20:00:00Z,-7.580685
p02,2022-07-31T21:00:00Z,-6.247895
p02,2022-07-31T22:00:00Z,-5.406170
p02,2022-07-31T23:00:00Z,-4.344601
p02,2022-08-01T00:00:00Z,-4.701542
p02,2022-08-01T01:00:00Z,-3.537701
p02,2022-08-01T02:00:00Z,-3.045532
p02,2022-08-01T03:00:00Z,-2.580933
p02,2022-08-01T04:00:00Z,-2.003556
p02,2022-08-01T05:00:00Z,-1.046980
p02,2022-08-01T06:00:00Z,-2.958003
p02,2022-08-01T07:00:00Z,-2.703029
p02,2022-08-01T08:00:00Z,-3.664602
p02,2022-08-01T09:00:00Z,-3.465254
p02,2022-08-01T10:00:00Z,-4.645893
p02,2022-08-01T11:00:00Z,-4.241049
p02,2022-08-01T12:00:00Z,-6.855430
p02,2022-08-01T13:00:00Z,-7.212598
p02,2022-08-01T14:00:00Z,-6.358130
p02,2022-08-01T15:00:00Z,-7.136815
p02,2022-08-01T16:00:00Z,-6.034135
p02,2022-08-01T17:00:00Z,-7.236493
p02,2022-08-01T18:00:00Z,-7.723259
p02,2022-08-01T19:00:00Z,-7.717892
p02,2022-08-01T20:00:00Z,-7.275902
p02,2022-08-01T21:00:00Z,-5.821688
p02,2022-08-01T22:00:00Z,-4.800280
p02,2022-08-01T23:00:00Z,-5.126446
p02,2022-08-02T00:00:00Z,-3.446221
p02,2022-08-02T01:00:00Z,-2.843993
p02,2022-08-02T02:00:00Z,-2.600060
p02,2022-08-02T03:00:00Z,-2.492115
p02,2022-08-02T04:00:00Z,-1.830632
p02,2022-08-02T05:00:00Z,-2.832020
p02,2022-08-02T06:00:00Z,-1.711094
p02,2022-08-02T07:00:00Z,-2.660648
p02,2022-08-02T08:00:00Z,-2.964792
p02,2022-08-02T09:00:00Z,-3.081690
p02,2022-08-02T10:00:00Z,-5.079468
p02,2022-08-02T11:00:00Z,-5.370304
p02,2022-08-02T12:00:00Z,-6.066746
p02,2022-08-02T13:00:00Z,-5.902260
p02,2022-08-02T14:00:00Z,-7.253951
p02,2022-08-02T15:00:00Z,-7.705567
p02,2022-08-02T16:00:00Z,-7.671938
p02,2022-08-02T17:00:00Z,-8.118697
p02,2022-08-02T18:00:00Z,-7.667648
p02,2022-08-02T19:00:00Z,-7.327664
p02,2022-08-02T20:00:00Z,-7.018290
p02,2022-08-02T21:00:00Z,-6.748289
p02,2022-08-02T22:00:00Z,-5.400859
p02,2022-08-02T23:00:00Z,-4.325393
p02,2022-08-03T00:00:00Z,-3.869322
p02,2022-08-03T01:00:00Z,-4.147802
p02,2022-08-03T02:00:00Z,-2.852396
p02,2022-08-03T03:00:00Z,-2.296921
p02,2022-08-03T04:00:00Z,-2.931678
p02,2022-08-03T05:00:00Z,-2.091992
p02,2022-08-03T06:00:00Z,-1.843553
p02,2022-08-03T07:00:00Z,-2.688558
p02,2022-08-03T08:00:00Z,-2.801247
p02,2022-08-03T09:00:00Z,-3.059141
p02,2022-08-03T10:00:00Z,-3.906366
p02,2022-08-03T11:00:00Z,-5.372723
p02,2022-08-03T12:00:00Z,-6.412733
p02,2022-08-03T13:00:00Z,-6.619104
p02,2022-08-03T14:00:00Z,-7.506017
p02,2022-08-03T15:00:00Z,-7.683311
p02,2022-08-03T16:00:00Z,-8.691945
p02,2022-08-03T17:00:00Z,-8.464386
p02,2022-08-03T18:00:00Z,-7.670736
p02,2022-08-03T19:00:00Z,-6.970075
p02,2022-08-03T20:00:00Z,-7.422289
p02,2022-08-03T21:00:00Z,-7.110714
p02,2022-08-03T22:00:00Z,-5.791615
p02,2022-08-03T23:00:00Z,-6.050198
p02,2022-08-04T00:00:00Z,-5.043280
p02,2022-08-04T01:00:00Z,-3.472676
p02,2022-08-04T02:00:00Z,-3.439262
p02,2022-08-04T03:00:00Z,-2.866294
p02,2022-08-04T04:00:00Z,-1.357754
p02,2022-08-04T05:00:00Z,-2.248309
p02,2022-08-04T06:00:00Z,-3.210344
p02,2022-08-04T07:00:00Z,-1.812640
p02,2022-08-04T08:00:00Z,-2.914786
p02,2022-08-04T09:00:00Z,-2.936443
p02,2022-08-04T10:00:00Z,-5.164791
p02,2022-08-04T11:00:00Z,-4.515780
p02,2022-08-04T12:00:00Z,-6.613249
p02,2022-08-04T13:00:00Z,-7.058988
p02,2022-08-04T14:00:00Z,-7.508364
p02,2022-08-04T15:00:00Z,-7.839228
p02,2022-08-04T16:00:00Z,-8.384311
p02,2022-08-04T17:00:00Z,-7.957581
p02,2022-08-04T18:00:00Z,-7.466011
p02,2022-08-04T19:00:00Z,-7.878584
p02,2022-08-04T20:00:00Z,-6.937224
p02,2022-08-04T21:00:00Z,-7.266760
p02,2022-08-04T22:00:00Z,-6.051533
p02,2022-08-04T23:00:00Z,-4.559462
p02,2022-08-05T00:00:00Z,-3.933711
p02,2022-08-05T01:00:00Z,-3.473107
p02,2022-08-05T02:00:00Z,-2.504271
p02,2022-08-05T03:00:00Z,-1.937124
p02,2022-08-05T04:00:00Z,-2.342439
p02,2022-08-05T05:00:00Z,-2.652682
p02,2022-08-05T06:00:00Z,-1.938497
p02,2022-08-05T07:00:00Z,-2.666305
p02,2022-08-05T08:00:00Z,-2.409234
p02,2022-08-05T09:00:00Z,-2.883292
p02,2022-08-05T10:00:00Z,-4.953493
p02,2022-08-05T11:00:00Z,-5.188993
p02,2022-08-05T12:00:00Z,-5.356282
p02,2022-08-05T13:00:00Z,-6.298937
p02,2022-08-05T14:00:00Z,-6.735724
p02,2022-08-05T15:00:00Z,-7.786636
p02,2022-08-05T16:00:00Z,-8.411912
p02,2022-08-05T17:00:00Z,-8.520928
p02,2022-08-05T18:00:00Z,-7.723725
p02,2022-08-05T19:00:00Z,-8.375238
p02,2022-08-05T20:00:00Z,-7.742863
p02,2022-08-05T21:00:00Z,-6.318356
p02,2022-08-05T22:00:00Z,-6.179826
p02,2022-08-05T23:00:00Z,-5.518486
p02,2022-08-06T00:00:00Z,-4.423683
p02,2022-08-06T01:00:00Z,-3.666026
p02,2022-08-06T02:00:00Z,-3.414754
p02,2022-08-06T03:00:00Z,-3.436012
p02,2022-08-06T04:00:00Z,-1.924317
p02,2022-08-06T05:00:00Z,-2.634359
p02,2022-08-06T06:00:00Z,-2.021313
p02,2022-08-06T07:00:00Z,-2.190487
p02,2022-08-06T08:00:00Z,-3.488228
p02,2022-08-06T09:00:00Z,-3.813223
p02,2022-08-06T10:00:00Z,-3.827383
p02,2022-08-06T11:00:00Z,-4.914774
p02,2022-08-06T12:00:00Z,-7.009632
p02,2022-08-06T13:00:00Z,-7.095466
p02,2022-08-06T14:00:00Z,-7.225943
p02,2022-08-06T15:00:00Z,-8.655562
p02,2022-08-06T16:00:00Z,-7.552881
p02,2022-08-06T17:00:00Z,-8.050866
p02,2022-08-06T18:00:00Z,-8.425585
p02,2022-08-06T19:00:00Z,-8.678756
p02,2022-08-06T20:00:00Z,-7.349964
p02,2022-08-06T21:00:00Z,-6.401525
p02,2022-08-06T22:00:00Z,-5.402615
p02,2022-08-06T23:00:00Z,-5.172029
p02,2022-08-07T00:00:00Z,-4.627870
p02,2022-08-07T01:00:00Z,-3.785848
p02,2022-08-07T02:00:00Z,-3.063307
p02,2022-08-07T03:00:00Z,-3.118828
p02,2022-08-07T04:00:00Z,-1.940986
p02,2022-08-07T05:00:00Z,-2.377821
p02,2022-08-07T06:00:00Z,-3.139833
p02,2022-08-07T07:00:00Z,-3.556282
p02,2022-08-07T08:00:00Z,-3.802626
p02,2022-08-07T09:00:00Z,-4.534656
p02,2022-08-07T10:00:00Z,-4.908988
p02,2022-08-07T11:00:00Z,-6.157706
p02,2022-08-07T12:00:00Z,-5.988319
p02,2022-08-07T13:00:00Z,-6.681570
p02,2022-08-07T14:00:00Z,-6.966181
p02,2022-08-07T15:00:00Z,-6.951611
p02,2022-08-07T16:00:00Z,-7.982402
p02,2022-08-07T17:00:00Z,-9.583965
p02,2022-08-07T18:00:00Z,-8.197161
p02,2022-08-07T19:00:00Z,-8.567566
p02,2022-08-07T20:00:00Z,-7.633672
p02,2022-08-07T21:00:00Z,-6.934212
p02,2022-08-07T22:00:00Z,-5.714326
p02,2022-08-07T23:00:00Z,-5.536883
p02,2022-08-08T00:00:00Z,-4.238134
p02,2022-08-08T01:00:00Z,-2.887826
p02,2022-08-08T02:00:00Z,-2.596238
p02,2022-08-08T03:00:00Z,-3.023177
p02,2022-08-08T04:00:00Z,-2.391355
p02,2022-08-08T05:00:00Z,-2.525202
p02,2022-08-08T06:00:00Z,-2.740145
p02,2022-08-08T07:00:00Z,-3.535136
p02,2022-08-08T08:00:00Z,-3.336809
p02,2022-08-08T09:00:00Z,-2.936386
p02,2022-08-08T10:00:00Z,-4.650811
p02,2022-08-08T11:00:00Z,-5.259274
p02,2022-08-08T12:00:00Z,-5.668154
p02,2022-08-08T13:00:00Z,-7.348665
p02,2022-08-08T14:00:00Z,-7.059004
p02,2022-08-08T15:00:00Z,-8.045963
p02,2022-08-08T16:00:00Z,-9.295869
p02,2022-08-08T17:00:00Z,-8.032666
p02,2022-08-08T18:00:00Z,-7.911238
p02,2022-08-08T19:00:00Z,-7.668742
p02,2022-08-08T20:00:00Z,-7.633553
p02,2022-08-08T21:00:00Z,-6.337017
p02,2022-08-08T22:00:00Z,-6.661974
p02,2022-08-08T23:00:00Z,-5.143422
p02,2022-08-09T00:00:00Z,-4.092348
p02,2022-08-09T01:00:00Z,-3.955532
p02,2022-08-09T02:00:00Z,-3.416838
p02,2022-08-09T03:00:00Z,-2.807253
p02,2022-08-09T04:00:00Z,-2.332932
p02,2022-08-09T05:00:00Z,-2.910995
p02,2022-08-09T06:00:00Z,-1.239048
p02,2022-08-09T07:00:00Z,-2.545230
p02,2022-08-09T08:00:00Z,-3.565673
p02,2022-08-09T09:00:00Z,-2.920910
p02,2022-08-09T10:00:00Z,-4.119913
p02,2022-08-09T11:00:00Z,-4.937122
p02,2022-08-09T12:00:00Z,-6.727255
p02,2022-08-09T13:00:00Z,-7.705683
p02,2022-08-09T14:00:00Z,-7.423897
p02,2022-08-09T15:00:00Z,-6.794834
p02,2022-08-09T16:00:00Z,-8.427951
p02,2022-08-09T17:00:00Z,-7.770922
p02,2022-08-09T18:00:00Z,-8.739051
p02,2022-08-09T19:00:00Z,-8.813595
p02,2022-08-09T20:00:00Z,-6.722968
p02,2022-08-09T21:00:00Z,-7.186532
p02,2022-08-09T22:00:00Z,-6.203151
p02,2022-08-09T23:00:00Z,-4.627263
p02,2022-08-10T00:00:00Z,-4.455837
p02,2022-08-10T01:00:00Z,-4.627068
p02,2022-08-10T02:00:00Z,-2.853951
p02,2022-08-10T03:00:00Z,-3.018794
p02,2022-08-10T04:00:00Z,-1.932689
p02,2022-08-10T05:00:00Z,-1.336492
p02,2022-08-10T06:00:00Z,-2.042309
p02,2022-08-10T07:00:00Z,-3.474519
p02,2022-08-10T08:00:00Z,-3.576263
p02,2022-08-10T09:00:00Z,-2.879972
p02,2022-08-10T10:00:00Z,-4.569721
p02,2022-08-10T11:00:00Z,-5.229164
p02,2022-08-10T12:00:00Z,-6.837480
p02,2022-08-10T13:00:00Z,-6.971791
p02,2022-08-10T14:00:00Z,-7.210055
p02,2022-08-10T15:00:00Z,-6.915684
p02,2022-08-10T16:00:00Z,-9.050197
p02,2022-08-10T17:00:00Z,-8.648693
p02,2022-08-10T18:00:00Z,-8.222528
p02,2022-08-10T19:00:00Z,-9.334238
p02,2022-08-10T20:00:00Z,-7.338527
p02,2022-08-10T21:00:00Z,-7.171947
p02,2022-08-10T22:00:00Z,-5.971893
p02,2022-08-10T23:00:00Z,-5.341691
p02,2022-08-11T00:00:00Z,-6.041952
p02,2022-08-11T01:00:00Z,-3.724726
p02,2022-08-11T02:00:00Z,-3.204938
p02,2022-08-11T03:00:00Z,-2.366074
p02,2022-08-11T04:00:00Z,-2.834077
p02,2022-08-11T05:00:00Z,-1.826742
p02,2022-08-11T06:00:00Z,-1.924494
p02,2022-08-11T07:00:00Z,-2.267604
p02,2022-08-11T08:00:00Z,-3.335212
p02,2022-08-11T09:00:00Z,-3.960712
p02,2022-08-11T10:00:00Z,-5.359431
p02,2022-08-11T11:00:00Z,-5.267297
p02,2022-08-11T12:00:00Z,-5.830018
p02,2022-08-11T13:00:00Z,-6.697352
p02,2022-08-11T14:00:00Z,-7.856427
p02,2022-08-11T15:00:00Z,-8.443331
p02,2022-08-11T16:00:00Z,-9.009847
p02,2022-08-11T17:00:00Z,-8.295912
p02,2022-08-11T18:00:00Z,-9.186965
p02,2022-08-11T19:00:00Z,-8.367925
p02,2022-08-11T20:00:00Z,-7.529289
p02,2022-08-11T21:00:00Z,-7.684904
p02,2022-08-11T22:00:00Z,-6.628261
p02,2022-08-11T23:00:00Z,-5.252558
p02,2022-08-12T00:00:00Z,-4.757202
p02,2022-08-12T01:00:00Z,-3.638686
p02,2022-08-12T02:00:00Z,-3.667702
p02,2022-08-12T03:00:00Z,-3.679933
p02,2022-08-12T04:00:00Z,-3.084486
p02,2022-08-12T05:00:00Z,-2.395527
p02,2022-08-12T06:00:00Z,-2.853107
p02,2022-08-12T07:00:00Z,-3.662207
p02,2022-08-12T08:00:00Z,-3.836454
p02,2022-08-12T09:00:00Z,-4.785928
p02,2022-08-12T10:00:00Z,-5.341697
p02,2022-08-12T11:00:00Z,-5.822589
p02,2022-08-12T12:00:00Z,-5.896005
p02,2022-08-12T13:00:00Z,-6.219063
p02,2022-08-12T14:00:00Z,-7.264721
p02,2022-08-12T15:00:00Z,-8.418484
p02,2022-08-12T16:00:00Z,-9.106210
p02,2022-08-12T17:00:00Z,-9.441517
p02,2022-08-12T18:00:00Z,-9.453429
p02,2022-08-12T19:00:00Z,-8.161222
p02,2022-08-12T20:00:00Z,-7.380542
p02,2022-08-12T21:00:00Z,-6.965975
p02,2022-08-12T22:00:00Z,-7.585602
p02,2022-08-12T23:00:00Z,-4.778645
p02,2022-08-13T00:00:00Z,-4.402602
p02,2022-08-13T01:00:00Z,-4.263412
p02,2022-08-13T02:00:00Z,-3.552510
p02,2022-08-13T03:00:00Z,-3.123551
p02,2022-08-13T04:00:00Z,-2.939642
p02,2022-08-13T05:00:00Z,-2.756309
p02,2022-08-13T06:00:00Z,-2.766418
p02,2022-08-13T07:00:00Z,-2.978274
p02,2022-08-13T08:00:00Z,-4.172091
p02,2022-08-13T09:00:00Z,-4.842917
p02,2022-08-13T10:00:00Z,-4.842591
p02,2022-08-13T11:00:00Z,-4.613135
p02,2022-08-13T12:00:00Z,-7.017814
p02,2022-08-13T13:00:00Z,-7.568132
p02,2022-08-13T14:00:00Z,-7.437723
p02,2022-08-13T15:00:00Z,-8.185502
p02,2022-08-13T16:00:00Z,-8.750758
p02,2022-08-13T17:00:00Z,-9.877828
p02,2022-08-13T18:00:00Z,-9.411876
p02,2022-08-13T19:00:00Z,-8.141650
p02,2022-08-13T20:00:00Z,-7.750277
p02,2022-08-13T21:00:00Z,-7.740615
p02,2022-08-13T22:00:00Z,-6.648591
p02,2022-08-13T23:00:00Z,-5.044077
p02,2022-08-14T00:00:00Z,-4.819587
p02,2022-08-14T01:00:00Z,-4.445387
p02,2022-08-14T02:00:00Z,-2.724050
p02,2022-08-14T03:00:00Z,-2.733238
p02,2022-08-14T04:00:00Z,-2.783344
p02,2022-08-14T05:00:00Z,-2.445664
p02,2022-08-14T06:00:00Z,-2.918714
p02,2022-08-14T07:00:00Z,-3.402384
p02,2022-08-14T08:00:00Z,-4.991456
p02,2022-08-14T09:00:00Z,-3.867980
p02,2022-08-14T10:00:00Z,-4.380049
p02,2022-08-14T11:00:00Z,-5.011475
p02,2022-08-14T12:00:00Z,-6.444583
p02,2022-08-14T13:00:00Z,-6.700092
p02,2022-08-14T14:00:00Z,-7.803233
p02,2022-08-14T15:00:00Z,-8.749130
p02,2022-08-14T16:00:00Z,-7.778628
p02,2022-08-14T17:00:00Z,-9.024017
p02,2022-08-14T18:00:00Z,-8.095205
p02,2022-08-14T19:00:00Z,-8.682646
p02,2022-08-14T20:00:00Z,-7.738847
p02,2022-08-14T21:00:00Z,-7.114631
p02,2022-08-14T22:00:00Z,-6.402601
p02,2022-08-14T23:00:00Z,-6.951884
p02,2022-08-15T00:00:00Z,-4.431509
p02,2022-08-15T01:00:00Z,-4.581772
p02,2022-08-15T02:00:00Z,-3.980685
p02,2022-08-15T03:00:00Z,-2.416304
p02,2022-08-15T04:00:00Z,-3.358143
p02,2022-08-15T05:00:00Z,-2.600176
p02,2022-08-15T06:00:00Z,-3.114819
p02,2022-08-15T07:00:00Z,-3.185341
p02,2022-08-15T08:00:00Z,-3.699945
p02,2022-08-15T09:00:00Z,-5.858133
p02,2022-08-15T10:00:00Z,-4.785686
p02,2022-08-15T11:00:00Z,-6.291101
p02,2022-08-15T12:00:00Z,-6.476233
p02,2022-08-15T13:00:00Z,-7.693821
p02,2022-08-15T14:00:00Z,-7.762727
p02,2022-08-15T15:00:00Z,-8.706354
p02,2022-08-15T16:00:00Z,-8.626284
p02,2022-08-15T17:00:00Z,-8.446948
p02,2022-08-15T18:00:00Z,-7.854683
p02,2022-08-15T19:00:00Z,-8.431796
p02,2022-08-15T20:00:00Z,-6.172993
p02,2022-08-15T21:00:00Z,-7.776559
p02,2022-08-15T22:00:00Z,-6.618512
p02,2022-08-15T23:00:00Z,-6.675768
p02,2022-08-16T00:00:00Z,-4.779716
p02,2022-08-16T01:00:00Z,-4.197693
p02,2022-08-16T02:00:00Z,-4.463585
p02,2022-08-16T03:00:00Z,-3.595223
p02,2022-08-16T04:00:00Z,-3.343036
p02,2022-08-16T05:00:00Z,-2.943421
p02,2022-08-16T06:00:00Z,-2.177462
p02,2022-08-16T07:00:00Z,-2.622034
p02,2022-08-16T08:00:00Z,-3.320558
p02,2022-08-16T09:00:00Z,-4.353166
p02,2022-08-16T10:00:00Z,-3.713185
p02,2022-08-16T11:00:00Z,-5.829073
p02,2022-08-16T12:00:00Z,-6.521127
p02,2022-08-16T13:00:00Z,-7.503261
p02,2022-08-16T14:00:00Z,-8.239238
p02,2022-08-16T15:00:00Z,-8.238922
p02,2022-08-16T16:00:00Z,-8.079548
p02,2022-08-16T17:00:00Z,-7.245406
p02,2022-08-16T18:00:00Z,-8.555247
p02,2022-08-16T19:00:00Z,-8.296520
p02,2022-08-16T20:00:00Z,-7.596581
p02,2022-08-16T21:00:00Z,-7.134268
p02,2022-08-16T22:00:00Z,-6.416669
p02,2022-08-16T23:00:00Z,-5.589253
p02,2022-08-17T00:00:00Z,-5.032895
p02,2022-08-17T01:00:00Z,-3.310880
p02,2022-08-17T02:00:00Z,-3.500390
p02,2022-08-17T03:00:00Z,-3.112594
p02,2022-08-17T04:00:00Z,-3.226431
p02,2022-08-17T05:00:00Z,-2.253916
p02,2022-08-17T06:00:00Z,-4.520662
p02,2022-08-17T07:00:00Z,-2.425618
p02,2022-08-17T08:00:00Z,-3.518533
p02,2022-08-17T09:00:00Z,-4.106840
p02,2022-08-17T10:00:00Z,-4.457122
p02,2022-08-17T11:00:00Z,-4.810748
p02,2022-08-17T12:00:00Z,-6.598386
p02,2022-08-17T13:00:00Z,-7.187846
p02,2022-08-17T14:00:00Z,-8.281552
p02,2022-08-17T15:00:00Z,-8.962673
p02,2022-08-17T16:00:00Z,-8.684741
p02,2022-08-17T17:00:00Z,-9.035316
p02,2022-08-17T18:00:00Z,-8.818841
p02,2022-08-17T19:00:00Z,-7.651247
p02,2022-08-17T20:00:00Z,-7.888377
p02,2022-08-17T21:00:00Z,-6.906263
p02,2022-08-17T22:00:00Z,-7.877756
p02,2022-08-17T23:00:00Z,-6.086761
p02,2022-08-18T00:00:00Z,-5.029815
p02,2022-08-18T01:00:00Z,-4.271382
p02,2022-08-18T02:00:00Z,-3.742122
p02,2022-08-18T03:00:00Z,-2.952349
p02,2022-08-18T04:00:00Z,-2.989314
p02,2022-08-18T05:00:00Z,-2.405011
p02,2022-08-18T06:00:00Z,-3.642205
p02,2022-08-18T07:00:00Z,-2.579304
p02,2022-08-18T08:00:00Z,-3.893543
p02,2022-08-18T09:00:00Z,-4.119290
p02,2022-08-18T10:00:00Z,-4.347615
p02,2022-08-18T11:00:00Z,-6.316098
p02,2022-08-18T12:00:00Z,-6.650533
p02,2022-08-18T13:00:00Z,-8.218890
p02,2022-08-18T14:00:00Z,-7.648358
p02,2022-08-18T15:00:00Z,-9.329226
p02,2022-08-18T16:00:00Z,-9.085320
p02,2022-08-18T17:00:00Z,-8.126398
p02,2022-08-18T18:00:00Z,-9.673658
p02,2022-08-18T19:00:00Z,-8.868636
p02,2022-08-18T20:00:00Z,-7.431200
p02,2022-08-18T21:00:00Z,-7.858440
p02,2022-08-18T22:00:00Z,-6.492558
p02,2022-08-18T23:00:00Z,-5.942964
p02,2022-08-19T00:00:00Z,-5.395865
p02,2022-08-19T01:00:00Z,-4.476594
p02,2022-08-19T02:00:00Z,-2.667379
p02,2022-08-19T03:00:00Z,-2.583161
p02,2022-08-19T04:00:00Z,-3.820929
p02,2022-08-19T05:00:00Z,-2.955613
p02,2022-08-19T06:00:00Z,-3.137897
p02,2022-08-19T07:00:00Z,-3.515765
p02,2022-08-19T08:00:00Z,-3.137396
p02,2022-08-19T09:00:00Z,-3.234548
p02,2022-08-19T10:00:00Z,-5.604879
p02,2022-08-19T11:00:00Z,-6.125630
p02,2022-08-19T12:00:00Z,-6.460440
p02,2022-08-19T13:00:00Z,-6.730554
p02,2022-08-19T14:00:00Z,-7.261969
p02,2022-08-19T15:00:00Z,-8.467658
p02,2022-08-19T16:00:00Z,-8.810666
p02,2022-08-19T17:00:00Z,-7.903702
p02,2022-08-19T18:00:00Z,-7.909438
p02,2022-08-19T19:00:00Z,-7.765624
p02,2022-08-19T20:00:00Z,-7.955468
p02,2022-08-19T21:00:00Z,-7.195220
p02,2022-08-19T22:00:00Z,-6.437427
p02,2022-08-19T23:00:00Z,-5.431175
p02,2022-08-20T00:00:00Z,-5.609079
p02,2022-08-20T01:00:00Z,-3.961437
p02,2022-08-20T02:00:00Z,-3.122114
p02,2022-08-20T03:00:00Z,-3.660152
p02,2022-08-20T04:00:00Z,-2.504264
p02,2022-08-20T05:00:00Z,-2.509613
p02,2022-08-20T06:00:00Z,-2.986240
p02,2022-08-20T07:00:00Z,-4.102679
p02,2022-08-20T08:00:00Z,-3.197505
p02,2022-08-20T09:00:00Z,-3.857391
p02,2022-08-20T10:00:00Z,-4.117790
p02,2022-08-20T11:00:00Z,-5.758458
p02,2022-08-20T12:00:00Z,-6.113585
p02,2022-08-20T13:00:00Z,-8.089392
p02,2022-08-20T14:00:00Z,-6.639794
p02,2022-08-20T15:00:00Z,-8.892680
p02,2022-08-20T16:00:00Z,-9.416587
p02,2022-08-20T17:00:00Z,-9.107882
p02,2022-08-20T18:00:00Z,-9.372344
p02,2022-08-20T19:00:00Z,-8.321661
p02,2022-08-20T20:00:00Z,-7.942250
p02,2022-08-20T21:00:00Z,-7.394611
p02,2022-08-20T22:00:00Z,-6.060791
p02,2022-08-20T23:00:00Z,-5.952973
p02,2022-08-21T00:00:00Z,-5.752772
p02,2022-08-21T01:00:00Z,-4.757371
p02,2022-08-21T02:00:00Z,-3.576622
p02,2022-08-21T03:00:00Z,-3.054404
p02,2022-08-21T04:00:00Z,-2.549096
p02,2022-08-21T05:00:00Z,-3.618289
p02,2022-08-21T06:00:00Z,-3.163074
p02,2022-08-21T07:00:00Z,-3.262202
p02,2022-08-21T08:00:00Z,-3.416621
p02,2022-08-21T09:00:00Z,-3.465968
p02,2022-08-21T10:00:00Z,-5.589364
p02,2022-08-21T11:00:00Z,-5.326501
p02,2022-08-21T12:00:00Z,-6.741244
p02,2022-08-21T13:00:00Z,-6.830940
p02,2022-08-21T14:00:00Z,-8.260910
p02,2022-08-21T15:00:00Z,-8.342023
p02,2022-08-21T16:00:00Z,-8.717430
p02,2022-08-21T17:00:00Z,-9.267191
p02,2022-08-21T18:00:00Z,-8.951851
p02,2022-08-21T19:00:00Z,-8.869086
p02,2022-08-21T20:00:00Z,-7.823045
p02,2022-08-21T21:00:00Z,-7.300499
p02,2022-08-21T22:00:00Z,-6.515719
p02,2022-08-21T23:00:00Z,-6.723089
p02,2022-08-22T00:00:00Z,-4.208845
p02,2022-08-22T01:00:00Z,-4.175392
p02,2022-08-22T02:00:00Z,-3.635785
p02,2022-08-22T03:00:00Z,-2.687482
p02,2022-08-22T04:00:00Z,-3.214627
p02,2022-08-22T05:00:00Z,-3.466661
p02,2022-08-22T06:00:00Z,-2.978048
p02,2022-08-22T07:00:00Z,-3.101921
p02,2022-08-22T08:00:00Z,-3.376150
p02,2022-08-22T09:00:00Z,-5.334010
p02,2022-08-22T10:00:00Z,-5.061960
p02,2022-08-22T11:00:00Z,-5.788259
p02,2022-08-22T12:00:00Z,-6.285897
p02,2022-08-22T13:00:00Z,-7.160060
p02,2022-08-22T14:00:00Z,-8.541072
p02,2022-08-22T15:00:00Z,-8.752593
p02,2022-08-22T16:00:00Z,-9.084446
p02,2022-08-22T17:00:00Z,-9.106999
p02,2022-08-22T18:00:00Z,-9.153719
p02,2022-08-22T19:00:00Z,-7.777316
p02,2022-08-22T20:00:00Z,-8.057837
p02,2022-08-22T21:00:00Z,-7.259607
p02,2022-08-22T22:00:00Z,-6.744561
p02,2022-08-22T23:00:00Z,-5.389328
p02,2022-08-23T00:00:00Z,-5.300696
p02,2022-08-23T01:00:00Z,-4.375037
p02,2022-08-23T02:00:00Z,-3.361369
p02,2022-08-23T03:00:00Z,-3.151786
p02,2022-08-23T04:00:00Z,-2.909912
p02,2022-08-23T05:00:00Z,-2.266312
p02,2022-08-23T06:00:00Z,-2.203421
p02,2022-08-23T07:00:00Z,-2.748719
p02,2022-08-23T08:00:00Z,-4.696764
p02,2022-08-23T09:00:00Z,-3.378630
p02,2022-08-23T10:00:00Z,-4.536364
p02,2022-08-23T11:00:00Z,-5.460656
p02,2022-08-23T12:00:00Z,-6.683101
p02,2022-08-23T13:00:00Z,-8.316579
p02,2022-08-23T14:00:00Z,-7.536317
p02,2022-08-23T15:00:00Z,-7.833449
p02,2022-08-23T16:00:00Z,-8.317976
p02,2022-08-23T17:00:00Z,-9.069858
p02,2022-08-23T18:00:00Z,-8.924987
p02,2022-08-23T19:00:00Z,-8.268931
p02,2022-08-23T20:00:00Z,-7.618993
p02,2022-08-23T21:00:00Z,-7.534127
p02,2022-08-23T22:00:00Z,-7.436635
p02,2022-08-23T23:00:00Z,-6.195475
p02,2022-08-24T00:00:00Z,-4.601348
p02,2022-08-24T01:00:00Z,-5.438732
p02,2022-08-24T02:00:00Z,-2.833026
p02,2022-08-24T03:00:00Z,-2.240255
p02,2022-08-24T04:00:00Z,-3.907118
p02,2022-08-24T05:00:00Z,-2.555343
p02,2022-08-24T06:00:00Z,-3.374852
p02,2022-08-24T07:00:00Z,-3.206112
p02,2022-08-24T08:00:00Z,-4.877375
p02,2022-08-24T09:00:00Z,-3.252252
p02,2022-08-24T10:00:00Z,-5.080296
p02,2022-08-24T11:00:00Z,-5.539148
p02,2022-08-24T12:00:00Z,-7.167538
p02,2022-08-24T13:00:00Z,-7.767791
p02,2022-08-24T14:00:00Z,-8.626393
p02,2022-08-24T15:00:00Z,-8.232723
p02,2022-08-24T16:00:00Z,-8.373107
p02,2022-08-24T17:00:00Z,-9.439757
p02,2022-08-24T18:00:00Z,-8.750760
p02,2022-08-24T19:00:00Z,-8.390055
p02,2022-08-24T20:00:00Z,-8.280863
p02,2022-08-24T21:00:00Z,-7.533315
p02,2022-08-24T22:00:00Z,-6.769528
p02,2022-08-24T23:00:00Z,-6.080077
p02,2022-08-25T00:00:00Z,-4.561757
p02,2022-08-25T01:00:00Z,-4.221719
p02,2022-08-25T02:00:00Z,-3.199769
p02,2022-08-25T03:00:00Z,-3.381347
p02,2022-08-25T04:00:00Z,-3.717184
p02,2022-08-25T05:00:00Z,-3.237741
p02,2022-08-25T06:00:00Z,-3.401730
p02,2022-08-25T07:00:00Z,-3.407505
p02,2022-08-25T08:00:00Z,-3.832053
p02,2022-08-25T09:00:00Z,-4.172111
p02,2022-08-25T10:00:00Z,-4.494535
p02,2022-08-25T11:00:00Z,-5.992021
p02,2022-08-25T12:00:00Z,-7.442807
p02,2022-08-25T13:00:00Z,-7.508160
p02,2022-08-25T14:00:00Z,-7.921276
p02,2022-08-25T15:00:00Z,-7.959047
p02,2022-08-25T16:00:00Z,-9.134222
p02,2022-08-25T17:00:00Z,-8.627003
p02,2022-08-25T18:00:00Z,-9.476670
p02,2022-08-25T19:00:00Z,-8.380496
p02,2022-08-25T20:00:00Z,-8.328722
p02,2022-08-25T21:00:00Z,-7.145151
p02,2022-08-25T22:00:00Z,-7.053111
p02,2022-08-25T23:00:00Z,-5.602847
p02,2022-08-26T00:00:00Z,-4.189241
p02,2022-08-26T01:00:00Z,-4.422668
p02,2022-08-26T02:00:00Z,-4.093759
p02,2022-08-26T03:00:00Z,-3.201425
p02,2022-08-26T04:00:00Z,-3.650150
p02,2022-08-26T05:00:00Z,-2.742010
p02,2022-08-26T06:00:00Z,-2.872337
p02,2022-08-26T07:00:00Z,-2.584652
p02,2022-08-26T08:00:00Z,-4.519832
p02,2022-08-26T09:00:00Z,-4.350177
p02,2022-08-26T10:00:00Z,-4.858539
p02,2022-08-26T11:00:00Z,-5.711585
p02,2022-08-26T12:00:00Z,-7.149155
p02,2022-08-26T13:00:00Z,-7.498881
p02,2022-08-26T14:00:00Z,-7.896924
p02,2022-08-26T15:00:00Z,-8.887097
p02,2022-08-26T16:00:00Z,-9.711182
p02,2022-08-26T17:00:00Z,-8.777335
p02,2022-08-26T18:00:00Z,-9.656243
p02,2022-08-26T19:00:00Z,-8.129448
p02,2022-08-26T20:00:00Z,-7.756153
p02,2022-08-26T21:00:00Z,-6.643586
p02,2022-08-26T22:00:00Z,-6.866610
p02,2022-08-26T23:00:00Z,-5.824908
p02,2022-08-27T00:00:00Z,-5.393693
p02,2022-08-27T01:00:00Z,-4.193936
p02,2022-08-27T02:00:00Z,-4.019470
p02,2022-08-27T03:00:00Z,-4.576102
p02,2022-08-27T04:00:00Z,-3.123965
p02,2022-08-27T05:00:00Z,-3.654642
p02,2022-08-27T06:00:00Z,-3.544376
p02,2022-08-27T07:00:00Z,-3.399762
p02,2022-08-27T08:00:00Z,-3.736682
p02,2022-08-27T09:00:00Z,-4.526416
p02,2022-08-27T10:00:00Z,-5.057807
p02,2022-08-27T11:00:00Z,-5.821109
p02,2022-08-27T12:00:00Z,-6.904417
p02,2022-08-27T13:00:00Z,-7.036516
p02,2022-08-27T14:00:00Z,-8.261723
p02,2022-08-27T15:00:00Z,-8.715633
p02,2022-08-27T16:00:00Z,-9.477581
p02,2022-08-27T17:00:00Z,-8.651286
p02,2022-08-27T18:00:00Z,-8.733453
p02,2022-08-27T19:00:00Z,-9.238713
p02,2022-08-27T20:00:00Z,-7.643606
p02,2022-08-27T21:00:00Z,-8.045033
p02,2022-08-27T22:00:00Z,-6.302116
p02,2022-08-27T23:00:00Z,-6.988014
p02,2022-08-28T00:00:00Z,-5.428396
p02,2022-08-28T01:00:00Z,-4.127719
p02,2022-08-28T02:00:00Z,-4.028195
p02,2022-08-28T03:00:00Z,-3.045862
p02,2022-08-28T04:00:00Z,-2.113061
p02,2022-08-28T05:00:00Z,-3.362842
p02,2022-08-28T06:00:00Z,-2.908933
p02,2022-08-28T07:00:00Z,-2.745174
p02,2022-08-28T08:00:00Z,-3.233940
p02,2022-08-28T09:00:00Z,-4.564290
p02,2022-08-28T10:00:00Z,-4.637362
p02,2022-08-28T11:00:00Z,-5.139373
p02,2022-08-28T12:00:00Z,-6.606560
p02,2022-08-28T13:00:00Z,-7.182312
p02,2022-08-28T14:00:00Z,-8.192494
p02,2022-08-28T15:00:00Z,-9.232940
p02,2022-08-28T16:00:00Z,-8.165954
p02,2022-08-28T17:00:00Z,-8.951812
p02,2022-08-28T18:00:00Z,-9.591079
p02,2022-08-28T19:00:00Z,-9.187324
p02,2022-08-28T20:00:00Z,-8.087275
p02,2022-08-28T21:00:00Z,-8.529352
p02,2022-08-28T22:00:00Z,-6.262065
p02,2022-08-28T23:00:00Z,-6.612713
p02,2022-08-29T00:00:00Z,-6.108545
p02,2022-08-29T01:00:00Z,-3.789056
p02,2022-08-29T02:00:00Z,-4.554764
p02,2022-08-29T03:00:00Z,-4.042039
p02,2022-08-29T04:00:00Z,-2.442767
p02,2022-08-29T05:00:00Z,-2.885387
p02,2022-08-29T06:00:00Z,-3.242597
p02,2022-08-29T07:00:00Z,-3.402456
p02,2022-08-29T08:00:00Z,-3.486325
p02,2022-08-29T09:00:00Z,-4.209309
p02,2022-08-29T10:00:00Z,-5.854817
p02,2022-08-29T11:00:00Z,-6.288750
p02,2022-08-29T12:00:00Z,-6.649901
p02,2022-08-29T13:00:00Z,-7.600527
p02,2022-08-29T14:00:00Z,-8.094572
p02,2022-08-29T15:00:00Z,-8.219961
p02,2022-08-29T16:00:00Z,-9.054752
p02,2022-08-29T17:00:00Z,-9.115893
p02,2022-08-29T18:00:00Z,-8.911710
p02,2022-08-29T19:00:00Z,-8.493686
p02,2022-08-29T20:00:00Z,-7.971271
p02,2022-08-29T21:00:00Z,-7.019737
p02,2022-08-29T22:00:00Z,-7.383181
p02,2022-08-29T23:00:00Z,-5.749752
p02,2022-08-30T00:00:00Z,-4.837831
p02,2022-08-30T01:00:00Z,-4.787933
p02,2022-08-30T02:00:00Z,-3.972345
p02,2022-08-30T03:00:00Z,-3.393546
p02,2022-08-30T04:00:00Z,-3.722387
p02,2022-08-30T05:00:00Z,-2.708764
p02,2022-08-30T06:00:00Z,-2.244082
p02,2022-08-30T07:00:00Z,-3.444598
p02,2022-08-30T08:00:00Z,-4.881488
p02,2022-08-30T09:00:00Z,-4.041294
p02,2022-08-30T10:00:00Z,-3.796072
p02,2022-08-30T11:00:00Z,-5.242339
p02,2022-08-30T12:00:00Z,-7.077562
p02,2022-08-30T13:00:00Z,-7.168924
p02,2022-08-30T14:00:00Z,-8.060067
p02,2022-08-30T15:00:00Z,-8.373371
p02,2022-08-30T16:00:00Z,-8.728596
p02,2022-08-30T17:00:00Z,-9.592734
p02,2022-08-30T18:00:00Z,-8.581517
p02,2022-08-30T19:00:00Z,-8.744237
p02,2022-08-30T20:00:00Z,-8.840648
p02,2022-08-30T21:00:00Z,-7.645123
p02,2022-08-30T22:00:00Z,-6.502577
p02,2022-08-30T23:00:00Z,-6.085307
p02,2022-08-31T00:00:00Z,-5.301852
p02,2022-08-31T01:00:00Z,-5.471936
p02,2022-08-31T02:00:00Z,-3.651491
p02,2022-08-31T03:00:00Z,-3.077265
p02,2022-08-31T04:00:00Z,-3.232952
p02,2022-08-31T05:00:00Z,-3.165971
p02,2022-08-31T06:00:00Z,-3.842701
p02,2022-08-31T07:00:00Z,-4.036966
p02,2022-08-31T08:00:00Z,-3.608981
p02,2022-08-31T09:00:00Z,-4.377068
p02,2022-08-31T10:00:00Z,-6.081937
p02,2022-08-31T11:00:00Z,-7.035935
p02,2022-08-31T12:00:00Z,-6.719845
p02,2022-08-31T13:00:00Z,-7.326842
p02,2022-08-31T14:00:00Z,-8.052863
p02,2022-08-31T15:00:00Z,-9.471472
p02,2022-08-31T16:00:00Z,-8.862867
p02,2022-08-31T17:00:00Z,-9.306933
p02,2022-08-31T18:00:00Z,-9.735469
p02,2022-08-31T19:00:00Z,-8.761733
p02,2022-08-31T20:00:00Z,-8.306001
p02,2022-08-31T21:00:00Z,-7.169743
p02,2022-08-31T22:00:00Z,-6.591602
p02,2022-08-31T23:00:00Z,-6.928464
p02,2022-09-01T00:00:00Z,-4.905748
p02,2022-09-01T01:00:00Z,-5.000528
p02,2022-09-01T02:00:00Z,-4.682984
p02,2022-09-01T03:00:00Z,-4.102604
p02,2022-09-01T04:00:00Z,-3.318114
p02,2022-09-01T05:00:00Z,-2.358358
p02,2022-09-01T06:00:00Z,-3.540641
p02,2022-09-01T07:00:00Z,-3.649715
p02,2022-09-01T08:00:00Z,-3.930846
p02,2022-09-01T09:00:00Z,-4.264605
p02,2022-09-01T10:00:00Z,-4.833489
p02,2022-09-01T11:00:00Z,-5.489538
p02,2022-09-01T12:00:00Z,-6.077996
p02,2022-09-01T13:00:00Z,-7.696302
p02,2022-09-01T14:00:00Z,-8.569679
p02,2022-09-01T15:00:00Z,-7.580201
p02,2022-09-01T16:00:00Z,-9.608833
p02,2022-09-01T17:00:00Z,-10.246009
p02,2022-09-01T18:00:00Z,-8.273368
p02,2022-09-01T19:00:00Z,-8.941679
p02,2022-09-01T20:00:00Z,-9.168634
p02,2022-09-01T21:00:00Z,-7.582236
p02,2022-09-01T22:00:00Z,-6.783721
p02,2022-09-01T23:00:00Z,-6.042492
p02,2022-09-02T00:00:00Z,-5.817168
p02,2022-09-02T01:00:00Z,-4.911508
p02,2022-09-02T02:00:00Z,-3.484992
p02,2022-09-02T03:00:00Z,-3.697959
p02,2022-09-02T04:00:00Z,-3.290205
p02,2022-09-02T05:00:00Z,-3.555351
p02,2022-09-02T06:00:00Z,-3.574121
p02,2022-09-02T07:00:00Z,-3.349211
p02,2022-09-02T08:00:00Z,-3.424285
p02,2022-09-02T09:00:00Z,-4.572768
p02,2022-09-02T10:00:00Z,-4.997859
p02,2022-09-02T11:00:00Z,-6.392428
p02,2022-09-02T12:00:00Z,-7.234542
p02,2022-09-02T13:00:00Z,-8.288239
p02,2022-09-02T14:00:00Z,-7.704194
p02,2022-09-02T15:00:00Z,-8.192931
p02,2022-09-02T16:00:00Z,-8.113415
p02,2022-09-02T17:00:00Z,-8.659870
p02,2022-09-02T18:00:00Z,-9.140047
p02,2022-09-02T19:00:00Z,-8.440641
p02,2022-09-02T20:00:00Z,-7.713150
p02,2022-09-02T21:00:00Z,-7.397035
p02,2022-09-02T22:00:00Z,-7.525590
p02,2022-09-02T23:00:00Z,-7.010508
p02,2022-09-03T00:00:00Z,-5.267780
p02,2022-09-03T01:00:00Z,-4.473381
p02,2022-09-03T02:00:00Z,-4.169585
p02,2022-09-03T03:00:00Z,-4.164308
p02,2022-09-03T04:00:00Z,-3.412456
p02,2022-09-03T05:00:00Z,-3.147275
p02,2022-09-03T06:00:00Z,-2.516120
p02,2022-09-03T07:00:00Z,-2.970740
p02,2022-09-03T08:00:00Z,-4.324043
p02,2022-09-03T09:00:00Z,-4.039623
p02,2022-09-03T10:00:00Z,-5.045061
p02,2022-09-03T11:00:00Z,-5.937428
p02,2022-09-03T12:00:00Z,-6.716838
p02,2022-09-03T13:00:00Z,-7.660846
p02,2022-09-03T14:00:00Z,-7.523084
p02,2022-09-03T15:00:00Z,-8.683667
p02,2022-09-03T16:00:00Z,-7.838022
p02,2022-09-03T17:00:00Z,-8.502620
p02,2022-09-03T18:00:00Z,-8.663618
p02,2022-09-03T19:00:00Z,-8.055507
p02,2022-09-03T20:00:00Z,-8.661523
p02,2022-09-03T21:00:00Z,-7.049955
p02,2022-09-03T22:00:00Z,-7.239850
p02,2022-09-03T23:00:00Z,-6.008145
p02,2022-09-04T00:00:00Z,-4.781991
p02,2022-09-04T01:00:00Z,-4.915024
p02,2022-09-04T02:00:00Z,-3.048320
p02,2022-09-04T03:00:00Z,-3.102451
p02,2022-09-04T04:00:00Z,-2.538998
p02,2022-09-04T05:00:00Z,-2.262936
p02,2022-09-04T06:00:00Z,-2.912498
p02,2022-09-04T07:00:00Z,-3.246046
p02,2022-09-04T08:00:00Z,-3.788666
p02,2022-09-04T09:00:00Z,-4.039896
p02,2022-09-04T10:00:00Z,-5.879746
p02,2022-09-04T11:00:00Z,-5.541570
p02,2022-09-04T12:00:00Z,-6.367906
p02,2022-09-04T13:00:00Z,-8.071151
p02,2022-09-04T14:00:00Z,-8.234195
p02,2022-09-04T15:00:00Z,-8.645151
p02,2022-09-04T16:00:00Z,-8.905053
p02,2022-09-04T17:00:00Z,-8.792204
p02,2022-09-04T18:00:00Z,-8.808179
p02,2022-09-04T19:00:00Z,-8.308366
p02,2022-09-04T20:00:00Z,-8.175225
p02,2022-09-04T21:00:00Z,-6.925737
p02,2022-09-04T22:00:00Z,-7.551555
p02,2022-09-04T23:00:00Z,-6.165444
p02,2022-09-05T00:00:00Z,-4.981504
p02,2022-09-05T01:00:00Z,-3.973442
p02,2022-09-05T02:00:00Z,-3.685679
p02,2022-09-05T03:00:00Z,-2.862587
p02,2022-09-05T04:00:00Z,-3.259695
p02,2022-09-05T05:00:00Z,-3.564504
p02,2022-09-05T06:00:00Z,-3.437133
p02,2022-09-05T07:00:00Z,-3.465893
p02,2022-09-05T08:00:00Z,-3.932001
p02,2022-09-05T09:00:00Z,-5.056551
p02,2022-09-05T10:00:00Z,-5.571893
p02,2022-09-05T11:00:00Z,-6.755872
p02,2022-09-05T12:00:00Z,-7.515298
p02,2022-09-05T13:00:00Z,-7.840901
p02,2022-09-05T14:00:00Z,-8.460726
p02,2022-09-05T15:00:00Z,-7.986327
p02,2022-09-05T16:00:00Z,-8.940413
p02,2022-09-05T17:00:00Z,-9.058959
p02,2022-09-05T18:00:00Z,-8.985144
p02,2022-09-05T19:00:00Z,-8.239546
p02,2022-09-05T20:00:00Z,-8.449546
p02,2022-09-05T21:00:00Z,-7.180753
p02,2022-09-05T22:00:00Z,-6.237136
p02,2022-09-05T23:00:00Z,-6.642826
p02,2022-09-06T00:00:00Z,-5.167606
p02,2022-09-06T01:00:00Z,-4.149986
p02,2022-09-06T02:00:00Z,-3.774645
p02,2022-09-06T03:00:00Z,-2.810971
p02,2022-09-06T04:00:00Z,-3.606608
p02,2022-09-06T05:00:00Z,-2.534500
p02,2022-09-06T06:00:00Z,-2.403118
p02,2022-09-06T07:00:00Z,-3.451230
p02,2022-09-06T08:00:00Z,-4.234798
p02,2022-09-06T09:00:00Z,-5.913098
p02,2022-09-06T10:00:00Z,-4.895363
p02,2022-09-06T11:00:00Z,-5.079976
p02,2022-09-06T12:00:00Z,-7.291903
p02,2022-09-06T13:00:00Z,-7.579694
p02,2022-09-06T14:00:00Z,-7.915678
p02,2022-09-06T15:00:00Z,-8.147073
p02,2022-09-06T16:00:00Z,-10.444158
p02,2022-09-06T17:00:00Z,-8.177535
p02,2022-09-06T18:00:00Z,-7.993139
p02,2022-09-06T19:00:00Z,-7.702265
p02,2022-09-06T20:00:00Z,-8.197787
p02,2022-09-06T21:00:00Z,-7.906915
p02,2022-09-06T22:00:00Z,-6.178759
p02,2022-09-06T23:00:00Z,-5.336703
p02,2022-09-07T00:00:00Z,-4.427082
p02,2022-09-07T01:00:00Z,-4.158006
p02,2022-09-07T02:00:00Z,-3.343437
p02,2022-09-07T03:00:00Z,-3.347303
p02,2022-09-07T04:00:00Z,-3.263079
p02,2022-09-07T05:00:00Z,-2.871979
p02,2022-09-07T06:00:00Z,-3.623011
p02,2022-09-07T07:00:00Z,-3.381563
p02,2022-09-07T08:00:00Z,-3.561520
p02,2022-09-07T09:00:00Z,-4.575753
p02,2022-09-07T10:00:00Z,-5.613762
p02,2022-09-07T11:00:00Z,-4.859447
p02,2022-09-07T12:00:00Z,-6.682702
p02,2022-09-07T13:00:00Z,-8.272012
p02,2022-09-07T14:00:00Z,-8.714928
p02,2022-09-07T15:00:00Z,-8.162845
p02,2022-09-07T16:00:00Z,-8.262627
p02,2022-09-07T17:00:00Z,-8.860638
p02,2022-09-07T18:00:00Z,-8.994377
p02,2022-09-07T19:00:00Z,-8.384366
p02,2022-09-07T20:00:00Z,-8.744281
p02,2022-09-07T21:00:00Z,-6.966780
p02,2022-09-07T22:00:00Z,-5.924516
p02,2022-09-07T23:00:00Z,-5.604421
p02,2022-09-08T00:00:00Z,-4.694122
p02,2022-09-08T01:00:00Z,-4.615062
p02,2022-09-08T02:00:00Z,-5.026483
p02,2022-09-08T03:00:00Z,-2.944745
p02,2022-09-08T04:00:00Z,-3.701987
p02,2022-09-08T05:00:00Z,-3.050386
p02,2022-09-08T06:00:00Z,-3.206898
p02,2022-09-08T07:00:00Z,-4.289305
p02,2022-09-08T08:00:00Z,-4.212357
p02,2022-09-08T09:00:00Z,-5.005416
p02,2022-09-08T10:00:00Z,-4.860584
p02,2022-09-08T11:00:00Z,-5.970029
p02,2022-09-08T12:00:00Z,-6.363760
p02,2022-09-08T13:00:00Z,-7.724884
p02,2022-09-08T14:00:00Z,-8.264507
p02,2022-09-08T15:00:00Z,-8.233778
p02,2022-09-08T16:00:00Z,-8.602537
p02,2022-09-08T17:00:00Z,-8.228368
p02,2022-09-08T18:00:00Z,-7.692459
p02,2022-09-08T19:00:00Z,-9.218528
p02,2022-09-08T20:00:00Z,-8.754309
p02,2022-09-08T21:00:00Z,-7.454395
p02,2022-09-08T22:00:00Z,-7.167026
p02,2022-09-08T23:00:00Z,-5.919004
p02,2022-09-09T00:00:00Z,-4.464274
p02,2022-09-09T01:00:00Z,-5.271845
p02,2022-09-09T02:00:00Z,-3.844454
p02,2022-09-09T03:00:00Z,-3.168747
p02,2022-09-09T04:00:00Z,-2.941236
p02,2022-09-09T05:00:00Z,-3.126578
p02,2022-09-09T06:00:00Z,-2.814811
p02,2022-09-09T07:00:00Z,-3.844343
p02,2022-09-09T08:00:00Z,-3.965825
p02,2022-09-09T09:00:00Z,-4.034614
p02,2022-09-09T10:00:00Z,-4.275921
p02,2022-09-09T11:00:00Z,-6.342115
p02,2022-09-09T12:00:00Z,-6.633194
p02,2022-09-09T13:00:00Z,-7.359567
p02,2022-09-09T14:00:00Z,-8.518439
p02,2022-09-09T15:00:00Z,-8.871120
p02,2022-09-09T16:00:00Z,-9.161790
p02,2022-09-09T17:00:00Z,-9.795483
p02,2022-09-09T18:00:00Z,-9.153611
p02,2022-09-09T19:00:00Z,-8.603223
p02,2022-09-09T20:00:00Z,-7.054611
p02,2022-09-09T21:00:00Z,-7.452286
p02,2022-09-09T22:00:00Z,-5.086170
p02,2022-09-09T23:00:00Z,-6.306122
p02,2022-09-10T00:00:00Z,-4.764178
p02,2022-09-10T01:00:00Z,-4.900398
p02,2022-09-10T02:00:00Z,-3.167968
p02,2022-09-10T03:00:00Z,-2.445688
p02,2022-09-10T04:00:00Z,-4.394420
p02,2022-09-10T05:00:00Z,-2.615900
p02,2022-09-10T06:00:00Z,-3.089598
p02,2022-09-10T07:00:00Z,-2.572967
p02,2022-09-10T08:00:00Z,-3.956742
p02,2022-09-10T09:00:00Z,-3.841023
p02,2022-09-10T10:00:00Z,-5.320127
p02,2022-09-10T11:00:00Z,-5.511542
p02,2022-09-10T12:00:00Z,-7.508284
p02,2022-09-10T13:00:00Z,-7.073543
p02,2022-09-10T14:00:00Z,-8.577207
p02,2022-09-10T15:00:00Z,-8.073106
p02,2022-09-10T16:00:00Z,-9.802323
p02,2022-09-10T17:00:00Z,-9.300028
p02,2022-09-10T18:00:00Z,-8.616587
p02,2022-09-10T19:00:00Z,-9.584125
p02,2022-09-10T20:00:00Z,-7.917684
p02,2022-09-10T21:00:00Z,-6.793527
p02,2022-09-10T22:00:00Z,-5.967551
p02,2022-09-10T23:00:00Z,-4.251247
p02,2022-09-11T00:00:00Z,-5.108950
p02,2022-09-11T01:00:00Z,-4.972036
p02,2022-09-11T02:00:00Z,-3.801568
p02,2022-09-11T03:00:00Z,-3.441879
p02,2022-09-11T04:00:00Z,-2.952304
p02,2022-09-11T05:00:00Z,-2.845036
p02,2022-09-11T06:00:00Z,-2.819402
p02,2022-09-11T07:00:00Z,-4.070149
p02,2022-09-11T08:00:00Z,-3.946401
p02,2022-09-11T09:00:00Z,-4.150935
p02,2022-09-11T10:00:00Z,-6.151268
p02,2022-09-11T11:00:00Z,-5.663151
p02,2022-09-11T12:00:00Z,-6.343563
p02,2022-09-11T13:00:00Z,-7.504568
p02,2022-09-11T14:00:00Z,-7.721220
p02,2022-09-11T15:00:00Z,-8.251376
p02,2022-09-11T16:00:00Z,-8.778919
p02,2022-09-11T17:00:00Z,-8.861370
p02,2022-09-11T18:00:00Z,-8.660459
p02,2022-09-11T19:00:00Z,-8.085985
p02,2022-09-11T20:00:00Z,-8.494348
p02,2022-09-11T21:00:00Z,-7.608721
p02,2022-09-11T22:00:00Z,-7.338571
p02,2022-09-11T23:00:00Z,-5.931623
p02,2022-09-12T00:00:00Z,-5.569751
p02,2022-09-12T01:00:00Z,-4.577674
p02,2022-09-12T02:00:00Z,-4.564780
p02,2022-09-12T03:00:00Z,-2.960731
p02,2022-09-12T04:00:00Z,-2.258944
p02,2022-09-12T05:00:00Z,-2.770922
p02,2022-09-12T06:00:00Z,-3.342675
p02,2022-09-12T07:00:00Z,-3.283148
p02,2022-09-12T08:00:00Z,-3.391599
p02,2022-09-12T09:00:00Z,-4.688300
p02,2022-09-12T10:00:00Z,-5.269960
p02,2022-09-12T11:00:00Z,-6.088784
p02,2022-09-12T12:00:00Z,-7.223742
p02,2022-09-12T13:00:00Z,-6.982449
p02,2022-09-12T14:00:00Z,-8.524709
p02,2022-09-12T15:00:00Z,-8.504228
p02,2022-09-12T16:00:00Z,-7.601654
p02,2022-09-12T17:00:00Z,-8.910233
p02,2022-09-12T18:00:00Z,-8.991363
p02,2022-09-12T19:00:00Z,-8.974157
p02,2022-09-12T20:00:00Z,-9.003576
p02,2022-09-12T21:00:00Z,-7.844229
p02,2022-09-12T22:00:00Z,-6.075518
p02,2022-09-12T23:00:00Z,-5.760581
p02,2022-09-13T00:00:00Z,-4.863830
p02,2022-09-13T01:00:00Z,-5.129847
p02,2022-09-13T02:00:00Z,-3.850654
p02,2022-09-13T03:00:00Z,-3.413020
p02,2022-09-13T04:00:00Z,-2.334886
p02,2022-09-13T05:00:00Z,-2.383678
p02,2022-09-13T06:00:00Z,-2.884076
p02,2022-09-13T07:00:00Z,-2.273166
p02,2022-09-13T08:00:00Z,-3.790792
p02,2022-09-13T09:00:00Z,-3.804977
p02,2022-09-13T10:00:00Z,-5.773453
p02,2022-09-13T11:00:00Z,-6.363759
p02,2022-09-13T12:00:00Z,-6.279558
p02,2022-09-13T13:00:00Z,-7.704161
p02,2022-09-13T14:00:00Z,-7.424109
p02,2022-09-13T15:00:00Z,-9.117497
p02,2022-09-13T16:00:00Z,-9.009819
p02,2022-09-13T17:00:00Z,-8.433006
p02,2022-09-13T18:00:00Z,-8.409884
p02,2022-09-13T19:00:00Z,-8.384837
p02,2022-09-13T20:00:00Z,-7.674694
p02,2022-09-13T21:00:00Z,-8.138979
p02,2022-09-13T22:00:00Z,-5.953375
p02,2022-09-13T23:00:00Z,-6.132563
p02,2022-09-14T00:00:00Z,-5.058153
p02,2022-09-14T01:00:00Z,-4.611259
p02,2022-09-14T02:00:00Z,-4.255554
p02,2022-09-14T03:00:00Z,-3.656544
p02,2022-09-14T04:00:00Z,-2.320011
p02,2022-09-14T05:00:00Z,-2.303773
p02,2022-09-14T06:00:00Z,-3.280178
p02,2022-09-14T07:00:00Z,-2.737520
p02,2022-09-14T08:00:00Z,-3.869909
p02,2022-09-14T09:00:00Z,-3.841880
p02,2022-09-14T10:00:00Z,-4.495766
p02,2022-09-14T11:00:00Z,-5.711317
p02,2022-09-14T12:00:00Z,-6.388610
p02,2022-09-14T13:00:00Z,-8.520775
p02,2022-09-14T14:00:00Z,-7.487151
p02,2022-09-14T15:00:00Z,-8.196707
p02,2022-09-14T16:00:00Z,-9.172484
p02,2022-09-14T17:00:00Z,-8.199114
p02,2022-09-14T18:00:00Z,-8.780763
p02,2022-09-14T19:00:00Z,-7.540841
p02,2022-09-14T20:00:00Z,-8.411935
p02,2022-09-14T21:00:00Z,-7.525044
p02,2022-09-14T22:00:00Z,-7.414451
p02,2022-09-14T23:00:00Z,-5.944119
p02,2022-09-15T00:00:00Z,-5.510162
p02,2022-09-15T01:00:00Z,-4.046756
p02,2022-09-15T02:00:00Z,-3.991133
p02,2022-09-15T03:00:00Z,-2.761131
p02,2022-09-15T04:00:00Z,-3.246258
p02,2022-09-15T05:00:00Z,-2.364737
p02,2022-09-15T06:00:00Z,-3.225866
p02,2022-09-15T07:00:00Z,-3.903810
p02,2022-09-15T08:00:00Z,-4.256655
p02,2022-09-15T09:00:00Z,-4.410408
p02,2022-09-15T10:00:00Z,-5.373971
p02,2022-09-15T11:00:00Z,-5.779722
p02,2022-09-15T12:00:00Z,-7.584725
p02,2022-09-15T13:00:00Z,-6.158790
p02,2022-09-15T14:00:00Z,-8.065292
p02,2022-09-15T15:00:00Z,-9.020269
p02,2022-09-15T16:00:00Z,-8.665167
p02,2022-09-15T17:00:00Z,-8.720444
p02,2022-09-15T18:00:00Z,-9.198767
p02,2022-09-15T19:00:00Z,-8.234924
p02,2022-09-15T20:00:00Z,-8.223863
p02,2022-09-15T21:00:00Z,-8.713907
p02,2022-09-15T22:00:00Z,-5.362875
p02,2022-09-15T23:00:00Z,-5.785950
p02,2022-09-16T00:00:00Z,-5.398673
p02,2022-09-16T01:00:00Z,-4.676745
p02,2022-09-16T02:00:00Z,-3.571245
p02,2022-09-16T03:00:00Z,-3.514975
p02,2022-09-16T04:00:00Z,-3.100578
p02,2022-09-16T05:00:00Z,-2.444633
p02,2022-09-16T06:00:00Z,-3.688429
p02,2022-09-16T07:00:00Z,-3.631097
p02,2022-09-16T08:00:00Z,-3.791886
p02,2022-09-16T09:00:00Z,-4.907599
p02,2022-09-16T10:00:00Z,-4.649488
p02,2022-09-16T11:00:00Z,-5.842205
p02,2022-09-16T12:00:00Z,-6.980719
p02,2022-09-16T13:00:00Z,-6.658193
p02,2022-09-16T14:00:00Z,-8.616190
p02,2022-09-16T15:00:00Z,-8.241709
p02,2022-09-16T16:00:00Z,-9.090007
p02,2022-09-16T17:00:00Z,-8.287752
p02,2022-09-16T18:00:00Z,-8.493446
p02,2022-09-16T19:00:00Z,-8.305921
p02,2022-09-16T20:00:00Z,-7.601294
p02,2022-09-16T21:00:00Z,-7.079266
p02,2022-09-16T22:00:00Z,-5.385390
p02,2022-09-16T23:00:00Z,-5.922959
p02,2022-09-17T00:00:00Z,-5.034043
p02,2022-09-17T01:00:00Z,-4.704793
p02,2022-09-17T02:00:00Z,-4.676239
p02,2022-09-17T03:00:00Z,-2.776320
p02,2022-09-17T04:00:00Z,-2.941947
p02,2022-09-17T05:00:00Z,-2.393902
p02,2022-09-17T06:00:00Z,-2.339177
p02,2022-09-17T07:00:00Z,-3.142155
p02,2022-09-17T08:00:00Z,-2.994691
p02,2022-09-17T09:00:00Z,-4.408142
p02,2022-09-17T10:00:00Z,-4.841337
p02,2022-09-17T11:00:00Z,-5.757765
p02,2022-09-17T12:00:00Z,-6.713113
p02,2022-09-17T13:00:00Z,-6.987182
p02,2022-09-17T14:00:00Z,-7.786255
p02,2022-09-17T15:00:00Z,-8.001176
p02,2022-09-17T16:00:00Z,-8.366656
p02,2022-09-17T17:00:00Z,-8.797830
p02,2022-09-17T18:00:00Z,-9.144007
p02,2022-09-17T19:00:00Z,-8.066306
p02,2022-09-17T20:00:00Z,-7.340246
p02,2022-09-17T21:00:00Z,-7.262739
p02,2022-09-17T22:00:00Z,-6.609964
p02,2022-09-17T23:00:00Z,-5.297150
p02,2022-09-18T00:00:00Z,-5.253167
p02,2022-09-18T01:00:00Z,-4.421033
p02,2022-09-18T02:00:00Z,-2.767225
p02,2022-09-18T03:00:00Z,-3.082004
p02,2022-09-18T04:00:00Z,-2.645730
p02,2022-09-18T05:00:00Z,-2.141781
p02,2022-09-18T06:00:00Z,-2.430311
p02,2022-09-18T07:00:00Z,-3.193892
p02,2022-09-18T08:00:00Z,-3.791047
p02,2022-09-18T09:00:00Z,-4.118611
p02,2022-09-18T10:00:00Z,-4.591516
p02,2022-09-18T11:00:00Z,-5.543561
p02,2022-09-18T12:00:00Z,-5.640545
p02,2022-09-18T13:00:00Z,-6.817955
p02,2022-09-18T14:00:00Z,-7.414018
p02,2022-09-18T15:00:00Z,-8.646422
p02,2022-09-18T16:00:00Z,-7.629213
p02,2022-09-18T17:00:00Z,-8.817546
p02,2022-09-18T18:00:00Z,-8.896199
p02,2022-09-18T19:00:00Z,-8.006511
p02,2022-09-18T20:00:00Z,-7.553732
p02,2022-09-18T21:00:00Z,-7.570564
p02,2022-09-18T22:00:00Z,-6.818643
p02,2022-09-18T23:00:00Z,-6.398995
p02,2022-09-19T00:00:00Z,-4.319074
p02,2022-09-19T01:00:00Z,-3.602115
p02,2022-09-19T02:00:00Z,-3.631113
p02,2022-09-19T03:00:00Z,-2.490304
p02,2022-09-19T04:00:00Z,-2.572657
p02,2022-09-19T05:00:00Z,-3.195749
p02,2022-09-19T06:00:00Z,-3.488780
p02,2022-09-19T07:00:00Z,-3.346713
p02,2022-09-19T08:00:00Z,-3.302031
p02,2022-09-19T09:00:00Z,-3.355484
p02,2022-09-19T10:00:00Z,-5.052970
p02,2022-09-19T11:00:00Z,-5.491096
p02,2022-09-19T12:00:00Z,-6.096844
p02,2022-09-19T13:00:00Z,-7.093894
p02,2022-09-19T14:00:00Z,-7.473746
p02,2022-09-19T15:00:00Z,-8.811691
p02,2022-09-19T16:00:00Z,-8.344026
p02,2022-09-19T17:00:00Z,-8.263816
p02,2022-09-19T18:00:00Z,-8.796402
p02,2022-09-19T19:00:00Z,-8.407867
p02,2022-09-19T20:00:00Z,-7.702010
p02,2022-09-19T21:00:00Z,-6.796287
p02,2022-09-19T22:00:00Z,-6.105498
p02,2022-09-19T23:00:00Z,-5.537013
p02,2022-09-20T00:00:00Z,-5.049286
p02,2022-09-20T01:00:00Z,-4.097223
p02,2022-09-20T02:00:00Z,-4.381557
p02,2022-09-20T03:00:00Z,-3.319431
p02,2022-09-20T04:00:00Z,-2.900860
p02,2022-09-20T05:00:00Z,-2.810226
p02,2022-09-20T06:00:00Z,-2.070207
p02,2022-09-20T07:00:00Z,-3.120640
p02,2022-09-20T08:00:00Z,-3.424044
p02,2022-09-20T09:00:00Z,-4.576058
p02,2022-09-20T10:00:00Z,-4.591221
p02,2022-09-20T11:00:00Z,-6.509889
p02,2022-09-20T12:00:00Z,-6.257196
p02,2022-09-20T13:00:00Z,-7.006612
p02,2022-09-20T14:00:00Z,-7.027902
p02,2022-09-20T15:00:00Z,-7.808872
p02,2022-09-20T16:00:00Z,-8.275066
p02,2022-09-20T17:00:00Z,-8.865006
p02,2022-09-20T18:00:00Z,-8.754957
p02,2022-09-20T19:00:00Z,-7.733337
p02,2022-09-20T20:00:00Z,-7.859999
p02,2022-09-20T21:00:00Z,-7.715564
p02,2022-09-20T22:00:00Z,-6.245639
p02,2022-09-20T23:00:00Z,-5.197129
p02,2022-09-21T00:00:00Z,-4.849603
p02,2022-09-21T01:00:00Z,-3.865552
p02,2022-09-21T02:00:00Z,-2.839409
p02,2022-09-21T03:00:00Z,-3.048506
p02,2022-09-21T04:00:00Z,-2.248691
p02,2022-09-21T05:00:00Z,-2.573614
p02,2022-09-21T06:00:00Z,-3.598201
p02,2022-09-21T07:00:00Z,-2.805274
p02,2022-09-21T08:00:00Z,-3.538702
p02,2022-09-21T09:00:00Z,-4.127182
p02,2022-09-21T10:00:00Z,-5.228926
p02,2022-09-21T11:00:00Z,-6.067879
p02,2022-09-21T12:00:00Z,-5.344264
p02,2022-09-21T13:00:00Z,-6.600394
p02,2022-09-21T14:00:00Z,-7.507436
p02,2022-09-21T15:00:00Z,-7.868386
p02,2022-09-21T16:00:00Z,-8.797329
p02,2022-09-21T17:00:00Z,-8.861288
p02,2022-09-21T18:00:00Z,-8.115391
p02,2022-09-21T19:00:00Z,-6.676331
p02,2022-09-21T20:00:00Z,-7.230449
p02,2022-09-21T21:00:00Z,-5.862706
p02,2022-09-21T22:00:00Z,-6.409133
p02,2022-09-21T23:00:00Z,-5.749506
p02,2022-09-22T00:00:00Z,-3.757521
p02,2022-09-22T01:00:00Z,-3.555628
p02,2022-09-22T02:00:00Z,-2.833282
p02,2022-09-22T03:00:00Z,-3.820954
p02,2022-09-22T04:00:00Z,-1.945666
p02,2022-09-22T05:00:00Z,-2.092032
p02,2022-09-22T06:00:00Z,-2.957772
p02,2022-09-22T07:00:00Z,-2.463896
p02,2022-09-22T08:00:00Z,-2.755150
p02,2022-09-22T09:00:00Z,-4.928905
p02,2022-09-22T10:00:00Z,-4.418784
p02,2022-09-22T11:00:00Z,-5.073349
p02,2022-09-22T12:00:00Z,-6.042820
p02,2022-09-22T13:00:00Z,-8.179045
p02,2022-09-22T14:00:00Z,-6.778846
p02,2022-09-22T15:00:00Z,-7.991363
p02,2022-09-22T16:00:00Z,-7.890293
p02,2022-09-22T17:00:00Z,-8.282590
p02,2022-09-22T18:00:00Z,-8.288758
p02,2022-09-22T19:00:00Z,-8.039991
p02,2022-09-22T20:00:00Z,-7.855758
p02,2022-09-22T21:00:00Z,-7.287946
p02,2022-09-22T22:00:00Z,-6.000643
p02,2022-09-22T23:00:00Z,-4.922892
p02,2022-09-23T00:00:00Z,-4.906043
p02,2022-09-23T01:00:00Z,-4.744489
p02,2022-09-23T02:00:00Z,-3.140688
p02,2022-09-23T03:00:00Z,-2.656837
p02,2022-09-23T04:00:00Z,-2.550178
p02,2022-09-23T05:00:00Z,-2.184308
p02,2022-09-23T06:00:00Z,-2.316518
p02,2022-09-23T07:00:00Z,-3.238833
p02,2022-09-23T08:00:00Z,-2.918731
p02,2022-09-23T09:00:00Z,-3.988432
p02,2022-09-23T10:00:00Z,-4.094377
p02,2022-09-23T11:00:00Z,-5.380046
p02,2022-09-23T12:00:00Z,-6.830279
p02,2022-09-23T13:00:00Z,-6.841156
p02,2022-09-23T14:00:00Z,-8.674763
p02,2022-09-23T15:00:00Z,-8.247393
p02,2022-09-23T16:00:00Z,-8.554051
p02,2022-09-23T17:00:00Z,-7.842851
p02,2022-09-23T18:00:00Z,-8.538784
p02,2022-09-23T19:00:00Z,-8.023177
p02,2022-09-23T20:00:00Z,-7.075560
p02,2022-09-23T21:00:00Z,-7.008324
p02,2022-09-23T22:00:00Z,-5.812858
p02,2022-09-23T23:00:00Z,-5.600760
p02,2022-09-24T00:00:00Z,-4.230901
p02,2022-09-24T01:00:00Z,-4.844637
p02,2022-09-24T02:00:00Z,-3.235331
p02,2022-09-24T03:00:00Z,-2.667488
p02,2022-09-24T04:00:00Z,-2.720147
p02,2022-09-24T05:00:00Z,-1.336177
p02,2022-09-24T06:00:00Z,-2.891800
p02,2022-09-24T07:00:00Z,-3.337231
p02,2022-09-24T08:00:00Z,-4.104159
p02,2022-09-24T09:00:00Z,-3.798389
p02,2022-09-24T10:00:00Z,-5.022918
p02,2022-09-24T11:00:00Z,-5.415750
p02,2022-09-24T12:00:00Z,-4.846611
p02,2022-09-24T13:00:00Z,-7.197936
p02,2022-09-24T14:00:00Z,-7.973298
p02,2022-09-24T15:00:00Z,-8.027497
p02,2022-09-24T16:00:00Z,-9.086075
p02,2022-09-24T17:00:00Z,-8.013764
p02,2022-09-24T18:00:00Z,-7.323004
p02,2022-09-24T19:00:00Z,-8.207370
p02,2022-09-24T20:00:00Z,-8.045468
p02,2022-09-24T21:00:00Z,-6.607662
p02,2022-09-24T22:00:00Z,-5.619016
p02,2022-09-24T23:00:00Z,-5.834188
p02,2022-09-25T00:00:00Z,-5.486985
p02,2022-09-25T01:00:00Z,-3.603295
p02,2022-09-25T02:00:00Z,-3.322256
p02,2022-09-25T03:00:00Z,-3.189183
p02,2022-09-25T04:00:00Z,-1.850099
p02,2022-09-25T05:00:00Z,-2.099370
p02,2022-09-25T06:00:00Z,-2.224129
p02,2022-09-25T07:00:00Z,-2.494791
p02,2022-09-25T08:00:00Z,-3.213929
p02,2022-09-25T09:00:00Z,-4.113619
p02,2022-09-25T10:00:00Z,-4.623970
p02,2022-09-25T11:00:00Z,-5.914837
p02,2022-09-25T12:00:00Z,-6.400256
p02,2022-09-25T13:00:00Z,-6.396780
p02,2022-09-25T14:00:00Z,-7.520687
p02,2022-09-25T15:00:00Z,-8.452297
p02,2022-09-25T16:00:00Z,-8.706502
p02,2022-09-25T17:00:00Z,-7.735719
p02,2022-09-25T18:00:00Z,-8.440408
p02,2022-09-25T19:00:00Z,-8.578710
p02,2022-09-25T20:00:00Z,-7.462121
p02,2022-09-25T21:00:00Z,-6.665549
p02,2022-09-25T22:00:00Z,-5.878458
p02,2022-09-25T23:00:00Z,-5.119598
p02,2022-09-26T00:00:00Z,-4.296430
p02,2022-09-26T01:00:00Z,-3.919872
p02,2022-09-26T02:00:00Z,-2.310520
p02,2022-09-26T03:00:00Z,-3.126035
p02,2022-09-26T04:00:00Z,-2.877700
p02,2022-09-26T05:00:00Z,-2.057574
p02,2022-09-26T06:00:00Z,-3.091884
p02,2022-09-26T07:00:00Z,-3.617490
p02,2022-09-26T08:00:00Z,-3.007346
p02,2022-09-26T09:00:00Z,-3.507009
p02,2022-09-26T10:00:00Z,-3.622870
p02,2022-09-26T11:00:00Z,-5.225286
p02,2022-09-26T12:00:00Z,-6.595274
p02,2022-09-26T13:00:00Z,-7.457558
p02,2022-09-26T14:00:00Z,-7.891885
p02,2022-09-26T15:00:00Z,-7.754418
p02,2022-09-26T16:00:00Z,-7.437080
p02,2022-09-26T17:00:00Z,-7.719217
p02,2022-09-26T18:00:00Z,-7.417508
p02,2022-09-26T19:00:00Z,-8.102383
p02,2022-09-26T20:00:00Z,-7.972303
p02,2022-09-26T21:00:00Z,-6.574333
p02,2022-09-26T22:00:00Z,-5.866483
p02,2022-09-26T23:00:00Z,-5.594560
p02,2022-09-27T00:00:00Z,-3.636440
p02,2022-09-27T01:00:00Z,-3.166378
p02,2022-09-27T02:00:00Z,-3.476438
p02,2022-09-27T03:00:00Z,-2.622379
p02,2022-09-27T04:00:00Z,-0.781988
p02,2022-09-27T05:00:00Z,-1.870446
p02,2022-09-27T06:00:00Z,-2.473105
p02,2022-09-27T07:00:00Z,-2.288354
p02,2022-09-27T08:00:00Z,-2.891233
p02,2022-09-27T09:00:00Z,-3.428679
p02,2022-09-27T10:00:00Z,-4.181182
p02,2022-09-27T11:00:00Z,-4.691700
p02,2022-09-27T12:00:00Z,-6.908982
p02,2022-09-27T13:00:00Z,-6.729876
p02,2022-09-27T14:00:00Z,-6.611998
p02,2022-09-27T15:00:00Z,-8.488857
p02,2022-09-27T16:00:00Z,-7.893010
p02,2022-09-27T17:00:00Z,-8.648918
p02,2022-09-27T18:00:00Z,-8.878015
p02,2022-09-27T19:00:00Z,-7.331565
p02,2022-09-27T20:00:00Z,-7.296265
p02,2022-09-27T21:00:00Z,-6.098344
p02,2022-09-27T22:00:00Z,-5.758292
p02,2022-09-27T23:00:00Z,-4.794349
p02,2022-09-28T00:00:00Z,-4.698819
p02,2022-09-28T01:00:00Z,-2.992738
p02,2022-09-28T02:00:00Z,-3.023529
p02,2022-09-28T03:00:00Z,-1.976271
p02,2022-09-28T04:00:00Z,-2.634850
p02,2022-09-28T05:00:00Z,-1.432795
p02,2022-09-28T06:00:00Z,-2.313967
p02,2022-09-28T07:00:00Z,-1.716696
p02,2022-09-28T08:00:00Z,-2.670211
p02,2022-09-28T09:00:00Z,-3.704120
p02,2022-09-28T10:00:00Z,-3.691099
p02,2022-09-28T11:00:00Z,-5.227609
p02,2022-09-28T12:00:00Z,-5.986304
p02,2022-09-28T13:00:00Z,-6.501783
p02,2022-09-28T14:00:00Z,-7.285938
p02,2022-09-28T15:00:00Z,-8.499155
p02,2022-09-28T16:00:00Z,-8.299105
p02,2022-09-28T17:00:00Z,-7.976542
p02,2022-09-28T18:00:00Z,-8.205304
p02,2022-09-28T19:00:00Z,-8.811139
p02,2022-09-28T20:00:00Z,-7.337422
p02,2022-09-28T21:00:00Z,-6.126294
p02,2022-09-28T22:00:00Z,-5.961215
p02,2022-09-28T23:00:00Z,-5.415777
p02,2022-09-29T00:00:00Z,-4.600009
p02,2022-09-29T01:00:00Z,-3.924885
p02,2022-09-29T02:00:00Z,-3.377203
p02,2022-09-29T03:00:00Z,-2.054845
p02,2022-09-29T04:00:00Z,-1.925060
p02,2022-09-29T05:00:00Z,-1.621761
p02,2022-09-29T06:00:00Z,-3.159944
p02,2022-09-29T07:00:00Z,-2.526718
p02,2022-09-29T08:00:00Z,-3.292633
p02,2022-09-29T09:00:00Z,-4.208784
p02,2022-09-29T10:00:00Z,-3.879303
p02,2022-09-29T11:00:00Z,-5.371960
p02,2022-09-29T12:00:00Z,-5.791555
p02,2022-09-29T13:00:00Z,-7.427987
p02,2022-09-29T14:00:00Z,-7.683565
p02,2022-09-29T15:00:00Z,-8.064486
p02,2022-09-29T16:00:00Z,-8.036321
p02,2022-09-29T17:00:00Z,-8.043355
p02,2022-09-29T18:00:00Z,-8.943538
p02,2022-09-29T19:00:00Z,-7.675442
p02,2022-09-29T20:00:00Z,-7.243243
p02,2022-09-29T21:00:00Z,-6.673502
p02,2022-09-29T22:00:00Z,-5.908228
p02,2022-09-29T23:00:00Z,-5.091851
p02,2022-09-30T00:00:00Z,-4.449327
p02,2022-09-30T01:00:00Z,-2.743060
p02,2022-09-30T02:00:00Z,-3.187833
p02,2022-09-30T03:00:00Z,-2.716089
p02,2022-09-30T04:00:00Z,-2.894506
p02,2022-09-30T05:00:00Z,-3.141722
p02,2022-09-30T06:00:00Z,-3.165872
p02,2022-09-30T07:00:00Z,-1.218575
p02,2022-09-30T08:00:00Z,-1.740378
p02,2022-09-30T09:00:00Z,-3.540951
p02,2022-09-30T10:00:00Z,-4.271348
p02,2022-09-30T11:00:00Z,-5.607969
p02,2022-09-30T12:00:00Z,-5.069354
p02,2022-09-30T13:00:00Z,-6.750236
p02,2022-09-30T14:00:00Z,-7.395457
p02,2022-09-30T15:00:00Z,-7.729526
p02,2022-09-30T16:00:00Z,-8.495985
p02,2022-09-30T17:00:00Z,-8.256492
p02,2022-09-30T18:00:00Z,-7.851885
p02,2022-09-30T19:00:00Z,-7.712288
p02,2022-09-30T20:00:00Z,-7.216664
p02,2022-09-30T21:00:00Z,-7.865685
p02,2022-09-30T22:00:00Z,-5.140269
p02,2022-09-30T23:00:00Z,-4.845770
p02,2022-10-01T00:00:00Z,-3.901957
p02,2022-10-01T01:00:00Z,-4.410658
p02,2022-10-01T02:00:00Z,-2.166894
p02,2022-10-01T03:00:00Z,-2.514126
p02,2022-10-01T04:00:00Z,-1.925072
p02,2022-10-01T05:00:00Z,-2.518049
p02,2022-10-01T06:00:00Z,-1.609572
p02,2022-10-01T07:00:00Z,-2.429832
p02,2022-10-01T08:00:00Z,-2.194867
p02,2022-10-01T09:00:00Z,-4.016491
p02,2022-10-01T10:00:00Z,-3.854958
p02,2022-10-01T11:00:00Z,-4.874909
p02,2022-10-01T12:00:00Z,-5.076039
p02,2022-10-01T13:00:00Z,-6.178695
p02,2022-10-01T14:00:00Z,-6.744072
p02,2022-10-01T15:00:00Z,-6.573995
p02,2022-10-01T16:00:00Z,-7.544961
p02,2022-10-01T17:00:00Z,-8.396409
p02,2022-10-01T18:00:00Z,-7.598868
p02,2022-10-01T19:00:00Z,-7.495095
p02,2022-10-01T20:00:00Z,-6.886385
p02,2022-10-01T21:00:00Z,-5.716884
p02,2022-10-01T22:00:00Z,-4.466517
p02,2022-10-01T23:00:00Z,-4.510151
p02,2022-10-02T00:00:00Z,-4.556331
p02,2022-10-02T01:00:00Z,-2.243004
p02,2022-10-02T02:00:00Z,-3.076153
p02,2022-10-02T03:00:00Z,-3.443456
p02,2022-10-02T04:00:00Z,-2.564711
p02,2022-10-02T05:00:00Z,-1.417086
p02,2022-10-02T06:00:00Z,-1.578826
p02,2022-10-02T07:00:00Z,-1.987008
p02,2022-10-02T08:00:00Z,-3.130553
p02,2022-10-02T09:00:00Z,-4.198326
p02,2022-10-02T10:00:00Z,-5.022005
p02,2022-10-02T11:00:00Z,-4.413657
p02,2022-10-02T12:00:00Z,-5.955819
p02,2022-10-02T13:00:00Z,-6.725414
p02,2022-10-02T14:00:00Z,-6.892109
p02,2022-10-02T15:00:00Z,-7.983167
p02,2022-10-02T16:00:00Z,-7.860350
p02,2022-10-02T17:00:00Z,-7.965060
p02,2022-10-02T18:00:00Z,-7.621126
p02,2022-10-02T19:00:00Z,-7.129699
p02,2022-10-02T20:00:00Z,-7.403698
p02,2022-10-02T21:00:00Z,-6.143712
p02,2022-10-02T22:00:00Z,-4.875683
p02,2022-10-02T23:00:00Z,-4.238567
p02,2022-10-03T00:00:00Z,-4.908144
p02,2022-10-03T01:00:00Z,-3.140212
p02,2022-10-03T02:00:00Z,-2.770088
p02,2022-10-03T03:00:00Z,-2.148855
p02,2022-10-03T04:00:00Z,-1.321066
p02,2022-10-03T05:00:00Z,-1.696733
p02,2022-10-03T06:00:00Z,-1.986612
p02,2022-10-03T07:00:00Z,-1.334317
p02,2022-10-03T08:00:00Z,-2.743681
p02,2022-10-03T09:00:00Z,-1.574263
p02,2022-10-03T10:00:00Z,-4.489200
p02,2022-10-03T11:00:00Z,-3.905482
p02,2022-10-03T12:00:00Z,-5.440179
p02,2022-10-03T13:00:00Z,-6.314476
p02,2022-10-03T14:00:00Z,-6.919420
p02,2022-10-03T15:00:00Z,-7.465848
p02,2022-10-03T16:00:00Z,-8.550183
p02,2022-10-03T17:00:00Z,-7.160872
p02,2022-10-03T18:00:00Z,-6.602297
p02,2022-10-03T19:00:00Z,-7.224218
p02,2022-10-03T20:00:00Z,-5.971761
p02,2022-10-03T21:00:00Z,-6.529519
p02,2022-10-03T22:00:00Z,-5.955743
p02,2022-10-03T23:00:00Z,-5.140174
p02,2022-10-04T00:00:00Z,-3.440513
p02,2022-10-04T01:00:00Z,-2.778229
p02,2022-10-04T02:00:00Z,-3.425771
p02,2022-10-04T03:00:00Z,-2.262097
p02,2022-10-04T04:00:00Z,-2.161466
p02,2022-10-04T05:00:00Z,-1.438803
p02,2022-10-04T06:00:00Z,-2.163500
p02,2022-10-04T07:00:00Z,-1.900109
p02,2022-10-04T08:00:00Z,-2.885739
p02,2022-10-04T09:00:00Z,-3.002020
p02,2022-10-04T10:00:00Z,-4.837317
p02,2022-10-04T11:00:00Z,-4.903397
p02,2022-10-04T12:00:00Z,-5.039217
p02,2022-10-04T13:00:00Z,-5.607357
p02,2022-10-04T14:00:00Z,-5.604862
p02,2022-10-04T15:00:00Z,-7.060785
p02,2022-10-04T16:00:00Z,-7.256205
p02,2022-10-04T17:00:00Z,-8.452299
p02,2022-10-04T18:00:00Z,-6.696767
p02,2022-10-04T19:00:00Z,-7.156089
p02,2022-10-04T20:00:00Z,-6.365722
p02,2022-10-04T21:00:00Z,-6.761172
p02,2022-10-04T22:00:00Z,-5.677788
p02,2022-10-04T23:00:00Z,-6.099820
p02,2022-10-05T00:00:00Z,-4.125223
p02,2022-10-05T01:00:00Z,-2.615469
p02,2022-10-05T02:00:00Z,-3.133323
p02,2022-10-05T03:00:00Z,-2.041299
p02,2022-10-05T04:00:00Z,-1.539691
p02,2022-10-05T05:00:00Z,-1.217490
p02,2022-10-05T06:00:00Z,-1.649426
p02,2022-10-05T07:00:00Z,-3.186817
p02,2022-10-05T08:00:00Z,-3.577140
p02,2022-10-05T09:00:00Z,-2.604223
p02,2022-10-05T10:00:00Z,-3.744159
p02,2022-10-05T11:00:00Z,-5.325532
p02,2022-10-05T12:00:00Z,-5.974023
p02,2022-10-05T13:00:00Z,-6.373304
p02,2022-10-05T14:00:00Z,-7.013151
p02,2022-10-05T15:00:00Z,-6.903399
p02,2022-10-05T16:00:00Z,-7.157437
p02,2022-10-05T17:00:00Z,-7.435707
p02,2022-10-05T18:00:00Z,-7.207517
p02,2022-10-05T19:00:00Z,-7.801784
p02,2022-10-05T20:00:00Z,-6.815551
p02,2022-10-05T21:00:00Z,-5.594591
p02,2022-10-05T22:00:00Z,-5.052467
p02,2022-10-05T23:00:00Z,-4.617198
p03,2021-09-01T00:00:00Z,-3.352604
p03,2021-09-01T01:00:00Z,-3.819470
p03,2021-09-01T02:00:00Z,-2.635395
p03,2021-09-01T03:00:00Z,-2.526325
p03,2021-09-01T04:00:00Z,-1.779034
p03,2021-09-01T05:00:00Z,-2.110853
p03,2021-09-01T06:00:00Z,-1.829717
p03,2021-09-01T07:00:00Z,-2.091353
p03,2021-09-01T08:00:00Z,-3.469920
p03,2021-09-01T09:00:00Z,-3.947875
p03,2021-09-01T10:00:00Z,-3.917330
p03,2021-09-01T11:00:00Z,-4.444621
p03,2021-09-01T12:00:00Z,-5.016231
p03,2021-09-01T13:00:00Z,-6.602608
p03,2021-09-01T14:00:00Z,-6.746570
p03,2021-09-01T15:00:00Z,-7.015134
p03,2021-09-01T16:00:00Z,-7.839083
p03,2021-09-01T17:00:00Z,-8.288229
p03,2021-09-01T18:00:00Z,-7.635866
p03,2021-09-01T19:00:00Z,-7.029986
p03,2021-09-01T20:00:00Z,-8.166412
p03,2021-09-01T21:00:00Z,-7.261069
p03,2021-09-01T22:00:00Z,-4.962739
p03,2021-09-01T23:00:00Z,-5.100721
p03,2021-09-02T00:00:00Z,-4.431989
p03,2021-09-02T01:00:00Z,-3.553385
p03,2021-09-02T02:00:00Z,-3.322110
p03,2021-09-02T03:00:00Z,-2.110776
p03,2021-09-02T04:00:00Z,-2.048689
p03,2021-09-02T05:00:00Z,-2.121522
p03,2021-09-02T06:00:00Z,-1.851467
p03,2021-09-02T07:00:00Z,-1.782664
p03,2021-09-02T08:00:00Z,-3.029721
p03,2021-09-02T09:00:00Z,-4.255305
p03,2021-09-02T10:00:00Z,-4.953428
p03,2021-09-02T11:00:00Z,-5.346621
p03,2021-09-02T12:00:00Z,-6.348846
p03,2021-09-02T13:00:00Z,-5.960370
p03,2021-09-02T14:00:00Z,-6.968142
p03,2021-09-02T15:00:00Z,-6.866884
p03,2021-09-02T16:00:00Z,-7.845608
p03,2021-09-02T17:00:00Z,-8.285356
p03,2021-09-02T18:00:00Z,-8.477244
p03,2021-09-02T19:00:00Z,-6.638849
p03,2021-09-02T20:00:00Z,-6.761951
p03,2021-09-02T21:00:00Z,-6.106130
p03,2021-09-02T22:00:00Z,-6.368802
p03,2021-09-02T23:00:00Z,-5.972437
p03,2021-09-03T00:00:00Z,-4.507878
p03,2021-09-03T01:00:00Z,-3.717484
p03,2021-09-03T02:00:00Z,-2.569200
p03,2021-09-03T03:00:00Z,-2.201705
p03,2021-09-03T04:00:00Z,-1.392169
p03,2021-09-03T05:00:00Z,-2.436210
p03,2021-09-03T06:00:00Z,-2.066935
p03,2021-09-03T07:00:00Z,-3.034607
p03,2021-09-03T08:00:00Z,-3.049177
p03,2021-09-03T09:00:00Z,-3.881660
p03,2021-09-03T10:00:00Z,-4.079930
p03,2021-09-03T11:00:00Z,-5.695388
p03,2021-09-03T12:00:00Z,-5.674804
p03,2021-09-03T13:00:00Z,-7.061135
p03,2021-09-03T14:00:00Z,-6.226032
p03,2021-09-03T15:00:00Z,-7.634595
p03,2021-09-03T16:00:00Z,-8.858377
p03,2021-09-03T17:00:00Z,-7.588044
p03,2021-09-03T18:00:00Z,-7.513539
p03,2021-09-03T19:00:00Z,-7.975770
p03,2021-09-03T20:00:00Z,-7.225523
p03,2021-09-03T21:00:00Z,-5.472151
p03,2021-09-03T22:00:00Z,-5.832980
p03,2021-09-03T23:00:00Z,-4.102614
p03,2021-09-04T00:00:00Z,-4.040173
p03,2021-09-04T01:00:00Z,-3.245896
p03,2021-09-04T02:00:00Z,-2.322414
p03,2021-09-04T03:00:00Z,-2.711335
p03,2021-09-04T04:00:00Z,-2.219947
p03,2021-09-04T05:00:00Z,-2.532123
p03,2021-09-04T06:00:00Z,-2.218386
p03,2021-09-04T07:00:00Z,-2.687199
p03,2021-09-04T08:00:00Z,-3.877003
p03,2021-09-04T09:00:00Z,-4.003032
p03,2021-09-04T10:00:00Z,-5.010114
p03,2021-09-04T11:00:00Z,-4.789644
p03,2021-09-04T12:00:00Z,-6.385482
p03,2021-09-04T13:00:00Z,-6.380428
p03,2021-09-04T14:00:00Z,-7.771223
p03,2021-09-04T15:00:00Z,-7.645350
p03,2021-09-04T16:00:00Z,-7.742866
p03,2021-09-04T17:00:00Z,-8.035078
p03,2021-09-04T18:00:00Z,-7.146807
p03,2021-09-04T19:00:00Z,-7.635313
p03,2021-09-04T20:00:00Z,-6.592726
p03,2021-09-04T21:00:00Z,-7.019257
p03,2021-09-04T22:00:00Z,-5.172287
p03,2021-09-04T23:00:00Z,-5.447087
p03,2021-09-05T00:00:00Z,-3.980354
p03,2021-09-05T01:00:00Z,-3.715806
p03,2021-09-05T02:00:00Z,-4.469152
p03,2021-09-05T03:00:00Z,-3.086078
p03,2021-09-05T04:00:00Z,-2.006339
p03,2021-09-05T05:00:00Z,-2.330324
p03,2021-09-05T06:00:00Z,-2.089634
p03,2021-09-05T07:00:00Z,-2.885650
p03,2021-09-05T08:00:00Z,-2.687910
p03,2021-09-05T09:00:00Z,-3.430024
p03,2021-09-05T10:00:00Z,-3.939330
p03,2021-09-05T11:00:00Z,-4.924929
p03,2021-09-05T12:00:00Z,-5.261993
p03,2021-09-05T13:00:00Z,-6.631224
p03,2021-09-05T14:00:00Z,-7.671680
p03,2021-09-05T15:00:00Z,-6.856314
p03,2021-09-05T16:00:00Z,-7.902032
p03,2021-09-05T17:00:00Z,-7.764391
p03,2021-09-05T18:00:00Z,-8.130257
p03,2021-09-05T19:00:00Z,-7.122085
p03,2021-09-05T20:00:00Z,-7.761724
p03,2021-09-05T21:00:00Z,-6.464714
p03,2021-09-05T22:00:00Z,-5.037476
p03,2021-09-05T23:00:00Z,-4.989073
p03,2021-09-06T00:00:00Z,-3.509475
p03,2021-09-06T01:00:00Z,-3.748714
p03,2021-09-06T02:00:00Z,-3.014485
p03,2021-09-06T03:00:00Z,-2.725127
p03,2021-09-06T04:00:00Z,-1.990648
p03,2021-09-06T05:00:00Z,-1.706715
p03,2021-09-06T06:00:00Z,-1.837663
p03,2021-09-06T07:00:00Z,-2.086306
p03,2021-09-06T08:00:00Z,-3.415198
p03,2021-09-06T09:00:00Z,-3.220551
p03,2021-09-06T10:00:00Z,-3.886049
p03,2021-09-06T11:00:00Z,-5.218517
p03,2021-09-06T12:00:00Z,-6.123316
p03,2021-09-06T13:00:00Z,-6.120394
p03,2021-09-06T14:00:00Z,-7.508677
p03,2021-09-06T15:00:00Z,-8.487793
p03,2021-09-06T16:00:00Z,-8.351762
p03,2021-09-06T17:00:00Z,-8.224932
p03,2021-09-06T18:00:00Z,-8.188411
p03,2021-09-06T19:00:00Z,-7.767194
p03,2021-09-06T20:00:00Z,-7.227774
p03,2021-09-06T21:00:00Z,-6.265122
p03,2021-09-06T22:00:00Z,-5.850775
p03,2021-09-06T23:00:00Z,-5.329765
p03,2021-09-07T00:00:00Z,-4.309029
p03,2021-09-07T01:00:00Z,-4.179525
p03,2021-09-07T02:00:00Z,-3.064765
p03,2021-09-07T03:00:00Z,-1.027245
p03,2021-09-07T04:00:00Z,-2.659425
p03,2021-09-07T05:00:00Z,-0.505860
p03,2021-09-07T06:00:00Z,-2.352856
p03,2021-09-07T07:00:00Z,-2.979506
p03,2021-09-07T08:00:00Z,-2.668766
p03,2021-09-07T09:00:00Z,-3.068376
p03,2021-09-07T10:00:00Z,-3.188035
p03,2021-09-07T11:00:00Z,-5.082589
p03,2021-09-07T12:00:00Z,-5.459505
p03,2021-09-07T13:00:00Z,-6.324565
p03,2021-09-07T14:00:00Z,-6.338328
p03,2021-09-07T15:00:00Z,-7.984714
p03,2021-09-07T16:00:00Z,-8.238551
p03,2021-09-07T17:00:00Z,-8.899149
p03,2021-09-07T18:00:00Z,-7.673150
p03,2021-09-07T19:00:00Z,-7.335103
p03,2021-09-07T20:00:00Z,-6.885593
p03,2021-09-07T21:00:00Z,-5.561246
p03,2021-09-07T22:00:00Z,-5.603213
p03,2021-09-07T23:00:00Z,-4.662358
p03,2021-09-08T00:00:00Z,-3.646412
p03,2021-09-08T01:00:00Z,-3.492215
p03,2021-09-08T02:00:00Z,-3.522296
p03,2021-09-08T03:00:00Z,-1.857419
p03,2021-09-08T04:00:00Z,-2.913169
p03,2021-09-08T05:00:00Z,-2.455132
p03,2021-09-08T06:00:00Z,-2.621108
p03,2021-09-08T07:00:00Z,-3.173378
p03,2021-09-08T08:00:00Z,-2.903643
p03,2021-09-08T09:00:00Z,-4.313861
p03,2021-09-08T10:00:00Z,-3.400769
p03,2021-09-08T11:00:00Z,-5.414365
p03,2021-09-08T12:00:00Z,-5.694800
p03,2021-09-08T13:00:00Z,-6.255078
p03,2021-09-08T14:00:00Z,-7.385564
p03,2021-09-08T15:00:00Z,-7.213623
p03,2021-09-08T16:00:00Z,-8.218699
p03,2021-09-08T17:00:00Z,-7.492089
p03,2021-09-08T18:00:00Z,-8.019832
p03,2021-09-08T19:00:00Z,-8.012675
p03,2021-09-08T20:00:00Z,-7.543083
p03,2021-09-08T21:00:00Z,-6.880898
p03,2021-09-08T22:00:00Z,-5.528913
p03,2021-09-08T23:00:00Z,-5.634538
p03,2021-09-09T00:00:00Z,-3.283274
p03,2021-09-09T01:00:00Z,-3.602262
p03,2021-09-09T02:00:00Z,-2.739653
p03,2021-09-09T03:00:00Z,-3.025856
p03,2021-09-09T04:00:00Z,-1.201936
p03,2021-09-09T05:00:00Z,-1.697461
p03,2021-09-09T06:00:00Z,-1.616837
p03,2021-09-09T07:00:00Z,-1.899964
p03,2021-09-09T08:00:00Z,-3.424301
p03,2021-09-09T09:00:00Z,-3.048513
p03,2021-09-09T10:00:00Z,-3.083996
p03,2021-09-09T11:00:00Z,-5.063880
p03,2021-09-09T12:00:00Z,-5.724637
p03,2021-09-09T13:00:00Z,-6.159438
p03,2021-09-09T14:00:00Z,-6.291570
p03,2021-09-09T15:00:00Z,-7.901710
p03,2021-09-09T16:00:00Z,-7.916193
p03,2021-09-09T17:00:00Z,-8.486794
p03,2021-09-09T18:00:00Z,-7.545911
p03,2021-09-09T19:00:00Z,-7.256517
p03,2021-09-09T20:00:00Z,-6.859048
p03,2021-09-09T21:00:00Z,-6.898627
p03,2021-09-09T22:00:00Z,-5.909672
p03,2021-09-09T23:00:00Z,-4.928474
p03,2021-09-10T00:00:00Z,-4.277115
p03,2021-09-10T01:00:00Z,-4.451050
p03,2021-09-10T02:00:00Z,-3.066311
p03,2021-09-10T03:00:00Z,-1.312640
p03,2021-09-10T04:00:00Z,-1.522391
p03,2021-09-10T05:00:00Z,-1.736406
p03,2021-09-10T06:00:00Z,-2.675459
p03,2021-09-10T07:00:00Z,-1.926944
p03,2021-09-10T08:00:00Z,-2.973712
p03,2021-09-10T09:00:00Z,-3.275020
p03,2021-09-10T10:00:00Z,-3.377981
p03,2021-09-10T11:00:00Z,-5.569664
p03,2021-09-10T12:00:00Z,-5.959170
p03,2021-09-10T13:00:00Z,-6.324291
p03,2021-09-10T14:00:00Z,-7.840048
p03,2021-09-10T15:00:00Z,-7.856823
p03,2021-09-10T16:00:00Z,-7.215125
p03,2021-09-10T17:00:00Z,-7.487921
p03,2021-09-10T18:00:00Z,-7.892480
p03,2021-09-10T19:00:00Z,-7.357838
p03,2021-09-10T20:00:00Z,-6.213322
p03,2021-09-10T21:00:00Z,-6.229868
p03,2021-09-10T22:00:00Z,-6.607016
p03,2021-09-10T23:00:00Z,-5.163301
p03,2021-09-11T00:00:00Z,-4.350718
p03,2021-09-11T01:00:00Z,-4.344679
p03,2021-09-11T02:00:00Z,-2.603217
p03,2021-09-11T03:00:00Z,-2.237645
p03,2021-09-11T04:00:00Z,-2.099028
p03,2021-09-11T05:00:00Z,-1.591623
p03,2021-09-11T06:00:00Z,-2.347529
p03,2021-09-11T07:00:00Z,-2.072901
p03,2021-09-11T08:00:00Z,-2.791245
p03,2021-09-11T09:00:00Z,-3.601512
p03,2021-09-11T10:00:00Z,-3.093573
p03,2021-09-11T11:00:00Z,-5.932088
p03,2021-09-11T12:00:00Z,-5.458836
p03,2021-09-11T13:00:00Z,-6.110354
p03,2021-09-11T14:00:00Z,-6.250532
p03,2021-09-11T15:00:00Z,-7.313819
p03,2021-09-11T16:00:00Z,-7.405644
p03,2021-09-11T17:00:00Z,-7.883324
p03,2021-09-11T18:00:00Z,-7.853799
p03,2021-09-11T19:00:00Z,-7.513455
p03,2021-09-11T20:00:00Z,-7.689186
p03,2021-09-11T21:00:00Z,-7.374368
p03,2021-09-11T22:00:00Z,-6.035556
p03,2021-09-11T23:00:00Z,-4.048832
p03,2021-09-12T00:00:00Z,-4.343703
p03,2021-09-12T01:00:00Z,-3.205773
p03,2021-09-12T02:00:00Z,-3.248856
p03,2021-09-12T03:00:00Z,-2.399995
p03,2021-09-12T04:00:00Z,-1.575755
p03,2021-09-12T05:00:00Z,-1.945292
p03,2021-09-12T06:00:00Z,-2.093581
p03,2021-09-12T07:00:00Z,-1.572980
p03,2021-09-12T08:00:00Z,-2.365729
p03,2021-09-12T09:00:00Z,-3.202506
p03,2021-09-12T10:00:00Z,-4.777518
p03,2021-09-12T11:00:00Z,-4.659770
p03,2021-09-12T12:00:00Z,-6.451132
p03,2021-09-12T13:00:00Z,-5.790856
p03,2021-09-12T14:00:00Z,-6.111656
p03,2021-09-12T15:00:00Z,-7.403142
p03,2021-09-12T16:00:00Z,-8.458207
p03,2021-09-12T17:00:00Z,-7.567929
p03,2021-09-12T18:00:00Z,-8.438408
p03,2021-09-12T19:00:00Z,-6.954802
p03,2021-09-12T20:00:00Z,-6.570525
p03,2021-09-12T21:00:00Z,-6.193808
p03,2021-09-12T22:00:00Z,-6.126499
p03,2021-09-12T23:00:00Z,-3.837598
p03,2021-09-13T00:00:00Z,-4.415579
p03,2021-09-13T01:00:00Z,-4.074757
p03,2021-09-13T02:00:00Z,-3.010990
p03,2021-09-13T03:00:00Z,-1.731036
p03,2021-09-13T04:00:00Z,-2.067037
p03,2021-09-13T05:00:00Z,-1.984283
p03,2021-09-13T06:00:00Z,-2.397407
p03,2021-09-13T07:00:00Z,-2.207654
p03,2021-09-13T08:00:00Z,-3.832220
p03,2021-09-13T09:00:00Z,-3.007941
p03,2021-09-13T10:00:00Z,-4.203308
p03,2021-09-13T11:00:00Z,-4.966099
p03,2021-09-13T12:00:00Z,-6.233247
p03,2021-09-13T13:00:00Z,-6.169565
p03,2021-09-13T14:00:00Z,-7.069577
p03,2021-09-13T15:00:00Z,-6.919939
p03,2021-09-13T16:00:00Z,-7.242445
p03,2021-09-13T17:00:00Z,-7.035860
p03,2021-09-13T18:00:00Z,-8.997175
p03,2021-09-13T19:00:00Z,-7.152525
p03,2021-09-13T20:00:00Z,-6.505105
p03,2021-09-13T21:00:00Z,-7.007396
p03,2021-09-13T22:00:00Z,-5.388417
p03,2021-09-13T23:00:00Z,-5.843364
p03,2021-09-14T00:00:00Z,-3.575572
p03,2021-09-14T01:00:00Z,-3.788330
p03,2021-09-14T02:00:00Z,-2.473180
p03,2021-09-14T03:00:00Z,-1.970040
p03,2021-09-14T04:00:00Z,-2.347794
p03,2021-09-14T05:00:00Z,-2.203679
p03,2021-09-14T06:00:00Z,-2.192036
p03,2021-09-14T07:00:00Z,-2.046150
p03,2021-09-14T08:00:00Z,-2.259406
p03,2021-09-14T09:00:00Z,-2.483113
p03,2021-09-14T10:00:00Z,-3.907035
p03,2021-09-14T11:00:00Z,-4.395714
p03,2021-09-14T12:00:00Z,-5.639633
p03,2021-09-14T13:00:00Z,-6.537608
p03,2021-09-14T14:00:00Z,-7.172716
p03,2021-09-14T15:00:00Z,-7.844825
p03,2021-09-14T16:00:00Z,-8.201449
p03,2021-09-14T17:00:00Z,-7.587036
p03,2021-09-14T18:00:00Z,-7.505982
p03,2021-09-14T19:00:00Z,-7.420630
p03,2021-09-14T20:00:00Z,-6.694260
p03,2021-09-14T21:00:00Z,-6.972410
p03,2021-09-14T22:00:00Z,-5.753621
p03,2021-09-14T23:00:00Z,-4.320585
p03,2021-09-15T00:00:00Z,-4.115355
p03,2021-09-15T01:00:00Z,-3.497472
p03,2021-09-15T02:00:00Z,-2.640644
p03,2021-09-15T03:00:00Z,-2.623386
p03,2021-09-15T04:00:00Z,-2.043086
p03,2021-09-15T05:00:00Z,-2.775580
p03,2021-09-15T06:00:00Z,-2.805429
p03,2021-09-15T07:00:00Z,-2.143056
p03,2021-09-15T08:00:00Z,-2.582981
p03,2021-09-15T09:00:00Z,-3.957644
p03,2021-09-15T10:00:00Z,-4.237547
p03,2021-09-15T11:00:00Z,-5.458118
p03,2021-09-15T12:00:00Z,-5.380960
p03,2021-09-15T13:00:00Z,-6.720318
p03,2021-09-15T14:00:00Z,-7.339212
p03,2021-09-15T15:00:00Z,-7.497525
p03,2021-09-15T16:00:00Z,-8.125615
p03,2021-09-15T17:00:00Z,-7.935734
p03,2021-09-15T18:00:00Z,-6.746052
p03,2021-09-15T19:00:00Z,-6.478807
p03,2021-09-15T20:00:00Z,-7.580813
p03,2021-09-15T21:00:00Z,-6.163717
p03,2021-09-15T22:00:00Z,-5.666663
p03,2021-09-15T23:00:00Z,-4.221458
p03,2021-09-16T00:00:00Z,-3.510975
p03,2021-09-16T01:00:00Z,-2.791264
p03,2021-09-16T02:00:00Z,-2.992252
p03,2021-09-16T03:00:00Z,-1.684566
p03,2021-09-16T04:00:00Z,-1.268805
p03,2021-09-16T05:00:00Z,-1.266422
p03,2021-09-16T06:00:00Z,-1.581232
p03,2021-09-16T07:00:00Z,-2.221941
p03,2021-09-16T08:00:00Z,-2.391648
p03,2021-09-16T09:00:00Z,-3.046342
p03,2021-09-16T10:00:00Z,-3.679904
p03,2021-09-16T11:00:00Z,-4.885218
p03,2021-09-16T12:00:00Z,-5.093094
p03,2021-09-16T13:00:00Z,-6.402840
p03,2021-09-16T14:00:00Z,-6.792394
p03,2021-09-16T15:00:00Z,-7.512097
p03,2021-09-16T16:00:00Z,-7.709600
p03,2021-09-16T17:00:00Z,-9.084098
p03,2021-09-16T18:00:00Z,-7.790746
p03,2021-09-16T19:00:00Z,-7.034066
p03,2021-09-16T20:00:00Z,-6.289268
p03,2021-09-16T21:00:00Z,-6.287579
p03,2021-09-16T22:00:00Z,-4.768088
p03,2021-09-16T23:00:00Z,-4.601827
p03,2021-09-17T00:00:00Z,-4.188239
p03,2021-09-17T01:00:00Z,-2.649012
p03,2021-09-17T02:00:00Z,-3.426458
p03,2021-09-17T03:00:00Z,-1.427947
p03,2021-09-17T04:00:00Z,-1.898566
p03,2021-09-17T05:00:00Z,-1.571639
p03,2021-09-17T06:00:00Z,-1.586565
p03,2021-09-17T07:00:00Z,-1.680592
p03,2021-09-17T08:00:00Z,-2.073518
p03,2021-09-17T09:00:00Z,-2.075493
p03,2021-09-17T10:00:00Z,-3.612815
p03,2021-09-17T11:00:00Z,-5.308639
p03,2021-09-17T12:00:00Z,-5.714132
p03,2021-09-17T13:00:00Z,-5.433891
p03,2021-09-17T14:00:00Z,-5.845543
p03,2021-09-17T15:00:00Z,-6.988574
p03,2021-09-17T16:00:00Z,-8.397891
p03,2021-09-17T17:00:00Z,-7.369337
p03,2021-09-17T18:00:00Z,-7.696571
p03,2021-09-17T19:00:00Z,-6.830832
p03,2021-09-17T20:00:00Z,-6.207668
p03,2021-09-17T21:00:00Z,-6.306733
p03,2021-09-17T22:00:00Z,-5.749960
p03,2021-09-17T23:00:00Z,-4.973338
p03,2021-09-18T00:00:00Z,-3.830973
p03,2021-09-18T01:00:00Z,-2.529565
p03,2021-09-18T02:00:00Z,-2.396306
p03,2021-09-18T03:00:00Z,-3.264530
p03,2021-09-18T04:00:00Z,-2.034805
p03,2021-09-18T05:00:00Z,-1.432867
p03,2021-09-18T06:00:00Z,-1.061142
p03,2021-09-18T07:00:00Z,-2.174510
p03,2021-09-18T08:00:00Z,-2.522229
p03,2021-09-18T09:00:00Z,-2.857348
p03,2021-09-18T10:00:00Z,-4.522224
p03,2021-09-18T11:00:00Z,-4.186631
p03,2021-09-18T12:00:00Z,-6.097289
p03,2021-09-18T13:00:00Z,-6.157297
p03,2021-09-18T14:00:00Z,-6.414872
p03,2021-09-18T15:00:00Z,-7.273483
p03,2021-09-18T16:00:00Z,-7.236614
p03,2021-09-18T17:00:00Z,-7.664029
p03,2021-09-18T18:00:00Z,-7.628697
p03,2021-09-18T19:00:00Z,-6.183500
p03,2021-09-18T20:00:00Z,-7.784136
p03,2021-09-18T21:00:00Z,-6.196047
p03,2021-09-18T22:00:00Z,-4.948941
p03,2021-09-18T23:00:00Z,-5.110536
p03,2021-09-19T00:00:00Z,-3.709277
p03,2021-09-19T01:00:00Z,-3.441661
p03,2021-09-19T02:00:00Z,-2.424308
p03,2021-09-19T03:00:00Z,-2.039241
p03,2021-09-19T04:00:00Z,-1.771688
p03,2021-09-19T05:00:00Z,-1.553056
p03,2021-09-19T06:00:00Z,-2.210239
p03,2021-09-19T07:00:00Z,-2.529828
p03,2021-09-19T08:00:00Z,-3.404645
p03,2021-09-19T09:00:00Z,-3.529022
p03,2021-09-19T10:00:00Z,-4.055787
p03,2021-09-19T11:00:00Z,-5.051483
p03,2021-09-19T12:00:00Z,-6.277611
p03,2021-09-19T13:00:00Z,-6.667740
p03,2021-09-19T14:00:00Z,-7.885984
p03,2021-09-19T15:00:00Z,-6.885706
p03,2021-09-19T16:00:00Z,-7.887875
p03,2021-09-19T17:00:00Z,-8.165466
p03,2021-09-19T18:00:00Z,-7.805856
p03,2021-09-19T19:00:00Z,-6.745763
p03,2021-09-19T20:00:00Z,-6.275906
p03,2021-09-19T21:00:00Z,-5.906693
p03,2021-09-19T22:00:00Z,-4.634643
p03,2021-09-19T23:00:00Z,-4.154622
p03,2021-09-20T00:00:00Z,-3.775983
p03,2021-09-20T01:00:00Z,-4.423439
p03,2021-09-20T02:00:00Z,-2.241800
p03,2021-09-20T03:00:00Z,-1.530679
p03,2021-09-20T04:00:00Z,-2.693735
p03,2021-09-20T05:00:00Z,-1.539275
p03,2021-09-20T06:00:00Z,-1.177823
p03,2021-09-20T07:00:00Z,-1.617506
p03,2021-09-20T08:00:00Z,-2.964805
p03,2021-09-20T09:00:00Z,-3.105399
p03,2021-09-20T10:00:00Z,-4.718862
p03,2021-09-20T11:00:00Z,-3.463101
p03,2021-09-20T12:00:00Z,-5.398294
p03,2021-09-20T13:00:00Z,-6.652971
p03,2021-09-20T14:00:00Z,-6.407334
p03,2021-09-20T15:00:00Z,-7.356017
p03,2021-09-20T16:00:00Z,-6.850644
p03,2021-09-20T17:00:00Z,-7.275824
p03,2021-09-20T18:00:00Z,-7.837182
p03,2021-09-20T19:00:00Z,-7.478537
p03,2021-09-20T20:00:00Z,-6.428451
p03,2021-09-20T21:00:00Z,-6.005097
p03,2021-09-20T22:00:00Z,-5.607233
p03,2021-09-20T23:00:00Z,-5.004557
p03,2021-09-21T00:00:00Z,-3.561341
p03,2021-09-21T01:00:00Z,-1.943118
p03,2021-09-21T02:00:00Z,-2.783631
p03,2021-09-21T03:00:00Z,-2.327648
p03,2021-09-21T04:00:00Z,-1.651460
p03,2021-09-21T05:00:00Z,-1.720604
p03,2021-09-21T06:00:00Z,-1.888501
p03,2021-09-21T07:00:00Z,-0.514031
p03,2021-09-21T08:00:00Z,-2.122946
p03,2021-09-21T09:00:00Z,-3.069818
p03,2021-09-21T10:00:00Z,-3.899336
p03,2021-09-21T11:00:00Z,-4.339559
p03,2021-09-21T12:00:00Z,-4.646232
p03,2021-09-21T13:00:00Z,-5.559761
p03,2021-09-21T14:00:00Z,-6.648888
p03,2021-09-21T15:00:00Z,-7.761725
p03,2021-09-21T16:00:00Z,-6.992796
p03,2021-09-21T17:00:00Z,-7.134727
p03,2021-09-21T18:00:00Z,-7.317397
p03,2021-09-21T19:00:00Z,-5.801080
p03,2021-09-21T20:00:00Z,-6.218109
p03,2021-09-21T21:00:00Z,-6.259895
p03,2021-09-21T22:00:00Z,-5.380178
p03,2021-09-21T23:00:00Z,-3.913588
p03,2021-09-22T00:00:00Z,-3.012612
p03,2021-09-22T01:00:00Z,-3.506385
p03,2021-09-22T02:00:00Z,-2.503437
p03,2021-09-22T03:00:00Z,-1.035818
p03,2021-09-22T04:00:00Z,-1.222574
p03,2021-09-22T05:00:00Z,-1.818603
p03,2021-09-22T06:00:00Z,-2.508518
p03,2021-09-22T07:00:00Z,-2.337494
p03,2021-09-22T08:00:00Z,-2.190277
p03,2021-09-22T09:00:00Z,-2.624142
p03,2021-09-22T10:00:00Z,-3.433063
p03,2021-09-22T11:00:00Z,-4.575446
p03,2021-09-22T12:00:00Z,-5.155893
p03,2021-09-22T13:00:00Z,-6.216267
p03,2021-09-22T14:00:00Z,-5.608672
p03,2021-09-22T15:00:00Z,-7.190360
p03,2021-09-22T16:00:00Z,-8.270651
p03,2021-09-22T17:00:00Z,-7.606559
p03,2021-09-22T18:00:00Z,-7.449196
p03,2021-09-22T19:00:00Z,-7.575085
p03,2021-09-22T20:00:00Z,-6.955230
p03,2021-09-22T21:00:00Z,-4.911110
p03,2021-09-22T22:00:00Z,-5.636519
p03,2021-09-22T23:00:00Z,-5.266572
p03,2021-09-23T00:00:00Z,-3.964704
p03,2021-09-23T01:00:00Z,-2.947554
p03,2021-09-23T02:00:00Z,-3.162516
p03,2021-09-23T03:00:00Z,-2.369799
p03,2021-09-23T04:00:00Z,-0.742988
p03,2021-09-23T05:00:00Z,-1.888529
p03,2021-09-23T06:00:00Z,-1.982955
p03,2021-09-23T07:00:00Z,-2.442149
p03,2021-09-23T08:00:00Z,-2.699362
p03,2021-09-23T09:00:00Z,-3.443669
p03,2021-09-23T10:00:00Z,-3.599017
p03,2021-09-23T11:00:00Z,-4.690878
p03,2021-09-23T12:00:00Z,-6.571755
p03,2021-09-23T13:00:00Z,-5.348055
p03,2021-09-23T14:00:00Z,-5.969917
p03,2021-09-23T15:00:00Z,-7.240614
p03,2021-09-23T16:00:00Z,-7.305948
p03,2021-09-23T17:00:00Z,-7.655733
p03,2021-09-23T18:00:00Z,-6.758004
p03,2021-09-23T19:00:00Z,-7.180204
p03,2021-09-23T20:00:00Z,-6.858865
p03,2021-09-23T21:00:00Z,-5.494535
p03,2021-09-23T22:00:00Z,-4.961725
p03,2021-09-23T23:00:00Z,-3.797529
p03,2021-09-24T00:00:00Z,-3.299776
p03,2021-09-24T01:00:00Z,-3.148688
p03,2021-09-24T02:00:00Z,-2.436247
p03,2021-09-24T03:00:00Z,-2.214813
p03,2021-09-24T04:00:00Z,-1.739159
p03,2021-09-24T05:00:00Z,-1.984861
p03,2021-09-24T06:00:00Z,-1.783691
p03,2021-09-24T07:00:00Z,-1.564331
p03,2021-09-24T08:00:00Z,-2.448415
p03,2021-09-24T09:00:00Z,-2.746590
p03,2021-09-24T10:00:00Z,-3.208515
p03,2021-09-24T11:00:00Z,-4.397173
p03,2021-09-24T12:00:00Z,-5.735040
p03,2021-09-24T13:00:00Z,-5.564516
p03,2021-09-24T14:00:00Z,-5.838413
p03,2021-09-24T15:00:00Z,-5.890117
p03,2021-09-24T16:00:00Z,-6.678079
p03,2021-09-24T17:00:00Z,-6.855364
p03,2021-09-24T18:00:00Z,-6.659728
p03,2021-09-24T19:00:00Z,-6.610805
p03,2021-09-24T20:00:00Z,-6.001707
p03,2021-09-24T21:00:00Z,-6.811478
p03,2021-09-24T22:00:00Z,-4.929460
p03,2021-09-24T23:00:00Z,-4.209879
p03,2021-09-25T00:00:00Z,-3.894084
p03,2021-09-25T01:00:00Z,-2.624628
p03,2021-09-25T02:00:00Z,-2.407447
p03,2021-09-25T03:00:00Z,-1.650774
p03,2021-09-25T04:00:00Z,-2.300862
p03,2021-09-25T05:00:00Z,-2.421532
p03,2021-09-25T06:00:00Z,-1.296892
p03,2021-09-25T07:00:00Z,-1.093563
p03,2021-09-25T08:00:00Z,-2.959649
p03,2021-09-25T09:00:00Z,-2.425479
p03,2021-09-25T10:00:00Z,-4.010440
p03,2021-09-25T11:00:00Z,-4.849101
p03,2021-09-25T12:00:00Z,-6.002842
p03,2021-09-25T13:00:00Z,-6.354556
p03,2021-09-25T14:00:00Z,-6.230523
p03,2021-09-25T15:00:00Z,-7.234861
p03,2021-09-25T16:00:00Z,-6.728638
p03,2021-09-25T17:00:00Z,-7.420927
p03,2021-09-25T18:00:00Z,-6.716131
p03,2021-09-25T19:00:00Z,-6.664025
p03,2021-09-25T20:00:00Z,-5.887982
p03,2021-09-25T21:00:00Z,-6.447581
p03,2021-09-25T22:00:00Z,-5.786599
p03,2021-09-25T23:00:00Z,-4.222918
p03,2021-09-26T00:00:00Z,-3.729039
p03,2021-09-26T01:00:00Z,-3.648016
p03,2021-09-26T02:00:00Z,-1.681733
p03,2021-09-26T03:00:00Z,-1.197772
p03,2021-09-26T04:00:00Z,-1.947077
p03,2021-09-26T05:00:00Z,-0.805568
p03,2021-09-26T06:00:00Z,-2.444686
p03,2021-09-26T07:00:00Z,-1.238856
p03,2021-09-26T08:00:00Z,-3.066207
p03,2021-09-26T09:00:00Z,-2.228346
p03,2021-09-26T10:00:00Z,-3.690666
p03,2021-09-26T11:00:00Z,-4.563013
p03,2021-09-26T12:00:00Z,-4.480725
p03,2021-09-26T13:00:00Z,-5.590611
p03,2021-09-26T14:00:00Z,-6.367596
p03,2021-09-26T15:00:00Z,-6.686729
p03,2021-09-26T16:00:00Z,-7.869748
p03,2021-09-26T17:00:00Z,-7.031686
p03,2021-09-26T18:00:00Z,-6.829650
p03,2021-09-26T19:00:00Z,-6.842558
p03,2021-09-26T20:00:00Z,-7.250884
p03,2021-09-26T21:00:00Z,-6.520955
p03,2021-09-26T22:00:00Z,-6.000949
p03,2021-09-26T23:00:00Z,-4.627991
p03,2021-09-27T00:00:00Z,-3.612728
p03,2021-09-27T01:00:00Z,-3.304063
p03,2021-09-27T02:00:00Z,-1.500507
p03,2021-09-27T03:00:00Z,-2.161996
p03,2021-09-27T04:00:00Z,-2.299634
p03,2021-09-27T05:00:00Z,-1.665087
p03,2021-09-27T06:00:00Z,-1.421071
p03,2021-09-27T07:00:00Z,-1.708783
p03,2021-09-27T08:00:00Z,-1.821737
p03,2021-09-27T09:00:00Z,-2.607213
p03,2021-09-27T10:00:00Z,-3.089666
p03,2021-09-27T11:00:00Z,-3.742011
p03,2021-09-27T12:00:00Z,-3.787178
p03,2021-09-27T13:00:00Z,-5.651884
p03,2021-09-27T14:00:00Z,-6.579937
p03,2021-09-27T15:00:00Z,-5.755456
p03,2021-09-27T16:00:00Z,-6.683447
p03,2021-09-27T17:00:00Z,-7.804854
p03,2021-09-27T18:00:00Z,-7.605281
p03,2021-09-27T19:00:00Z,-6.544033
p03,2021-09-27T20:00:00Z,-5.869844
p03,2021-09-27T21:00:00Z,-6.327510
p03,2021-09-27T22:00:00Z,-5.335449
p03,2021-09-27T23:00:00Z,-3.598073
p03,2021-09-28T00:00:00Z,-3.176388
p03,2021-09-28T01:00:00Z,-2.667653
p03,2021-09-28T02:00:00Z,-2.372303
p03,2021-09-28T03:00:00Z,-0.840625
p03,2021-09-28T04:00:00Z,-1.587082
p03,2021-09-28T05:00:00Z,-1.322489
p03,2021-09-28T06:00:00Z,-0.165104
p03,2021-09-28T07:00:00Z,-1.792908
p03,2021-09-28T08:00:00Z,-1.758366
p03,2021-09-28T09:00:00Z,-2.655760
p03,2021-09-28T10:00:00Z,-3.509440
p03,2021-09-28T11:00:00Z,-3.224085
p03,2021-09-28T12:00:00Z,-4.963913
p03,2021-09-28T13:00:00Z,-5.066774
p03,2021-09-28T14:00:00Z,-6.468769
p03,2021-09-28T15:00:00Z,-7.519338
p03,2021-09-28T16:00:00Z,-7.245152
p03,2021-09-28T17:00:00Z,-7.184892
p03,2021-09-28T18:00:00Z,-6.754608
p03,2021-09-28T19:00:00Z,-7.087383
p03,2021-09-28T20:00:00Z,-6.245617
p03,2021-09-28T21:00:00Z,-5.549640
p03,2021-09-28T22:00:00Z,-5.363309
p03,2021-09-28T23:00:00Z,-3.956454
p03,2021-09-29T00:00:00Z,-3.260829
p03,2021-09-29T01:00:00Z,-3.463477
p03,2021-09-29T02:00:00Z,-2.210053
p03,2021-09-29T03:00:00Z,-1.918997
p03,2021-09-29T04:00:00Z,-0.872818
p03,2021-09-29T05:00:00Z,-1.406295
p03,2021-09-29T06:00:00Z,-1.414923
p03,2021-09-29T07:00:00Z,-1.067118
p03,2021-09-29T08:00:00Z,-2.468105
p03,2021-09-29T09:00:00Z,-2.359953
p03,2021-09-29T10:00:00Z,-3.520685
p03,2021-09-29T11:00:00Z,-3.252564
p03,2021-09-29T12:00:00Z,-4.187240
p03,2021-09-29T13:00:00Z,-4.803093
p03,2021-09-29T14:00:00Z,-5.738088
p03,2021-09-29T15:00:00Z,-6.731231
p03,2021-09-29T16:00:00Z,-7.051562
p03,2021-09-29T17:00:00Z,-5.914456
p03,2021-09-29T18:00:00Z,-6.477438
p03,2021-09-29T19:00:00Z,-6.527542
p03,2021-09-29T20:00:00Z,-6.198203
p03,2021-09-29T21:00:00Z,-6.426819
p03,2021-09-29T22:00:00Z,-4.794180
p03,2021-09-29T23:00:00Z,-4.091686
p03,2021-09-30T00:00:00Z,-3.025059
p03,2021-09-30T01:00:00Z,-2.696116
p03,2021-09-30T02:00:00Z,-1.518280
p03,2021-09-30T03:00:00Z,-0.962221
p03,2021-09-30T04:00:00Z,-1.205479
p03,2021-09-30T05:00:00Z,-0.681318
p03,2021-09-30T06:00:00Z,-0.793336
p03,2021-09-30T07:00:00Z,-0.984526
p03,2021-09-30T08:00:00Z,-1.456840
p03,2021-09-30T09:00:00Z,-2.438211
p03,2021-09-30T10:00:00Z,-3.509113
p03,2021-09-30T11:00:00Z,-3.684725
p03,2021-09-30T12:00:00Z,-5.639432
p03,2021-09-30T13:00:00Z,-4.730467
p03,2021-09-30T14:00:00Z,-4.693288
p03,2021-09-30T15:00:00Z,-6.756176
p03,2021-09-30T16:00:00Z,-6.944870
p03,2021-09-30T17:00:00Z,-7.251841
p03,2021-09-30T18:00:00Z,-6.225640
p03,2021-09-30T19:00:00Z,-6.944863
p03,2021-09-30T20:00:00Z,-6.355121
p03,2021-09-30T21:00:00Z,-5.431819
p03,2021-09-30T22:00:00Z,-4.679244
p03,2021-09-30T23:00:00Z,-3.712312
p03,2021-10-01T00:00:00Z,-2.429295
p03,2021-10-01T01:00:00Z,-2.050326
p03,2021-10-01T02:00:00Z,-1.432359
p03,2021-10-01T03:00:00Z,-1.554562
p03,2021-10-01T04:00:00Z,-1.705336
p03,2021-10-01T05:00:00Z,-1.253595
p03,2021-10-01T06:00:00Z,-1.159203
p03,2021-10-01T07:00:00Z,-1.562055
p03,2021-10-01T08:00:00Z,-1.952742
p03,2021-10-01T09:00:00Z,-1.702985
p03,2021-10-01T10:00:00Z,-3.252283
p03,2021-10-01T11:00:00Z,-4.246487
p03,2021-10-01T12:00:00Z,-4.354325
p03,2021-10-01T13:00:00Z,-4.961742
p03,2021-10-01T14:00:00Z,-6.167925
p03,2021-10-01T15:00:00Z,-7.024870
p03,2021-10-01T16:00:00Z,-7.317381
p03,2021-10-01T17:00:00Z,-7.464176
p03,2021-10-01T18:00:00Z,-6.551187
p03,2021-10-01T19:00:00Z,-5.735287
p03,2021-10-01T20:00:00Z,-6.474851
p03,2021-10-01T21:00:00Z,-4.791652
p03,2021-10-01T22:00:00Z,-5.152582
p03,2021-10-01T23:00:00Z,-4.262699
p03,2021-10-02T00:00:00Z,-2.278753
p03,2021-10-02T01:00:00Z,-2.850773
p03,2021-10-02T02:00:00Z,-0.641625
p03,2021-10-02T03:00:00Z,-1.564603
p03,2021-10-02T04:00:00Z,-1.104275
p03,2021-10-02T05:00:00Z,-0.793550
p03,2021-10-02T06:00:00Z,-1.950175
p03,2021-10-02T07:00:00Z,-0.590267
p03,2021-10-02T08:00:00Z,-1.373571
p03,2021-10-02T09:00:00Z,-2.189251
p03,2021-10-02T10:00:00Z,-3.158009
p03,2021-10-02T11:00:00Z,-3.395374
p03,2021-10-02T12:00:00Z,-3.652161
p03,2021-10-02T13:00:00Z,-5.252599
p03,2021-10-02T14:00:00Z,-5.338775
p03,2021-10-02T15:00:00Z,-5.763866
p03,2021-10-02T16:00:00Z,-6.863922
p03,2021-10-02T17:00:00Z,-7.142824
p03,2021-10-02T18:00:00Z,-6.785895
p03,2021-10-02T19:00:00Z,-6.003409
p03,2021-10-02T20:00:00Z,-5.201873
p03,2021-10-02T21:00:00Z,-5.872512
p03,2021-10-02T22:00:00Z,-4.361431
p03,2021-10-02T23:00:00Z,-3.639306
p03,2021-10-03T00:00:00Z,-2.593648
p03,2021-10-03T01:00:00Z,-1.147716
p03,2021-10-03T02:00:00Z,-2.186221
p03,2021-10-03T03:00:00Z,-1.604807
p03,2021-10-03T04:00:00Z,-0.534441
p03,2021-10-03T05:00:00Z,-0.592320
p03,2021-10-03T06:00:00Z,-0.228788
p03,2021-10-03T07:00:00Z,-1.671264
p03,2021-10-03T08:00:00Z,-1.395435
p03,2021-10-03T09:00:00Z,-2.457092
p03,2021-10-03T10:00:00Z,-3.680426
p03,2021-10-03T11:00:00Z,-3.640093
p03,2021-10-03T12:00:00Z,-4.971261
p03,2021-10-03T13:00:00Z,-5.255181
p03,2021-10-03T14:00:00Z,-5.774126
p03,2021-10-03T15:00:00Z,-6.689342
p03,2021-10-03T16:00:00Z,-7.319316
p03,2021-10-03T17:00:00Z,-6.332353
p03,2021-10-03T18:00:00Z,-6.849387
p03,2021-10-03T19:00:00Z,-6.713347
p03,2021-10-03T20:00:00Z,-4.451879
p03,2021-10-03T21:00:00Z,-5.000361
p03,2021-10-03T22:00:00Z,-3.227872
p03,2021-10-03T23:00:00Z,-3.940055
p03,2021-10-04T00:00:00Z,-3.262118
p03,2021-10-04T01:00:00Z,-2.277927
p03,2021-10-04T02:00:00Z,-1.439218
p03,2021-10-04T03:00:00Z,-1.279615
p03,2021-10-04T04:00:00Z,-1.560446
p03,2021-10-04T05:00:00Z,-0.417812
p03,2021-10-04T06:00:00Z,-0.835851
p03,2021-10-04T07:00:00Z,-0.540990
p03,2021-10-04T08:00:00Z,-1.682929
p03,2021-10-04T09:00:00Z,-1.204625
p03,2021-10-04T10:00:00Z,-2.901293
p03,2021-10-04T11:00:00Z,-3.665971
p03,2021-10-04T12:00:00Z,-4.346035
p03,2021-10-04T13:00:00Z,-5.390883
p03,2021-10-04T14:00:00Z,-6.004233
p03,2021-10-04T15:00:00Z,-6.262001
p03,2021-10-04T16:00:00Z,-5.800215
p03,2021-10-04T17:00:00Z,-6.881872
p03,2021-10-04T18:00:00Z,-6.731702
p03,2021-10-04T19:00:00Z,-5.758837
p03,2021-10-04T20:00:00Z,-5.431283
p03,2021-10-04T21:00:00Z,-6.156149
p03,2021-10-04T22:00:00Z,-4.024917
p03,2021-10-04T23:00:00Z,-3.325452
p03,2021-10-05T00:00:00Z,-2.138901
p03,2021-10-05T01:00:00Z,-1.822184
p03,2021-10-05T02:00:00Z,-1.754844
p03,2021-10-05T03:00:00Z,-0.733976
p03,2021-10-05T04:00:00Z,-0.707763
p03,2021-10-05T05:00:00Z,-0.724669
p03,2021-10-05T06:00:00Z,-0.863288
p03,2021-10-05T07:00:00Z,-0.651072
p03,2021-10-05T08:00:00Z,-1.932404
p03,2021-10-05T09:00:00Z,-2.424854
p03,2021-10-05T10:00:00Z,-2.704684
p03,2021-10-05T11:00:00Z,-3.971112
p03,2021-10-05T12:00:00Z,-5.603297
p03,2021-10-05T13:00:00Z,-4.942357
p03,2021-10-05T14:00:00Z,-5.254803
p03,2021-10-05T15:00:00Z,-5.401430
p03,2021-10-05T16:00:00Z,-6.704654
p03,2021-10-05T17:00:00Z,-7.594852
p03,2021-10-05T18:00:00Z,-6.666619
p03,2021-10-05T19:00:00Z,-6.233539
p03,2021-10-05T20:00:00Z,-5.646106
p03,2021-10-05T21:00:00Z,-4.686144
p03,2021-10-05T22:00:00Z,-4.171019
p03,2021-10-05T23:00:00Z,-3.936874
p03,2021-10-06T00:00:00Z,-3.275072
p03,2021-10-06T01:00:00Z,-2.056483
p03,2021-10-06T02:00:00Z,-1.537098
p03,2021-10-06T03:00:00Z,-0.299473
p03,2021-10-06T04:00:00Z,-0.925833
p03,2021-10-06T05:00:00Z,-0.227573
p03,2021-10-06T06:00:00Z,-0.751332
p03,2021-10-06T07:00:00Z,-0.673949
p03,2021-10-06T08:00:00Z,-1.139410
p03,2021-10-06T09:00:00Z,-1.790178
p03,2021-10-06T10:00:00Z,-3.954772
p03,2021-10-06T11:00:00Z,-4.287746
p03,2021-10-06T12:00:00Z,-4.788737
p03,2021-10-06T13:00:00Z,-5.278774
p03,2021-10-06T14:00:00Z,-6.022520
p03,2021-10-06T15:00:00Z,-5.777275
p03,2021-10-06T16:00:00Z,-6.564650
p03,2021-10-06T17:00:00Z,-5.533609
p03,2021-10-06T18:00:00Z,-6.824273
p03,2021-10-06T19:00:00Z,-5.788510
p03,2021-10-06T20:00:00Z,-6.418022
p03,2021-10-06T21:00:00Z,-5.121671
p03,2021-10-06T22:00:00Z,-3.986841
p03,2021-10-06T23:00:00Z,-3.908534
p03,2021-10-07T00:00:00Z,-3.326587
p03,2021-10-07T01:00:00Z,-1.838994
p03,2021-10-07T02:00:00Z,-2.077179
p03,2021-10-07T03:00:00Z,-0.936243
p03,2021-10-07T04:00:00Z,-0.682715
p03,2021-10-07T05:00:00Z,-0.396215
p03,2021-10-07T06:00:00Z,-0.272235
p03,2021-10-07T07:00:00Z,-1.112910
p03,2021-10-07T08:00:00Z,-0.684282
p03,2021-10-07T09:00:00Z,-1.538100
p03,2021-10-07T10:00:00Z,-3.396005
p03,2021-10-07T11:00:00Z,-4.127989
p03,2021-10-07T12:00:00Z,-5.243136
p03,2021-10-07T13:00:00Z,-4.816020
p03,2021-10-07T14:00:00Z,-5.608846
p03,2021-10-07T15:00:00Z,-6.040076
p03,2021-10-07T16:00:00Z,-6.696584
p03,2021-10-07T17:00:00Z,-7.012503
p03,2021-10-07T18:00:00Z,-6.626754
p03,2021-10-07T19:00:00Z,-5.457450
p03,2021-10-07T20:00:00Z,-5.847073
p03,2021-10-07T21:00:00Z,-5.317198
p03,2021-10-07T22:00:00Z,-3.865839
p03,2021-10-07T23:00:00Z,-3.944150
p03,2021-10-08T00:00:00Z,-2.850408
p03,2021-10-08T01:00:00Z,-2.079636
p03,2021-10-08T02:00:00Z,-0.336469
p03,2021-10-08T03:00:00Z,-1.711326
p03,2021-10-08T04:00:00Z,-0.983777
p03,2021-10-08T05:00:00Z,-0.426648
p03,2021-10-08T06:00:00Z,-0.588179
p03,2021-10-08T07:00:00Z,-1.081357
p03,2021-10-08T08:00:00Z,-0.734622
p03,2021-10-08T09:00:00Z,-2.380059
p03,2021-10-08T10:00:00Z,-2.452895
p03,2021-10-08T11:00:00Z,-2.926900
p03,2021-10-08T12:00:00Z,-3.846396
p03,2021-10-08T13:00:00Z,-4.632945
p03,2021-10-08T14:00:00Z,-5.814735
p03,2021-10-08T15:00:00Z,-5.786770
p03,2021-10-08T16:00:00Z,-6.209022
p03,2021-10-08T17:00:00Z,-6.854749
p03,2021-10-08T18:00:00Z,-6.927838
p03,2021-10-08T19:00:00Z,-6.586180
p03,2021-10-08T20:00:00Z,-5.188902
p03,2021-10-08T21:00:00Z,-4.343284
p03,2021-10-08T22:00:00Z,-3.821847
p03,2021-10-08T23:00:00Z,-2.799948
p03,2021-10-09T00:00:00Z,-2.471597
p03,2021-10-09T01:00:00Z,-1.254945
p03,2021-10-09T02:00:00Z,-0.779937
p03,2021-10-09T03:00:00Z,-0.097799
p03,2021-10-09T04:00:00Z,-0.194941
p03,2021-10-09T05:00:00Z,-0.554994
p03,2021-10-09T06:00:00Z,-0.922294
p03,2021-10-09T07:00:00Z,-1.175118
p03,2021-10-09T08:00:00Z,-1.576240
p03,2021-10-09T09:00:00Z,-1.565473
p03,2021-10-09T10:00:00Z,-3.538896
p03,2021-10-09T11:00:00Z,-3.369712
p03,2021-10-09T12:00:00Z,-3.571295
p03,2021-10-09T13:00:00Z,-4.795890
p03,2021-10-09T14:00:00Z,-6.129689
p03,2021-10-09T15:00:00Z,-5.439251
p03,2021-10-09T16:00:00Z,-6.389039
p03,2021-10-09T17:00:00Z,-6.046418
p03,2021-10-09T18:00:00Z,-5.564785
p03,2021-10-09T19:00:00Z,-5.429959
p03,2021-10-09T20:00:00Z,-4.934604
p03,2021-10-09T21:00:00Z,-4.524841
p03,2021-10-09T22:00:00Z,-3.595817
p03,2021-10-09T23:00:00Z,-3.439396
p03,2021-10-10T00:00:00Z,-1.691451
p03,2021-10-10T01:00:00Z,-1.257001
p03,2021-10-10T02:00:00Z,-1.294601
p03,2021-10-10T03:00:00Z,-0.510988
p03,2021-10-10T04:00:00Z,0.817565
p03,2021-10-10T05:00:00Z,-0.177117
p03,2021-10-10T06:00:00Z,-0.757233
p03,2021-10-10T07:00:00Z,-0.397488
p03,2021-10-10T08:00:00Z,-1.256019
p03,2021-10-10T09:00:00Z,-1.237934
p03,2021-10-10T10:00:00Z,-3.142349
p03,2021-10-10T11:00:00Z,-3.705691
p03,2021-10-10T12:00:00Z,-3.665900
p03,2021-10-10T13:00:00Z,-5.508925
p03,2021-10-10T14:00:00Z,-4.471832
p03,2021-10-10T15:00:00Z,-6.321598
p03,2021-10-10T16:00:00Z,-5.892403
p03,2021-10-10T17:00:00Z,-6.266850
p03,2021-10-10T18:00:00Z,-6.260095
p03,2021-10-10T19:00:00Z,-4.919419
p03,2021-10-10T20:00:00Z,-5.871232
p03,2021-10-10T21:00:00Z,-4.641121
p03,2021-10-10T22:00:00Z,-3.870528
p03,2021-10-10T23:00:00Z,-2.761872
p03,2021-10-11T00:00:00Z,-2.023802
p03,2021-10-11T01:00:00Z,-1.851104
p03,2021-10-11T02:00:00Z,-0.505810
p03,2021-10-11T03:00:00Z,-1.220724
p03,2021-10-11T04:00:00Z,-0.278443
p03,2021-10-11T05:00:00Z,-0.518069
p03,2021-10-11T06:00:00Z,-0.378118
p03,2021-10-11T07:00:00Z,-0.288964
p03,2021-10-11T08:00:00Z,-0.736919
p03,2021-10-11T09:00:00Z,-1.934570
p03,2021-10-11T10:00:00Z,-2.385635
p03,2021-10-11T11:00:00Z,-2.497776
p03,2021-10-11T12:00:00Z,-3.579838
p03,2021-10-11T13:00:00Z,-5.449343
p03,2021-10-11T14:00:00Z,-4.791252
p03,2021-10-11T15:00:00Z,-5.818479
p03,2021-10-11T16:00:00Z,-5.621669
p03,2021-10-11T17:00:00Z,-5.828667
p03,2021-10-11T18:00:00Z,-5.374962
p03,2021-10-11T19:00:00Z,-5.549569
p03,2021-10-11T20:00:00Z,-4.837137
p03,2021-10-11T21:00:00Z,-4.153854
p03,2021-10-11T22:00:00Z,-3.291418
p03,2021-10-11T23:00:00Z,-3.109914
p03,2021-10-12T00:00:00Z,-1.278183
p03,2021-10-12T01:00:00Z,-2.226245
p03,2021-10-12T02:00:00Z,-0.995689
p03,2021-10-12T03:00:00Z,-1.145163
p03,2021-10-12T04:00:00Z,0.194314
p03,2021-10-12T05:00:00Z,0.012628
p03,2021-10-12T06:00:00Z,-0.023279
p03,2021-10-12T07:00:00Z,-0.079225
p03,2021-10-12T08:00:00Z,-0.005303
p03,2021-10-12T09:00:00Z,-1.908617
p03,2021-10-12T10:00:00Z,-1.352389
p03,2021-10-12T11:00:00Z,-3.098869
p03,2021-10-12T12:00:00Z,-3.979211
p03,2021-10-12T13:00:00Z,-4.229135
p03,2021-10-12T14:00:00Z,-5.007902
p03,2021-10-12T15:00:00Z,-6.566560
p03,2021-10-12T16:00:00Z,-5.927088
p03,2021-10-12T17:00:00Z,-7.240119
p03,2021-10-12T18:00:00Z,-6.127605
p03,2021-10-12T19:00:00Z,-5.929357
p03,2021-10-12T20:00:00Z,-5.190387
p03,2021-10-12T21:00:00Z,-4.545903
p03,2021-10-12T22:00:00Z,-4.311107
p03,2021-10-12T23:00:00Z,-3.603902
p03,2021-10-13T00:00:00Z,-2.472208
p03,2021-10-13T01:00:00Z,-1.884651
p03,2021-10-13T02:00:00Z,-1.221453
p03,2021-10-13T03:00:00Z,-0.858215
p03,2021-10-13T04:00:00Z,-0.061384
p03,2021-10-13T05:00:00Z,0.970682
p03,2021-10-13T06:00:00Z,0.020522
p03,2021-10-13T07:00:00Z,-0.116722
p03,2021-10-13T08:00:00Z,-1.278319
p03,2021-10-13T09:00:00Z,-1.546975
p03,2021-10-13T10:00:00Z,-1.640388
p03,2021-10-13T11:00:00Z,-3.398268
p03,2021-10-13T12:00:00Z,-3.285305
p03,2021-10-13T13:00:00Z,-4.423353
p03,2021-10-13T14:00:00Z,-5.886522
p03,2021-10-13T15:00:00Z,-6.020288
p03,2021-10-13T16:00:00Z,-5.942853
p03,2021-10-13T17:00:00Z,-5.424121
p03,2021-10-13T18:00:00Z,-5.743217
p03,2021-10-13T19:00:00Z,-5.433767
p03,2021-10-13T20:00:00Z,-5.502711
p03,2021-10-13T21:00:00Z,-4.803763
p03,2021-10-13T22:00:00Z,-3.108031
p03,2021-10-13T23:00:00Z,-3.058061
p03,2021-10-14T00:00:00Z,-2.523703
p03,2021-10-14T01:00:00Z,-1.143373
p03,2021-10-14T02:00:00Z,-0.572174
p03,2021-10-14T03:00:00Z,-0.165213
p03,2021-10-14T04:00:00Z,-0.055550
p03,2021-10-14T05:00:00Z,0.767354
p03,2021-10-14T06:00:00Z,-0.063112
p03,2021-10-14T07:00:00Z,-0.625472
p03,2021-10-14T08:00:00Z,-1.413686
p03,2021-10-14T09:00:00Z,-0.592129
p03,2021-10-14T10:00:00Z,-1.629499
p03,2021-10-14T11:00:00Z,-3.671524
p03,2021-10-14T12:00:00Z,-3.570256
p03,2021-10-14T13:00:00Z,-4.804520
p03,2021-10-14T14:00:00Z,-5.512375
p03,2021-10-14T15:00:00Z,-5.317048
p03,2021-10-14T16:00:00Z,-5.127597
p03,2021-10-14T17:00:00Z,-6.123594
p03,2021-10-14T18:00:00Z,-5.735481
p03,2021-10-14T19:00:00Z,-5.563469
p03,2021-10-14T20:00:00Z,-4.775681
p03,2021-10-14T21:00:00Z,-3.886397
p03,2021-10-14T22:00:00Z,-4.276773
p03,2021-10-14T23:00:00Z,-2.660661
p03,2021-10-15T00:00:00Z,-1.693682
p03,2021-10-15T01:00:00Z,-1.435309
p03,2021-10-15T02:00:00Z,-0.210822
p03,2021-10-15T03:00:00Z,-1.304725
p03,2021-10-15T04:00:00Z,-0.170370
p03,2021-10-15T05:00:00Z,0.233664
p03,2021-10-15T06:00:00Z,-0.099808
p03,2021-10-15T07:00:00Z,0.661498
p03,2021-10-15T08:00:00Z,-1.332249
p03,2021-10-15T09:00:00Z,-1.199769
p03,2021-10-15T10:00:00Z,-2.598997
p03,2021-10-15T11:00:00Z,-3.326616
p03,2021-10-15T12:00:00Z,-4.340606
p03,2021-10-15T13:00:00Z,-3.906623
p03,2021-10-15T14:00:00Z,-4.686486
p03,2021-10-15T15:00:00Z,-5.516620
p03,2021-10-15T16:00:00Z,-4.948486
p03,2021-10-15T17:00:00Z,-5.586604
p03,2021-10-15T18:00:00Z,-5.664120
p03,2021-10-15T19:00:00Z,-5.240012
p03,2021-10-15T20:00:00Z,-4.229785
p03,2021-10-15T21:00:00Z,-4.314285
p03,2021-10-15T22:00:00Z,-3.447449
p03,2021-10-15T23:00:00Z,-3.246016
p03,2021-10-16T00:00:00Z,-2.253330
p03,2021-10-16T01:00:00Z,-1.496530
p03,2021-10-16T02:00:00Z,-0.227679
p03,2021-10-16T03:00:00Z,0.175634
p03,2021-10-16T04:00:00Z,-0.553959
p03,2021-10-16T05:00:00Z,-0.075538
p03,2021-10-16T06:00:00Z,1.250711
p03,2021-10-16T07:00:00Z,0.464792
p03,2021-10-16T08:00:00Z,-0.653669
p03,2021-10-16T09:00:00Z,0.029762
p03,2021-10-16T10:00:00Z,-2.277326
p03,2021-10-16T11:00:00Z,-3.188103
p03,2021-10-16T12:00:00Z,-2.074185
p03,2021-10-16T13:00:00Z,-3.757073
p03,2021-10-16T14:00:00Z,-5.367792
p03,2021-10-16T15:00:00Z,-4.360701
p03,2021-10-16T16:00:00Z,-5.533891
p03,2021-10-16T17:00:00Z,-5.851802
p03,2021-10-16T18:00:00Z,-5.819119
p03,2021-10-16T19:00:00Z,-4.319563
p03,2021-10-16T20:00:00Z,-4.613955
p03,2021-10-16T21:00:00Z,-3.619803
p03,2021-10-16T22:00:00Z,-4.078012
p03,2021-10-16T23:00:00Z,-2.024555
p03,2021-10-17T00:00:00Z,-1.759278
p03,2021-10-17T01:00:00Z,-0.408855
p03,2021-10-17T02:00:00Z,-0.869674
p03,2021-10-17T03:00:00Z,0.625328
p03,2021-10-17T04:00:00Z,1.235415
p03,2021-10-17T05:00:00Z,1.064963
p03,2021-10-17T06:00:00Z,0.908659
p03,2021-10-17T07:00:00Z,0.093858
p03,2021-10-17T08:00:00Z,-0.558538
p03,2021-10-17T09:00:00Z,-1.390149
p03,2021-10-17T10:00:00Z,-0.445946
p03,2021-10-17T11:00:00Z,-2.135063
p03,2021-10-17T12:00:00Z,-3.780312
p03,2021-10-17T13:00:00Z,-4.776374
p03,2021-10-17T14:00:00Z,-5.365041
p03,2021-10-17T15:00:00Z,-4.573160
p03,2021-10-17T16:00:00Z,-5.184626
p03,2021-10-17T17:00:00Z,-6.798723
p03,2021-10-17T18:00:00Z,-5.483788
p03,2021-10-17T19:00:00Z,-4.442730
p03,2021-10-17T20:00:00Z,-4.585257
p03,2021-10-17T21:00:00Z,-4.449053
p03,2021-10-17T22:00:00Z,-2.883473
p03,2021-10-17T23:00:00Z,-3.160783
p03,2021-10-18T00:00:00Z,-1.815676
p03,2021-10-18T01:00:00Z,-1.031919
p03,2021-10-18T02:00:00Z,0.112272
p03,2021-10-18T03:00:00Z,-0.737545
p03,2021-10-18T04:00:00Z,1.545286
p03,2021-10-18T05:00:00Z,0.301836
p03,2021-10-18T06:00:00Z,0.674412
p03,2021-10-18T07:00:00Z,1.009946
p03,2021-10-18T08:00:00Z,0.119879
p03,2021-10-18T09:00:00Z,-0.882307
p03,2021-10-18T10:00:00Z,-1.391477
p03,2021-10-18T11:00:00Z,-2.876704
p03,2021-10-18T12:00:00Z,-3.343112
p03,2021-10-18T13:00:00Z,-4.554633
p03,2021-10-18T14:00:00Z,-3.980612
p03,2021-10-18T15:00:00Z,-5.449300
p03,2021-10-18T16:00:00Z,-5.905489
p03,2021-10-18T17:00:00Z,-5.003826
p03,2021-10-18T18:00:00Z,-4.920168
p03,2021-10-18T19:00:00Z,-4.791881
p03,2021-10-18T20:00:00Z,-4.687010
p03,2021-10-18T21:00:00Z,-4.050186
p03,2021-10-18T22:00:00Z,-3.018342
p03,2021-10-18T23:00:00Z,-1.722888
p03,2021-10-19T00:00:00Z,-1.065091
p03,2021-10-19T01:00:00Z,-0.166637
p03,2021-10-19T02:00:00Z,-0.189601
p03,2021-10-19T03:00:00Z,0.019098
p03,2021-10-19T04:00:00Z,0.308477
p03,2021-10-19T05:00:00Z,0.670795
p03,2021-10-19T06:00:00Z,0.327958
p03,2021-10-19T07:00:00Z,0.030711
p03,2021-10-19T08:00:00Z,-0.553833
p03,2021-10-19T09:00:00Z,-1.026494
p03,2021-10-19T10:00:00Z,-2.544460
p03,2021-10-19T11:00:00Z,-1.972271
p03,2021-10-19T12:00:00Z,-3.404818
p03,2021-10-19T13:00:00Z,-3.122238
p03,2021-10-19T14:00:00Z,-4.539905
p03,2021-10-19T15:00:00Z,-5.124883
p03,2021-10-19T16:00:00Z,-4.933040
p03,2021-10-19T17:00:00Z,-5.754908
p03,2021-10-19T18:00:00Z,-5.016824
p03,2021-10-19T19:00:00Z,-5.142437
p03,2021-10-19T20:00:00Z,-4.403956
p03,2021-10-19T21:00:00Z,-5.042331
p03,2021-10-19T22:00:00Z,-3.136937
p03,2021-10-19T23:00:00Z,-2.100304
p03,2021-10-20T00:00:00Z,-1.954578
p03,2021-10-20T01:00:00Z,-0.329666
p03,2021-10-20T02:00:00Z,-0.457448
p03,2021-10-20T03:00:00Z,1.234552
p03,2021-10-20T04:00:00Z,1.334847
p03,2021-10-20T05:00:00Z,1.587706
p03,2021-10-20T06:00:00Z,1.600832
p03,2021-10-20T07:00:00Z,0.214980
p03,2021-10-20T08:00:00Z,0.037023
p03,2021-10-20T09:00:00Z,-1.231257
p03,2021-10-20T10:00:00Z,-2.430791
p03,2021-10-20T11:00:00Z,-2.542871
p03,2021-10-20T12:00:00Z,-3.933918
p03,2021-10-20T13:00:00Z,-3.577022
p03,2021-10-20T14:00:00Z,-4.782370
p03,2021-10-20T15:00:00Z,-4.002571
p03,2021-10-20T16:00:00Z,-5.294157
p03,2021-10-20T17:00:00Z,-4.880095
p03,2021-10-20T18:00:00Z,-5.359084
p03,2021-10-20T19:00:00Z,-5.253024
p03,2021-10-20T20:00:00Z,-4.472693
p03,2021-10-20T21:00:00Z,-4.222022
p03,2021-10-20T22:00:00Z,-3.028626
p03,2021-10-20T23:00:00Z,-1.757929
p03,2021-10-21T00:00:00Z,-2.198397
p03,2021-10-21T01:00:00Z,-0.025620
p03,2021-10-21T02:00:00Z,-0.357593
p03,2021-10-21T03:00:00Z,0.450315
p03,2021-10-21T04:00:00Z,1.170063
p03,2021-10-21T05:00:00Z,0.930935
p03,2021-10-21T06:00:00Z,-0.140946
p03,2021-10-21T07:00:00Z,0.268342
p03,2021-10-21T08:00:00Z,-0.239750
p03,2021-10-21T09:00:00Z,-0.829581
p03,2021-10-21T10:00:00Z,-1.515104
p03,2021-10-21T11:00:00Z,-1.848612
p03,2021-10-21T12:00:00Z,-3.134910
p03,2021-10-21T13:00:00Z,-4.225829
p03,2021-10-21T14:00:00Z,-4.212646
p03,2021-10-21T15:00:00Z,-5.642235
p03,2021-10-21T16:00:00Z,-4.801377
p03,2021-10-21T17:00:00Z,-4.484419
p03,2021-10-21T18:00:00Z,-4.320558
p03,2021-10-21T19:00:00Z,-4.849438
p03,2021-10-21T20:00:00Z,-4.765184
p03,2021-10-21T21:00:00Z,-3.699824
p03,2021-10-21T22:00:00Z,-2.526826
p03,2021-10-21T23:00:00Z,-1.269834
p03,2021-10-22T00:00:00Z,-1.373803
p03,2021-10-22T01:00:00Z,-0.945008
p03,2021-10-22T02:00:00Z,0.193329
p03,2021-10-22T03:00:00Z,0.363041
p03,2021-10-22T04:00:00Z,0.624560
p03,2021-10-22T05:00:00Z,0.565992
p03,2021-10-22T06:00:00Z,1.772982
p03,2021-10-22T07:00:00Z,-0.284588
p03,2021-10-22T08:00:00Z,-0.615085
p03,2021-10-22T09:00:00Z,-0.074151
p03,2021-10-22T10:00:00Z,-0.818857
p03,2021-10-22T11:00:00Z,-1.685857
p03,2021-10-22T12:00:00Z,-2.828332
p03,2021-10-22T13:00:00Z,-4.275010
p03,2021-10-22T14:00:00Z,-3.892164
p03,2021-10-22T15:00:00Z,-4.668776
p03,2021-10-22T16:00:00Z,-5.051949
p03,2021-10-22T17:00:00Z,-5.597942
p03,2021-10-22T18:00:00Z,-4.051901
p03,2021-10-22T19:00:00Z,-3.419865
p03,2021-10-22T20:00:00Z,-4.095262
p03,2021-10-22T21:00:00Z,-3.625620
p03,2021-10-22T22:00:00Z,-3.578552
p03,2021-10-22T23:00:00Z,-1.874504
p03,2021-10-23T00:00:00Z,-1.256216
p03,2021-10-23T01:00:00Z,-0.168191
p03,2021-10-23T02:00:00Z,0.742864
p03,2021-10-23T03:00:00Z,0.931357
p03,2021-10-23T04:00:00Z,0.881673
p03,2021-10-23T05:00:00Z,1.986049
p03,2021-10-23T06:00:00Z,1.272721
p03,2021-10-23T07:00:00Z,0.703769
p03,2021-10-23T08:00:00Z,0.197795
p03,2021-10-23T09:00:00Z,-0.301750
p03,2021-10-23T10:00:00Z,-1.373828
p03,2021-10-23T11:00:00Z,-1.333336
p03,2021-10-23T12:00:00Z,-2.669249
p03,2021-10-23T13:00:00Z,-4.207348
p03,2021-10-23T14:00:00Z,-2.891751
p03,2021-10-23T15:00:00Z,-5.216771
p03,2021-10-23T16:00:00Z,-4.210634
p03,2021-10-23T17:00:00Z,-4.898211
p03,2021-10-23T18:00:00Z,-4.515277
p03,2021-10-23T19:00:00Z,-4.387095
p03,2021-10-23T20:00:00Z,-5.099156
p03,2021-10-23T21:00:00Z,-2.715603
p03,2021-10-23T22:00:00Z,-3.379382
p03,2021-10-23T23:00:00Z,-1.688258
p03,2021-10-24T00:00:00Z,-1.856398
p03,2021-10-24T01:00:00Z,-0.114507
p03,2021-10-24T02:00:00Z,0.701769
p03,2021-10-24T03:00:00Z,1.011479
p03,2021-10-24T04:00:00Z,0.941698
p03,2021-10-24T05:00:00Z,1.133398
p03,2021-10-24T06:00:00Z,1.260002
p03,2021-10-24T07:00:00Z,0.304299
p03,2021-10-24T08:00:00Z,0.481831
p03,2021-10-24T09:00:00Z,-0.385322
p03,2021-10-24T10:00:00Z,-0.915992
p03,2021-10-24T11:00:00Z,-1.652299
p03,2021-10-24T12:00:00Z,-2.641916
p03,2021-10-24T13:00:00Z,-3.273053
p03,2021-10-24T14:00:00Z,-4.050853
p03,2021-10-24T15:00:00Z,-4.333341
p03,2021-10-24T16:00:00Z,-5.041373
p03,2021-10-24T17:00:00Z,-5.705810
p03,2021-10-24T18:00:00Z,-4.121419
p03,2021-10-24T19:00:00Z,-3.977178
p03,2021-10-24T20:00:00Z,-4.008586
p03,2021-10-24T21:00:00Z,-3.919363
p03,2021-10-24T22:00:00Z,-2.940378
p03,2021-10-24T23:00:00Z,-1.721739
p03,2021-10-25T00:00:00Z,-0.667096
p03,2021-10-25T01:00:00Z,-0.818147
p03,2021-10-25T02:00:00Z,-0.289814
p03,2021-10-25T03:00:00Z,0.581533
p03,2021-10-25T04:00:00Z,2.114220
p03,2021-10-25T05:00:00Z,1.989287
p03,2021-10-25T06:00:00Z,0.912708
p03,2021-10-25T07:00:00Z,1.707817
p03,2021-10-25T08:00:00Z,-0.361464
p03,2021-10-25T09:00:00Z,-0.540624
p03,2021-10-25T10:00:00Z,-0.397454
p03,2021-10-25T11:00:00Z,-1.897102
p03,2021-10-25T12:00:00Z,-2.256699
p03,2021-10-25T13:00:00Z,-3.034880
p03,2021-10-25T14:00:00Z,-3.796754
p03,2021-10-25T15:00:00Z,-4.718839
p03,2021-10-25T16:00:00Z,-4.267150
p03,2021-10-25T17:00:00Z,-5.020699
p03,2021-10-25T18:00:00Z,-4.665762
p03,2021-10-25T19:00:00Z,-4.607951
p03,2021-10-25T20:00:00Z,-3.082451
p03,2021-10-25T21:00:00Z,-3.315291
p03,2021-10-25T22:00:00Z,-1.719173
p03,2021-10-25T23:00:00Z,-2.060958
p03,2021-10-26T00:00:00Z,-0.741098
p03,2021-10-26T01:00:00Z,-0.091385
p03,2021-10-26T02:00:00Z,0.720792
p03,2021-10-26T03:00:00Z,0.149592
p03,2021-10-26T04:00:00Z,1.000374
p03,2021-10-26T05:00:00Z,1.658220
p03,2021-10-26T06:00:00Z,0.901177
p03,2021-10-26T07:00:00Z,1.004681
p03,2021-10-26T08:00:00Z,0.377559
p03,2021-10-26T09:00:00Z,-0.065431
p03,2021-10-26T10:00:00Z,-0.714883
p03,2021-10-26T11:00:00Z,-2.196620
p03,2021-10-26T12:00:00Z,-2.225834
p03,2021-10-26T13:00:00Z,-3.624274
p03,2021-10-26T14:00:00Z,-3.601334
p03,2021-10-26T15:00:00Z,-4.600420
p03,2021-10-26T16:00:00Z,-4.095835
p03,2021-10-26T17:00:00Z,-4.566112
p03,2021-10-26T18:00:00Z,-4.406479
p03,2021-10-26T19:00:00Z,-4.216829
p03,2021-10-26T20:00:00Z,-3.843050
p03,2021-10-26T21:00:00Z,-2.849465
p03,2021-10-26T22:00:00Z,-2.266108
p03,2021-10-26T23:00:00Z,-0.807134
p03,2021-10-27T00:00:00Z,-0.449453
p03,2021-10-27T01:00:00Z,-0.458859
p03,2021-10-27T02:00:00Z,0.670294
p03,2021-10-27T03:00:00Z,0.168628
p03,2021-10-27T04:00:00Z,1.075714
p03,2021-10-27T05:00:00Z,1.801052
p03,2021-10-27T06:00:00Z,1.099462
p03,2021-10-27T07:00:00Z,1.748875
p03,2021-10-27T08:00:00Z,0.904551
p03,2021-10-27T09:00:00Z,-0.491822
p03,2021-10-27T10:00:00Z,-0.620544
p03,2021-10-27T11:00:00Z,-1.143281
p03,2021-10-27T12:00:00Z,-2.309298
p03,2021-10-27T13:00:00Z,-2.177895
p03,2021-10-27T14:00:00Z,-3.101761
p03,2021-10-27T15:00:00Z,-4.981828
p03,2021-10-27T16:00:00Z,-4.598844
p03,2021-10-27T17:00:00Z,-4.946168
p03,2021-10-27T18:00:00Z,-4.852281
p03,2021-10-27T19:00:00Z,-3.588363
p03,2021-10-27T20:00:00Z,-3.362750
p03,2021-10-27T21:00:00Z,-2.829143
p03,2021-10-27T22:00:00Z,-1.815586
p03,2021-10-27T23:00:00Z,-1.042166
p03,2021-10-28T00:00:00Z,-1.291969
p03,2021-10-28T01:00:00Z,-0.294562
p03,2021-10-28T02:00:00Z,0.603851
p03,2021-10-28T03:00:00Z,0.775399
p03,2021-10-28T04:00:00Z,1.541812
p03,2021-10-28T05:00:00Z,1.749021
p03,2021-10-28T06:00:00Z,1.104482
p03,2021-10-28T07:00:00Z,1.423508
p03,2021-10-28T08:00:00Z,1.212399
p03,2021-10-28T09:00:00Z,-0.136845
p03,2021-10-28T10:00:00Z,-0.952714
p03,2021-10-28T11:00:00Z,-1.760265
p03,2021-10-28T12:00:00Z,-2.944154
p03,2021-10-28T13:00:00Z,-2.723198
p03,2021-10-28T14:00:00Z,-3.703025
p03,2021-10-28T15:00:00Z,-3.304625
p03,2021-10-28T16:00:00Z,-4.153424
p03,2021-10-28T17:00:00Z,-4.293982
p03,2021-10-28T18:00:00Z,-4.984758
p03,2021-10-28T19:00:00Z,-4.303563
p03,2021-10-28T20:00:00Z,-3.245913
p03,2021-10-28T21:00:00Z,-2.763488
p03,2021-10-28T22:00:00Z,-2.108036
p03,2021-10-28T23:00:00Z,-1.778370
p03,2021-10-29T00:00:00Z,-0.367670
p03,2021-10-29T01:00:00Z,0.945794
p03,2021-10-29T02:00:00Z,0.392849
p03,2021-10-29T03:00:00Z,1.710031
p03,2021-10-29T04:00:00Z,1.567667
p03,2021-10-29T05:00:00Z,1.374133
p03,2021-10-29T06:00:00Z,1.757097
p03,2021-10-29T07:00:00Z,1.677162
p03,2021-10-29T08:00:00Z,0.125907
p03,2021-10-29T09:00:00Z,-0.400500
p03,2021-10-29T10:00:00Z,-1.314690
p03,2021-10-29T11:00:00Z,-1.396484
p03,2021-10-29T12:00:00Z,-2.388148
p03,2021-10-29T13:00:00Z,-3.394825
p03,2021-10-29T14:00:00Z,-2.997493
p03,2021-10-29T15:00:00Z,-3.594130
p03,2021-10-29T16:00:00Z,-4.659824
p03,2021-10-29T17:00:00Z,-4.164057
p03,2021-10-29T18:00:00Z,-4.406979
p03,2021-10-29T19:00:00Z,-4.113815
p03,2021-10-29T20:00:00Z,-2.933905
p03,2021-10-29T21:00:00Z,-2.095873
p03,2021-10-29T22:00:00Z,-1.875834
p03,2021-10-29T23:00:00Z,-1.498814
p03,2021-10-30T00:00:00Z,-0.261817
p03,2021-10-30T01:00:00Z,-0.050663
p03,2021-10-30T02:00:00Z,0.918164
p03,2021-10-30T03:00:00Z,1.497886
p03,2021-10-30T04:00:00Z,2.939573
p03,2021-10-30T05:00:00Z,1.975055
p03,2021-10-30T06:00:00Z,1.271529
p03,2021-10-30T07:00:00Z,1.052068
p03,2021-10-30T08:00:00Z,0.655683
p03,2021-10-30T09:00:00Z,0.577450
p03,2021-10-30T10:00:00Z,0.145653
p03,2021-10-30T11:00:00Z,-0.963383
p03,2021-10-30T12:00:00Z,-2.712027
p03,2021-10-30T13:00:00Z,-2.371125
p03,2021-10-30T14:00:00Z,-3.968970
p03,2021-10-30T15:00:00Z,-3.598617
p03,2021-10-30T16:00:00Z,-4.525226
p03,2021-10-30T17:00:00Z,-3.383855
p03,2021-10-30T18:00:00Z,-4.498783
p03,2021-10-30T19:00:00Z,-4.096231
p03,2021-10-30T20:00:00Z,-3.044080
p03,2021-10-30T21:00:00Z,-1.838793
p03,2021-10-30T22:00:00Z,-2.244982
p03,2021-10-30T23:00:00Z,-1.075384
p03,2021-10-31T00:00:00Z,-0.765158
p03,2021-10-31T01:00:00Z,0.260811
p03,2021-10-31T02:00:00Z,2.464104
p03,2021-10-31T03:00:00Z,1.185932
p03,2021-10-31T04:00:00Z,2.705974
p03,2021-10-31T05:00:00Z,2.323736
p03,2021-10-31T06:00:00Z,1.951620
p03,2021-10-31T07:00:00Z,1.908415
p03,2021-10-31T08:00:00Z,1.010429
p03,2021-10-31T09:00:00Z,1.499000
p03,2021-10-31T10:00:00Z,-0.460058
p03,2021-10-31T11:00:00Z,-0.998815
p03,2021-10-31T12:00:00Z,-1.359577
p03,2021-10-31T13:00:00Z,-3.345075
p03,2021-10-31T14:00:00Z,-3.100224
p03,2021-10-31T15:00:00Z,-3.779561
p03,2021-10-31T16:00:00Z,-3.582113
p03,2021-10-31T17:00:00Z,-3.165439
p03,2021-10-31T18:00:00Z,-3.830535
p03,2021-10-31T19:00:00Z,-3.888211
p03,2021-10-31T20:00:00Z,-3.472765
p03,2021-10-31T21:00:00Z,-2.730569
p03,2021-10-31T22:00:00Z,-1.504714
p03,2021-10-31T23:00:00Z,-1.986714
p03,2021-11-01T00:00:00Z,0.716802
p03,2021-11-01T01:00:00Z,0.203716
p03,2021-11-01T02:00:00Z,1.546720
p03,2021-11-01T03:00:00Z,1.660914
p03,2021-11-01T04:00:00Z,2.077820
p03,2021-11-01T05:00:00Z,2.568908
p03,2021-11-01T06:00:00Z,1.193567
p03,2021-11-01T07:00:00Z,0.716675
p03,2021-11-01T08:00:00Z,1.614453
p03,2021-11-01T09:00:00Z,1.124638
p03,2021-11-01T10:00:00Z,0.020764
p03,2021-11-01T11:00:00Z,-0.192069
p03,2021-11-01T12:00:00Z,-1.818590
p03,2021-11-01T13:00:00Z,-2.155017
p03,2021-11-01T14:00:00Z,-2.921711
p03,2021-11-01T15:00:00Z,-3.352816
p03,2021-11-01T16:00:00Z,-4.036819
p03,2021-11-01T17:00:00Z,-4.210044
p03,2021-11-01T18:00:00Z,-4.555502
p03,2021-11-01T19:00:00Z,-3.294675
p03,2021-11-01T20:00:00Z,-2.781147
p03,2021-11-01T21:00:00Z,-2.203385
p03,2021-11-01T22:00:00Z,-1.811330
p03,2021-11-01T23:00:00Z,-1.152524
p03,2021-11-02T00:00:00Z,0.983194
p03,2021-11-02T01:00:00Z,0.263557
p03,2021-11-02T02:00:00Z,0.655764
p03,2021-11-02T03:00:00Z,1.634421
p03,2021-11-02T04:00:00Z,1.712905
p03,2021-11-02T05:00:00Z,2.409403
p03,2021-11-02T06:00:00Z,1.663584
p03,2021-11-02T07:00:00Z,2.074263
p03,2021-11-02T08:00:00Z,1.270163
p03,2021-11-02T09:00:00Z,-0.132791
p03,2021-11-02T10:00:00Z,-0.446321
p03,2021-11-02T11:00:00Z,-0.525295
p03,2021-11-02T12:00:00Z,-1.513919
p03,2021-11-02T13:00:00Z,-2.488471
p03,2021-11-02T14:00:00Z,-2.037763
p03,2021-11-02T15:00:00Z,-2.762121
p03,2021-11-02T16:00:00Z,-3.729600
p03,2021-11-02T17:00:00Z,-4.743192
p03,2021-11-02T18:00:00Z,-3.420570
p03,2021-11-02T19:00:00Z,-3.512836
p03,2021-11-02T20:00:00Z,-3.143312
p03,2021-11-02T21:00:00Z,-2.860236
p03,2021-11-02T22:00:00Z,-1.637233
p03,2021-11-02T23:00:00Z,-0.643985
p03,2021-11-03T00:00:00Z,-0.227676
p03,2021-11-03T01:00:00Z,0.032727
p03,2021-11-03T02:00:00Z,1.045215
p03,2021-11-03T03:00:00Z,2.359937
p03,2021-11-03T04:00:00Z,2.766751
p03,2021-11-03T05:00:00Z,2.311407
p03,2021-11-03T06:00:00Z,1.774725
p03,2021-11-03T07:00:00Z,1.929978
p03,2021-11-03T08:00:00Z,1.422486
p03,2021-11-03T09:00:00Z,1.367206
p03,2021-11-03T10:00:00Z,0.316857
p03,2021-11-03T11:00:00Z,-1.122269
p03,2021-11-03T12:00:00Z,-1.560717
p03,2021-11-03T13:00:00Z,-2.136104
p03,2021-11-03T14:00:00Z,-2.979600
p03,2021-11-03T15:00:00Z,-3.770692
p03,2021-11-03T16:00:00Z,-4.138999
p03,2021-11-03T17:00:00Z,-3.448482
p03,2021-11-03T18:00:00Z,-2.683117
p03,2021-11-03T19:00:00Z,-3.472855
p03,2021-11-03T20:00:00Z,-3.188088
p03,2021-11-03T21:00:00Z,-2.006109
p03,2021-11-03T22:00:00Z,-1.329736
p03,2021-11-03T23:00:00Z,0.277943
p03,2021-11-04T00:00:00Z,-0.604456
p03,2021-11-04T01:00:00Z,1.384003
p03,2021-11-04T02:00:00Z,2.060964
p03,2021-11-04T03:00:00Z,1.802435
p03,2021-11-04T04:00:00Z,2.177213
p03,2021-11-04T05:00:00Z,2.826018
p03,2021-11-04T06:00:00Z,1.797968
p03,2021-11-04T07:00:00Z,2.913855
p03,2021-11-04T08:00:00Z,1.279043
p03,2021-11-04T09:00:00Z,0.541151
p03,2021-11-04T10:00:00Z,0.221265
p03,2021-11-04T11:00:00Z,-0.604778
p03,2021-11-04T12:00:00Z,-0.878823
p03,2021-11-04T13:00:00Z,-1.987886
p03,2021-11-04T14:00:00Z,-2.736189
p03,2021-11-04T15:00:00Z,-2.736548
p03,2021-11-04T16:00:00Z,-3.370157
p03,2021-11-04T17:00:00Z,-2.469206
p03,2021-11-04T18:00:00Z,-2.761305
p03,2021-11-04T19:00:00Z,-3.149855
p03,2021-11-04T20:00:00Z,-2.634617
p03,2021-11-04T21:00:00Z,-2.796479
p03,2021-11-04T22:00:00Z,-2.207027
p03,2021-11-04T23:00:00Z,0.217473
p03,2021-11-05T00:00:00Z,-0.704854
p03,2021-11-05T01:00:00Z,1.061735
p03,2021-11-05T02:00:00Z,1.169842
p03,2021-11-05T03:00:00Z,2.292988
p03,2021-11-05T04:00:00Z,2.260345
p03,2021-11-05T05:00:00Z,2.522263
p03,2021-11-05T06:00:00Z,2.953358
p03,2021-11-05T07:00:00Z,2.684125
p03,2021-11-05T08:00:00Z,0.431653
p03,2021-11-05T09:00:00Z,0.944705
p03,2021-11-05T10:00:00Z,0.741355
p03,2021-11-05T11:00:00Z,-0.448734
p03,2021-11-05T12:00:00Z,-1.321557
p03,2021-11-05T13:00:00Z,-1.597144
p03,2021-11-05T14:00:00Z,-2.925739
p03,2021-11-05T15:00:00Z,-4.631479
p03,2021-11-05T16:00:00Z,-4.110367
p03,2021-11-05T17:00:00Z,-3.606526
p03,2021-11-05T18:00:00Z,-3.924376
p03,2021-11-05T19:00:00Z,-2.782553
p03,2021-11-05T20:00:00Z,-2.162298
p03,2021-11-05T21:00:00Z,-1.635839
p03,2021-11-05T22:00:00Z,-1.485422
p03,2021-11-05T23:00:00Z,-1.685378
p03,2021-11-06T00:00:00Z,0.362202
p03,2021-11-06T01:00:00Z,1.261287
p03,2021-11-06T02:00:00Z,1.158813
p03,2021-11-06T03:00:00Z,2.274096
p03,2021-11-06T04:00:00Z,2.677584
p03,2021-11-06T05:00:00Z,2.252761
p03,2021-11-06T06:00:00Z,2.402971
p03,2021-11-06T07:00:00Z,2.610566
p03,2021-11-06T08:00:00Z,2.395142
p03,2021-11-06T09:00:00Z,1.160279
p03,2021-11-06T10:00:00Z,0.691306
p03,2021-11-06T11:00:00Z,-0.536114
p03,2021-11-06T12:00:00Z,-1.670394
p03,2021-11-06T13:00:00Z,-1.790169
p03,2021-11-06T14:00:00Z,-2.579586
p03,2021-11-06T15:00:00Z,-3.029699
p03,2021-11-06T16:00:00Z,-3.208013
p03,2021-11-06T17:00:00Z,-2.778553
p03,2021-11-06T18:00:00Z,-3.243334
p03,2021-11-06T19:00:00Z,-2.549824
p03,2021-11-06T20:00:00Z,-2.709521
p03,2021-11-06T21:00:00Z,-1.223428
p03,2021-11-06T22:00:00Z,-1.588818
p03,2021-11-06T23:00:00Z,-0.579096
p03,2021-11-07T00:00:00Z,0.982320
p03,2021-11-07T01:00:00Z,0.842613
p03,2021-11-07T02:00:00Z,2.283892
p03,2021-11-07T03:00:00Z,2.391402
p03,2021-11-07T04:00:00Z,3.326042
p03,2021-11-07T05:00:00Z,2.432378
p03,2021-11-07T06:00:00Z,2.543776
p03,2021-11-07T07:00:00Z,2.703045
p03,2021-11-07T08:00:00Z,1.412303
p03,2021-11-07T09:00:00Z,1.693849
p03,2021-11-07T10:00:00Z,0.274058
p03,2021-11-07T11:00:00Z,-0.485095
p03,2021-11-07T12:00:00Z,-1.187539
p03,2021-11-07T13:00:00Z,-1.425312
p03,2021-11-07T14:00:00Z,-2.575910
p03,2021-11-07T15:00:00Z,-2.380065
p03,2021-11-07T16:00:00Z,-3.891681
p03,2021-11-07T17:00:00Z,-3.045413
p03,2021-11-07T18:00:00Z,-3.168354
p03,2021-11-07T19:00:00Z,-3.156506
p03,2021-11-07T20:00:00Z,-1.827924
p03,2021-11-07T21:00:00Z,-1.204420
p03,2021-11-07T22:00:00Z,-0.237561
p03,2021-11-07T23:00:00Z,0.445056
p03,2021-11-08T00:00:00Z,1.324887
p03,2021-11-08T01:00:00Z,1.946832
p03,2021-11-08T02:00:00Z,1.889920
p03,2021-11-08T03:00:00Z,2.439980
p03,2021-11-08T04:00:00Z,2.383655
p03,2021-11-08T05:00:00Z,2.663653
p03,2021-11-08T06:00:00Z,2.745108
p03,2021-11-08T07:00:00Z,3.140595
p03,2021-11-08T08:00:00Z,0.487677
p03,2021-11-08T09:00:00Z,1.706359
p03,2021-11-08T10:00:00Z,1.086568
p03,2021-11-08T11:00:00Z,0.168957
p03,2021-11-08T12:00:00Z,-1.645709
p03,2021-11-08T13:00:00Z,-1.228341
p03,2021-11-08T14:00:00Z,-2.088268
p03,2021-11-08T15:00:00Z,-3.053123
p03,2021-11-08T16:00:00Z,-3.110198
p03,2021-11-08T17:00:00Z,-2.594049
p03,2021-11-08T18:00:00Z,-3.724709
p03,2021-11-08T19:00:00Z,-2.652377
p03,2021-11-08T20:00:00Z,-1.174973
p03,2021-11-08T21:00:00Z,-0.902476
p03,2021-11-08T22:00:00Z,-0.487711
p03,2021-11-08T23:00:00Z,0.190131
p03,2021-11-09T00:00:00Z,0.553170
p03,2021-11-09T01:00:00Z,1.009039
p03,2021-11-09T02:00:00Z,3.279830
p03,2021-11-09T03:00:00Z,3.593892
p03,2021-11-09T04:00:00Z,1.958491
p03,2021-11-09T05:00:00Z,3.483880
p03,2021-11-09T06:00:00Z,2.188952
p03,2021-11-09T07:00:00Z,1.642152
p03,2021-11-09T08:00:00Z,1.919245
p03,2021-11-09T09:00:00Z,1.872933
p03,2021-11-09T10:00:00Z,1.020812
p03,2021-11-09T11:00:00Z,-0.304185
p03,2021-11-09T12:00:00Z,-0.910206
p03,2021-11-09T13:00:00Z,-1.758836
p03,2021-11-09T14:00:00Z,-1.808174
p03,2021-11-09T15:00:00Z,-3.011491
p03,2021-11-09T16:00:00Z,-2.972838
p03,2021-11-09T17:00:00Z,-2.836850
p03,2021-11-09T18:00:00Z,-2.320350
p03,2021-11-09T19:00:00Z,-2.440007
p03,2021-11-09T20:00:00Z,-1.814734
p03,2021-11-09T21:00:00Z,-1.828301
p03,2021-11-09T22:00:00Z,-0.441232
p03,2021-11-09T23:00:00Z,0.536339
p03,2021-11-10T00:00:00Z,1.330303
p03,2021-11-10T01:00:00Z,1.688081
p03,2021-11-10T02:00:00Z,1.976784
p03,2021-11-10T03:00:00Z,2.860379
p03,2021-11-10T04:00:00Z,2.297377
p03,2021-11-10T05:00:00Z,3.098789
p03,2021-11-10T06:00:00Z,2.818033
p03,2021-11-10T07:00:00Z,2.574415
p03,2021-11-10T08:00:00Z,3.333766
p03,2021-11-10T09:00:00Z,1.582193
p03,2021-11-10T10:00:00Z,1.294360
p03,2021-11-10T11:00:00Z,0.426896
p03,2021-11-10T12:00:00Z,-0.792149
p03,2021-11-10T13:00:00Z,-1.690996
p03,2021-11-10T14:00:00Z,-2.825509
p03,2021-11-10T15:00:00Z,-3.007361
p03,2021-11-10T16:00:00Z,-2.203121
p03,2021-11-10T17:00:00Z,-3.692495
p03,2021-11-10T18:00:00Z,-3.172946
p03,2021-11-10T19:00:00Z,-2.124289
p03,2021-11-10T20:00:00Z,-2.974657
p03,2021-11-10T21:00:00Z,-0.697054
p03,2021-11-10T22:00:00Z,0.586526
p03,2021-11-10T23:00:00Z,-0.170095
p03,2021-11-11T00:00:00Z,1.525712
p03,2021-11-11T01:00:00Z,2.103524
p03,2021-11-11T02:00:00Z,2.645439
p03,2021-11-11T03:00:00Z,2.638523
p03,2021-11-11T04:00:00Z,2.816289
p03,2021-11-11T05:00:00Z,3.105603
p03,2021-11-11T06:00:00Z,2.377361
p03,2021-11-11T07:00:00Z,2.960785
p03,2021-11-11T08:00:00Z,2.526769
p03,2021-11-11T09:00:00Z,1.176421
p03,2021-11-11T10:00:00Z,1.851957
p03,2021-11-11T11:00:00Z,-0.207398
p03,2021-11-11T12:00:00Z,-0.036718
p03,2021-11-11T13:00:00Z,-0.754983
p03,2021-11-11T14:00:00Z,-1.968068
p03,2021-11-11T15:00:00Z,-2.499458
p03,2021-11-11T16:00:00Z,-2.270203
p03,2021-11-11T17:00:00Z,-2.967584
p03,2021-11-11T18:00:00Z,-3.288014
p03,2021-11-11T19:00:00Z,-2.202554
p03,2021-11-11T20:00:00Z,-1.977418
p03,2021-11-11T21:00:00Z,-1.649145
p03,2021-11-11T22:00:00Z,-0.941184
p03,2021-11-11T23:00:00Z,-0.052540
p03,2021-11-12T00:00:00Z,1.345254
p03,2021-11-12T01:00:00Z,1.457336
p03,2021-11-12T02:00:00Z,3.010153
p03,2021-11-12T03:00:00Z,2.478912
p03,2021-11-12T04:00:00Z,2.941373
p03,2021-11-12T05:00:00Z,4.132831
p03,2021-11-12T06:00:00Z,4.131161
p03,2021-11-12T07:00:00Z,3.269260
p03,2021-11-12T08:00:00Z,2.450369
p03,2021-11-12T09:00:00Z,2.462407
p03,2021-11-12T10:00:00Z,0.135849
p03,2021-11-12T11:00:00Z,0.836827
p03,2021-11-12T12:00:00Z,0.513079
p03,2021-11-12T13:00:00Z,-0.260231
p03,2021-11-12T14:00:00Z,-2.098291
p03,2021-11-12T15:00:00Z,-1.983987
p03,2021-11-12T16:00:00Z,-2.611436
p03,2021-11-12T17:00:00Z,-2.855828
p03,2021-11-12T18:00:00Z,-2.942241
p03,2021-11-12T19:00:00Z,-2.885798
p03,2021-11-12T20:00:00Z,-1.417707
p03,2021-11-12T21:00:00Z,-0.134813
p03,2021-11-12T22:00:00Z,0.546139
p03,2021-11-12T23:00:00Z,-0.154295
p03,2021-11-13T00:00:00Z,0.475391
p03,2021-11-13T01:00:00Z,2.259070
p03,2021-11-13T02:00:00Z,2.313945
p03,2021-11-13T03:00:00Z,3.316138
p03,2021-11-13T04:00:00Z,2.872755
p03,2021-11-13T05:00:00Z,3.581933
p03,2021-11-13T06:00:00Z,3.452238
p03,2021-11-13T07:00:00Z,2.716876
p03,2021-11-13T08:00:00Z,3.488870
p03,2021-11-13T09:00:00Z,2.540155
p03,2021-11-13T10:00:00Z,1.784721
p03,2021-11-13T11:00:00Z,0.295851
p03,2021-11-13T12:00:00Z,0.229723
p03,2021-11-13T13:00:00Z,-0.819368
p03,2021-11-13T14:00:00Z,-1.192127
p03,2021-11-13T15:00:00Z,-2.208763
p03,2021-11-13T16:00:00Z,-1.755524
p03,2021-11-13T17:00:00Z,-1.332176
p03,2021-11-13T18:00:00Z,-1.058252
p03,2021-11-13T19:00:00Z,-1.917987
p03,2021-11-13T20:00:00Z,-0.794352
p03,2021-11-13T21:00:00Z,-1.356027
p03,2021-11-13T22:00:00Z,-0.505514
p03,2021-11-13T23:00:00Z,0.520991
p03,2021-11-14T00:00:00Z,1.839612
p03,2021-11-14T01:00:00Z,1.843994
p03,2021-11-14T02:00:00Z,3.569898
p03,2021-11-14T03:00:00Z,2.730936
p03,2021-11-14T04:00:00Z,3.120614
p03,2021-11-14T05:00:00Z,3.651824
p03,2021-11-14T06:00:00Z,3.118628
p03,2021-11-14T07:00:00Z,3.848511
p03,2021-11-14T08:00:00Z,3.255663
p03,2021-11-14T09:00:00Z,1.647141
p03,2021-11-14T10:00:00Z,2.057944
p03,2021-11-14T11:00:00Z,0.578352
p03,2021-11-14T12:00:00Z,-0.159587
p03,2021-11-14T13:00:00Z,-0.982138
p03,2021-11-14T14:00:00Z,-2.299019
p03,2021-11-14T15:00:00Z,-1.805420
p03,2021-11-14T16:00:00Z,-1.632021
p03,2021-11-14T17:00:00Z,-2.909381
p03,2021-11-14T18:00:00Z,-1.890328
p03,2021-11-14T19:00:00Z,-1.446590
p03,2021-11-14T20:00:00Z,-1.560403
p03,2021-11-14T21:00:00Z,-0.796476
p03,2021-11-14T22:00:00Z,-1.179928
p03,2021-11-14T23:00:00Z,1.294346
p03,2021-11-15T00:00:00Z,1.803454
p03,2021-11-15T01:00:00Z,2.847536
p03,2021-11-15T02:00:00Z,1.733510
p03,2021-11-15T03:00:00Z,3.550911
p03,2021-11-15T04:00:00Z,3.715555
p03,2021-11-15T05:00:00Z,3.364780
p03,2021-11-15T06:00:00Z,3.533218
p03,2021-11-15T07:00:00Z,2.728767
p03,2021-11-15T08:00:00Z,3.507236
p03,2021-11-15T09:00:00Z,2.751242
p03,2021-11-15T10:00:00Z,1.079045
p03,2021-11-15T11:00:00Z,1.439848
p03,2021-11-15T12:00:00Z,0.914084
p03,2021-11-15T13:00:00Z,-0.470823
p03,2021-11-15T14:00:00Z,-1.349269
p03,2021-11-15T15:00:00Z,-1.750067
p03,2021-11-15T16:00:00Z,-1.963184
p03,2021-11-15T17:00:00Z,-2.232859
p03,2021-11-15T18:00:00Z,-2.163594
p03,2021-11-15T19:00:00Z,-1.953564
p03,2021-11-15T20:00:00Z,-0.813935
p03,2021-11-15T21:00:00Z,-1.071214
p03,2021-11-15T22:00:00Z,1.590725
p03,2021-11-15T23:00:00Z,1.265373
p03,2021-11-16T00:00:00Z,2.451820
p03,2021-11-16T01:00:00Z,2.456515
p03,2021-11-16T02:00:00Z,3.063183
p03,2021-11-16T03:00:00Z,3.194717
p03,2021-11-16T04:00:00Z,3.780592
p03,2021-11-16T05:00:00Z,4.204896
p03,2021-11-16T06:00:00Z,3.818428
p03,2021-11-16T07:00:00Z,3.905248
p03,2021-11-16T08:00:00Z,2.905107
p03,2021-11-16T09:00:00Z,2.489837
p03,2021-11-16T10:00:00Z,1.685102
p03,2021-11-16T11:00:00Z,1.279067
p03,2021-11-16T12:00:00Z,1.215582
p03,2021-11-16T13:00:00Z,-0.856245
p03,2021-11-16T14:00:00Z,-0.624854
p03,2021-11-16T15:00:00Z,-1.701235
p03,2021-11-16T16:00:00Z,-1.176934
p03,2021-11-16T17:00:00Z,-1.664437
p03,2021-11-16T18:00:00Z,-0.870929
p03,2021-11-16T19:00:00Z,-2.052544
p03,2021-11-16T20:00:00Z,-1.468290
p03,2021-11-16T21:00:00Z,-1.119829
p03,2021-11-16T22:00:00Z,0.293222
p03,2021-11-16T23:00:00Z,0.910773
p03,2021-11-17T00:00:00Z,1.890776
p03,2021-11-17T01:00:00Z,3.382979
p03,2021-11-17T02:00:00Z,3.434962
p03,2021-11-17T03:00:00Z,3.945702
p03,2021-11-17T04:00:00Z,3.860050
p03,2021-11-17T05:00:00Z,3.597086
p03,2021-11-17T06:00:00Z,4.549860
p03,2021-11-17T07:00:00Z,3.998740
p03,2021-11-17T08:00:00Z,3.709027
p03,2021-11-17T09:00:00Z,3.031112
p03,2021-11-17T10:00:00Z,2.323295
p03,2021-11-17T11:00:00Z,0.936591
p03,2021-11-17T12:00:00Z,0.263093
p03,2021-11-17T13:00:00Z,-1.108617
p03,2021-11-17T14:00:00Z,-0.823181
p03,2021-11-17T15:00:00Z,-0.890485
p03,2021-11-17T16:00:00Z,-1.535686
p03,2021-11-17T17:00:00Z,-1.497120
p03,2021-11-17T18:00:00Z,-2.112718
p03,2021-11-17T19:00:00Z,-1.798542
p03,2021-11-17T20:00:00Z,-0.697215
p03,2021-11-17T21:00:00Z,-0.628706
p03,2021-11-17T22:00:00Z,0.919005
p03,2021-11-17T23:00:00Z,0.474958
p03,2021-11-18T00:00:00Z,2.638098
p03,2021-11-18T01:00:00Z,2.913914
p03,2021-11-18T02:00:00Z,3.577185
p03,2021-11-18T03:00:00Z,3.633627
p03,2021-11-18T04:00:00Z,4.635639
p03,2021-11-18T05:00:00Z,4.810214
p03,2021-11-18T06:00:00Z,5.321508
p03,2021-11-18T07:00:00Z,3.566421
p03,2021-11-18T08:00:00Z,2.905071
p03,2021-11-18T09:00:00Z,2.632004
p03,2021-11-18T10:00:00Z,1.229967
p03,2021-11-18T11:00:00Z,0.799386
p03,2021-11-18T12:00:00Z,0.480783
p03,2021-11-18T13:00:00Z,0.272480
p03,2021-11-18T14:00:00Z,0.334425
p03,2021-11-18T15:00:00Z,-0.722312
p03,2021-11-18T16:00:00Z,-2.288154
p03,2021-11-18T17:00:00Z,-2.458616
p03,2021-11-18T18:00:00Z,-1.525437
p03,2021-11-18T19:00:00Z,-1.908712
p03,2021-11-18T20:00:00Z,-1.764923
p03,2021-11-18T21:00:00Z,-0.212618
p03,2021-11-18T22:00:00Z,0.080635
p03,2021-11-18T23:00:00Z,0.751014
p03,2021-11-19T00:00:00Z,2.601232
p03,2021-11-19T01:00:00Z,3.226647
p03,2021-11-19T02:00:00Z,3.569922
p03,2021-11-19T03:00:00Z,3.088343
p03,2021-11-19T04:00:00Z,4.358477
p03,2021-11-19T05:00:00Z,3.897580
p03,2021-11-19T06:00:00Z,5.227305
p03,2021-11-19T07:00:00Z,4.449511
p03,2021-11-19T08:00:00Z,3.335943
p03,2021-11-19T09:00:00Z,3.914226
p03,2021-11-19T10:00:00Z,3.408732
p03,2021-11-19T11:00:00Z,1.173792
p03,2021-11-19T12:00:00Z,0.396424
p03,2021-11-19T13:00:00Z,-0.086393
p03,2021-11-19T14:00:00Z,-0.950880
p03,2021-11-19T15:00:00Z,-1.580116
p03,2021-11-19T16:00:00Z,-0.760652
p03,2021-11-19T17:00:00Z,-2.233962
p03,2021-11-19T18:00:00Z,-1.371002
p03,2021-11-19T19:00:00Z,-0.495580
p03,2021-11-19T20:00:00Z,-0.687798
p03,2021-11-19T21:00:00Z,-0.106681
p03,2021-11-19T22:00:00Z,0.220310
p03,2021-11-19T23:00:00Z,1.963100
p03,2021-11-20T00:00:00Z,1.820019
p03,2021-11-20T01:00:00Z,2.323017
p03,2021-11-20T02:00:00Z,3.150338
p03,2021-11-20T03:00:00Z,4.135369
p03,2021-11-20T04:00:00Z,4.713849
p03,2021-11-20T05:00:00Z,3.932000
p03,2021-11-20T06:00:00Z,5.195333
p03,2021-11-20T07:00:00Z,4.988355
p03,2021-11-20T08:00:00Z,2.876704
p03,2021-11-20T09:00:00Z,3.729687
p03,2021-11-20T10:00:00Z,2.038706
p03,2021-11-20T11:00:00Z,1.649852
p03,2021-11-20T12:00:00Z,0.678440
p03,2021-11-20T13:00:00Z,0.703598
p03,2021-11-20T14:00:00Z,-0.715783
p03,2021-11-20T15:00:00Z,-1.741110
p03,2021-11-20T16:00:00Z,-1.702435
p03,2021-11-20T17:00:00Z,-1.857720
p03,2021-11-20T18:00:00Z,-1.663918
p03,2021-11-20T19:00:00Z,-1.491028
p03,2021-11-20T20:00:00Z,-0.240983
p03,2021-11-20T21:00:00Z,-0.398144
p03,2021-11-20T22:00:00Z,1.004325
p03,2021-11-20T23:00:00Z,1.843479
p03,2021-11-21T00:00:00Z,2.512857
p03,2021-11-21T01:00:00Z,2.486047
p03,2021-11-21T02:00:00Z,2.714274
p03,2021-11-21T03:00:00Z,4.310691
p03,2021-11-21T04:00:00Z,3.962400
p03,2021-11-21T05:00:00Z,5.439430
p03,2021-11-21T06:00:00Z,4.108867
p03,2021-11-21T07:00:00Z,4.412936
p03,2021-11-21T08:00:00Z,2.495540
p03,2021-11-21T09:00:00Z,3.120946
p03,2021-11-21T10:00:00Z,1.663398
p03,2021-11-21T11:00:00Z,0.744730
p03,2021-11-21T12:00:00Z,0.608558
p03,2021-11-21T13:00:00Z,0.297562
p03,2021-11-21T14:00:00Z,0.340668
p03,2021-11-21T15:00:00Z,-1.313420
p03,2021-11-21T16:00:00Z,-0.556589
p03,2021-11-21T17:00:00Z,-1.541739
p03,2021-11-21T18:00:00Z,-1.301465
p03,2021-11-21T19:00:00Z,-0.620537
p03,2021-11-21T20:00:00Z,-0.657756
p03,2021-11-21T21:00:00Z,0.623008
p03,2021-11-21T22:00:00Z,1.577959
p03,2021-11-21T23:00:00Z,1.921121
p03,2021-11-22T00:00:00Z,3.026254
p03,2021-11-22T01:00:00Z,4.833396
p03,2021-11-22T02:00:00Z,4.553811
p03,2021-11-22T03:00:00Z,4.115724
p03,2021-11-22T04:00:00Z,4.346783
p03,2021-11-22T05:00:00Z,4.289119
p03,2021-11-22T06:00:00Z,3.934211
p03,2021-11-22T07:00:00Z,4.423778
p03,2021-11-22T08:00:00Z,3.598071
p03,2021-11-22T09:00:00Z,3.427188
p03,2021-11-22T10:00:00Z,2.824914
p03,2021-11-22T11:00:00Z,1.592616
p03,2021-11-22T12:00:00Z,0.764870
p03,2021-11-22T13:00:00Z,0.562372
p03,2021-11-22T14:00:00Z,-0.125748
p03,2021-11-22T15:00:00Z,-0.601473
p03,2021-11-22T16:00:00Z,-1.126345
p03,2021-11-22T17:00:00Z,-1.147873
p03,2021-11-22T18:00:00Z,-1.838341
p03,2021-11-22T19:00:00Z,0.032853
p03,2021-11-22T20:00:00Z,-0.727658
p03,2021-11-22T21:00:00Z,-1.238369
p03,2021-11-22T22:00:00Z,1.651360
p03,2021-11-22T23:00:00Z,2.061871
p03,2021-11-23T00:00:00Z,2.738410
p03,2021-11-23T01:00:00Z,3.315146
p03,2021-11-23T02:00:00Z,4.008737
p03,2021-11-23T03:00:00Z,4.597788
p03,2021-11-23T04:00:00Z,4.353460
p03,2021-11-23T05:00:00Z,4.474725
p03,2021-11-23T06:00:00Z,4.835824
p03,2021-11-23T07:00:00Z,4.675977
p03,2021-11-23T08:00:00Z,3.353401
p03,2021-11-23T09:00:00Z,2.479138
p03,2021-11-23T10:00:00Z,3.306322
p03,2021-11-23T11:00:00Z,1.995730
p03,2021-11-23T12:00:00Z,1.324209
p03,2021-11-23T13:00:00Z,1.464313
p03,2021-11-23T14:00:00Z,-1.080463
p03,2021-11-23T15:00:00Z,-0.533166
p03,2021-11-23T16:00:00Z,-1.930664
p03,2021-11-23T17:00:00Z,-1.324186
p03,2021-11-23T18:00:00Z,-0.445010
p03,2021-11-23T19:00:00Z,-0.778717
p03,2021-11-23T20:00:00Z,0.373288
p03,2021-11-23T21:00:00Z,0.682545
p03,2021-11-23T22:00:00Z,0.573753
p03,2021-11-23T23:00:00Z,1.154699
p03,2021-11-24T00:00:00Z,2.843727
p03,2021-11-24T01:00:00Z,3.572891
p03,2021-11-24T02:00:00Z,4.460834
p03,2021-11-24T03:00:00Z,4.064493
p03,2021-11-24T04:00:00Z,4.396590
p03,2021-11-24T05:00:00Z,4.779087
p03,2021-11-24T06:00:00Z,5.021225
p03,2021-11-24T07:00:00Z,4.349811
p03,2021-11-24T08:00:00Z,3.813465
p03,2021-11-24T09:00:00Z,3.348389
p03,2021-11-24T10:00:00Z,2.532601
p03,2021-11-24T11:00:00Z,1.826350
p03,2021-11-24T12:00:00Z,1.791635
p03,2021-11-24T13:00:00Z,0.425551
p03,2021-11-24T14:00:00Z,-0.298280
p03,2021-11-24T15:00:00Z,-0.405315
p03,2021-11-24T16:00:00Z,-0.763125
p03,2021-11-24T17:00:00Z,-1.361685
p03,2021-11-24T18:00:00Z,-0.647765
p03,2021-11-24T19:00:00Z,-0.744364
p03,2021-11-24T20:00:00Z,-0.421860
p03,2021-11-24T21:00:00Z,0.513744
p03,2021-11-24T22:00:00Z,0.729586
p03,2021-11-24T23:00:00Z,0.831722
p03,2021-11-25T00:00:00Z,3.172100
p03,2021-11-25T01:00:00Z,3.165304
p03,2021-11-25T02:00:00Z,4.028017
p03,2021-11-25T03:00:00Z,4.941773
p03,2021-11-25T04:00:00Z,4.237495
p03,2021-11-25T05:00:00Z,5.245148
p03,2021-11-25T06:00:00Z,4.947081
p03,2021-11-25T07:00:00Z,4.598217
p03,2021-11-25T08:00:00Z,4.419505
p03,2021-11-25T09:00:00Z,4.300935
p03,2021-11-25T10:00:00Z,3.018240
p03,2021-11-25T11:00:00Z,2.079176
p03,2021-11-25T12:00:00Z,1.519017
p03,2021-11-25T13:00:00Z,0.956388
p03,2021-11-25T14:00:00Z,0.163528
p03,2021-11-25T15:00:00Z,0.144658
p03,2021-11-25T16:00:00Z,-0.280228
p03,2021-11-25T17:00:00Z,-0.167766
p03,2021-11-25T18:00:00Z,-1.576007
p03,2021-11-25T19:00:00Z,-0.353459
p03,2021-11-25T20:00:00Z,0.699876
p03,2021-11-25T21:00:00Z,1.598854
p03,2021-11-25T22:00:00Z,1.638793
p03,2021-11-25T23:00:00Z,2.076505
p03,2021-11-26T00:00:00Z,2.725634
p03,2021-11-26T01:00:00Z,3.683713
p03,2021-11-26T02:00:00Z,4.638816
p03,2021-11-26T03:00:00Z,4.466931
p03,2021-11-26T04:00:00Z,5.842392
p03,2021-11-26T05:00:00Z,5.822994
p03,2021-11-26T06:00:00Z,5.259070
p03,2021-11-26T07:00:00Z,5.401703
p03,2021-11-26T08:00:00Z,4.210005
p03,2021-11-26T09:00:00Z,3.231284
p03,2021-11-26T10:00:00Z,3.624272
p03,2021-11-26T11:00:00Z,2.461928
p03,2021-11-26T12:00:00Z,1.583812
p03,2021-11-26T13:00:00Z,1.420201
p03,2021-11-26T14:00:00Z,-0.916843
p03,2021-11-26T15:00:00Z,0.116689
p03,2021-11-26T16:00:00Z,-0.278261
p03,2021-11-26T17:00:00Z,-0.275793
p03,2021-11-26T18:00:00Z,0.006707
p03,2021-11-26T19:00:00Z,-0.310900
p03,2021-11-26T20:00:00Z,-0.042204
p03,2021-11-26T21:00:00Z,1.205941
p03,2021-11-26T22:00:00Z,1.726038
p03,2021-11-26T23:00:00Z,2.277735
p03,2021-11-27T00:00:00Z,3.012361
p03,2021-11-27T01:00:00Z,4.517529
p03,2021-11-27T02:00:00Z,4.295620
p03,2021-11-27T03:00:00Z,4.912169
p03,2021-11-27T04:00:00Z,4.657707
p03,2021-11-27T05:00:00Z,4.681698
p03,2021-11-27T06:00:00Z,4.632067
p03,2021-11-27T07:00:00Z,4.742414
p03,2021-11-27T08:00:00Z,4.997747
p03,2021-11-27T09:00:00Z,3.534706
p03,2021-11-27T10:00:00Z,4.122373
p03,2021-11-27T11:00:00Z,2.774008
p03,2021-11-27T12:00:00Z,2.215992
p03,2021-11-27T13:00:00Z,0.582949
p03,2021-11-27T14:00:00Z,0.346683
p03,2021-11-27T15:00:00Z,0.038895
p03,2021-11-27T16:00:00Z,0.382968
p03,2021-11-27T17:00:00Z,-1.084264
p03,2021-11-27T18:00:00Z,0.469182
p03,2021-11-27T19:00:00Z,-0.315863
p03,2021-11-27T20:00:00Z,0.662142
p03,2021-11-27T21:00:00Z,0.865136
p03,2021-11-27T22:00:00Z,1.985492
p03,2021-11-27T23:00:00Z,2.900156
p03,2021-11-28T00:00:00Z,2.802919
p03,2021-11-28T01:00:00Z,4.714571
p03,2021-11-28T02:00:00Z,4.142533
p03,2021-11-28T03:00:00Z,5.719214
p03,2021-11-28T04:00:00Z,5.654018
p03,2021-11-28T05:00:00Z,5.840764
p03,2021-11-28T06:00:00Z,5.400529
p03,2021-11-28T07:00:00Z,4.597675
p03,2021-11-28T08:00:00Z,4.428393
p03,2021-11-28T09:00:00Z,4.038863
p03,2021-11-28T10:00:00Z,3.031014
p03,2021-11-28T11:00:00Z,2.346200
p03,2021-11-28T12:00:00Z,1.632141
p03,2021-11-28T13:00:00Z,1.036141
p03,2021-11-28T14:00:00Z,0.515874
p03,2021-11-28T15:00:00Z,-0.529300
p03,2021-11-28T16:00:00Z,-0.042216
p03,2021-11-28T17:00:00Z,-0.655341
p03,2021-11-28T18:00:00Z,-0.533823
p03,2021-11-28T19:00:00Z,-0.515844
p03,2021-11-28T20:00:00Z,0.556483
p03,2021-11-28T21:00:00Z,0.895760
p03,2021-11-28T22:00:00Z,1.762945
p03,2021-11-28T23:00:00Z,2.509371
p03,2021-11-29T00:00:00Z,2.578590
p03,2021-11-29T01:00:00Z,4.559280
p03,2021-11-29T02:00:00Z,4.372409
p03,2021-11-29T03:00:00Z,5.540360
p03,2021-11-29T04:00:00Z,6.162801
p03,2021-11-29T05:00:00Z,6.154826
p03,2021-11-29T06:00:00Z,5.851061
p03,2021-11-29T07:00:00Z,4.721737
p03,2021-11-29T08:00:00Z,5.048796
p03,2021-11-29T09:00:00Z,3.687210
p03,2021-11-29T10:00:00Z,3.264705
p03,2021-11-29T11:00:00Z,2.374715
p03,2021-11-29T12:00:00Z,1.349603
p03,2021-11-29T13:00:00Z,0.875226
p03,2021-11-29T14:00:00Z,0.803409
p03,2021-11-29T15:00:00Z,-0.756904
p03,2021-11-29T16:00:00Z,-1.543516
p03,2021-11-29T17:00:00Z,-0.378610
p03,2021-11-29T18:00:00Z,-0.143592
p03,2021-11-29T19:00:00Z,0.793287
p03,2021-11-29T20:00:00Z,0.753953
p03,2021-11-29T21:00:00Z,1.647969
p03,2021-11-29T22:00:00Z,2.279759
p03,2021-11-29T23:00:00Z,3.313269
p03,2021-11-30T00:00:00Z,3.552571
p03,2021-11-30T01:00:00Z,4.561716
p03,2021-11-30T02:00:00Z,5.042164
p03,2021-11-30T03:00:00Z,5.679093
p03,2021-11-30T04:00:00Z,6.043750
p03,2021-11-30T05:00:00Z,6.022449
p03,2021-11-30T06:00:00Z,5.766334
p03,2021-11-30T07:00:00Z,6.028807
p03,2021-11-30T08:00:00Z,3.928811
p03,2021-11-30T09:00:00Z,4.377204
p03,2021-11-30T10:00:00Z,3.295834
p03,2021-11-30T11:00:00Z,3.407603
p03,2021-11-30T12:00:00Z,1.696627
p03,2021-11-30T13:00:00Z,1.544092
p03,2021-11-30T14:00:00Z,1.736535
p03,2021-11-30T15:00:00Z,0.072955
p03,2021-11-30T16:00:00Z,0.511705
p03,2021-11-30T17:00:00Z,0.135956
p03,2021-11-30T18:00:00Z,0.112733
p03,2021-11-30T19:00:00Z,-0.511480
p03,2021-11-30T20:00:00Z,0.331943
p03,2021-11-30T21:00:00Z,1.260393
p03,2021-11-30T22:00:00Z,2.424239
p03,2021-11-30T23:00:00Z,2.774647
p03,2021-12-01T00:00:00Z,3.597722
p03,2021-12-01T01:00:00Z,4.017213
p03,2021-12-01T02:00:00Z,5.735969
p03,2021-12-01T03:00:00Z,6.567815
p03,2021-12-01T04:00:00Z,5.906352
p03,2021-12-01T05:00:00Z,5.494000
p03,2021-12-01T06:00:00Z,5.175266
p03,2021-12-01T07:00:00Z,4.541522
p03,2021-12-01T08:00:00Z,5.573408
p03,2021-12-01T09:00:00Z,4.612573
p03,2021-12-01T10:00:00Z,3.485408
p03,2021-12-01T11:00:00Z,3.100778
p03,2021-12-01T12:00:00Z,1.955191
p03,2021-12-01T13:00:00Z,1.613997
p03,2021-12-01T14:00:00Z,0.278964
p03,2021-12-01T15:00:00Z,0.776859
p03,2021-12-01T16:00:00Z,0.083853
p03,2021-12-01T17:00:00Z,-0.171656
p03,2021-12-01T18:00:00Z,-0.031051
p03,2021-12-01T19:00:00Z,1.084776
p03,2021-12-01T20:00:00Z,1.366950
p03,2021-12-01T21:00:00Z,1.566788
p03,2021-12-01T22:00:00Z,2.737093
p03,2021-12-01T23:00:00Z,2.871341
p03,2021-12-02T00:00:00Z,3.675178
p03,2021-12-02T01:00:00Z,4.907297
p03,2021-12-02T02:00:00Z,5.228744
p03,2021-12-02T03:00:00Z,5.610528
p03,2021-12-02T04:00:00Z,4.553119
p03,2021-12-02T05:00:00Z,7.204770
p03,2021-12-02T06:00:00Z,6.059971
p03,2021-12-02T07:00:00Z,5.462086
p03,2021-12-02T08:00:00Z,4.231338
p03,2021-12-02T09:00:00Z,4.863090
p03,2021-12-02T10:00:00Z,4.639711
p03,2021-12-02T11:00:00Z,3.049148
p03,2021-12-02T12:00:00Z,1.669067
p03,2021-12-02T13:00:00Z,1.191466
p03,2021-12-02T14:00:00Z,1.001102
p03,2021-12-02T15:00:00Z,0.397141
p03,2021-12-02T16:00:00Z,-0.617086
p03,2021-12-02T17:00:00Z,0.011532
p03,2021-12-02T18:00:00Z,0.619637
p03,2021-12-02T19:00:00Z,-0.184689
p03,2021-12-02T20:00:00Z,1.255597
p03,2021-12-02T21:00:00Z,2.222510
p03,2021-12-02T22:00:00Z,2.654612
p03,2021-12-02T23:00:00Z,2.925795
p03,2021-12-03T00:00:00Z,4.496287
p03,2021-12-03T01:00:00Z,5.037150
p03,2021-12-03T02:00:00Z,6.124990
p03,2021-12-03T03:00:00Z,6.214990
p03,2021-12-03T04:00:00Z,6.113533
p03,2021-12-03T05:00:00Z,7.174933
p03,2021-12-03T06:00:00Z,6.111442
p03,2021-12-03T07:00:00Z,5.983109
p03,2021-12-03T08:00:00Z,5.460431
p03,2021-12-03T09:00:00Z,4.227974
p03,2021-12-03T10:00:00Z,3.638169
p03,2021-12-03T11:00:00Z,3.607636
p03,2021-12-03T12:00:00Z,1.882370
p03,2021-12-03T13:00:00Z,2.287697
p03,2021-12-03T14:00:00Z,0.574861
p03,2021-12-03T15:00:00Z,0.564751
p03,2021-12-03T16:00:00Z,0.469487
p03,2021-12-03T17:00:00Z,1.047345
p03,2021-12-03T18:00:00Z,0.016514
p03,2021-12-03T19:00:00Z,0.699133
p03,2021-12-03T20:00:00Z,1.187196
p03,2021-12-03T21:00:00Z,1.638021
p03,2021-12-03T22:00:00Z,2.081198
p03,2021-12-03T23:00:00Z,2.755813
p03,2021-12-04T00:00:00Z,4.423332
p03,2021-12-04T01:00:00Z,5.109108
p03,2021-12-04T02:00:00Z,4.418686
p03,2021-12-04T03:00:00Z,7.151235
p03,2021-12-04T04:00:00Z,5.602691
p03,2021-12-04T05:00:00Z,6.571444
p03,2021-12-04T06:00:00Z,6.328181
p03,2021-12-04T07:00:00Z,5.997280
p03,2021-12-04T08:00:00Z,6.227012
p03,2021-12-04T09:00:00Z,5.687110
p03,2021-12-04T10:00:00Z,4.679289
p03,2021-12-04T11:00:00Z,3.795200
p03,2021-12-04T12:00:00Z,2.883911
p03,2021-12-04T13:00:00Z,1.917993
p03,2021-12-04T14:00:00Z,0.843958
p03,2021-12-04T15:00:00Z,0.515854
p03,2021-12-04T16:00:00Z,0.211606
p03,2021-12-04T17:00:00Z,0.156862
p03,2021-12-04T18:00:00Z,0.531382
p03,2021-12-04T19:00:00Z,0.410259
p03,2021-12-04T20:00:00Z,1.390772
p03,2021-12-04T21:00:00Z,1.359038
p03,2021-12-04T22:00:00Z,3.275165
p03,2021-12-04T23:00:00Z,4.426936
p03,2021-12-05T00:00:00Z,4.329417
p03,2021-12-05T01:00:00Z,5.253124
p03,2021-12-05T02:00:00Z,4.748822
p03,2021-12-05T03:00:00Z,6.153215
p03,2021-12-05T04:00:00Z,7.172809
p03,2021-12-05T05:00:00Z,7.579350
p03,2021-12-05T06:00:00Z,6.838980
p03,2021-12-05T07:00:00Z,7.330138
p03,2021-12-05T08:00:00Z,6.075601
p03,2021-12-05T09:00:00Z,5.211908
p03,2021-12-05T10:00:00Z,4.811343
p03,2021-12-05T11:00:00Z,3.046060
p03,2021-12-05T12:00:00Z,3.628930
p03,2021-12-05T13:00:00Z,2.151844
p03,2021-12-05T14:00:00Z,2.345644
p03,2021-12-05T15:00:00Z,1.694326
p03,2021-12-05T16:00:00Z,1.177812
p03,2021-12-05T17:00:00Z,0.236525
p03,2021-12-05T18:00:00Z,0.590670
p03,2021-12-05T19:00:00Z,0.754098
p03,2021-12-05T20:00:00Z,1.261429
p03,2021-12-05T21:00:00Z,1.724344
p03,2021-12-05T22:00:00Z,3.230464
p03,2021-12-05T23:00:00Z,3.264821
p03,2021-12-06T00:00:00Z,4.099574
p03,2021-12-06T01:00:00Z,4.348887
p03,2021-12-06T02:00:00Z,5.486011
p03,2021-12-06T03:00:00Z,5.761628
p03,2021-12-06T04:00:00Z,6.356192
p03,2021-12-06T05:00:00Z,6.895477
p03,2021-12-06T06:00:00Z,6.579325
p03,2021-12-06T07:00:00Z,6.545535
p03,2021-12-06T08:00:00Z,6.000650
p03,2021-12-06T09:00:00Z,4.978073
p03,2021-12-06T10:00:00Z,3.992905
p03,2021-12-06T11:00:00Z,3.444042
p03,2021-12-06T12:00:00Z,3.510041
p03,2021-12-06T13:00:00Z,2.703156
p03,2021-12-06T14:00:00Z,1.340114
p03,2021-12-06T15:00:00Z,1.824124
p03,2021-12-06T16:00:00Z,1.039343
p03,2021-12-06T17:00:00Z,0.169621
p03,2021-12-06T18:00:00Z,-0.037383
p03,2021-12-06T19:00:00Z,1.012586
p03,2021-12-06T20:00:00Z,1.351187
p03,2021-12-06T21:00:00Z,1.957549
p03,2021-12-06T22:00:00Z,3.787562
p03,2021-12-06T23:00:00Z,3.843377
p03,2021-12-07T00:00:00Z,5.412779
p03,2021-12-07T01:00:00Z,5.085918
p03,2021-12-07T02:00:00Z,6.729131
p03,2021-12-07T03:00:00Z,7.168856
p03,2021-12-07T04:00:00Z,6.896744
p03,2021-12-07T05:00:00Z,6.791551
p03,2021-12-07T06:00:00Z,6.170597
p03,2021-12-07T07:00:00Z,6.100252
p03,2021-12-07T08:00:00Z,6.635164
p03,2021-12-07T09:00:00Z,5.099834
p03,2021-12-07T10:00:00Z,4.983806
p03,2021-12-07T11:00:00Z,4.235888
p03,2021-12-07T12:00:00Z,3.000948
p03,2021-12-07T13:00:00Z,3.109776
p03,2021-12-07T14:00:00Z,1.229858
p03,2021-12-07T15:00:00Z,1.461284
p03,2021-12-07T16:00:00Z,1.364135
p03,2021-12-07T17:00:00Z,0.917584
p03,2021-12-07T18:00:00Z,0.840253
p03,2021-12-07T19:00:00Z,1.733663
p03,2021-12-07T20:00:00Z,2.255220
p03,2021-12-07T21:00:00Z,2.322329
p03,2021-12-07T22:00:00Z,3.009034
p03,2021-12-07T23:00:00Z,4.423095
p03,2021-12-08T00:00:00Z,5.073497
p03,2021-12-08T01:00:00Z,5.173306
p03,2021-12-08T02:00:00Z,5.819929
p03,2021-12-08T03:00:00Z,6.230057
p03,2021-12-08T04:00:00Z,7.221307
p03,2021-12-08T05:00:00Z,6.635962
p03,2021-12-08T06:00:00Z,7.542751
p03,2021-12-08T07:00:00Z,6.657943
p03,2021-12-08T08:00:00Z,5.822731
p03,2021-12-08T09:00:00Z,5.235794
p03,2021-12-08T10:00:00Z,3.863840
p03,2021-12-08T11:00:00Z,4.078415
p03,2021-12-08T12:00:00Z,3.331461
p03,2021-12-08T13:00:00Z,2.480627
p03,2021-12-08T14:00:00Z,1.515479
p03,2021-12-08T15:00:00Z,0.383500
p03,2021-12-08T16:00:00Z,0.758775
p03,2021-12-08T17:00:00Z,0.370649
p03,2021-12-08T18:00:00Z,2.226228
p03,2021-12-08T19:00:00Z,1.950853
p03,2021-12-08T20:00:00Z,1.962708
p03,2021-12-08T21:00:00Z,2.011537
p03,2021-12-08T22:00:00Z,3.234777
p03,2021-12-08T23:00:00Z,4.136534
p03,2021-12-09T00:00:00Z,4.483477
p03,2021-12-09T01:00:00Z,5.209184
p03,2021-12-09T02:00:00Z,4.951984
p03,2021-12-09T03:00:00Z,7.427403
p03,2021-12-09T04:00:00Z,6.618204
p03,2021-12-09T05:00:00Z,7.392338
p03,2021-12-09T06:00:00Z,7.570769
p03,2021-12-09T07:00:00Z,6.984722
p03,2021-12-09T08:00:00Z,6.284637
p03,2021-12-09T09:00:00Z,5.668804
p03,2021-12-09T10:00:00Z,4.949699
p03,2021-12-09T11:00:00Z,4.328653
p03,2021-12-09T12:00:00Z,3.959095
p03,2021-12-09T13:00:00Z,2.835249
p03,2021-12-09T14:00:00Z,1.621482
p03,2021-12-09T15:00:00Z,2.675707
p03,2021-12-09T16:00:00Z,1.460340
p03,2021-12-09T17:00:00Z,0.049502
p03,2021-12-09T18:00:00Z,1.329909
p03,2021-12-09T19:00:00Z,1.828987
p03,2021-12-09T20:00:00Z,2.840962
p03,2021-12-09T21:00:00Z,3.038851
p03,2021-12-09T22:00:00Z,3.266327
p03,2021-12-09T23:00:00Z,5.159744
p03,2021-12-10T00:00:00Z,4.819974
p03,2021-12-10T01:00:00Z,5.443549
p03,2021-12-10T02:00:00Z,6.725997
p03,2021-12-10T03:00:00Z,6.928108
p03,2021-12-10T04:00:00Z,6.787226
p03,2021-12-10T05:00:00Z,7.498385
p03,2021-12-10T06:00:00Z,7.842738
p03,2021-12-10T07:00:00Z,6.853969
p03,2021-12-10T08:00:00Z,6.323717
p03,2021-12-10T09:00:00Z,5.830995
p03,2021-12-10T10:00:00Z,4.726124
p03,2021-12-10T11:00:00Z,4.908638
p03,2021-12-10T12:00:00Z,3.131536
p03,2021-12-10T13:00:00Z,2.570855
p03,2021-12-10T14:00:00Z,1.908469
p03,2021-12-10T15:00:00Z,1.546953
p03,2021-12-10T16:00:00Z,1.368708
p03,2021-12-10T17:00:00Z,1.490536
p03,2021-12-10T18:00:00Z,1.371582
p03,2021-12-10T19:00:00Z,2.083205
p03,2021-12-10T20:00:00Z,2.542503
p03,2021-12-10T21:00:00Z,2.900339
p03,2021-12-10T22:00:00Z,4.476239
p03,2021-12-10T23:00:00Z,3.892664
p03,2021-12-11T00:00:00Z,4.749126
p03,2021-12-11T01:00:00Z,7.224654
p03,2021-12-11T02:00:00Z,6.094787
p03,2021-12-11T03:00:00Z,7.129379
p03,2021-12-11T04:00:00Z,6.218769
p03,2021-12-11T05:00:00Z,7.585949
p03,2021-12-11T06:00:00Z,7.256747
p03,2021-12-11T07:00:00Z,7.034108
p03,2021-12-11T08:00:00Z,6.809514
p03,2021-12-11T09:00:00Z,5.948258
p03,2021-12-11T10:00:00Z,4.695816
p03,2021-12-11T11:00:00Z,4.955068
p03,2021-12-11T12:00:00Z,3.708654
p03,2021-12-11T13:00:00Z,2.460983
p03,2021-12-11T14:00:00Z,2.138789
p03,2021-12-11T15:00:00Z,1.978665
p03,2021-12-11T16:00:00Z,2.284732
p03,2021-12-11T17:00:00Z,1.462386
p03,2021-12-11T18:00:00Z,2.113701
p03,2021-12-11T19:00:00Z,2.071767
p03,2021-12-11T20:00:00Z,2.199450
p03,2021-12-11T21:00:00Z,3.053108
p03,2021-12-11T22:00:00Z,3.243577
p03,2021-12-11T23:00:00Z,4.565945
p03,2021-12-12T00:00:00Z,5.003174
p03,2021-12-12T01:00:00Z,6.395865
p03,2021-12-12T02:00:00Z,6.354162
p03,2021-12-12T03:00:00Z,6.278301
p03,2021-12-12T04:00:00Z,6.140411
p03,2021-12-12T05:00:00Z,8.589741
p03,2021-12-12T06:00:00Z,7.746987
p03,2021-12-12T07:00:00Z,6.470242
p03,2021-12-12T08:00:00Z,6.939764
p03,2021-12-12T09:00:00Z,6.011957
p03,2021-12-12T10:00:00Z,5.133749
p03,2021-12-12T11:00:00Z,4.679001
p03,2021-12-12T12:00:00Z,3.907069
p03,2021-12-12T13:00:00Z,2.986069
p03,2021-12-12T14:00:00Z,2.678821
p03,2021-12-12T15:00:00Z,2.384156
p03,2021-12-12T16:00:00Z,1.257696
p03,2021-12-12T17:00:00Z,2.977350
p03,2021-12-12T18:00:00Z,0.898850
p03,2021-12-12T19:00:00Z,1.800068
p03,2021-12-12T20:00:00Z,1.247932
p03,2021-12-12T21:00:00Z,2.431088
p03,2021-12-12T22:00:00Z,4.375078
p03,2021-12-12T23:00:00Z,4.310202
p03,2021-12-13T00:00:00Z,5.573815
p03,2021-12-13T01:00:00Z,6.281086
p03,2021-12-13T02:00:00Z,6.025276
p03,2021-12-13T03:00:00Z,7.268030
p03,2021-12-13T04:00:00Z,6.988929
p03,2021-12-13T05:00:00Z,7.893782
p03,2021-12-13T06:00:00Z,7.137756
p03,2021-12-13T07:00:00Z,7.049950
p03,2021-12-13T08:00:00Z,7.308891
p03,2021-12-13T09:00:00Z,5.724499
p03,2021-12-13T10:00:00Z,5.355797
p03,2021-12-13T11:00:00Z,5.258419
p03,2021-12-13T12:00:00Z,3.818257
p03,2021-12-13T13:00:00Z,2.887697
p03,2021-12-13T14:00:00Z,2.087111
p03,2021-12-13T15:00:00Z,1.784254
p03,2021-12-13T16:00:00Z,1.885940
p03,2021-12-13T17:00:00Z,0.954665
p03,2021-12-13T18:00:00Z,2.009996
p03,2021-12-13T19:00:00Z,1.891834
p03,2021-12-13T20:00:00Z,2.525756
p03,2021-12-13T21:00:00Z,3.036518
p03,2021-12-13T22:00:00Z,3.882764
p03,2021-12-13T23:00:00Z,3.633818
p03,2021-12-14T00:00:00Z,5.195818
p03,2021-12-14T01:00:00Z,6.333555
p03,2021-12-14T02:00:00Z,7.539396
p03,2021-12-14T03:00:00Z,7.178441
p03,2021-12-14T04:00:00Z,7.626913
p03,2021-12-14T05:00:00Z,8.203247
p03,2021-12-14T06:00:00Z,8.038402
p03,2021-12-14T07:00:00Z,8.055119
p03,2021-12-14T08:00:00Z,6.780612
p03,2021-12-14T09:00:00Z,5.447800
p03,2021-12-14T10:00:00Z,5.181215
p03,2021-12-14T11:00:00Z,4.658954
p03,2021-12-14T12:00:00Z,3.810876
p03,2021-12-14T13:00:00Z,2.565693
p03,2021-12-14T14:00:00Z,2.389118
p03,2021-12-14T15:00:00Z,2.031199
p03,2021-12-14T16:00:00Z,1.894144
p03,2021-12-14T17:00:00Z,1.826092
p03,2021-12-14T18:00:00Z,1.577139
p03,2021-12-14T19:00:00Z,1.822290
p03,2021-12-14T20:00:00Z,2.252369
p03,2021-12-14T21:00:00Z,3.515239
p03,2021-12-14T22:00:00Z,4.369961
p03,2021-12-14T23:00:00Z,4.430849
p03,2021-12-15T00:00:00Z,5.434484
p03,2021-12-15T01:00:00Z,6.758993
p03,2021-12-15T02:00:00Z,6.640336
p03,2021-12-15T03:00:00Z,6.801816
p03,2021-12-15T04:00:00Z,7.738315
p03,2021-12-15T05:00:00Z,7.391501
p03,2021-12-15T06:00:00Z,7.260586
p03,2021-12-15T07:00:00Z,7.343342
p03,2021-12-15T08:00:00Z,7.449273
p03,2021-12-15T09:00:00Z,6.348221
p03,2021-12-15T10:00:00Z,5.915627
p03,2021-12-15T11:00:00Z,4.787348
p03,2021-12-15T12:00:00Z,4.482310
p03,2021-12-15T13:00:00Z,3.347793
p03,2021-12-15T14:00:00Z,2.985014
p03,2021-12-15T15:00:00Z,3.193587
p03,2021-12-15T16:00:00Z,2.305739
p03,2021-12-15T17:00:00Z,1.525234
p03,2021-12-15T18:00:00Z,2.040431
p03,2021-12-15T19:00:00Z,2.018983
p03,2021-12-15T20:00:00Z,2.934217
p03,2021-12-15T21:00:00Z,3.496999
p03,2021-12-15T22:00:00Z,4.400796
p03,2021-12-15T23:00:00Z,4.648093
p03,2021-12-16T00:00:00Z,5.593301
p03,2021-12-16T01:00:00Z,6.892977
p03,2021-12-16T02:00:00Z,8.340300
p03,2021-12-16T03:00:00Z,7.036199
p03,2021-12-16T04:00:00Z,7.475766
p03,2021-12-16T05:00:00Z,7.889916
p03,2021-12-16T06:00:00Z,8.916781
p03,2021-12-16T07:00:00Z,6.910425
p03,2021-12-16T08:00:00Z,7.095570
p03,2021-12-16T09:00:00Z,5.528790
p03,2021-12-16T10:00:00Z,5.732478
p03,2021-12-16T11:00:00Z,4.988162
p03,2021-12-16T12:00:00Z,5.106157
p03,2021-12-16T13:00:00Z,3.325151
p03,2021-12-16T14:00:00Z,3.629336
p03,2021-12-16T15:00:00Z,2.269559
p03,2021-12-16T16:00:00Z,1.520592
p03,2021-12-16T17:00:00Z,1.780159
p03,2021-12-16T18:00:00Z,2.319059
p03,2021-12-16T19:00:00Z,3.056907
p03,2021-12-16T20:00:00Z,2.904689
p03,2021-12-16T21:00:00Z,3.810125
p03,2021-12-16T22:00:00Z,4.286258
p03,2021-12-16T23:00:00Z,4.793481
p03,2021-12-17T00:00:00Z,5.677708
p03,2021-12-17T01:00:00Z,6.156506
p03,2021-12-17T02:00:00Z,7.227319
p03,2021-12-17T03:00:00Z,7.543125
p03,2021-12-17T04:00:00Z,7.401848
p03,2021-12-17T05:00:00Z,8.074816
p03,2021-12-17T06:00:00Z,7.678500
p03,2021-12-17T07:00:00Z,7.733570
p03,2021-12-17T08:00:00Z,7.133438
p03,2021-12-17T09:00:00Z,7.867529
p03,2021-12-17T10:00:00Z,6.919648
p03,2021-12-17T11:00:00Z,6.313359
p03,2021-12-17T12:00:00Z,4.225186
p03,2021-12-17T13:00:00Z,3.304193
p03,2021-12-17T14:00:00Z,3.048637
p03,2021-12-17T15:00:00Z,3.104782
p03,2021-12-17T16:00:00Z,1.846677
p03,2021-12-17T17:00:00Z,2.279809
p03,2021-12-17T18:00:00Z,1.577289
p03,2021-12-17T19:00:00Z,3.611893
p03,2021-12-17T20:00:00Z,4.027089
p03,2021-12-17T21:00:00Z,4.390036
p03,2021-12-17T22:00:00Z,4.771116
p03,2021-12-17T23:00:00Z,4.919819
p03,2021-12-18T00:00:00Z,6.293938
p03,2021-12-18T01:00:00Z,6.412731
p03,2021-12-18T02:00:00Z,6.623816
p03,2021-12-18T03:00:00Z,8.347395
p03,2021-12-18T04:00:00Z,8.675512
p03,2021-12-18T05:00:00Z,8.290944
p03,2021-12-18T06:00:00Z,7.848917
p03,2021-12-18T07:00:00Z,7.579767
p03,2021-12-18T08:00:00Z,6.405219
p03,2021-12-18T09:00:00Z,6.973506
p03,2021-12-18T10:00:00Z,5.641330
p03,2021-12-18T11:00:00Z,5.383440
p03,2021-12-18T12:00:00Z,3.917287
p03,2021-12-18T13:00:00Z,4.422895
p03,2021-12-18T14:00:00Z,3.722255
p03,2021-12-18T15:00:00Z,3.105408
p03,2021-12-18T16:00:00Z,1.940271
p03,2021-12-18T17:00:00Z,1.428455
p03,2021-12-18T18:00:00Z,2.688537
p03,2021-12-18T19:00:00Z,3.022876
p03,2021-12-18T20:00:00Z,4.617956
p03,2021-12-18T21:00:00Z,4.548313
p03,2021-12-18T22:00:00Z,4.135781
p03,2021-12-18T23:00:00Z,5.512122
p03,2021-12-19T00:00:00Z,6.237943
p03,2021-12-19T01:00:00Z,6.708937
p03,2021-12-19T02:00:00Z,7.022243
p03,2021-12-19T03:00:00Z,7.947397
p03,2021-12-19T04:00:00Z,7.441404
p03,2021-12-19T05:00:00Z,9.044698
p03,2021-12-19T06:00:00Z,8.663081
p03,2021-12-19T07:00:00Z,7.433839
p03,2021-12-19T08:00:00Z,7.180855
p03,2021-12-19T09:00:00Z,6.080571
p03,2021-12-19T10:00:00Z,6.909001
p03,2021-12-19T11:00:00Z,5.625419
p03,2021-12-19T12:00:00Z,3.291172
p03,2021-12-19T13:00:00Z,4.137553
p03,2021-12-19T14:00:00Z,4.359440
p03,2021-12-19T15:00:00Z,3.124184
p03,2021-12-19T16:00:00Z,3.363470
p03,2021-12-19T17:00:00Z,2.719070
p03,2021-12-19T18:00:00Z,2.629234
p03,2021-12-19T19:00:00Z,2.505554
p03,2021-12-19T20:00:00Z,3.287242
p03,2021-12-19T21:00:00Z,4.367012
p03,2021-12-19T22:00:00Z,5.413486
p03,2021-12-19T23:00:00Z,4.507793
p03,2021-12-20T00:00:00Z,7.061632
p03,2021-12-20T01:00:00Z,6.812894
p03,2021-12-20T02:00:00Z,6.946165
p03,2021-12-20T03:00:00Z,7.560468
p03,2021-12-20T04:00:00Z,8.768559
p03,2021-12-20T05:00:00Z,8.519115
p03,2021-12-20T06:00:00Z,8.960737
p03,2021-12-20T07:00:00Z,7.955399
p03,2021-12-20T08:00:00Z,7.417143
p03,2021-12-20T09:00:00Z,7.184687
p03,2021-12-20T10:00:00Z,5.090231
p03,2021-12-20T11:00:00Z,5.621826
p03,2021-12-20T12:00:00Z,5.193223
p03,2021-12-20T13:00:00Z,3.014418
p03,2021-12-20T14:00:00Z,3.172599
p03,2021-12-20T15:00:00Z,3.331247
p03,2021-12-20T16:00:00Z,2.701542
p03,2021-12-20T17:00:00Z,2.245876
p03,2021-12-20T18:00:00Z,3.049704
p03,2021-12-20T19:00:00Z,3.218967
p03,2021-12-20T20:00:00Z,3.543631
p03,2021-12-20T21:00:00Z,4.496007
p03,2021-12-20T22:00:00Z,4.403079
p03,2021-12-20T23:00:00Z,5.048786
p03,2021-12-21T00:00:00Z,6.695391
p03,2021-12-21T01:00:00Z,7.672592
p03,2021-12-21T02:00:00Z,6.921187
p03,2021-12-21T03:00:00Z,8.330431
p03,2021-12-21T04:00:00Z,8.177027
p03,2021-12-21T05:00:00Z,8.122577
p03,2021-12-21T06:00:00Z,8.213351
p03,2021-12-21T07:00:00Z,8.460690
p03,2021-12-21T08:00:00Z,8.132117
p03,2021-12-21T09:00:00Z,6.064497
p03,2021-12-21T10:00:00Z,6.424565
p03,2021-12-21T11:00:00Z,5.765524
p03,2021-12-21T12:00:00Z,5.450243
p03,2021-12-21T13:00:00Z,3.723634
p03,2021-12-21T14:00:00Z,3.947180
p03,2021-12-21T15:00:00Z,3.149088
p03,2021-12-21T16:00:00Z,3.850321
p03,2021-12-21T17:00:00Z,2.765399
p03,2021-12-21T18:00:00Z,2.507018
p03,2021-12-21T19:00:00Z,3.223001
p03,2021-12-21T20:00:00Z,2.458956
p03,2021-12-21T21:00:00Z,4.749396
p03,2021-12-21T22:00:00Z,5.972990
p03,2021-12-21T23:00:00Z,6.571382
p03,2021-12-22T00:00:00Z,6.303109
p03,2021-12-22T01:00:00Z,8.087951
p03,2021-12-22T02:00:00Z,8.420677
p03,2021-12-22T03:00:00Z,8.202001
p03,2021-12-22T04:00:00Z,8.998331
p03,2021-12-22T05:00:00Z,8.463028
p03,2021-12-22T06:00:00Z,9.124987
p03,2021-12-22T07:00:00Z,8.742479
p03,2021-12-22T08:00:00Z,7.745959
p03,2021-12-22T09:00:00Z,7.662022
p03,2021-12-22T10:00:00Z,6.942972
p03,2021-12-22T11:00:00Z,5.406047
p03,2021-12-22T12:00:00Z,5.623121
p03,2021-12-22T13:00:00Z,3.892801
p03,2021-12-22T14:00:00Z,3.446609
p03,2021-12-22T15:00:00Z,3.457934
p03,2021-12-22T16:00:00Z,2.389839
p03,2021-12-22T17:00:00Z,2.599416
p03,2021-12-22T18:00:00Z,2.927470
p03,2021-12-22T19:00:00Z,3.007485
p03,2021-12-22T20:00:00Z,4.804852
p03,2021-12-22T21:00:00Z,4.218495
p03,2021-12-22T22:00:00Z,4.773708
p03,2021-12-22T23:00:00Z,6.871521
p03,2021-12-23T00:00:00Z,7.191601
p03,2021-12-23T01:00:00Z,6.886226
p03,2021-12-23T02:00:00Z,7.498889
p03,2021-12-23T03:00:00Z,9.014498
p03,2021-12-23T04:00:00Z,9.190930
p03,2021-12-23T05:00:00Z,8.924386
p03,2021-12-23T06:00:00Z,9.441459
p03,2021-12-23T07:00:00Z,8.595892
p03,2021-12-23T08:00:00Z,8.558735
p03,2021-12-23T09:00:00Z,7.122049
p03,2021-12-23T10:00:00Z,7.201342
p03,2021-12-23T11:00:00Z,5.868153
p03,2021-12-23T12:00:00Z,5.392059
p03,2021-12-23T13:00:00Z,4.669853
p03,2021-12-23T14:00:00Z,3.512088
p03,2021-12-23T15:00:00Z,4.148887
p03,2021-12-23T16:00:00Z,3.784560
p03,2021-12-23T17:00:00Z,1.855913
p03,2021-12-23T18:00:00Z,3.846026
p03,2021-12-23T19:00:00Z,3.755388
p03,2021-12-23T20:00:00Z,3.656453
p03,2021-12-23T21:00:00Z,3.902736
p03,2021-12-23T22:00:00Z,4.966940
p03,2021-12-23T23:00:00Z,5.998725
p03,2021-12-24T00:00:00Z,6.555664
p03,2021-12-24T01:00:00Z,7.245094
p03,2021-12-24T02:00:00Z,8.682572
p03,2021-12-24T03:00:00Z,7.834369
p03,2021-12-24T04:00:00Z,8.647244
p03,2021-12-24T05:00:00Z,9.708260
p03,2021-12-24T06:00:00Z,9.265134
p03,2021-12-24T07:00:00Z,8.760992
p03,2021-12-24T08:00:00Z,8.277212
p03,2021-12-24T09:00:00Z,6.609275
p03,2021-12-24T10:00:00Z,6.680308
p03,2021-12-24T11:00:00Z,5.876351
p03,2021-12-24T12:00:00Z,5.646423
p03,2021-12-24T13:00:00Z,4.730617
p03,2021-12-24T14:00:00Z,3.614902
p03,2021-12-24T15:00:00Z,3.753235
p03,2021-12-24T16:00:00Z,2.997986
p03,2021-12-24T17:00:00Z,2.692771
p03,2021-12-24T18:00:00Z,3.849522
p03,2021-12-24T19:00:00Z,3.841990
p03,2021-12-24T20:00:00Z,4.558142
p03,2021-12-24T21:00:00Z,4.925004
p03,2021-12-24T22:00:00Z,6.255876
p03,2021-12-24T23:00:00Z,6.353706
p03,2021-12-25T00:00:00Z,6.579570
p03,2021-12-25T01:00:00Z,6.897788
p03,2021-12-25T02:00:00Z,7.926102
p03,2021-12-25T03:00:00Z,9.189463
p03,2021-12-25T04:00:00Z,9.286907
p03,2021-12-25T05:00:00Z,9.632171
p03,2021-12-25T06:00:00Z,8.994061
p03,2021-12-25T07:00:00Z,7.864405
p03,2021-12-25T08:00:00Z,7.707190
p03,2021-12-25T09:00:00Z,6.928496
p03,2021-12-25T10:00:00Z,7.341683
p03,2021-12-25T11:00:00Z,5.494511
p03,2021-12-25T12:00:00Z,5.538622
p03,2021-12-25T13:00:00Z,4.417951
p03,2021-12-25T14:00:00Z,3.702375
p03,2021-12-25T15:00:00Z,2.666642
p03,2021-12-25T16:00:00Z,3.110983
p03,2021-12-25T17:00:00Z,2.492208
p03,2021-12-25T18:00:00Z,4.253450
p03,2021-12-25T19:00:00Z,4.040347
p03,2021-12-25T20:00:00Z,3.597438
p03,2021-12-25T21:00:00Z,5.027740
p03,2021-12-25T22:00:00Z,5.936126
p03,2021-12-25T23:00:00Z,6.429847
p03,2021-12-26T00:00:00Z,7.924876
p03,2021-12-26T01:00:00Z,7.754073
p03,2021-12-26T02:00:00Z,7.870752
p03,2021-12-26T03:00:00Z,9.189821
p03,2021-12-26T04:00:00Z,8.948105
p03,2021-12-26T05:00:00Z,9.620216
p03,2021-12-26T06:00:00Z,9.286443
p03,2021-12-26T07:00:00Z,9.130457
p03,2021-12-26T08:00:00Z,7.565825
p03,2021-12-26T09:00:00Z,8.357481
p03,2021-12-26T10:00:00Z,7.403630
p03,2021-12-26T11:00:00Z,5.510660
p03,2021-12-26T12:00:00Z,5.948636
p03,2021-12-26T13:00:00Z,4.508065
p03,2021-12-26T14:00:00Z,4.075894
p03,2021-12-26T15:00:00Z,3.722770
p03,2021-12-26T16:00:00Z,2.706519
p03,2021-12-26T17:00:00Z,3.575681
p03,2021-12-26T18:00:00Z,3.258590
p03,2021-12-26T19:00:00Z,3.841570
p03,2021-12-26T20:00:00Z,4.076454
p03,2021-12-26T21:00:00Z,5.250365
p03,2021-12-26T22:00:00Z,6.317693
p03,2021-12-26T23:00:00Z,6.984958
p03,2021-12-27T00:00:00Z,7.649482
p03,2021-12-27T01:00:00Z,7.624562
p03,2021-12-27T02:00:00Z,8.305819
p03,2021-12-27T03:00:00Z,9.785413
p03,2021-12-27T04:00:00Z,9.953070
p03,2021-12-27T05:00:00Z,8.937291
p03,2021-12-27T06:00:00Z,9.274050
p03,2021-12-27T07:00:00Z,9.248192
p03,2021-12-27T08:00:00Z,8.407769
p03,2021-12-27T09:00:00Z,8.415693
p03,2021-12-27T10:00:00Z,6.348204
p03,2021-12-27T11:00:00Z,7.276532
p03,2021-12-27T12:00:00Z,5.673746
p03,2021-12-27T13:00:00Z,4.528091
p03,2021-12-27T14:00:00Z,4.959279
p03,2021-12-27T15:00:00Z,3.634326
p03,2021-12-27T16:00:00Z,3.180033
p03,2021-12-27T17:00:00Z,3.736390
p03,2021-12-27T18:00:00Z,4.235805
p03,2021-12-27T19:00:00Z,4.620131
p03,2021-12-27T20:00:00Z,4.457963
p03,2021-12-27T21:00:00Z,4.978181
p03,2021-12-27T22:00:00Z,5.787250
p03,2021-12-27T23:00:00Z,6.416790
p03,2021-12-28T00:00:00Z,7.747626
p03,2021-12-28T01:00:00Z,8.236395
p03,2021-12-28T02:00:00Z,8.345000
p03,2021-12-28T03:00:00Z,9.105661
p03,2021-12-28T04:00:00Z,9.576555
p03,2021-12-28T05:00:00Z,8.802456
p03,2021-12-28T06:00:00Z,9.165017
p03,2021-12-28T07:00:00Z,9.258820
p03,2021-12-28T08:00:00Z,7.974780
p03,2021-12-28T09:00:00Z,8.480007
p03,2021-12-28T10:00:00Z,7.141868
p03,2021-12-28T11:00:00Z,5.864869
p03,2021-12-28T12:00:00Z,6.830958
p03,2021-12-28T13:00:00Z,4.924658
p03,2021-12-28T14:00:00Z,4.142961
p03,2021-12-28T15:00:00Z,5.052989
p03,2021-12-28T16:00:00Z,3.240085
p03,2021-12-28T17:00:00Z,4.080076
p03,2021-12-28T18:00:00Z,3.424929
p03,2021-12-28T19:00:00Z,4.542666
p03,2021-12-28T20:00:00Z,3.772104
p03,2021-12-28T21:00:00Z,5.319693
p03,2021-12-28T22:00:00Z,6.437826
p03,2021-12-28T23:00:00Z,6.912098
p03,2021-12-29T00:00:00Z,7.206567
p03,2021-12-29T01:00:00Z,8.182934
p03,2021-12-29T02:00:00Z,8.300458
p03,2021-12-29T03:00:00Z,9.617599
p03,2021-12-29T04:00:00Z,9.118540
p03,2021-12-29T05:00:00Z,9.139207
p03,2021-12-29T06:00:00Z,9.644552
p03,2021-12-29T07:00:00Z,9.647730
p03,2021-12-29T08:00:00Z,8.457435
p03,2021-12-29T09:00:00Z,7.454831
p03,2021-12-29T10:00:00Z,7.172849
p03,2021-12-29T11:00:00Z,7.217589
p03,2021-12-29T12:00:00Z,5.675540
p03,2021-12-29T13:00:00Z,4.863333
p03,2021-12-29T14:00:00Z,4.491442
p03,2021-12-29T15:00:00Z,4.436510
p03,2021-12-29T16:00:00Z,4.065555
p03,2021-12-29T17:00:00Z,4.027093
p03,2021-12-29T18:00:00Z,3.767327
p03,2021-12-29T19:00:00Z,3.395663
p03,2021-12-29T20:00:00Z,4.132618
p03,2021-12-29T21:00:00Z,5.333048
p03,2021-12-29T22:00:00Z,5.939470
p03,2021-12-29T23:00:00Z,6.141384
p03,2021-12-30T00:00:00Z,7.511445
p03,2021-12-30T01:00:00Z,7.778196
p03,2021-12-30T02:00:00Z,9.021808
p03,2021-12-30T03:00:00Z,8.812358
p03,2021-12-30T04:00:00Z,9.238530
p03,2021-12-30T05:00:00Z,9.555205
p03,2021-12-30T06:00:00Z,10.294560
p03,2021-12-30T07:00:00Z,8.409595
p03,2021-12-30T08:00:00Z,8.548514
p03,2021-12-30T09:00:00Z,8.855702
p03,2021-12-30T10:00:00Z,6.993235
p03,2021-12-30T11:00:00Z,6.937823
p03,2021-12-30T12:00:00Z,6.475073
p03,2021-12-30T13:00:00Z,5.563228
p03,2021-12-30T14:00:00Z,4.409902
p03,2021-12-30T15:00:00Z,3.128016
p03,2021-12-30T16:00:00Z,3.107549
p03,2021-12-30T17:00:00Z,4.181536
p03,2021-12-30T18:00:00Z,3.806799
p03,2021-12-30T19:00:00Z,4.833646
p03,2021-12-30T20:00:00Z,4.623001
p03,2021-12-30T21:00:00Z,5.334833
p03,2021-12-30T22:00:00Z,6.315357
p03,2021-12-30T23:00:00Z,7.018746
p03,2021-12-31T00:00:00Z,7.563402
p03,2021-12-31T01:00:00Z,8.203018
p03,2021-12-31T02:00:00Z,8.962366
p03,2021-12-31T03:00:00Z,9.613999
p03,2021-12-31T04:00:00Z,9.494029
p03,2021-12-31T05:00:00Z,9.820858
p03,2021-12-31T06:00:00Z,9.837343
p03,2021-12-31T07:00:00Z,8.690452
p03,2021-12-31T08:00:00Z,9.358531
p03,2021-12-31T09:00:00Z,8.712958
p03,2021-12-31T10:00:00Z,8.137524
p03,2021-12-31T11:00:00Z,6.654715
p03,2021-12-31T12:00:00Z,5.743037
p03,2021-12-31T13:00:00Z,5.202145
p03,2021-12-31T14:00:00Z,4.542145
p03,2021-12-31T15:00:00Z,4.582369
p03,2021-12-31T16:00:00Z,4.395355
p03,2021-12-31T17:00:00Z,3.974338
p03,2021-12-31T18:00:00Z,3.833532
p03,2021-12-31T19:00:00Z,4.775717
p03,2021-12-31T20:00:00Z,5.243119
p03,2021-12-31T21:00:00Z,5.909348
p03,2021-12-31T22:00:00Z,6.008490
p03,2021-12-31T23:00:00Z,7.662735
p03,2022-01-01T00:00:00Z,7.222333
p03,2022-01-01T01:00:00Z,8.580242
p03,2022-01-01T02:00:00Z,9.866716
p03,2022-01-01T03:00:00Z,9.205709
p03,2022-01-01T04:00:00Z,10.152854
p03,2022-01-01T05:00:00Z,10.958643
p03,2022-01-01T06:00:00Z,9.940278
p03,2022-01-01T07:00:00Z,10.715238
p03,2022-01-01T08:00:00Z,8.296523
p03,2022-01-01T09:00:00Z,7.925671
p03,2022-01-01T10:00:00Z,7.433435
p03,2022-01-01T11:00:00Z,6.943210
p03,2022-01-01T12:00:00Z,6.394627
p03,2022-01-01T13:00:00Z,5.592023
p03,2022-01-01T14:00:00Z,5.521518
p03,2022-01-01T15:00:00Z,4.266926
p03,2022-01-01T16:00:00Z,4.963129
p03,2022-01-01T17:00:00Z,4.113922
p03,2022-01-01T18:00:00Z,5.342140
p03,2022-01-01T19:00:00Z,4.719692
p03,2022-01-01T20:00:00Z,4.571750
p03,2022-01-01T21:00:00Z,5.508645
p03,2022-01-01T22:00:00Z,6.129163
p03,2022-01-01T23:00:00Z,7.817705
p03,2022-01-02T00:00:00Z,7.916021
p03,2022-01-02T01:00:00Z,8.415424
p03,2022-01-02T02:00:00Z,9.878580
p03,2022-01-02T03:00:00Z,9.296050
p03,2022-01-02T04:00:00Z,9.704343
p03,2022-01-02T05:00:00Z,9.911334
p03,2022-01-02T06:00:00Z,9.520542
p03,2022-01-02T07:00:00Z,10.991780
p03,2022-01-02T08:00:00Z,9.079968
p03,2022-01-02T09:00:00Z,9.280255
p03,2022-01-02T10:00:00Z,8.399741
p03,2022-01-02T11:00:00Z,6.649624
p03,2022-01-02T12:00:00Z,6.044927
p03,2022-01-02T13:00:00Z,5.705456
p03,2022-01-02T14:00:00Z,4.638472
p03,2022-01-02T15:00:00Z,4.461123
p03,2022-01-02T16:00:00Z,4.731963
p03,2022-01-02T17:00:00Z,5.049309
p03,2022-01-02T18:00:00Z,4.227685
p03,2022-01-02T19:00:00Z,4.202470
p03,2022-01-02T20:00:00Z,5.196277
p03,2022-01-02T21:00:00Z,4.374254
p03,2022-01-02T22:00:00Z,6.699029
p03,2022-01-02T23:00:00Z,7.742337
p03,2022-01-03T00:00:00Z,7.834224
p03,2022-01-03T01:00:00Z,8.143882
p03,2022-01-03T02:00:00Z,9.386750
p03,2022-01-03T03:00:00Z,10.575261
p03,2022-01-03T04:00:00Z,9.480874
p03,2022-01-03T05:00:00Z,10.568803
p03,2022-01-03T06:00:00Z,8.966192
p03,2022-01-03T07:00:00Z,9.373710
p03,2022-01-03T08:00:00Z,9.793585
p03,2022-01-03T09:00:00Z,8.891367
p03,2022-01-03T10:00:00Z,8.168664
p03,2022-01-03T11:00:00Z,7.844934
p03,2022-01-03T12:00:00Z,7.273519
p03,2022-01-03T13:00:00Z,6.244275
p03,2022-01-03T14:00:00Z,4.941816
p03,2022-01-03T15:00:00Z,5.130312
p03,2022-01-03T16:00:00Z,4.967912
p03,2022-01-03T17:00:00Z,4.478741
p03,2022-01-03T18:00:00Z,3.278780
p03,2022-01-03T19:00:00Z,4.582510
p03,2022-01-03T20:00:00Z,5.046340
p03,2022-01-03T21:00:00Z,5.894496
p03,2022-01-03T22:00:00Z,7.030089
p03,2022-01-03T23:00:00Z,8.250681
p03,2022-01-04T00:00:00Z,8.647366
p03,2022-01-04T01:00:00Z,9.085717
p03,2022-01-04T02:00:00Z,9.764577
p03,2022-01-04T03:00:00Z,9.860416
p03,2022-01-04T04:00:00Z,10.439357
p03,2022-01-04T05:00:00Z,10.951013
p03,2022-01-04T06:00:00Z,8.980288
p03,2022-01-04T07:00:00Z,10.338947
p03,2022-01-04T08:00:00Z,9.319167
p03,2022-01-04T09:00:00Z,8.693041
p03,2022-01-04T10:00:00Z,8.608618
p03,2022-01-04T11:00:00Z,5.673429
p03,2022-01-04T12:00:00Z,7.064392
p03,2022-01-04T13:00:00Z,5.526656
p03,2022-01-04T14:00:00Z,6.422812
p03,2022-01-04T15:00:00Z,4.896732
p03,2022-01-04T16:00:00Z,4.118982
p03,2022-01-04T17:00:00Z,4.236549
p03,2022-01-04T18:00:00Z,5.402908
p03,2022-01-04T19:00:00Z,4.735093
p03,2022-01-04T20:00:00Z,5.664588
p03,2022-01-04T21:00:00Z,5.743875
p03,2022-01-04T22:00:00Z,6.602182
p03,2022-01-04T23:00:00Z,7.727671
p03,2022-01-05T00:00:00Z,7.925596
p03,2022-01-05T01:00:00Z,8.541210
p03,2022-01-05T02:00:00Z,9.943642
p03,2022-01-05T03:00:00Z,9.630455
p03,2022-01-05T04:00:00Z,9.804119
p03,2022-01-05T05:00:00Z,10.635944
p03,2022-01-05T06:00:00Z,10.487923
p03,2022-01-05T07:00:00Z,10.408028
p03,2022-01-05T08:00:00Z,10.227341
p03,2022-01-05T09:00:00Z,9.332784
p03,2022-01-05T10:00:00Z,8.867945
p03,2022-01-05T11:00:00Z,7.336901
p03,2022-01-05T12:00:00Z,6.696053
p03,2022-01-05T13:00:00Z,6.505210
p03,2022-01-05T14:00:00Z,5.564388
p03,2022-01-05T15:00:00Z,5.005988
p03,2022-01-05T16:00:00Z,5.005308
p03,2022-01-05T17:00:00Z,4.339107
p03,2022-01-05T18:00:00Z,4.842760
p03,2022-01-05T19:00:00Z,5.259576
p03,2022-01-05T20:00:00Z,6.258438
p03,2022-01-05T21:00:00Z,5.975380
p03,2022-01-05T22:00:00Z,6.986464
p03,2022-01-05T23:00:00Z,6.769272
p03,2022-01-06T00:00:00Z,8.645215
p03,2022-01-06T01:00:00Z,8.422376
p03,2022-01-06T02:00:00Z,11.115892
p03,2022-01-06T03:00:00Z,9.946817
p03,2022-01-06T04:00:00Z,9.872957
p03,2022-01-06T05:00:00Z,10.505743
p03,2022-01-06T06:00:00Z,10.361354
p03,2022-01-06T07:00:00Z,10.844229
p03,2022-01-06T08:00:00Z,9.215025
p03,2022-01-06T09:00:00Z,8.214193
p03,2022-01-06T10:00:00Z,8.932194
p03,2022-01-06T11:00:00Z,7.426519
p03,2022-01-06T12:00:00Z,7.244391
p03,2022-01-06T13:00:00Z,6.232047
p03,2022-01-06T14:00:00Z,5.642701
p03,2022-01-06T15:00:00Z,4.615860
p03,2022-01-06T16:00:00Z,4.387035
p03,2022-01-06T17:00:00Z,5.501359
p03,2022-01-06T18:00:00Z,4.818639
p03,2022-01-06T19:00:00Z,6.815031
p03,2022-01-06T20:00:00Z,5.998575
p03,2022-01-06T21:00:00Z,5.161178
p03,2022-01-06T22:00:00Z,7.433436
p03,2022-01-06T23:00:00Z,7.708266
p03,2022-01-07T00:00:00Z,7.917584
p03,2022-01-07T01:00:00Z,9.329617
p03,2022-01-07T02:00:00Z,10.567823
p03,2022-01-07T03:00:00Z,10.933166
p03,2022-01-07T04:00:00Z,11.550923
p03,2022-01-07T05:00:00Z,11.149576
p03,2022-01-07T06:00:00Z,10.415046
p03,2022-01-07T07:00:00Z,10.186443
p03,2022-01-07T08:00:00Z,10.642547
p03,2022-01-07T09:00:00Z,9.032869
p03,2022-01-07T10:00:00Z,8.356710
p03,2022-01-07T11:00:00Z,8.171303
p03,2022-01-07T12:00:00Z,6.431591
p03,2022-01-07T13:00:00Z,5.787137
p03,2022-01-07T14:00:00Z,5.350302
p03,2022-01-07T15:00:00Z,6.091243
p03,2022-01-07T16:00:00Z,5.768765
p03,2022-01-07T17:00:00Z,5.078026
p03,2022-01-07T18:00:00Z,5.158402
p03,2022-01-07T19:00:00Z,5.290295
p03,2022-01-07T20:00:00Z,6.144632
p03,2022-01-07T21:00:00Z,6.913551
p03,2022-01-07T22:00:00Z,6.923926
p03,2022-01-07T23:00:00Z,7.676935
p03,2022-01-08T00:00:00Z,8.010564
p03,2022-01-08T01:00:00Z,8.732831
p03,2022-01-08T02:00:00Z,10.185433
p03,2022-01-08T03:00:00Z,9.785148
p03,2022-01-08T04:00:00Z,11.324067
p03,2022-01-08T05:00:00Z,10.884345
p03,2022-01-08T06:00:00Z,11.212711
p03,2022-01-08T07:00:00Z,9.960487
p03,2022-01-08T08:00:00Z,10.464936
p03,2022-01-08T09:00:00Z,8.771962
p03,2022-01-08T10:00:00Z,9.120404
p03,2022-01-08T11:00:00Z,7.338048
p03,2022-01-08T12:00:00Z,6.392833
p03,2022-01-08T13:00:00Z,6.310451
p03,2022-01-08T14:00:00Z,6.520253
p03,2022-01-08T15:00:00Z,4.788643
p03,2022-01-08T16:00:00Z,4.353803
p03,2022-01-08T17:00:00Z,4.755463
p03,2022-01-08T18:00:00Z,4.889157
p03,2022-01-08T19:00:00Z,5.017304
p03,2022-01-08T20:00:00Z,5.390173
p03,2022-01-08T21:00:00Z,6.149140
p03,2022-01-08T22:00:00Z,7.487730
p03,2022-01-08T23:00:00Z,8.402724
p03,2022-01-09T00:00:00Z,8.115481
p03,2022-01-09T01:00:00Z,9.509655
p03,2022-01-09T02:00:00Z,9.253696
p03,2022-01-09T03:00:00Z,10.527914
p03,2022-01-09T04:00:00Z,11.286163
p03,2022-01-09T05:00:00Z,10.678942
p03,2022-01-09T06:00:00Z,10.745618
p03,2022-01-09T07:00:00Z,11.177932
p03,2022-01-09T08:00:00Z,9.308762
p03,2022-01-09T09:00:00Z,9.590931
p03,2022-01-09T10:00:00Z,8.798176
p03,2022-01-09T11:00:00Z,7.879681
p03,2022-01-09T12:00:00Z,6.381243
p03,2022-01-09T13:00:00Z,6.715297
p03,2022-01-09T14:00:00Z,4.629260
p03,2022-01-09T15:00:00Z,5.142804
p03,2022-01-09T16:00:00Z,5.614367
p03,2022-01-09T17:00:00Z,5.266692
p03,2022-01-09T18:00:00Z,5.171674
p03,2022-01-09T19:00:00Z,5.571505
p03,2022-01-09T20:00:00Z,4.926140
p03,2022-01-09T21:00:00Z,5.586833
p03,2022-01-09T22:00:00Z,7.146500
p03,2022-01-09T23:00:00Z,7.934691
p03,2022-01-10T00:00:00Z,8.597858
p03,2022-01-10T01:00:00Z,9.920943
p03,2022-01-10T02:00:00Z,9.918843
p03,2022-01-10T03:00:00Z,10.503279
p03,2022-01-10T04:00:00Z,11.542475
p03,2022-01-10T05:00:00Z,11.043762
p03,2022-01-10T06:00:00Z,10.893061
p03,2022-01-10T07:00:00Z,11.032008
p03,2022-01-10T08:00:00Z,10.354400
p03,2022-01-10T09:00:00Z,10.563049
p03,2022-01-10T10:00:00Z,8.704666
p03,2022-01-10T11:00:00Z,7.909900
p03,2022-01-10T12:00:00Z,7.220411
p03,2022-01-10T13:00:00Z,6.877250
p03,2022-01-10T14:00:00Z,6.221569
p03,2022-01-10T15:00:00Z,5.268729
p03,2022-01-10T16:00:00Z,5.775705
p03,2022-01-10T17:00:00Z,5.709329
p03,2022-01-10T18:00:00Z,4.634641
p03,2022-01-10T19:00:00Z,5.464776
p03,2022-01-10T20:00:00Z,6.179572
p03,2022-01-10T21:00:00Z,7.258940
p03,2022-01-10T22:00:00Z,7.168363
p03,2022-01-10T23:00:00Z,7.620655
p03,2022-01-11T00:00:00Z,8.866123
p03,2022-01-11T01:00:00Z,9.860778
p03,2022-01-11T02:00:00Z,10.231196
p03,2022-01-11T03:00:00Z,10.620958
p03,2022-01-11T04:00:00Z,11.209117
p03,2022-01-11T05:00:00Z,10.476670
p03,2022-01-11T06:00:00Z,11.456044
p03,2022-01-11T07:00:00Z,10.276243
p03,2022-01-11T08:00:00Z,10.116325
p03,2022-01-11T09:00:00Z,9.828610
p03,2022-01-11T10:00:00Z,8.226772
p03,2022-01-11T11:00:00Z,7.354882
p03,2022-01-11T12:00:00Z,8.079125
p03,2022-01-11T13:00:00Z,6.199316
p03,2022-01-11T14:00:00Z,5.973375
p03,2022-01-11T15:00:00Z,4.717751
p03,2022-01-11T16:00:00Z,6.254928
p03,2022-01-11T17:00:00Z,5.564346
p03,2022-01-11T18:00:00Z,5.335633
p03,2022-01-11T19:00:00Z,4.790652
p03,2022-01-11T20:00:00Z,6.563153
p03,2022-01-11T21:00:00Z,6.915022
p03,2022-01-11T22:00:00Z,7.934528
p03,2022-01-11T23:00:00Z,7.732801
p03,2022-01-12T00:00:00Z,9.133940
p03,2022-01-12T01:00:00Z,9.821377
p03,2022-01-12T02:00:00Z,11.560550
p03,2022-01-12T03:00:00Z,10.717653
p03,2022-01-12T04:00:00Z,10.321030
p03,2022-01-12T05:00:00Z,11.094874
p03,2022-01-12T06:00:00Z,11.212219
p03,2022-01-12T07:00:00Z,10.867235
p03,2022-01-12T08:00:00Z,9.991398
p03,2022-01-12T09:00:00Z,10.665570
p03,2022-01-12T10:00:00Z,9.337644
p03,2022-01-12T11:00:00Z,8.212749
p03,2022-01-12T12:00:00Z,7.053380
p03,2022-01-12T13:00:00Z,7.005819
p03,2022-01-12T14:00:00Z,5.540451
p03,2022-01-12T15:00:00Z,7.251292
p03,2022-01-12T16:00:00Z,5.284219
p03,2022-01-12T17:00:00Z,5.076145
p03,2022-01-12T18:00:00Z,5.500498
p03,2022-01-12T19:00:00Z,5.903380
p03,2022-01-12T20:00:00Z,6.452181
p03,2022-01-12T21:00:00Z,7.706766
p03,2022-01-12T22:00:00Z,7.099409
p03,2022-01-12T23:00:00Z,8.568667
p03,2022-01-13T00:00:00Z,9.370206
p03,2022-01-13T01:00:00Z,10.523230
p03,2022-01-13T02:00:00Z,11.154852
p03,2022-01-13T03:00:00Z,10.424740
p03,2022-01-13T04:00:00Z,10.904870
p03,2022-01-13T05:00:00Z,10.830081
p03,2022-01-13T06:00:00Z,11.234828
p03,2022-01-13T07:00:00Z,11.250004
p03,2022-01-13T08:00:00Z,10.183495
p03,2022-01-13T09:00:00Z,10.661882
p03,2022-01-13T10:00:00Z,9.578665
p03,2022-01-13T11:00:00Z,9.033649
p03,2022-01-13T12:00:00Z,7.849827
p03,2022-01-13T13:00:00Z,6.700953
p03,2022-01-13T14:00:00Z,6.630534
p03,2022-01-13T15:00:00Z,4.868443
p03,2022-01-13T16:00:00Z,5.917235
p03,2022-01-13T17:00:00Z,4.557586
p03,2022-01-13T18:00:00Z,5.693840
p03,2022-01-13T19:00:00Z,5.681271
p03,2022-01-13T20:00:00Z,5.425532
p03,2022-01-13T21:00:00Z,6.572582
p03,2022-01-13T22:00:00Z,7.699962
p03,2022-01-13T23:00:00Z,9.139211
p03,2022-01-14T00:00:00Z,8.907042
p03,2022-01-14T01:00:00Z,10.471689
p03,2022-01-14T02:00:00Z,9.885198
p03,2022-01-14T03:00:00Z,11.449235
p03,2022-01-14T04:00:00Z,11.918404
p03,2022-01-14T05:00:00Z,10.309203
p03,2022-01-14T06:00:00Z,10.973392
p03,2022-01-14T07:00:00Z,10.519573
p03,2022-01-14T08:00:00Z,10.323442
p03,2022-01-14T09:00:00Z,9.767932
p03,2022-01-14T10:00:00Z,9.829636
p03,2022-01-14T11:00:00Z,9.198537
p03,2022-01-14T12:00:00Z,6.849198
p03,2022-01-14T13:00:00Z,7.708373
p03,2022-01-14T14:00:00Z,5.988992
p03,2022-01-14T15:00:00Z,5.323869
p03,2022-01-14T16:00:00Z,5.617062
p03,2022-01-14T17:00:00Z,5.007972
p03,2022-01-14T18:00:00Z,5.212223
p03,2022-01-14T19:00:00Z,5.821481
p03,2022-01-14T20:00:00Z,6.334474
p03,2022-01-14T21:00:00Z,7.618405
p03,2022-01-14T22:00:00Z,7.032878
p03,2022-01-14T23:00:00Z,8.849075
p03,2022-01-15T00:00:00Z,9.799050
p03,2022-01-15T01:00:00Z,9.510709
p03,2022-01-15T02:00:00Z,11.012239
p03,2022-01-15T03:00:00Z,11.118119
p03,2022-01-15T04:00:00Z,11.930414
p03,2022-01-15T05:00:00Z,11.518962
p03,2022-01-15T06:00:00Z,11.759131
p03,2022-01-15T07:00:00Z,11.629294
p03,2022-01-15T08:00:00Z,9.980757
p03,2022-01-15T09:00:00Z,9.919525
p03,2022-01-15T10:00:00Z,9.840754
p03,2022-01-15T11:00:00Z,8.776872
p03,2022-01-15T12:00:00Z,8.620794
p03,2022-01-15T13:00:00Z,7.099371
p03,2022-01-15T14:00:00Z,7.105809
p03,2022-01-15T15:00:00Z,5.729184
p03,2022-01-15T16:00:00Z,4.391673
p03,2022-01-15T17:00:00Z,6.240013
p03,2022-01-15T18:00:00Z,5.771785
p03,2022-01-15T19:00:00Z,5.960404
p03,2022-01-15T20:00:00Z,6.692828
p03,2022-01-15T21:00:00Z,6.435138
p03,2022-01-15T22:00:00Z,9.076068
p03,2022-01-15T23:00:00Z,8.392763
p03,2022-01-16T00:00:00Z,9.463905
p03,2022-01-16T01:00:00Z,10.739976
p03,2022-01-16T02:00:00Z,11.567832
p03,2022-01-16T03:00:00Z,11.484188
p03,2022-01-16T04:00:00Z,11.196891
p03,2022-01-16T05:00:00Z,11.957080
p03,2022-01-16T06:00:00Z,11.555833
p03,2022-01-16T07:00:00Z,11.437526
p03,2022-01-16T08:00:00Z,9.907155
p03,2022-01-16T09:00:00Z,10.083771
p03,2022-01-16T10:00:00Z,10.251531
p03,2022-01-16T11:00:00Z,8.983833
p03,2022-01-16T12:00:00Z,6.982303
p03,2022-01-16T13:00:00Z,7.615112
p03,2022-01-16T14:00:00Z,6.433045
p03,2022-01-16T15:00:00Z,5.319982
p03,2022-01-16T16:00:00Z,5.810353
p03,2022-01-16T17:00:00Z,6.446880
p03,2022-01-16T18:00:00Z,6.472075
p03,2022-01-16T19:00:00Z,6.096756
p03,2022-01-16T20:00:00Z,6.520141
p03,2022-01-16T21:00:00Z,6.606545
p03,2022-01-16T22:00:00Z,7.735295
p03,2022-01-16T23:00:00Z,8.451578
p03,2022-01-17T00:00:00Z,9.694545
p03,2022-01-17T01:00:00Z,9.713019
p03,2022-01-17T02:00:00Z,9.611440
p03,2022-01-17T03:00:00Z,10.888308
p03,2022-01-17T04:00:00Z,10.829648
p03,2022-01-17T05:00:00Z,10.558879
p03,2022-01-17T06:00:00Z,11.609860
p03,2022-01-17T07:00:00Z,12.548591
p03,2022-01-17T08:00:00Z,10.473628
p03,2022-01-17T09:00:00Z,9.754265
p03,2022-01-17T10:00:00Z,9.577621
p03,2022-01-17T11:00:00Z,8.578965
p03,2022-01-17T12:00:00Z,8.673336
p03,2022-01-17T13:00:00Z,6.666430
p03,2022-01-17T14:00:00Z,7.239484
p03,2022-01-17T15:00:00Z,6.589667
p03,2022-01-17T16:00:00Z,5.223173
p03,2022-01-17T17:00:00Z,5.802686
p03,2022-01-17T18:00:00Z,5.331897
p03,2022-01-17T19:00:00Z,5.921113
p03,2022-01-17T20:00:00Z,6.366172
p03,2022-01-17T21:00:00Z,7.035987
p03,2022-01-17T22:00:00Z,8.259093
p03,2022-01-17T23:00:00Z,8.670195
p03,2022-01-18T00:00:00Z,9.085354
p03,2022-01-18T01:00:00Z,10.399585
p03,2022-01-18T02:00:00Z,10.587213
p03,2022-01-18T03:00:00Z,11.625337
p03,2022-01-18T04:00:00Z,12.177044
p03,2022-01-18T05:00:00Z,11.131059
p03,2022-01-18T06:00:00Z,11.547702
p03,2022-01-18T07:00:00Z,11.518711
p03,2022-01-18T08:00:00Z,11.035747
p03,2022-01-18T09:00:00Z,10.410025
p03,2022-01-18T10:00:00Z,10.058155
p03,2022-01-18T11:00:00Z,8.970214
p03,2022-01-18T12:00:00Z,8.562958
p03,2022-01-18T13:00:00Z,7.211510
p03,2022-01-18T14:00:00Z,7.204844
p03,2022-01-18T15:00:00Z,6.211408
p03,2022-01-18T16:00:00Z,6.458603
p03,2022-01-18T17:00:00Z,6.146507
p03,2022-01-18T18:00:00Z,7.232469
p03,2022-01-18T19:00:00Z,6.951192
p03,2022-01-18T20:00:00Z,6.507206
p03,2022-01-18T21:00:00Z,7.072178
p03,2022-01-18T22:00:00Z,7.593478
p03,2022-01-18T23:00:00Z,8.665343
p03,2022-01-19T00:00:00Z,9.592410
p03,2022-01-19T01:00:00Z,10.309039
p03,2022-01-19T02:00:00Z,11.019787
p03,2022-01-19T03:00:00Z,10.574029
p03,2022-01-19T04:00:00Z,10.881311
p03,2022-01-19T05:00:00Z,11.757658
p03,2022-01-19T06:00:00Z,12.098144
p03,2022-01-19T07:00:00Z,12.226844
p03,2022-01-19T08:00:00Z,10.477650
p03,2022-01-19T09:00:00Z,12.029111
p03,2022-01-19T10:00:00Z,9.395208
p03,2022-01-19T11:00:00Z,8.292646
p03,2022-01-19T12:00:00Z,8.167158
p03,2022-01-19T13:00:00Z,7.163476
p03,2022-01-19T14:00:00Z,6.811986
p03,2022-01-19T15:00:00Z,6.015760
p03,2022-01-19T16:00:00Z,5.919928
p03,2022-01-19T17:00:00Z,6.120375
p03,2022-01-19T18:00:00Z,5.724793
p03,2022-01-19T19:00:00Z,6.203379
p03,2022-01-19T20:00:00Z,7.050382
p03,2022-01-19T21:00:00Z,8.228986
p03,2022-01-19T22:00:00Z,7.385172
p03,2022-01-19T23:00:00Z,9.709722
p03,2022-01-20T00:00:00Z,9.431604
p03,2022-01-20T01:00:00Z,10.790585
p03,2022-01-20T02:00:00Z,11.744808
p03,2022-01-20T03:00:00Z,11.749649
p03,2022-01-20T04:00:00Z,11.862377
p03,2022-01-20T05:00:00Z,12.154916
p03,2022-01-20T06:00:00Z,12.314600
p03,2022-01-20T07:00:00Z,11.530445
p03,2022-01-20T08:00:00Z,11.010298
p03,2022-01-20T09:00:00Z,10.227514
p03,2022-01-20T10:00:00Z,9.807345
p03,2022-01-20T11:00:00Z,10.106591
p03,2022-01-20T12:00:00Z,8.172420
p03,2022-01-20T13:00:00Z,7.773783
p03,2022-01-20T14:00:00Z,7.611821
p03,2022-01-20T15:00:00Z,5.708474
p03,2022-01-20T16:00:00Z,5.712330
p03,2022-01-20T17:00:00Z,6.077578
p03,2022-01-20T18:00:00Z,6.071029
p03,2022-01-20T19:00:00Z,6.720871
p03,2022-01-20T20:00:00Z,6.983262
p03,2022-01-20T21:00:00Z,7.504132
p03,2022-01-20T22:00:00Z,9.437980
p03,2022-01-20T23:00:00Z,8.540608
p03,2022-01-21T00:00:00Z,9.521565
p03,2022-01-21T01:00:00Z,10.705245
p03,2022-01-21T02:00:00Z,10.405449
p03,2022-01-21T03:00:00Z,11.304924
p03,2022-01-21T04:00:00Z,11.530709
p03,2022-01-21T05:00:00Z,12.812784
p03,2022-01-21T06:00:00Z,11.830807
p03,2022-01-21T07:00:00Z,12.023185
p03,2022-01-21T08:00:00Z,11.324973
p03,2022-01-21T09:00:00Z,11.116527
p03,2022-01-21T10:00:00Z,9.621376
p03,2022-01-21T11:00:00Z,9.684219
p03,2022-01-21T12:00:00Z,8.388794
p03,2022-01-21T13:00:00Z,8.334964
p03,2022-01-21T14:00:00Z,6.879116
p03,2022-01-21T15:00:00Z,5.942626
p03,2022-01-21T16:00:00Z,6.522001
p03,2022-01-21T17:00:00Z,6.298620
p03,2022-01-21T18:00:00Z,6.489560
p03,2022-01-21T19:00:00Z,6.680474
p03,2022-01-21T20:00:00Z,7.398239
p03,2022-01-21T21:00:00Z,7.306413
p03,2022-01-21T22:00:00Z,8.739921
p03,2022-01-21T23:00:00Z,9.892523
p03,2022-01-22T00:00:00Z,9.602256
p03,2022-01-22T01:00:00Z,11.050136
p03,2022-01-22T02:00:00Z,11.548367
p03,2022-01-22T03:00:00Z,11.533706
p03,2022-01-22T04:00:00Z,12.235739
p03,2022-01-22T05:00:00Z,12.955513
p03,2022-01-22T06:00:00Z,11.804543
p03,2022-01-22T07:00:00Z,12.076100
p03,2022-01-22T08:00:00Z,11.146336
p03,2022-01-22T09:00:00Z,10.824911
p03,2022-01-22T10:00:00Z,9.708720
p03,2022-01-22T11:00:00Z,9.118013
p03,2022-01-22T12:00:00Z,8.720418
p03,2022-01-22T13:00:00Z,6.755079
p03,2022-01-22T14:00:00Z,7.223113
p03,2022-01-22T15:00:00Z,6.896669
p03,2022-01-22T16:00:00Z,6.152049
p03,2022-01-22T17:00:00Z,6.136851
p03,2022-01-22T18:00:00Z,6.163628
p03,2022-01-22T19:00:00Z,7.921077
p03,2022-01-22T20:00:00Z,7.075918
p03,2022-01-22T21:00:00Z,8.892275
p03,2022-01-22T22:00:00Z,9.178803
p03,2022-01-22T23:00:00Z,8.708567
p03,2022-01-23T00:00:00Z,10.636293
p03,2022-01-23T01:00:00Z,10.503629
p03,2022-01-23T02:00:00Z,11.034678
p03,2022-01-23T03:00:00Z,11.378009
p03,2022-01-23T04:00:00Z,11.656206
p03,2022-01-23T05:00:00Z,12.784738
p03,2022-01-23T06:00:00Z,11.732280
p03,2022-01-23T07:00:00Z,12.840256
p03,2022-01-23T08:00:00Z,10.077489
p03,2022-01-23T09:00:00Z,10.574801
p03,2022-01-23T10:00:00Z,10.697949
p03,2022-01-23T11:00:00Z,9.055965
p03,2022-01-23T12:00:00Z,8.648618
p03,2022-01-23T13:00:00Z,8.367274
p03,2022-01-23T14:00:00Z,7.315202
p03,2022-01-23T15:00:00Z,6.833852
p03,2022-01-23T16:00:00Z,7.111468
p03,2022-01-23T17:00:00Z,6.947730
p03,2022-01-23T18:00:00Z,6.895535
p03,2022-01-23T19:00:00Z,6.311591
p03,2022-01-23T20:00:00Z,8.029429
p03,2022-01-23T21:00:00Z,8.058050
p03,2022-01-23T22:00:00Z,8.355543
p03,2022-01-23T23:00:00Z,9.307700
p03,2022-01-24T00:00:00Z,10.318715
p03,2022-01-24T01:00:00Z,10.770260
p03,2022-01-24T02:00:00Z,10.992615
p03,2022-01-24T03:00:00Z,11.795626
p03,2022-01-24T04:00:00Z,11.769467
p03,2022-01-24T05:00:00Z,12.712340
p03,2022-01-24T06:00:00Z,12.624004
p03,2022-01-24T07:00:00Z,12.157575
p03,2022-01-24T08:00:00Z,12.310588
p03,2022-01-24T09:00:00Z,10.417930
p03,2022-01-24T10:00:00Z,10.185570
p03,2022-01-24T11:00:00Z,10.457614
p03,2022-01-24T12:00:00Z,8.404296
p03,2022-01-24T13:00:00Z,7.905143
p03,2022-01-24T14:00:00Z,6.681886
p03,2022-01-24T15:00:00Z,6.853958
p03,2022-01-24T16:00:00Z,7.163604
p03,2022-01-24T17:00:00Z,6.462857
p03,2022-01-24T18:00:00Z,6.934119
p03,2022-01-24T19:00:00Z,7.811729
p03,2022-01-24T20:00:00Z,8.013347
p03,2022-01-24T21:00:00Z,8.760844
p03,2022-01-24T22:00:00Z,8.131441
p03,2022-01-24T23:00:00Z,9.937024
p03,2022-01-25T00:00:00Z,10.709333
p03,2022-01-25T01:00:00Z,10.513322
p03,2022-01-25T02:00:00Z,11.428705
p03,2022-01-25T03:00:00Z,12.595347
p03,2022-01-25T04:00:00Z,12.147220
p03,2022-01-25T05:00:00Z,13.288722
p03,2022-01-25T06:00:00Z,11.493850
p03,2022-01-25T07:00:00Z,12.852251
p03,2022-01-25T08:00:00Z,12.314521
p03,2022-01-25T09:00:00Z,11.227653
p03,2022-01-25T10:00:00Z,9.708853
p03,2022-01-25T11:00:00Z,9.312814
p03,2022-01-25T12:00:00Z,9.002958
p03,2022-01-25T13:00:00Z,7.905044
p03,2022-01-25T14:00:00Z,6.843839
p03,2022-01-25T15:00:00Z,8.286585
p03,2022-01-25T16:00:00Z,6.598588
p03,2022-01-25T17:00:00Z,6.213616
p03,2022-01-25T18:00:00Z,6.275645
p03,2022-01-25T19:00:00Z,6.583109
p03,2022-01-25T20:00:00Z,7.550907
p03,2022-01-25T21:00:00Z,7.155379
p03,2022-01-25T22:00:00Z,8.681197
p03,2022-01-25T23:00:00Z,8.940654
p03,2022-01-26T00:00:00Z,11.480556
p03,2022-01-26T01:00:00Z,10.661477
p03,2022-01-26T02:00:00Z,11.394047
p03,2022-01-26T03:00:00Z,11.853834
p03,2022-01-26T04:00:00Z,12.476963
p03,2022-01-26T05:00:00Z,12.585577
p03,2022-01-26T06:00:00Z,12.247575
p03,2022-01-26T07:00:00Z,12.106553
p03,2022-01-26T08:00:00Z,11.134429
p03,2022-01-26T09:00:00Z,10.123461
p03,2022-01-26T10:00:00Z,10.420830
p03,2022-01-26T11:00:00Z,10.121295
p03,2022-01-26T12:00:00Z,9.331959
p03,2022-01-26T13:00:00Z,7.992886
p03,2022-01-26T14:00:00Z,7.412454
p03,2022-01-26T15:00:00Z,6.230705
p03,2022-01-26T16:00:00Z,7.362053
p03,2022-01-26T17:00:00Z,6.468539
p03,2022-01-26T18:00:00Z,6.313433
p03,2022-01-26T19:00:00Z,6.306619
p03,2022-01-26T20:00:00Z,8.623199
p03,2022-01-26T21:00:00Z,8.544777
p03,2022-01-26T22:00:00Z,8.511273
p03,2022-01-26T23:00:00Z,9.047246
p03,2022-01-27T00:00:00Z,10.830276
p03,2022-01-27T01:00:00Z,11.720387
p03,2022-01-27T02:00:00Z,12.476197
p03,2022-01-27T03:00:00Z,12.805500
p03,2022-01-27T04:00:00Z,12.336363
p03,2022-01-27T05:00:00Z,12.059167
p03,2022-01-27T06:00:00Z,12.343412
p03,2022-01-27T07:00:00Z,12.177178
p03,2022-01-27T08:00:00Z,12.391000
p03,2022-01-27T09:00:00Z,10.644685
p03,2022-01-27T10:00:00Z,10.756976
p03,2022-01-27T11:00:00Z,9.802636
p03,2022-01-27T12:00:00Z,8.413426
p03,2022-01-27T13:00:00Z,7.620497
p03,2022-01-27T14:00:00Z,6.920493
p03,2022-01-27T15:00:00Z,7.772109
p03,2022-01-27T16:00:00Z,6.916614
p03,2022-01-27T17:00:00Z,6.352915
p03,2022-01-27T18:00:00Z,7.691419
p03,2022-01-27T19:00:00Z,7.800208
p03,2022-01-27T20:00:00Z,7.811353
p03,2022-01-27T21:00:00Z,7.229887
p03,2022-01-27T22:00:00Z,9.098515
p03,2022-01-27T23:00:00Z,8.745141
p03,2022-01-28T00:00:00Z,10.473702
p03,2022-01-28T01:00:00Z,10.464426
p03,2022-01-28T02:00:00Z,12.410148
p03,2022-01-28T03:00:00Z,12.726820
p03,2022-01-28T04:00:00Z,12.166940
p03,2022-01-28T05:00:00Z,13.361306
p03,2022-01-28T06:00:00Z,12.888156
p03,2022-01-28T07:00:00Z,11.644727
p03,2022-01-28T08:00:00Z,11.528003
p03,2022-01-28T09:00:00Z,11.805246
p03,2022-01-28T10:00:00Z,11.150096
p03,2022-01-28T11:00:00Z,9.792117
p03,2022-01-28T12:00:00Z,10.046802
p03,2022-01-28T13:00:00Z,8.912736
p03,2022-01-28T14:00:00Z,7.905838
p03,2022-01-28T15:00:00Z,6.182136
p03,2022-01-28T16:00:00Z,6.294824
p03,2022-01-28T17:00:00Z,7.024748
p03,2022-01-28T18:00:00Z,6.031012
p03,2022-01-28T19:00:00Z,7.801778
p03,2022-01-28T20:00:00Z,7.327877
p03,2022-01-28T21:00:00Z,8.084912
p03,2022-01-28T22:00:00Z,9.275982
p03,2022-01-28T23:00:00Z,8.797093
p03,2022-01-29T00:00:00Z,10.297482
p03,2022-01-29T01:00:00Z,11.178565
p03,2022-01-29T02:00:00Z,11.761710
p03,2022-01-29T03:00:00Z,12.165589
p03,2022-01-29T04:00:00Z,13.118422
p03,2022-01-29T05:00:00Z,14.140849
p03,2022-01-29T06:00:00Z,13.372711
p03,2022-01-29T07:00:00Z,12.004100
p03,2022-01-29T08:00:00Z,11.702056
p03,2022-01-29T09:00:00Z,11.137363
p03,2022-01-29T10:00:00Z,10.522988
p03,2022-01-29T11:00:00Z,9.867146
p03,2022-01-29T12:00:00Z,9.493890
p03,2022-01-29T13:00:00Z,8.297117
p03,2022-01-29T14:00:00Z,7.299576
p03,2022-01-29T15:00:00Z,6.338237
p03,2022-01-29T16:00:00Z,6.846093
p03,2022-01-29T17:00:00Z,5.807421
p03,2022-01-29T18:00:00Z,6.041811
p03,2022-01-29T19:00:00Z,7.217594
p03,2022-01-29T20:00:00Z,7.401935
p03,2022-01-29T21:00:00Z,8.940686
p03,2022-01-29T22:00:00Z,9.184086
p03,2022-01-29T23:00:00Z,9.346126
p03,2022-01-30T00:00:00Z,10.480462
p03,2022-01-30T01:00:00Z,11.267183
p03,2022-01-30T02:00:00Z,11.340460
p03,2022-01-30T03:00:00Z,13.093863
p03,2022-01-30T04:00:00Z,12.552971
p03,2022-01-30T05:00:00Z,12.420400
p03,2022-01-30T06:00:00Z,11.895199
p03,2022-01-30T07:00:00Z,11.895721
p03,2022-01-30T08:00:00Z,11.807385
p03,2022-01-30T09:00:00Z,11.471994
p03,2022-01-30T10:00:00Z,10.019973
p03,2022-01-30T11:00:00Z,10.395123
p03,2022-01-30T12:00:00Z,8.864565
p03,2022-01-30T13:00:00Z,8.528984
p03,2022-01-30T14:00:00Z,7.594827
p03,2022-01-30T15:00:00Z,7.066375
p03,2022-01-30T16:00:00Z,6.703418
p03,2022-01-30T17:00:00Z,7.385207
p03,2022-01-30T18:00:00Z,7.219150
p03,2022-01-30T19:00:00Z,6.958371
p03,2022-01-30T20:00:00Z,7.871698
p03,2022-01-30T21:00:00Z,8.241038
p03,2022-01-30T22:00:00Z,9.092452
p03,2022-01-30T23:00:00Z,10.357011
p03,2022-01-31T00:00:00Z,10.705241
p03,2022-01-31T01:00:00Z,11.844936
p03,2022-01-31T02:00:00Z,11.402090
p03,2022-01-31T03:00:00Z,12.738754
p03,2022-01-31T04:00:00Z,11.670983
p03,2022-01-31T05:00:00Z,11.751868
p03,2022-01-31T06:00:00Z,12.949654
p03,2022-01-31T07:00:00Z,13.172839
p03,2022-01-31T08:00:00Z,12.791983
p03,2022-01-31T09:00:00Z,12.211840
p03,2022-01-31T10:00:00Z,10.565521
p03,2022-01-31T11:00:00Z,10.157793
p03,2022-01-31T12:00:00Z,9.074330
p03,2022-01-31T13:00:00Z,8.021436
p03,2022-01-31T14:00:00Z,8.044183
p03,2022-01-31T15:00:00Z,8.230930
p03,2022-01-31T16:00:00Z,6.377485
p03,2022-01-31T17:00:00Z,5.963874
p03,2022-01-31T18:00:00Z,6.875738
p03,2022-01-31T19:00:00Z,7.169586
p03,2022-01-31T20:00:00Z,7.334218
p03,2022-01-31T21:00:00Z,7.707832
p03,2022-01-31T22:00:00Z,9.511041
p03,2022-01-31T23:00:00Z,9.944210
p03,2022-02-01T00:00:00Z,10.693013
p03,2022-02-01T01:00:00Z,11.306944
p03,2022-02-01T02:00:00Z,12.063609
p03,2022-02-01T03:00:00Z,12.033435
p03,2022-02-01T04:00:00Z,12.146793
p03,2022-02-01T05:00:00Z,13.801272
p03,2022-02-01T06:00:00Z,13.515943
p03,2022-02-01T07:00:00Z,12.470101
p03,2022-02-01T08:00:00Z,12.866025
p03,2022-02-01T09:00:00Z,10.858279
p03,2022-02-01T10:00:00Z,11.558624
p03,2022-02-01T11:00:00Z,10.562407
p03,2022-02-01T12:00:00Z,8.651411
p03,2022-02-01T13:00:00Z,8.462222
p03,2022-02-01T14:00:00Z,8.359534
p03,2022-02-01T15:00:00Z,6.796427
p03,2022-02-01T16:00:00Z,7.524792
p03,2022-02-01T17:00:00Z,7.115145
p03,2022-02-01T18:00:00Z,7.393415
p03,2022-02-01T19:00:00Z,7.820070
p03,2022-02-01T20:00:00Z,8.007432
p03,2022-02-01T21:00:00Z,9.438610
p03,2022-02-01T22:00:00Z,9.225169
p03,2022-02-01T23:00:00Z,11.009214
p03,2022-02-02T00:00:00Z,11.342780
p03,2022-02-02T01:00:00Z,11.699135
p03,2022-02-02T02:00:00Z,11.741262
p03,2022-02-02T03:00:00Z,12.541033
p03,2022-02-02T04:00:00Z,12.772153
p03,2022-02-02T05:00:00Z,13.366384
p03,2022-02-02T06:00:00Z,13.052361
p03,2022-02-02T07:00:00Z,12.396086
p03,2022-02-02T08:00:00Z,11.678239
p03,2022-02-02T09:00:00Z,11.962599
p03,2022-02-02T10:00:00Z,10.776719
p03,2022-02-02T11:00:00Z,10.057085
p03,2022-02-02T12:00:00Z,8.640189
p03,2022-02-02T13:00:00Z,8.165052
p03,2022-02-02T14:00:00Z,8.347185
p03,2022-02-02T15:00:00Z,6.930376
p03,2022-02-02T16:00:00Z,6.606329
p03,2022-02-02T17:00:00Z,7.239716
p03,2022-02-02T18:00:00Z,6.597096
p03,2022-02-02T19:00:00Z,8.161791
p03,2022-02-02T20:00:00Z,8.284637
p03,2022-02-02T21:00:00Z,8.883602
p03,2022-02-02T22:00:00Z,9.736899
p03,2022-02-02T23:00:00Z,10.137679
p03,2022-02-03T00:00:00Z,10.840983
p03,2022-02-03T01:00:00Z,11.915302
p03,2022-02-03T02:00:00Z,12.127896
p03,2022-02-03T03:00:00Z,12.822979
p03,2022-02-03T04:00:00Z,12.911768
p03,2022-02-03T05:00:00Z,13.901563
p03,2022-02-03T06:00:00Z,13.464364
p03,2022-02-03T07:00:00Z,12.388235
p03,2022-02-03T08:00:00Z,12.987743
p03,2022-02-03T09:00:00Z,11.112018
p03,2022-02-03T10:00:00Z,10.333345
p03,2022-02-03T11:00:00Z,9.570685
p03,2022-02-03T12:00:00Z,8.265126
p03,2022-02-03T13:00:00Z,9.601690
p03,2022-02-03T14:00:00Z,7.512914
p03,2022-02-03T15:00:00Z,8.452145
p03,2022-02-03T16:00:00Z,6.911650
p03,2022-02-03T17:00:00Z,6.328988
p03,2022-02-03T18:00:00Z,6.824593
p03,2022-02-03T19:00:00Z,7.334829
p03,2022-02-03T20:00:00Z,8.316232
p03,2022-02-03T21:00:00Z,9.215722
p03,2022-02-03T22:00:00Z,10.008876
p03,2022-02-03T23:00:00Z,10.277195
p03,2022-02-04T00:00:00Z,10.371493
p03,2022-02-04T01:00:00Z,11.740835
p03,2022-02-04T02:00:00Z,12.566520
p03,2022-02-04T03:00:00Z,12.871813
p03,2022-02-04T04:00:00Z,13.409295
p03,2022-02-04T05:00:00Z,12.670420
p03,2022-02-04T06:00:00Z,13.595731
p03,2022-02-04T07:00:00Z,12.073256
p03,2022-02-04T08:00:00Z,13.045060
p03,2022-02-04T09:00:00Z,12.029115
p03,2022-02-04T10:00:00Z,10.732673
p03,2022-02-04T11:00:00Z,9.668004
p03,2022-02-04T12:00:00Z,9.622455
p03,2022-02-04T13:00:00Z,8.844560
p03,2022-02-04T14:00:00Z,7.398520
p03,2022-02-04T15:00:00Z,8.438606
p03,2022-02-04T16:00:00Z,7.412319
p03,2022-02-04T17:00:00Z,7.050502
p03,2022-02-04T18:00:00Z,6.674155
p03,2022-02-04T19:00:00Z,7.863352
p03,2022-02-04T20:00:00Z,8.447439
p03,2022-02-04T21:00:00Z,7.992850
p03,2022-02-04T22:00:00Z,8.831626
p03,2022-02-04T23:00:00Z,10.089990
p03,2022-02-05T00:00:00Z,9.518914
p03,2022-02-05T01:00:00Z,11.162143
p03,2022-02-05T02:00:00Z,12.453899
p03,2022-02-05T03:00:00Z,13.754217
p03,2022-02-05T04:00:00Z,13.532041
p03,2022-02-05T05:00:00Z,12.994081
p03,2022-02-05T06:00:00Z,13.137551
p03,2022-02-05T07:00:00Z,12.754774
p03,2022-02-05T08:00:00Z,12.428132
p03,2022-02-05T09:00:00Z,12.007115
p03,2022-02-05T10:00:00Z,10.445818
p03,2022-02-05T11:00:00Z,9.733720
p03,2022-02-05T12:00:00Z,8.999921
p03,2022-02-05T13:00:00Z,8.224291
p03,2022-02-05T14:00:00Z,8.868458
p03,2022-02-05T15:00:00Z,6.796627
p03,2022-02-05T16:00:00Z,7.995983
p03,2022-02-05T17:00:00Z,6.416325
p03,2022-02-05T18:00:00Z,8.730484
p03,2022-02-05T19:00:00Z,8.196377
p03,2022-02-05T20:00:00Z,7.712688
p03,2022-02-05T21:00:00Z,8.445795
p03,2022-02-05T22:00:00Z,9.555199
p03,2022-02-05T23:00:00Z,10.300974
p03,2022-02-06T00:00:00Z,10.915732
p03,2022-02-06T01:00:00Z,11.641409
p03,2022-02-06T02:00:00Z,12.364035
p03,2022-02-06T03:00:00Z,13.099887
p03,2022-02-06T04:00:00Z,13.392088
p03,2022-02-06T05:00:00Z,13.744999
p03,2022-02-06T06:00:00Z,13.271208
p03,2022-02-06T07:00:00Z,13.743658
p03,2022-02-06T08:00:00Z,12.549318
p03,2022-02-06T09:00:00Z,12.375860
p03,2022-02-06T10:00:00Z,11.112158
p03,2022-02-06T11:00:00Z,10.646865
p03,2022-02-06T12:00:00Z,9.354715
p03,2022-02-06T13:00:00Z,8.486456
p03,2022-02-06T14:00:00Z,7.334166
p03,2022-02-06T15:00:00Z,8.074087
p03,2022-02-06T16:00:00Z,7.157061
p03,2022-02-06T17:00:00Z,7.707775
p03,2022-02-06T18:00:00Z,7.711216
p03,2022-02-06T19:00:00Z,7.998535
p03,2022-02-06T20:00:00Z,8.210726
p03,2022-02-06T21:00:00Z,9.486244
p03,2022-02-06T22:00:00Z,9.433107
p03,2022-02-06T23:00:00Z,10.265021
p03,2022-02-07T00:00:00Z,10.972525
p03,2022-02-07T01:00:00Z,11.307418
p03,2022-02-07T02:00:00Z,12.929731
p03,2022-02-07T03:00:00Z,12.635298
p03,2022-02-07T04:00:00Z,13.450097
p03,2022-02-07T05:00:00Z,12.831946
p03,2022-02-07T06:00:00Z,13.892576
p03,2022-02-07T07:00:00Z,12.582944
p03,2022-02-07T08:00:00Z,11.760898
p03,2022-02-07T09:00:00Z,11.950588
p03,2022-02-07T10:00:00Z,11.223363
p03,2022-02-07T11:00:00Z,11.299407
p03,2022-02-07T12:00:00Z,9.793143
p03,2022-02-07T13:00:00Z,9.179028
p03,2022-02-07T14:00:00Z,9.061206
p03,2022-02-07T15:00:00Z,6.467324
p03,2022-02-07T16:00:00Z,7.183102
p03,2022-02-07T17:00:00Z,7.933875
p03,2022-02-07T18:00:00Z,6.727812
p03,2022-02-07T19:00:00Z,7.993670
p03,2022-02-07T20:00:00Z,8.000778
p03,2022-02-07T21:00:00Z,8.859071
p03,2022-02-07T22:00:00Z,9.641765
p03,2022-02-07T23:00:00Z,10.233963
p03,2022-02-08T00:00:00Z,11.701792
p03,2022-02-08T01:00:00Z,11.480155
p03,2022-02-08T02:00:00Z,12.131958
p03,2022-02-08T03:00:00Z,13.020149
p03,2022-02-08T04:00:00Z,13.884703
p03,2022-02-08T05:00:00Z,13.119132
p03,2022-02-08T06:00:00Z,13.884922
p03,2022-02-08T07:00:00Z,13.445086
p03,2022-02-08T08:00:00Z,12.977809
p03,2022-02-08T09:00:00Z,11.960589
p03,2022-02-08T10:00:00Z,11.641152
p03,2022-02-08T11:00:00Z,10.362002
p03,2022-02-08T12:00:00Z,10.591117
p03,2022-02-08T13:00:00Z,8.877960
p03,2022-02-08T14:00:00Z,8.240643
p03,2022-02-08T15:00:00Z,7.003074
p03,2022-02-08T16:00:00Z,8.507396
p03,2022-02-08T17:00:00Z,7.538036
p03,2022-02-08T18:00:00Z,7.423883
p03,2022-02-08T19:00:00Z,7.674695
p03,2022-02-08T20:00:00Z,8.349489
p03,2022-02-08T21:00:00Z,9.118493
p03,2022-02-08T22:00:00Z,8.525412
p03,2022-02-08T23:00:00Z,10.231205
p03,2022-02-09T00:00:00Z,11.136216
p03,2022-02-09T01:00:00Z,11.390311
p03,2022-02-09T02:00:00Z,12.457604
p03,2022-02-09T03:00:00Z,12.692073
p03,2022-02-09T04:00:00Z,12.856689
p03,2022-02-09T05:00:00Z,13.029198
p03,2022-02-09T06:00:00Z,14.038354
p03,2022-02-09T07:00:00Z,13.580703
p03,2022-02-09T08:00:00Z,11.782753
p03,2022-02-09T09:00:00Z,12.603583
p03,2022-02-09T10:00:00Z,11.753497
p03,2022-02-09T11:00:00Z,10.269816
p03,2022-02-09T12:00:00Z,9.177926
p03,2022-02-09T13:00:00Z,9.628131
p03,2022-02-09T14:00:00Z,8.137579
p03,2022-02-09T15:00:00Z,7.891609
p03,2022-02-09T16:00:00Z,7.802922
p03,2022-02-09T17:00:00Z,6.856833
p03,2022-02-09T18:00:00Z,7.731813
p03,2022-02-09T19:00:00Z,7.873574
p03,2022-02-09T20:00:00Z,8.601543
p03,2022-02-09T21:00:00Z,9.325889
p03,2022-02-09T22:00:00Z,10.236721
p03,2022-02-09T23:00:00Z,10.863897
p03,2022-02-10T00:00:00Z,11.828561
p03,2022-02-10T01:00:00Z,12.121404
p03,2022-02-10T02:00:00Z,13.222980
p03,2022-02-10T03:00:00Z,12.121018
p03,2022-02-10T04:00:00Z,13.516401
p03,2022-02-10T05:00:00Z,13.485072
p03,2022-02-10T06:00:00Z,13.504131
p03,2022-02-10T07:00:00Z,12.890806
p03,2022-02-10T08:00:00Z,13.592379
p03,2022-02-10T09:00:00Z,12.620345
p03,2022-02-10T10:00:00Z,11.778114
p03,2022-02-10T11:00:00Z,10.303615
p03,2022-02-10T12:00:00Z,10.236461
p03,2022-02-10T13:00:00Z,9.437929
p03,2022-02-10T14:00:00Z,8.462627
p03,2022-02-10T15:00:00Z,7.628382
p03,2022-02-10T16:00:00Z,7.035175
p03,2022-02-10T17:00:00Z,8.036162
p03,2022-02-10T18:00:00Z,8.181070
p03,2022-02-10T19:00:00Z,8.224262
p03,2022-02-10T20:00:00Z,8.896492
p03,2022-02-10T21:00:00Z,9.060623
p03,2022-02-10T22:00:00Z,9.133021
p03,2022-02-10T23:00:00Z,10.055807
p03,2022-02-11T00:00:00Z,11.151039
p03,2022-02-11T01:00:00Z,13.080856
p03,2022-02-11T02:00:00Z,13.242026
p03,2022-02-11T03:00:00Z,13.926136
p03,2022-02-11T04:00:00Z,13.122639
p03,2022-02-11T05:00:00Z,13.669615
p03,2022-02-11T06:00:00Z,14.423321
p03,2022-02-11T07:00:00Z,13.830212
p03,2022-02-11T08:00:00Z,12.976649
p03,2022-02-11T09:00:00Z,12.212045
p03,2022-02-11T10:00:00Z,11.316364
p03,2022-02-11T11:00:00Z,10.169353
p03,2022-02-11T12:00:00Z,9.164114
p03,2022-02-11T13:00:00Z,9.569034
p03,2022-02-11T14:00:00Z,8.203680
p03,2022-02-11T15:00:00Z,8.136548
p03,2022-02-11T16:00:00Z,6.736901
p03,2022-02-11T17:00:00Z,6.504875
p03,2022-02-11T18:00:00Z,7.253814
p03,2022-02-11T19:00:00Z,7.700430
p03,2022-02-11T20:00:00Z,8.035140
p03,2022-02-11T21:00:00Z,9.535911
p03,2022-02-11T22:00:00Z,9.823195
p03,2022-02-11T23:00:00Z,11.514117
p03,2022-02-12T00:00:00Z,11.285168
p03,2022-02-12T01:00:00Z,12.435498
p03,2022-02-12T02:00:00Z,12.929746
p03,2022-02-12T03:00:00Z,13.824176
p03,2022-02-12T04:00:00Z,12.430609
p03,2022-02-12T05:00:00Z,13.539988
p03,2022-02-12T06:00:00Z,13.205751
p03,2022-02-12T07:00:00Z,14.011635
p03,2022-02-12T08:00:00Z,12.636161
p03,2022-02-12T09:00:00Z,12.284208
p03,2022-02-12T10:00:00Z,10.702971
p03,2022-02-12T11:00:00Z,11.068925
p03,2022-02-12T12:00:00Z,8.369348
p03,2022-02-12T13:00:00Z,8.645669
p03,2022-02-12T14:00:00Z,7.734151
p03,2022-02-12T15:00:00Z,7.636458
p03,2022-02-12T16:00:00Z,7.141602
p03,2022-02-12T17:00:00Z,7.632599
p03,2022-02-12T18:00:00Z,7.562724
p03,2022-02-12T19:00:00Z,7.952712
p03,2022-02-12T20:00:00Z,8.673266
p03,2022-02-12T21:00:00Z,8.474356
p03,2022-02-12T22:00:00Z,9.949125
p03,2022-02-12T23:00:00Z,10.167055
p03,2022-02-13T00:00:00Z,11.377577
p03,2022-02-13T01:00:00Z,12.237535
p03,2022-02-13T02:00:00Z,13.026153
p03,2022-02-13T03:00:00Z,14.759549
p03,2022-02-13T04:00:00Z,12.774903
p03,2022-02-13T05:00:00Z,13.737503
p03,2022-02-13T06:00:00Z,13.705983
p03,2022-02-13T07:00:00Z,12.465067
p03,2022-02-13T08:00:00Z,13.296129
p03,2022-02-13T09:00:00Z,12.050262
p03,2022-02-13T10:00:00Z,12.329319
p03,2022-02-13T11:00:00Z,10.529171
p03,2022-02-13T12:00:00Z,10.175354
p03,2022-02-13T13:00:00Z,9.559546
p03,2022-02-13T14:00:00Z,8.470218
p03,2022-02-13T15:00:00Z,8.089819
p03,2022-02-13T16:00:00Z,7.681015
p03,2022-02-13T17:00:00Z,8.125718
p03,2022-02-13T18:00:00Z,7.907581
p03,2022-02-13T19:00:00Z,8.235886
p03,2022-02-13T20:00:00Z,8.187792
p03,2022-02-13T21:00:00Z,9.387381
p03,2022-02-13T22:00:00Z,9.266958
p03,2022-02-13T23:00:00Z,11.107915
p03,2022-02-14T00:00:00Z,11.992441
p03,2022-02-14T01:00:00Z,12.111529
p03,2022-02-14T02:00:00Z,12.495595
p03,2022-02-14T03:00:00Z,13.010138
p03,2022-02-14T04:00:00Z,13.283237
p03,2022-02-14T05:00:00Z,13.712094
p03,2022-02-14T06:00:00Z,13.338998
p03,2022-02-14T07:00:00Z,12.982346
p03,2022-02-14T08:00:00Z,12.129490
p03,2022-02-14T09:00:00Z,12.850306
p03,2022-02-14T10:00:00Z,11.652160
p03,2022-02-14T11:00:00Z,11.212331
p03,2022-02-14T12:00:00Z,9.180930
p03,2022-02-14T13:00:00Z,9.419352
p03,2022-02-14T14:00:00Z,7.958658
p03,2022-02-14T15:00:00Z,8.254959
p03,2022-02-14T16:00:00Z,8.262624
p03,2022-02-14T17:00:00Z,7.248168
p03,2022-02-14T18:00:00Z,7.186535
p03,2022-02-14T19:00:00Z,7.995032
p03,2022-02-14T20:00:00Z,8.776748
p03,2022-02-14T21:00:00Z,9.224564
p03,2022-02-14T22:00:00Z,10.067031
p03,2022-02-14T23:00:00Z,9.664927
p03,2022-02-15T00:00:00Z,11.071755
p03,2022-02-15T01:00:00Z,11.668001
p03,2022-02-15T02:00:00Z,12.893527
p03,2022-02-15T03:00:00Z,14.149942
p03,2022-02-15T04:00:00Z,13.856907
p03,2022-02-15T05:00:00Z,13.342454
p03,2022-02-15T06:00:00Z,14.063293
p03,2022-02-15T07:00:00Z,13.833247
p03,2022-02-15T08:00:00Z,13.795388
p03,2022-02-15T09:00:00Z,12.807068
p03,2022-02-15T10:00:00Z,11.511025
p03,2022-02-15T11:00:00Z,11.785492
p03,2022-02-15T12:00:00Z,10.927045
p03,2022-02-15T13:00:00Z,8.793212
p03,2022-02-15T14:00:00Z,8.943015
p03,2022-02-15T15:00:00Z,7.620119
p03,2022-02-15T16:00:00Z,7.393247
p03,2022-02-15T17:00:00Z,7.065332
p03,2022-02-15T18:00:00Z,7.428574
p03,2022-02-15T19:00:00Z,8.060606
p03,2022-02-15T20:00:00Z,8.678455
p03,2022-02-15T21:00:00Z,7.471983
p03,2022-02-15T22:00:00Z,10.650585
p03,2022-02-15T23:00:00Z,10.739857
p03,2022-02-16T00:00:00Z,12.066519
p03,2022-02-16T01:00:00Z,11.785205
p03,2022-02-16T02:00:00Z,12.366218
p03,2022-02-16T03:00:00Z,12.812674
p03,2022-02-16T04:00:00Z,13.359735
p03,2022-02-16T05:00:00Z,14.442413
p03,2022-02-16T06:00:00Z,13.543881
p03,2022-02-16T07:00:00Z,14.617896
p03,2022-02-16T08:00:00Z,12.950001
p03,2022-02-16T09:00:00Z,12.422043
p03,2022-02-16T10:00:00Z,11.301084
p03,2022-02-16T11:00:00Z,10.087587
p03,2022-02-16T12:00:00Z,10.629124
p03,2022-02-16T13:00:00Z,9.842219
p03,2022-02-16T14:00:00Z,8.204332
p03,2022-02-16T15:00:00Z,8.025060
p03,2022-02-16T16:00:00Z,7.166960
p03,2022-02-16T17:00:00Z,8.246656
p03,2022-02-16T18:00:00Z,7.960905
p03,2022-02-16T19:00:00Z,8.065188
p03,2022-02-16T20:00:00Z,8.225923
p03,2022-02-16T21:00:00Z,9.059004
p03,2022-02-16T22:00:00Z,9.770386
p03,2022-02-16T23:00:00Z,10.656136
p03,2022-02-17T00:00:00Z,12.236916
p03,2022-02-17T01:00:00Z,11.902583
p03,2022-02-17T02:00:00Z,13.746379
p03,2022-02-17T03:00:00Z,13.178243
p03,2022-02-17T04:00:00Z,13.758770
p03,2022-02-17T05:00:00Z,13.851868
p03,2022-02-17T06:00:00Z,14.011202
p03,2022-02-17T07:00:00Z,12.715490
p03,2022-02-17T08:00:00Z,12.033142
p03,2022-02-17T09:00:00Z,12.070865
p03,2022-02-17T10:00:00Z,11.009761
p03,2022-02-17T11:00:00Z,10.807758
p03,2022-02-17T12:00:00Z,9.633779
p03,2022-02-17T13:00:00Z,9.500893
p03,2022-02-17T14:00:00Z,8.194692
p03,2022-02-17T15:00:00Z,8.434797
p03,2022-02-17T16:00:00Z,7.906881
p03,2022-02-17T17:00:00Z,7.892580
p03,2022-02-17T18:00:00Z,7.413393
p03,2022-02-17T19:00:00Z,7.434115
p03,2022-02-17T20:00:00Z,8.664155
p03,2022-02-17T21:00:00Z,9.816412
p03,2022-02-17T22:00:00Z,10.577399
p03,2022-02-17T23:00:00Z,10.908330
p03,2022-02-18T00:00:00Z,11.495995
p03,2022-02-18T01:00:00Z,12.709010
p03,2022-02-18T02:00:00Z,12.591749
p03,2022-02-18T03:00:00Z,13.466705
p03,2022-02-18T04:00:00Z,13.014997
p03,2022-02-18T05:00:00Z,13.251857
p03,2022-02-18T06:00:00Z,13.569719
p03,2022-02-18T07:00:00Z,14.078936
p03,2022-02-18T08:00:00Z,13.265576
p03,2022-02-18T09:00:00Z,11.985584
p03,2022-02-18T10:00:00Z,11.069970
p03,2022-02-18T11:00:00Z,10.629617
p03,2022-02-18T12:00:00Z,9.793600
p03,2022-02-18T13:00:00Z,9.964311
p03,2022-02-18T14:00:00Z,9.298850
p03,2022-02-18T15:00:00Z,8.059326
p03,2022-02-18T16:00:00Z,7.241843
p03,2022-02-18T17:00:00Z,7.287670
p03,2022-02-18T18:00:00Z,8.692114
p03,2022-02-18T19:00:00Z,8.767353
p03,2022-02-18T20:00:00Z,8.718048
p03,2022-02-18T21:00:00Z,8.800599
p03,2022-02-18T22:00:00Z,9.680745
p03,2022-02-18T23:00:00Z,10.842868
p03,2022-02-19T00:00:00Z,11.496097
p03,2022-02-19T01:00:00Z,11.333008
p03,2022-02-19T02:00:00Z,12.962407
p03,2022-02-19T03:00:00Z,13.913687
p03,2022-02-19T04:00:00Z,13.378707
p03,2022-02-19T05:00:00Z,13.949905
p03,2022-02-19T06:00:00Z,14.178989
p03,2022-02-19T07:00:00Z,13.662876
p03,2022-02-19T08:00:00Z,12.840183
p03,2022-02-19T09:00:00Z,11.277036
p03,2022-02-19T10:00:00Z,12.612460
p03,2022-02-19T11:00:00Z,11.529237
p03,2022-02-19T12:00:00Z,10.915605
p03,2022-02-19T13:00:00Z,8.385787
p03,2022-02-19T14:00:00Z,8.554048
p03,2022-02-19T15:00:00Z,7.716668
p03,2022-02-19T16:00:00Z,8.219714
p03,2022-02-19T17:00:00Z,8.028748
p03,2022-02-19T18:00:00Z,7.962400
p03,2022-02-19T19:00:00Z,8.328335
p03,2022-02-19T20:00:00Z,8.516136
p03,2022-02-19T21:00:00Z,9.593415
p03,2022-02-19T22:00:00Z,10.147243
p03,2022-02-19T23:00:00Z,10.676451
p03,2022-02-20T00:00:00Z,11.329802
p03,2022-02-20T01:00:00Z,12.565001
p03,2022-02-20T02:00:00Z,13.454939
p03,2022-02-20T03:00:00Z,12.920846
p03,2022-02-20T04:00:00Z,13.488996
p03,2022-02-20T05:00:00Z,13.835863
p03,2022-02-20T06:00:00Z,13.618976
p03,2022-02-20T07:00:00Z,13.866834
p03,2022-02-20T08:00:00Z,13.237842
p03,2022-02-20T09:00:00Z,12.501564
p03,2022-02-20T10:00:00Z,11.444636
p03,2022-02-20T11:00:00Z,11.587941
p03,2022-02-20T12:00:00Z,10.917797
p03,2022-02-20T13:00:00Z,8.520420
p03,2022-02-20T14:00:00Z,8.092746
p03,2022-02-20T15:00:00Z,7.016841
p03,2022-02-20T16:00:00Z,8.109528
p03,2022-02-20T17:00:00Z,8.663722
p03,2022-02-20T18:00:00Z,7.769938
p03,2022-02-20T19:00:00Z,9.325132
p03,2022-02-20T20:00:00Z,8.036834
p03,2022-02-20T21:00:00Z,9.430254
p03,2022-02-20T22:00:00Z,9.557012
p03,2022-02-20T23:00:00Z,10.283140
p03,2022-02-21T00:00:00Z,11.482084
p03,2022-02-21T01:00:00Z,12.286418
p03,2022-02-21T02:00:00Z,12.386637
p03,2022-02-21T03:00:00Z,13.713563
p03,2022-02-21T04:00:00Z,14.166441
p03,2022-02-21T05:00:00Z,13.791656
p03,2022-02-21T06:00:00Z,13.370084
p03,2022-02-21T07:00:00Z,14.239165
p03,2022-02-21T08:00:00Z,12.947841
p03,2022-02-21T09:00:00Z,12.578729
p03,2022-02-21T10:00:00Z,11.668535
p03,2022-02-21T11:00:00Z,11.589802
p03,2022-02-21T12:00:00Z,10.331476
p03,2022-02-21T13:00:00Z,8.825069
p03,2022-02-21T14:00:00Z,9.216430
p03,2022-02-21T15:00:00Z,7.526048
p03,2022-02-21T16:00:00Z,7.892322
p03,2022-02-21T17:00:00Z,8.342822
p03,2022-02-21T18:00:00Z,6.944867
p03,2022-02-21T19:00:00Z,8.194450
p03,2022-02-21T20:00:00Z,9.702718
p03,2022-02-21T21:00:00Z,9.628638
p03,2022-02-21T22:00:00Z,11.000869
p03,2022-02-21T23:00:00Z,10.175819
p03,2022-02-22T00:00:00Z,12.069782
p03,2022-02-22T01:00:00Z,12.733958
p03,2022-02-22T02:00:00Z,13.070972
p03,2022-02-22T03:00:00Z,12.920991
p03,2022-02-22T04:00:00Z,14.364265
p03,2022-02-22T05:00:00Z,13.043776
p03,2022-02-22T06:00:00Z,13.717572
p03,2022-02-22T07:00:00Z,13.393801
p03,2022-02-22T08:00:00Z,12.801367
p03,2022-02-22T09:00:00Z,11.352057
p03,2022-02-22T10:00:00Z,11.039370
p03,2022-02-22T11:00:00Z,10.905046
p03,2022-02-22T12:00:00Z,10.048376
p03,2022-02-22T13:00:00Z,8.988135
p03,2022-02-22T14:00:00Z,9.105082
p03,2022-02-22T15:00:00Z,8.130454
p03,2022-02-22T16:00:00Z,7.793102
p03,2022-02-22T17:00:00Z,8.035896
p03,2022-02-22T18:00:00Z,7.966479
p03,2022-02-22T19:00:00Z,8.201293
p03,2022-02-22T20:00:00Z,7.961942
p03,2022-02-22T21:00:00Z,8.352287
p03,2022-02-22T22:00:00Z,10.417907
p03,2022-02-22T23:00:00Z,11.439054
p03,2022-02-23T00:00:00Z,11.010555
p03,2022-02-23T01:00:00Z,12.052403
p03,2022-02-23T02:00:00Z,12.998682
p03,2022-02-23T03:00:00Z,12.910591
p03,2022-02-23T04:00:00Z,14.225439
p03,2022-02-23T05:00:00Z,13.435355
p03,2022-02-23T06:00:00Z,14.424029
p03,2022-02-23T07:00:00Z,14.054734
p03,2022-02-23T08:00:00Z,12.431666
p03,2022-02-23T09:00:00Z,13.157924
p03,2022-02-23T10:00:00Z,10.464010
p03,2022-02-23T11:00:00Z,10.559995
p03,2022-02-23T12:00:00Z,10.977362
p03,2022-02-23T13:00:00Z,9.730088
p03,2022-02-23T14:00:00Z,8.913527
p03,2022-02-23T15:00:00Z,8.264594
p03,2022-02-23T16:00:00Z,8.164885
p03,2022-02-23T17:00:00Z,8.295003
p03,2022-02-23T18:00:00Z,7.941354
p03,2022-02-23T19:00:00Z,8.759092
p03,2022-02-23T20:00:00Z,8.547470
p03,2022-02-23T21:00:00Z,9.612875
p03,2022-02-23T22:00:00Z,10.449074
p03,2022-02-23T23:00:00Z,10.966672
p03,2022-02-24T00:00:00Z,12.336886
p03,2022-02-24T01:00:00Z,11.662588
p03,2022-02-24T02:00:00Z,12.646571
p03,2022-02-24T03:00:00Z,13.725075
p03,2022-02-24T04:00:00Z,14.030551
p03,2022-02-24T05:00:00Z,15.056188
p03,2022-02-24T06:00:00Z,13.698831
p03,2022-02-24T07:00:00Z,13.580199
p03,2022-02-24T08:00:00Z,13.316707
p03,2022-02-24T09:00:00Z,12.013280
p03,2022-02-24T10:00:00Z,11.480497
p03,2022-02-24T11:00:00Z,11.065153
p03,2022-02-24T12:00:00Z,11.006567
p03,2022-02-24T13:00:00Z,9.213770
p03,2022-02-24T14:00:00Z,8.015040
p03,2022-02-24T15:00:00Z,8.570644
p03,2022-02-24T16:00:00Z,8.179952
p03,2022-02-24T17:00:00Z,7.680623
p03,2022-02-24T18:00:00Z,7.718546
p03,2022-02-24T19:00:00Z,8.257801
p03,2022-02-24T20:00:00Z,8.002369
p03,2022-02-24T21:00:00Z,9.417049
p03,2022-02-24T22:00:00Z,10.618942
p03,2022-02-24T23:00:00Z,10.921304
p03,2022-02-25T00:00:00Z,11.699144
p03,2022-02-25T01:00:00Z,13.173246
p03,2022-02-25T02:00:00Z,13.326580
p03,2022-02-25T03:00:00Z,13.314467
p03,2022-02-25T04:00:00Z,13.430618
p03,2022-02-25T05:00:00Z,14.200861
p03,2022-02-25T06:00:00Z,13.572914
p03,2022-02-25T07:00:00Z,13.293558
p03,2022-02-25T08:00:00Z,13.575940
p03,2022-02-25T09:00:00Z,12.610108
p03,2022-02-25T10:00:00Z,12.594383
p03,2022-02-25T11:00:00Z,11.206423
p03,2022-02-25T12:00:00Z,9.793406
p03,2022-02-25T13:00:00Z,9.179502
p03,2022-02-25T14:00:00Z,8.770775
p03,2022-02-25T15:00:00Z,8.423966
p03,2022-02-25T16:00:00Z,8.422007
p03,2022-02-25T17:00:00Z,8.527792
p03,2022-02-25T18:00:00Z,7.595993
p03,2022-02-25T19:00:00Z,8.398732
p03,2022-02-25T20:00:00Z,8.267685
p03,2022-02-25T21:00:00Z,9.170424
p03,2022-02-25T22:00:00Z,9.444209
p03,2022-02-25T23:00:00Z,10.285629
p03,2022-02-26T00:00:00Z,12.682917
p03,2022-02-26T01:00:00Z,12.891471
p03,2022-02-26T02:00:00Z,13.702392
p03,2022-02-26T03:00:00Z,12.800518
p03,2022-02-26T04:00:00Z,15.240377
p03,2022-02-26T05:00:00Z,14.339221
p03,2022-02-26T06:00:00Z,13.423438
p03,2022-02-26T07:00:00Z,14.729877
p03,2022-02-26T08:00:00Z,13.625116
p03,2022-02-26T09:00:00Z,13.080542
p03,2022-02-26T10:00:00Z,10.624143
p03,2022-02-26T11:00:00Z,11.367095
p03,2022-02-26T12:00:00Z,9.913558
p03,2022-02-26T13:00:00Z,9.946643
p03,2022-02-26T14:00:00Z,8.854500
p03,2022-02-26T15:00:00Z,8.169439
p03,2022-02-26T16:00:00Z,7.834870
p03,2022-02-26T17:00:00Z,8.121975
p03,2022-02-26T18:00:00Z,7.975282
p03,2022-02-26T19:00:00Z,7.552613
p03,2022-02-26T20:00:00Z,7.919652
p03,2022-02-26T21:00:00Z,8.673421
p03,2022-02-26T22:00:00Z,10.197075
p03,2022-02-26T23:00:00Z,10.218321
p03,2022-02-27T00:00:00Z,11.476056
p03,2022-02-27T01:00:00Z,11.748774
p03,2022-02-27T02:00:00Z,12.728130
p03,2022-02-27T03:00:00Z,12.483615
p03,2022-02-27T04:00:00Z,14.167002
p03,2022-02-27T05:00:00Z,13.417681
p03,2022-02-27T06:00:00Z,12.892289
p03,2022-02-27T07:00:00Z,13.294162
p03,2022-02-27T08:00:00Z,13.850260
p03,2022-02-27T09:00:00Z,12.195287
p03,2022-02-27T10:00:00Z,10.662848
p03,2022-02-27T11:00:00Z,10.657475
p03,2022-02-27T12:00:00Z,9.622873
p03,2022-02-27T13:00:00Z,8.567059
p03,2022-02-27T14:00:00Z,9.139623
p03,2022-02-27T15:00:00Z,8.581187
p03,2022-02-27T16:00:00Z,7.113370
p03,2022-02-27T17:00:00Z,7.684853
p03,2022-02-27T18:00:00Z,7.919262
p03,2022-02-27T19:00:00Z,8.477580
p03,2022-02-27T20:00:00Z,8.805416
p03,2022-02-27T21:00:00Z,9.591598
p03,2022-02-27T22:00:00Z,11.048722
p03,2022-02-27T23:00:00Z,10.841766
p03,2022-02-28T00:00:00Z,10.903717
p03,2022-02-28T01:00:00Z,12.637049
p03,2022-02-28T02:00:00Z,13.727577
p03,2022-02-28T03:00:00Z,14.195026
p03,2022-02-28T04:00:00Z,14.189394
p03,2022-02-28T05:00:00Z,14.484667
p03,2022-02-28T06:00:00Z,13.539506
p03,2022-02-28T07:00:00Z,13.935352
p03,2022-02-28T08:00:00Z,13.822682
p03,2022-02-28T09:00:00Z,12.388059
p03,2022-02-28T10:00:00Z,10.960614
p03,2022-02-28T11:00:00Z,10.512782
p03,2022-02-28T12:00:00Z,11.005832
p03,2022-02-28T13:00:00Z,8.935802
p03,2022-02-28T14:00:00Z,9.752502
p03,2022-02-28T15:00:00Z,8.839300
p03,2022-02-28T16:00:00Z,8.442971
p03,2022-02-28T17:00:00Z,7.764108
p03,2022-02-28T18:00:00Z,9.119387
p03,2022-02-28T19:00:00Z,8.398611
p03,2022-02-28T20:00:00Z,8.502474
p03,2022-02-28T21:00:00Z,9.471789
p03,2022-02-28T22:00:00Z,10.036098
p03,2022-02-28T23:00:00Z,10.677321
p03,2022-03-01T00:00:00Z,12.069454
p03,2022-03-01T01:00:00Z,13.016605
p03,2022-03-01T02:00:00Z,13.014679
p03,2022-03-01T03:00:00Z,12.866098
p03,2022-03-01T04:00:00Z,13.446265
p03,2022-03-01T05:00:00Z,13.563416
p03,2022-03-01T06:00:00Z,13.599108
p03,2022-03-01T07:00:00Z,13.954457
p03,2022-03-01T08:00:00Z,13.345264
p03,2022-03-01T09:00:00Z,13.041979
p03,2022-03-01T10:00:00Z,12.077971
p03,2022-03-01T11:00:00Z,11.228356
p03,2022-03-01T12:00:00Z,9.357477
p03,2022-03-01T13:00:00Z,9.457201
p03,2022-03-01T14:00:00Z,8.280306
p03,2022-03-01T15:00:00Z,8.155562
p03,2022-03-01T16:00:00Z,8.517386
p03,2022-03-01T17:00:00Z,8.121752
p03,2022-03-01T18:00:00Z,8.483896
p03,2022-03-01T19:00:00Z,8.837272
p03,2022-03-01T20:00:00Z,8.899536
p03,2022-03-01T21:00:00Z,9.057718
p03,2022-03-01T22:00:00Z,10.842711
p03,2022-03-01T23:00:00Z,10.836909
p03,2022-03-02T00:00:00Z,11.382811
p03,2022-03-02T01:00:00Z,12.351131
p03,2022-03-02T02:00:00Z,13.314539
p03,2022-03-02T03:00:00Z,12.880056
p03,2022-03-02T04:00:00Z,14.332021
p03,2022-03-02T05:00:00Z,13.242226
p03,2022-03-02T06:00:00Z,13.942351
p03,2022-03-02T07:00:00Z,12.741079
p03,2022-03-02T08:00:00Z,13.375873
p03,2022-03-02T09:00:00Z,12.055187
p03,2022-03-02T10:00:00Z,11.745404
p03,2022-03-02T11:00:00Z,11.093157
p03,2022-03-02T12:00:00Z,10.183918
p03,2022-03-02T13:00:00Z,9.189873
p03,2022-03-02T14:00:00Z,8.757899
p03,2022-03-02T15:00:00Z,7.825728
p03,2022-03-02T16:00:00Z,7.663107
p03,2022-03-02T17:00:00Z,8.089828
p03,2022-03-02T18:00:00Z,8.693203
p03,2022-03-02T19:00:00Z,9.040182
p03,2022-03-02T20:00:00Z,9.012274
p03,2022-03-02T21:00:00Z,9.139910
p03,2022-03-02T22:00:00Z,10.960048
p03,2022-03-02T23:00:00Z,11.107095
p03,2022-03-03T00:00:00Z,11.317419
p03,2022-03-03T01:00:00Z,12.353384
p03,2022-03-03T02:00:00Z,12.545495
p03,2022-03-03T03:00:00Z,13.565402
p03,2022-03-03T04:00:00Z,13.767355
p03,2022-03-03T05:00:00Z,13.339507
p03,2022-03-03T06:00:00Z,14.194962
p03,2022-03-03T07:00:00Z,13.986831
p03,2022-03-03T08:00:00Z,13.544662
p03,2022-03-03T09:00:00Z,12.440295
p03,2022-03-03T10:00:00Z,11.340995
p03,2022-03-03T11:00:00Z,9.977140
p03,2022-03-03T12:00:00Z,10.474902
p03,2022-03-03T13:00:00Z,9.715420
p03,2022-03-03T14:00:00Z,9.626641
p03,2022-03-03T15:00:00Z,9.010969
p03,2022-03-03T16:00:00Z,8.083502
p03,2022-03-03T17:00:00Z,8.055149
p03,2022-03-03T18:00:00Z,8.671282
p03,2022-03-03T19:00:00Z,8.131523
p03,2022-03-03T20:00:00Z,7.839183
p03,2022-03-03T21:00:00Z,8.949349
p03,2022-03-03T22:00:00Z,9.846535
p03,2022-03-03T23:00:00Z,11.481717
p03,2022-03-04T00:00:00Z,11.486175
p03,2022-03-04T01:00:00Z,11.556420
p03,2022-03-04T02:00:00Z,12.843595
p03,2022-03-04T03:00:00Z,13.968075
p03,2022-03-04T04:00:00Z,13.663568
p03,2022-03-04T05:00:00Z,13.679977
p03,2022-03-04T06:00:00Z,13.823410
p03,2022-03-04T07:00:00Z,14.091533
p03,2022-03-04T08:00:00Z,13.148877
p03,2022-03-04T09:00:00Z,12.298694
p03,2022-03-04T10:00:00Z,11.830788
p03,2022-03-04T11:00:00Z,11.601539
p03,2022-03-04T12:00:00Z,10.289857
p03,2022-03-04T13:00:00Z,9.460369
p03,2022-03-04T14:00:00Z,8.773420
p03,2022-03-04T15:00:00Z,8.213256
p03,2022-03-04T16:00:00Z,7.620718
p03,2022-03-04T17:00:00Z,8.063090
p03,2022-03-04T18:00:00Z,6.964758
p03,2022-03-04T19:00:00Z,7.424677
p03,2022-03-04T20:00:00Z,9.454422
p03,2022-03-04T21:00:00Z,9.441792
p03,2022-03-04T22:00:00Z,9.484858
p03,2022-03-04T23:00:00Z,11.157311
p03,2022-03-05T00:00:00Z,11.779004
p03,2022-03-05T01:00:00Z,12.676569
p03,2022-03-05T02:00:00Z,12.368838
p03,2022-03-05T03:00:00Z,13.242539
p03,2022-03-05T04:00:00Z,13.925649
p03,2022-03-05T05:00:00Z,13.373100
p03,2022-03-05T06:00:00Z,13.316077
p03,2022-03-05T07:00:00Z,14.206728
p03,2022-03-05T08:00:00Z,12.809176
p03,2022-03-05T09:00:00Z,13.021735
p03,2022-03-05T10:00:00Z,12.081735
p03,2022-03-05T11:00:00Z,12.073884
p03,2022-03-05T12:00:00Z,10.213538
p03,2022-03-05T13:00:00Z,8.962383
p03,2022-03-05T14:00:00Z,8.563495
p03,2022-03-05T15:00:00Z,7.771950
p03,2022-03-05T16:00:00Z,8.440343
p03,2022-03-05T17:00:00Z,7.784740
p03,2022-03-05T18:00:00Z,7.375607
p03,2022-03-05T19:00:00Z,7.172140
p03,2022-03-05T20:00:00Z,8.211497
p03,2022-03-05T21:00:00Z,8.569407
p03,2022-03-05T22:00:00Z,9.821322
p03,2022-03-05T23:00:00Z,10.962429
p03,2022-03-06T00:00:00Z,11.577264
p03,2022-03-06T01:00:00Z,12.537411
p03,2022-03-06T02:00:00Z,13.299345
p03,2022-03-06T03:00:00Z,13.751000
p03,2022-03-06T04:00:00Z,14.039414
p03,2022-03-06T05:00:00Z,13.744459
p03,2022-03-06T06:00:00Z,13.833558
p03,2022-03-06T07:00:00Z,13.210776
p03,2022-03-06T08:00:00Z,13.557051
p03,2022-03-06T09:00:00Z,12.477242
p03,2022-03-06T10:00:00Z,12.246327
p03,2022-03-06T11:00:00Z,11.099214
p03,2022-03-06T12:00:00Z,10.466612
p03,2022-03-06T13:00:00Z,9.204551
p03,2022-03-06T14:00:00Z,9.087914
p03,2022-03-06T15:00:00Z,8.503984
p03,2022-03-06T16:00:00Z,8.189778
p03,2022-03-06T17:00:00Z,7.449802
p03,2022-03-06T18:00:00Z,8.892716
p03,2022-03-06T19:00:00Z,7.521484
p03,2022-03-06T20:00:00Z,9.311295
p03,2022-03-06T21:00:00Z,8.682697
p03,2022-03-06T22:00:00Z,10.499411
p03,2022-03-06T23:00:00Z,10.365301
p03,2022-03-07T00:00:00Z,12.096344
p03,2022-03-07T01:00:00Z,13.231517
p03,2022-03-07T02:00:00Z,12.814697
p03,2022-03-07T03:00:00Z,13.197757
p03,2022-03-07T04:00:00Z,14.230667
p03,2022-03-07T05:00:00Z,14.544449
p03,2022-03-07T06:00:00Z,14.031577
p03,2022-03-07T07:00:00Z,13.424601
p03,2022-03-07T08:00:00Z,12.742877
p03,2022-03-07T09:00:00Z,11.952251
p03,2022-03-07T10:00:00Z,11.938952
p03,2022-03-07T11:00:00Z,10.461924
p03,2022-03-07T12:00:00Z,10.112091
p03,2022-03-07T13:00:00Z,9.434547
p03,2022-03-07T14:00:00Z,8.339020
p03,2022-03-07T15:00:00Z,8.362874
p03,2022-03-07T16:00:00Z,8.574445
p03,2022-03-07T17:00:00Z,8.454210
p03,2022-03-07T18:00:00Z,8.299165
p03,2022-03-07T19:00:00Z,8.327739
p03,2022-03-07T20:00:00Z,9.697407
p03,2022-03-07T21:00:00Z,9.310286
p03,2022-03-07T22:00:00Z,9.486972
p03,2022-03-07T23:00:00Z,11.234258
p03,2022-03-08T00:00:00Z,11.884124
p03,2022-03-08T01:00:00Z,12.927016
p03,2022-03-08T02:00:00Z,13.079578
p03,2022-03-08T03:00:00Z,13.032241
p03,2022-03-08T04:00:00Z,13.669636
p03,2022-03-08T05:00:00Z,14.150263
p03,2022-03-08T06:00:00Z,13.373837
p03,2022-03-08T07:00:00Z,14.006180
p03,2022-03-08T08:00:00Z,13.690652
p03,2022-03-08T09:00:00Z,13.244161
p03,2022-03-08T10:00:00Z,11.190883
p03,2022-03-08T11:00:00Z,10.831576
p03,2022-03-08T12:00:00Z,9.478242
p03,2022-03-08T13:00:00Z,8.883017
p03,2022-03-08T14:00:00Z,8.344875
p03,2022-03-08T15:00:00Z,7.563521
p03,2022-03-08T16:00:00Z,8.102424
p03,2022-03-08T17:00:00Z,8.536090
p03,2022-03-08T18:00:00Z,7.487005
p03,2022-03-08T19:00:00Z,7.903328
p03,2022-03-08T20:00:00Z,9.715521
p03,2022-03-08T21:00:00Z,9.432963
p03,2022-03-08T22:00:00Z,10.134194
p03,2022-03-08T23:00:00Z,10.735824
p03,2022-03-09T00:00:00Z,11.838058
p03,2022-03-09T01:00:00Z,11.849957
p03,2022-03-09T02:00:00Z,13.220262
p03,2022-03-09T03:00:00Z,14.492239
p03,2022-03-09T04:00:00Z,13.131122
p03,2022-03-09T05:00:00Z,14.175131
p03,2022-03-09T06:00:00Z,14.479947
p03,2022-03-09T07:00:00Z,13.805864
p03,2022-03-09T08:00:00Z,12.864281
p03,2022-03-09T09:00:00Z,13.644656
p03,2022-03-09T10:00:00Z,12.541720
p03,2022-03-09T11:00:00Z,11.652560
p03,2022-03-09T12:00:00Z,10.466883
p03,2022-03-09T13:00:00Z,9.651080
p03,2022-03-09T14:00:00Z,9.414806
p03,2022-03-09T15:00:00Z,8.171352
p03,2022-03-09T16:00:00Z,8.618281
p03,2022-03-09T17:00:00Z,8.033032
p03,2022-03-09T18:00:00Z,8.014389
p03,2022-03-09T19:00:00Z,9.568031
p03,2022-03-09T20:00:00Z,8.697346
p03,2022-03-09T21:00:00Z,9.227647
p03,2022-03-09T22:00:00Z,9.888797
p03,2022-03-09T23:00:00Z,11.364813
p03,2022-03-10T00:00:00Z,12.018909
p03,2022-03-10T01:00:00Z,12.233112
p03,2022-03-10T02:00:00Z,12.318608
p03,2022-03-10T03:00:00Z,13.024183
p03,2022-03-10T04:00:00Z,13.884433
p03,2022-03-10T05:00:00Z,14.627909
p03,2022-03-10T06:00:00Z,14.461013
p03,2022-03-10T07:00:00Z,13.451124
p03,2022-03-10T08:00:00Z,13.005416
p03,2022-03-10T09:00:00Z,12.304088
p03,2022-03-10T10:00:00Z,11.621874
p03,2022-03-10T11:00:00Z,10.251691
p03,2022-03-10T12:00:00Z,10.523400
p03,2022-03-10T13:00:00Z,10.017903
p03,2022-03-10T14:00:00Z,9.345319
p03,2022-03-10T15:00:00Z,7.567237
p03,2022-03-10T16:00:00Z,7.991313
p03,2022-03-10T17:00:00Z,9.314423
p03,2022-03-10T18:00:00Z,8.875495
p03,2022-03-10T19:00:00Z,9.054397
p03,2022-03-10T20:00:00Z,9.399636
p03,2022-03-10T21:00:00Z,9.443312
p03,2022-03-10T22:00:00Z,10.730999
p03,2022-03-10T23:00:00Z,11.044556
p03,2022-03-11T00:00:00Z,11.691418
p03,2022-03-11T01:00:00Z,12.546790
p03,2022-03-11T02:00:00Z,12.598297
p03,2022-03-11T03:00:00Z,13.434972
p03,2022-03-11T04:00:00Z,13.486167
p03,2022-03-11T05:00:00Z,14.215872
p03,2022-03-11T06:00:00Z,14.100617
p03,2022-03-11T07:00:00Z,13.629287
p03,2022-03-11T08:00:00Z,12.972529
p03,2022-03-11T09:00:00Z,11.944489
p03,2022-03-11T10:00:00Z,12.738379
p03,2022-03-11T11:00:00Z,10.464489
p03,2022-03-11T12:00:00Z,9.734448
p03,2022-03-11T13:00:00Z,9.088167
p03,2022-03-11T14:00:00Z,9.592285
p03,2022-03-11T15:00:00Z,8.028064
p03,2022-03-11T16:00:00Z,7.152642
p03,2022-03-11T17:00:00Z,7.275795
p03,2022-03-11T18:00:00Z,8.138903
p03,2022-03-11T19:00:00Z,8.723623
p03,2022-03-11T20:00:00Z,8.404411
p03,2022-03-11T21:00:00Z,9.697075
p03,2022-03-11T22:00:00Z,10.449311
p03,2022-03-11T23:00:00Z,11.632213
p03,2022-03-12T00:00:00Z,11.682741
p03,2022-03-12T01:00:00Z,12.757028
p03,2022-03-12T02:00:00Z,12.741872
p03,2022-03-12T03:00:00Z,13.165289
p03,2022-03-12T04:00:00Z,13.945172
p03,2022-03-12T05:00:00Z,13.164611
p03,2022-03-12T06:00:00Z,14.032692
p03,2022-03-12T07:00:00Z,14.134412
p03,2022-03-12T08:00:00Z,12.431810
p03,2022-03-12T09:00:00Z,12.475243
p03,2022-03-12T10:00:00Z,10.679619
p03,2022-03-12T11:00:00Z,10.210848
p03,2022-03-12T12:00:00Z,9.831649
p03,2022-03-12T13:00:00Z,9.312400
p03,2022-03-12T14:00:00Z,8.281887
p03,2022-03-12T15:00:00Z,8.295636
p03,2022-03-12T16:00:00Z,7.159062
p03,2022-03-12T17:00:00Z,7.588385
p03,2022-03-12T18:00:00Z,8.331756
p03,2022-03-12T19:00:00Z,7.909873
p03,2022-03-12T20:00:00Z,7.584792
p03,2022-03-12T21:00:00Z,9.288899
p03,2022-03-12T22:00:00Z,10.591086
p03,2022-03-12T23:00:00Z,10.499859
p03,2022-03-13T00:00:00Z,11.436595
p03,2022-03-13T01:00:00Z,12.125584
p03,2022-03-13T02:00:00Z,12.604945
p03,2022-03-13T03:00:00Z,13.459798
p03,2022-03-13T04:00:00Z,14.744490
p03,2022-03-13T05:00:00Z,13.891599
p03,2022-03-13T06:00:00Z,13.349542
p03,2022-03-13T07:00:00Z,14.250640
p03,2022-03-13T08:00:00Z,13.454182
p03,2022-03-13T09:00:00Z,13.151569
p03,2022-03-13T10:00:00Z,12.117476
p03,2022-03-13T11:00:00Z,10.029800
p03,2022-03-13T12:00:00Z,9.898419
p03,2022-03-13T13:00:00Z,8.999776
p03,2022-03-13T14:00:00Z,8.581533
p03,2022-03-13T15:00:00Z,8.078091
p03,2022-03-13T16:00:00Z,8.278156
p03,2022-03-13T17:00:00Z,7.816707
p03,2022-03-13T18:00:00Z,7.530822
p03,2022-03-13T19:00:00Z,7.788852
p03,2022-03-13T20:00:00Z,8.585857
p03,2022-03-13T21:00:00Z,9.555218
p03,2022-03-13T22:00:00Z,10.620647
p03,2022-03-13T23:00:00Z,10.859472
p03,2022-03-14T00:00:00Z,11.296743
p03,2022-03-14T01:00:00Z,12.890523
p03,2022-03-14T02:00:00Z,12.848514
p03,2022-03-14T03:00:00Z,13.977114
p03,2022-03-14T04:00:00Z,13.792026
p03,2022-03-14T05:00:00Z,13.622474
p03,2022-03-14T06:00:00Z,13.242523
p03,2022-03-14T07:00:00Z,12.419809
p03,2022-03-14T08:00:00Z,12.631563
p03,2022-03-14T09:00:00Z,12.066145
p03,2022-03-14T10:00:00Z,12.238324
p03,2022-03-14T11:00:00Z,10.377254
p03,2022-03-14T12:00:00Z,9.827771
p03,2022-03-14T13:00:00Z,9.284055
p03,2022-03-14T14:00:00Z,9.192216
p03,2022-03-14T15:00:00Z,8.339066
p03,2022-03-14T16:00:00Z,7.267512
p03,2022-03-14T17:00:00Z,7.479382
p03,2022-03-14T18:00:00Z,7.862230
p03,2022-03-14T19:00:00Z,8.696198
p03,2022-03-14T20:00:00Z,8.524129
p03,2022-03-14T21:00:00Z,9.380190
p03,2022-03-14T22:00:00Z,10.096074
p03,2022-03-14T23:00:00Z,11.276627
p03,2022-03-15T00:00:00Z,11.086681
p03,2022-03-15T01:00:00Z,12.095040
p03,2022-03-15T02:00:00Z,12.782527
p03,2022-03-15T03:00:00Z,13.698307
p03,2022-03-15T04:00:00Z,13.293291
p03,2022-03-15T05:00:00Z,13.552252
p03,2022-03-15T06:00:00Z,14.257945
p03,2022-03-15T07:00:00Z,13.797334
p03,2022-03-15T08:00:00Z,13.254271
p03,2022-03-15T09:00:00Z,12.962348
p03,2022-03-15T10:00:00Z,13.110140
p03,2022-03-15T11:00:00Z,11.503629
p03,2022-03-15T12:00:00Z,10.194712
p03,2022-03-15T13:00:00Z,8.853481
p03,2022-03-15T14:00:00Z,8.703295
p03,2022-03-15T15:00:00Z,8.166780
p03,2022-03-15T16:00:00Z,7.627162
p03,2022-03-15T17:00:00Z,8.763444
p03,2022-03-15T18:00:00Z,7.679940
p03,2022-03-15T19:00:00Z,7.821093
p03,2022-03-15T20:00:00Z,8.184544
p03,2022-03-15T21:00:00Z,9.216986
p03,2022-03-15T22:00:00Z,10.105189
p03,2022-03-15T23:00:00Z,10.012509
p03,2022-03-16T00:00:00Z,11.995795
p03,2022-03-16T01:00:00Z,12.011267
p03,2022-03-16T02:00:00Z,13.602613
p03,2022-03-16T03:00:00Z,12.901308
p03,2022-03-16T04:00:00Z,13.237267
p03,2022-03-16T05:00:00Z,13.548763
p03,2022-03-16T06:00:00Z,13.041388
p03,2022-03-16T07:00:00Z,13.817675
p03,2022-03-16T08:00:00Z,13.281895
p03,2022-03-16T09:00:00Z,12.513595
p03,2022-03-16T10:00:00Z,10.432885
p03,2022-03-16T11:00:00Z,10.089203
p03,2022-03-16T12:00:00Z,9.041080
p03,2022-03-16T13:00:00Z,9.430174
p03,2022-03-16T14:00:00Z,8.601547
p03,2022-03-16T15:00:00Z,7.227955
p03,2022-03-16T16:00:00Z,8.219177
p03,2022-03-16T17:00:00Z,8.323905
p03,2022-03-16T18:00:00Z,7.012731
p03,2022-03-16T19:00:00Z,8.421642
p03,2022-03-16T20:00:00Z,8.419265
p03,2022-03-16T21:00:00Z,9.365398
p03,2022-03-16T22:00:00Z,10.145079
p03,2022-03-16T23:00:00Z,11.200614
p03,2022-03-17T00:00:00Z,11.034712
p03,2022-03-17T01:00:00Z,12.520487
p03,2022-03-17T02:00:00Z,13.065408
p03,2022-03-17T03:00:00Z,14.417135
p03,2022-03-17T04:00:00Z,14.137451
p03,2022-03-17T05:00:00Z,13.509532
p03,2022-03-17T06:00:00Z,13.638680
p03,2022-03-17T07:00:00Z,13.082294
p03,2022-03-17T08:00:00Z,12.931228
p03,2022-03-17T09:00:00Z,12.081680
p03,2022-03-17T10:00:00Z,12.513156
p03,2022-03-17T11:00:00Z,9.736451
p03,2022-03-17T12:00:00Z,9.729666
p03,2022-03-17T13:00:00Z,9.514457
p03,2022-03-17T14:00:00Z,8.770458
p03,2022-03-17T15:00:00Z,8.372597
p03,2022-03-17T16:00:00Z,8.136943
p03,2022-03-17T17:00:00Z,7.844610
p03,2022-03-17T18:00:00Z,8.024801
p03,2022-03-17T19:00:00Z,8.151081
p03,2022-03-17T20:00:00Z,7.767585
p03,2022-03-17T21:00:00Z,8.723553
p03,2022-03-17T22:00:00Z,10.000446
p03,2022-03-17T23:00:00Z,10.915247
p03,2022-03-18T00:00:00Z,11.112850
p03,2022-03-18T01:00:00Z,11.783357
p03,2022-03-18T02:00:00Z,13.562231
p03,2022-03-18T03:00:00Z,13.041984
p03,2022-03-18T04:00:00Z,13.159480
p03,2022-03-18T05:00:00Z,13.631096
p03,2022-03-18T06:00:00Z,13.083664
p03,2022-03-18T07:00:00Z,13.169640
p03,2022-03-18T08:00:00Z,13.060583
p03,2022-03-18T09:00:00Z,11.539750
p03,2022-03-18T10:00:00Z,11.287006
p03,2022-03-18T11:00:00Z,11.103143
p03,2022-03-18T12:00:00Z,9.881974
p03,2022-03-18T13:00:00Z,9.404808
p03,2022-03-18T14:00:00Z,8.885124
p03,2022-03-18T15:00:00Z,8.295377
p03,2022-03-18T16:00:00Z,8.496086
p03,2022-03-18T17:00:00Z,8.667623
p03,2022-03-18T18:00:00Z,8.301802
p03,2022-03-18T19:00:00Z,8.993986
p03,2022-03-18T20:00:00Z,7.898372
p03,2022-03-18T21:00:00Z,8.706528
p03,2022-03-18T22:00:00Z,10.147697
p03,2022-03-18T23:00:00Z,11.042072
p03,2022-03-19T00:00:00Z,11.497366
p03,2022-03-19T01:00:00Z,12.812121
p03,2022-03-19T02:00:00Z,12.522975
p03,2022-03-19T03:00:00Z,12.236395
p03,2022-03-19T04:00:00Z,13.179493
p03,2022-03-19T05:00:00Z,12.854661
p03,2022-03-19T06:00:00Z,14.391313
p03,2022-03-19T07:00:00Z,13.539359
p03,2022-03-19T08:00:00Z,13.216762
p03,2022-03-19T09:00:00Z,12.391385
p03,2022-03-19T10:00:00Z,11.761724
p03,2022-03-19T11:00:00Z,10.398290
p03,2022-03-19T12:00:00Z,9.442216
p03,2022-03-19T13:00:00Z,8.985147
p03,2022-03-19T14:00:00Z,8.728579
p03,2022-03-19T15:00:00Z,8.067598
p03,2022-03-19T16:00:00Z,7.692567
p03,2022-03-19T17:00:00Z,7.820516
p03,2022-03-19T18:00:00Z,7.798372
p03,2022-03-19T19:00:00Z,8.055908
p03,2022-03-19T20:00:00Z,8.091346
p03,2022-03-19T21:00:00Z,9.447916
p03,2022-03-19T22:00:00Z,9.357623
p03,2022-03-19T23:00:00Z,10.415093
p03,2022-03-20T00:00:00Z,11.539099
p03,2022-03-20T01:00:00Z,11.648489
p03,2022-03-20T02:00:00Z,12.522908
p03,2022-03-20T03:00:00Z,13.781955
p03,2022-03-20T04:00:00Z,13.185475
p03,2022-03-20T05:00:00Z,12.946221
p03,2022-03-20T06:00:00Z,13.761693
p03,2022-03-20T07:00:00Z,13.082296
p03,2022-03-20T08:00:00Z,12.967638
p03,2022-03-20T09:00:00Z,11.712929
p03,2022-03-20T10:00:00Z,11.925211
p03,2022-03-20T11:00:00Z,10.645960
p03,2022-03-20T12:00:00Z,9.788450
p03,2022-03-20T13:00:00Z,9.647943
p03,2022-03-20T14:00:00Z,8.879469
p03,2022-03-20T15:00:00Z,7.339060
p03,2022-03-20T16:00:00Z,8.030671
p03,2022-03-20T17:00:00Z,7.584356
p03,2022-03-20T18:00:00Z,7.227945
p03,2022-03-20T19:00:00Z,8.147132
p03,2022-03-20T20:00:00Z,8.138493
p03,2022-03-20T21:00:00Z,9.170234
p03,2022-03-20T22:00:00Z,9.086844
p03,2022-03-20T23:00:00Z,11.171167
p03,2022-03-21T00:00:00Z,12.041646
p03,2022-03-21T01:00:00Z,11.657496
p03,2022-03-21T02:00:00Z,12.873403
p03,2022-03-21T03:00:00Z,12.818723
p03,2022-03-21T04:00:00Z,13.474228
p03,2022-03-21T05:00:00Z,12.853298
p03,2022-03-21T06:00:00Z,13.722167
p03,2022-03-21T07:00:00Z,12.668425
p03,2022-03-21T08:00:00Z,13.745103
p03,2022-03-21T09:00:00Z,11.728779
p03,2022-03-21T10:00:00Z,11.840996
p03,2022-03-21T11:00:00Z,11.007996
p03,2022-03-21T12:00:00Z,9.916802
p03,2022-03-21T13:00:00Z,8.996610
p03,2022-03-21T14:00:00Z,8.253640
p03,2022-03-21T15:00:00Z,8.788677
p03,2022-03-21T16:00:00Z,7.054214
p03,2022-03-21T17:00:00Z,8.031600
p03,2022-03-21T18:00:00Z,7.040020
p03,2022-03-21T19:00:00Z,7.603199
p03,2022-03-21T20:00:00Z,8.178435
p03,2022-03-21T21:00:00Z,9.396630
p03,2022-03-21T22:00:00Z,9.983480
p03,2022-03-21T23:00:00Z,11.139042
p03,2022-03-22T00:00:00Z,11.746119
p03,2022-03-22T01:00:00Z,11.828739
p03,2022-03-22T02:00:00Z,13.245352
p03,2022-03-22T03:00:00Z,13.747458
p03,2022-03-22T04:00:00Z,13.704543
p03,2022-03-22T05:00:00Z,14.422761
p03,2022-03-22T06:00:00Z,13.169555
p03,2022-03-22T07:00:00Z,13.626219
p03,2022-03-22T08:00:00Z,11.976795
p03,2022-03-22T09:00:00Z,12.168319
p03,2022-03-22T10:00:00Z,11.540973
p03,2022-03-22T11:00:00Z,10.671554
p03,2022-03-22T12:00:00Z,9.780038
p03,2022-03-22T13:00:00Z,8.953451
p03,2022-03-22T14:00:00Z,8.324871
p03,2022-03-22T15:00:00Z,8.354782
p03,2022-03-22T16:00:00Z,7.884738
p03,2022-03-22T17:00:00Z,7.984022
p03,2022-03-22T18:00:00Z,8.113153
p03,2022-03-22T19:00:00Z,8.327756
p03,2022-03-22T20:00:00Z,8.747887
p03,2022-03-22T21:00:00Z,8.517615
p03,2022-03-22T22:00:00Z,9.904032
p03,2022-03-22T23:00:00Z,10.419844
p03,2022-03-23T00:00:00Z,10.962235
p03,2022-03-23T01:00:00Z,12.871176
p03,2022-03-23T02:00:00Z,11.963922
p03,2022-03-23T03:00:00Z,12.726180
p03,2022-03-23T04:00:00Z,13.833119
p03,2022-03-23T05:00:00Z,13.382358
p03,2022-03-23T06:00:00Z,12.988726
p03,2022-03-23T07:00:00Z,13.337488
p03,2022-03-23T08:00:00Z,12.467391
p03,2022-03-23T09:00:00Z,11.579123
p03,2022-03-23T10:00:00Z,11.700853
p03,2022-03-23T11:00:00Z,11.046228
p03,2022-03-23T12:00:00Z,9.426782
p03,2022-03-23T13:00:00Z,10.136279
p03,2022-03-23T14:00:00Z,9.127330
p03,2022-03-23T15:00:00Z,8.013479
p03,2022-03-23T16:00:00Z,8.001439
p03,2022-03-23T17:00:00Z,7.410206
p03,2022-03-23T18:00:00Z,7.468324
p03,2022-03-23T19:00:00Z,8.708235
p03,2022-03-23T20:00:00Z,8.262001
p03,2022-03-23T21:00:00Z,9.107336
p03,2022-03-23T22:00:00Z,9.797422
p03,2022-03-23T23:00:00Z,10.668968
p03,2022-03-24T00:00:00Z,11.015403
p03,2022-03-24T01:00:00Z,12.974045
p03,2022-03-24T02:00:00Z,13.121021
p03,2022-03-24T03:00:00Z,12.969557
p03,2022-03-24T04:00:00Z,12.604554
p03,2022-03-24T05:00:00Z,12.712317
p03,2022-03-24T06:00:00Z,13.086442
p03,2022-03-24T07:00:00Z,13.728127
p03,2022-03-24T08:00:00Z,12.570329
p03,2022-03-24T09:00:00Z,12.817548
p03,2022-03-24T10:00:00Z,11.624893
p03,2022-03-24T11:00:00Z,10.680158
p03,2022-03-24T12:00:00Z,9.893781
p03,2022-03-24T13:00:00Z,7.792758
p03,2022-03-24T14:00:00Z,9.330470
p03,2022-03-24T15:00:00Z,8.064222
p03,2022-03-24T16:00:00Z,7.288407
p03,2022-03-24T17:00:00Z,7.964290
p03,2022-03-24T18:00:00Z,6.889257
p03,2022-03-24T19:00:00Z,7.302463
p03,2022-03-24T20:00:00Z,7.320345
p03,2022-03-24T21:00:00Z,9.571743
p03,2022-03-24T22:00:00Z,10.167730
p03,2022-03-24T23:00:00Z,10.920181
p03,2022-03-25T00:00:00Z,10.744136
p03,2022-03-25T01:00:00Z,12.004754
p03,2022-03-25T02:00:00Z,12.818774
p03,2022-03-25T03:00:00Z,12.979173
p03,2022-03-25T04:00:00Z,12.895139
p03,2022-03-25T05:00:00Z,12.667724
p03,2022-03-25T06:00:00Z,13.255852
p03,2022-03-25T07:00:00Z,13.002675
p03,2022-03-25T08:00:00Z,13.532207
p03,2022-03-25T09:00:00Z,12.889259
p03,2022-03-25T10:00:00Z,12.099400
p03,2022-03-25T11:00:00Z,10.304926
p03,2022-03-25T12:00:00Z,9.193871
p03,2022-03-25T13:00:00Z,9.992720
p03,2022-03-25T14:00:00Z,8.229343
p03,2022-03-25T15:00:00Z,7.016441
p03,2022-03-25T16:00:00Z,7.728565
p03,2022-03-25T17:00:00Z,6.851430
p03,2022-03-25T18:00:00Z,8.073159
p03,2022-03-25T19:00:00Z,7.316454
p03,2022-03-25T20:00:00Z,7.939874
p03,2022-03-25T21:00:00Z,9.515874
p03,2022-03-25T22:00:00Z,9.699148
p03,2022-03-25T23:00:00Z,10.694161
p03,2022-03-26T00:00:00Z,10.508349
p03,2022-03-26T01:00:00Z,11.647131
p03,2022-03-26T02:00:00Z,12.155033
p03,2022-03-26T03:00:00Z,13.795866
p03,2022-03-26T04:00:00Z,13.054882
p03,2022-03-26T05:00:00Z,12.999155
p03,2022-03-26T06:00:00Z,14.161598
p03,2022-03-26T07:00:00Z,12.868808
p03,2022-03-26T08:00:00Z,12.007385
p03,2022-03-26T09:00:00Z,11.948071
p03,2022-03-26T10:00:00Z,10.700585
p03,2022-03-26T11:00:00Z,10.608392
p03,2022-03-26T12:00:00Z,9.802640
p03,2022-03-26T13:00:00Z,8.859543
p03,2022-03-26T14:00:00Z,9.636557
p03,2022-03-26T15:00:00Z,7.824276
p03,2022-03-26T16:00:00Z,6.196747
p03,2022-03-26T17:00:00Z,7.042821
p03,2022-03-26T18:00:00Z,8.306052
p03,2022-03-26T19:00:00Z,7.154508
p03,2022-03-26T20:00:00Z,7.843256
p03,2022-03-26T21:00:00Z,8.504356
p03,2022-03-26T22:00:00Z,9.398141
p03,2022-03-26T23:00:00Z,11.253949
p03,2022-03-27T00:00:00Z,10.853677
p03,2022-03-27T01:00:00Z,12.283286
p03,2022-03-27T02:00:00Z,13.049024
p03,2022-03-27T03:00:00Z,12.721757
p03,2022-03-27T04:00:00Z,12.573164
p03,2022-03-27T05:00:00Z,13.824874
p03,2022-03-27T06:00:00Z,12.143757
p03,2022-03-27T07:00:00Z,12.638383
p03,2022-03-27T08:00:00Z,12.912774
p03,2022-03-27T09:00:00Z,11.378668
p03,2022-03-27T10:00:00Z,11.290933
p03,2022-03-27T11:00:00Z,9.859845
p03,2022-03-27T12:00:00Z,9.550935
p03,2022-03-27T13:00:00Z,9.216245
p03,2022-03-27T14:00:00Z,7.968054
p03,2022-03-27T15:00:00Z,7.314569
p03,2022-03-27T16:00:00Z,7.153524
p03,2022-03-27T17:00:00Z,7.159862
p03,2022-03-27T18:00:00Z,7.598234
p03,2022-03-27T19:00:00Z,7.393713
p03,2022-03-27T20:00:00Z,8.516969
p03,2022-03-27T21:00:00Z,9.293811
p03,2022-03-27T22:00:00Z,9.197528
p03,2022-03-27T23:00:00Z,10.568092
p03,2022-03-28T00:00:00Z,11.094528
p03,2022-03-28T01:00:00Z,11.708917
p03,2022-03-28T02:00:00Z,12.543322
p03,2022-03-28T03:00:00Z,13.497021
p03,2022-03-28T04:00:00Z,13.216356
p03,2022-03-28T05:00:00Z,13.874542
p03,2022-03-28T06:00:00Z,12.328453
p03,2022-03-28T07:00:00Z,12.913300
p03,2022-03-28T08:00:00Z,12.803347
p03,2022-03-28T09:00:00Z,11.740473
p03,2022-03-28T10:00:00Z,10.811511
p03,2022-03-28T11:00:00Z,10.496758
p03,2022-03-28T12:00:00Z,9.451674
p03,2022-03-28T13:00:00Z,9.174369
p03,2022-03-28T14:00:00Z,8.075576
p03,2022-03-28T15:00:00Z,8.105532
p03,2022-03-28T16:00:00Z,7.360606
p03,2022-03-28T17:00:00Z,7.448565
p03,2022-03-28T18:00:00Z,6.928489
p03,2022-03-28T19:00:00Z,7.608376
p03,2022-03-28T20:00:00Z,8.395620
p03,2022-03-28T21:00:00Z,8.995352
p03,2022-03-28T22:00:00Z,8.448694
p03,2022-03-28T23:00:00Z,10.035271
p03,2022-03-29T00:00:00Z,10.084823
p03,2022-03-29T01:00:00Z,11.973163
p03,2022-03-29T02:00:00Z,12.369048
p03,2022-03-29T03:00:00Z,13.221268
p03,2022-03-29T04:00:00Z,12.643948
p03,2022-03-29T05:00:00Z,13.078085
p03,2022-03-29T06:00:00Z,13.264563
p03,2022-03-29T07:00:00Z,12.595851
p03,2022-03-29T08:00:00Z,12.132569
p03,2022-03-29T09:00:00Z,11.394380
p03,2022-03-29T10:00:00Z,11.126834
p03,2022-03-29T11:00:00Z,9.701091
p03,2022-03-29T12:00:00Z,8.584754
p03,2022-03-29T13:00:00Z,8.756451
p03,2022-03-29T14:00:00Z,8.354153
p03,2022-03-29T15:00:00Z,7.538416
p03,2022-03-29T16:00:00Z,7.622356
p03,2022-03-29T17:00:00Z,7.071330
p03,2022-03-29T18:00:00Z,6.406169
p03,2022-03-29T19:00:00Z,7.876451
p03,2022-03-29T20:00:00Z,7.682495
p03,2022-03-29T21:00:00Z,9.364356
p03,2022-03-29T22:00:00Z,9.090406
p03,2022-03-29T23:00:00Z,10.748246
p03,2022-03-30T00:00:00Z,11.749878
p03,2022-03-30T01:00:00Z,11.699006
p03,2022-03-30T02:00:00Z,12.362684
p03,2022-03-30T03:00:00Z,13.300314
p03,2022-03-30T04:00:00Z,12.820248
p03,2022-03-30T05:00:00Z,13.525120
p03,2022-03-30T06:00:00Z,12.868270
p03,2022-03-30T07:00:00Z,12.577175
p03,2022-03-30T08:00:00Z,12.321963
p03,2022-03-30T09:00:00Z,12.136991
p03,2022-03-30T10:00:00Z,11.346781
p03,2022-03-30T11:00:00Z,10.502297
p03,2022-03-30T12:00:00Z,9.192385
p03,2022-03-30T13:00:00Z,9.049051
p03,2022-03-30T14:00:00Z,8.584136
p03,2022-03-30T15:00:00Z,7.390936
p03,2022-03-30T16:00:00Z,6.670373
p03,2022-03-30T17:00:00Z,6.887113
p03,2022-03-30T18:00:00Z,7.030822
p03,2022-03-30T19:00:00Z,6.772021
p03,2022-03-30T20:00:00Z,8.347617
p03,2022-03-30T21:00:00Z,7.952589
p03,2022-03-30T22:00:00Z,10.210842
p03,2022-03-30T23:00:00Z,9.514974
p03,2022-03-31T00:00:00Z,10.473998
p03,2022-03-31T01:00:00Z,11.155500
p03,2022-03-31T02:00:00Z,12.001646
p03,2022-03-31T03:00:00Z,13.148009
p03,2022-03-31T04:00:00Z,13.419562
p03,2022-03-31T05:00:00Z,12.591627
p03,2022-03-31T06:00:00Z,13.174363
p03,2022-03-31T07:00:00Z,12.738955
p03,2022-03-31T08:00:00Z,11.990420
p03,2022-03-31T09:00:00Z,10.999921
p03,2022-03-31T10:00:00Z,10.441481
p03,2022-03-31T11:00:00Z,9.863254
p03,2022-03-31T12:00:00Z,9.287061
p03,2022-03-31T13:00:00Z,8.247904
p03,2022-03-31T14:00:00Z,7.007926
p03,2022-03-31T15:00:00Z,7.226847
p03,2022-03-31T16:00:00Z,7.501431
p03,2022-03-31T17:00:00Z,7.019900
p03,2022-03-31T18:00:00Z,6.608400
p03,2022-03-31T19:00:00Z,6.831709
p03,2022-03-31T20:00:00Z,7.928818
p03,2022-03-31T21:00:00Z,8.750476
p03,2022-03-31T22:00:00Z,9.198252
p03,2022-03-31T23:00:00Z,9.891946
p03,2022-04-01T00:00:00Z,11.448395
p03,2022-04-01T01:00:00Z,11.012744
p03,2022-04-01T02:00:00Z,12.493536
p03,2022-04-01T03:00:00Z,12.729429
p03,2022-04-01T04:00:00Z,12.529487
p03,2022-04-01T05:00:00Z,12.664663
p03,2022-04-01T06:00:00Z,12.678945
p03,2022-04-01T07:00:00Z,12.282815
p03,2022-04-01T08:00:00Z,12.163441
p03,2022-04-01T09:00:00Z,11.119656
p03,2022-04-01T10:00:00Z,10.003778
p03,2022-04-01T11:00:00Z,9.650698
p03,2022-04-01T12:00:00Z,8.518405
p03,2022-04-01T13:00:00Z,8.449018
p03,2022-04-01T14:00:00Z,7.832903
p03,2022-04-01T15:00:00Z,7.413372
p03,2022-04-01T16:00:00Z,6.812578
p03,2022-04-01T17:00:00Z,7.090267
p03,2022-04-01T18:00:00Z,6.994253
p03,2022-04-01T19:00:00Z,6.917005
p03,2022-04-01T20:00:00Z,8.289840
p03,2022-04-01T21:00:00Z,8.517844
p03,2022-04-01T22:00:00Z,8.358084
p03,2022-04-01T23:00:00Z,10.432963
p03,2022-04-02T00:00:00Z,10.425732
p03,2022-04-02T01:00:00Z,11.970970
p03,2022-04-02T02:00:00Z,12.260526
p03,2022-04-02T03:00:00Z,13.075829
p03,2022-04-02T04:00:00Z,12.492455
p03,2022-04-02T05:00:00Z,12.273650
p03,2022-04-02T06:00:00Z,12.857196
p03,2022-04-02T07:00:00Z,13.253915
p03,2022-04-02T08:00:00Z,11.136775
p03,2022-04-02T09:00:00Z,11.081988
p03,2022-04-02T10:00:00Z,10.539671
p03,2022-04-02T11:00:00Z,10.291858
p03,2022-04-02T12:00:00Z,9.356018
p03,2022-04-02T13:00:00Z,7.773289
p03,2022-04-02T14:00:00Z,7.539613
p03,2022-04-02T15:00:00Z,7.558887
p03,2022-04-02T16:00:00Z,7.010004
p03,2022-04-02T17:00:00Z,7.257661
p03,2022-04-02T18:00:00Z,7.151153
p03,2022-04-02T19:00:00Z,7.747806
p03,2022-04-02T20:00:00Z,8.356954
p03,2022-04-02T21:00:00Z,7.812688
p03,2022-04-02T22:00:00Z,8.840257
p03,2022-04-02T23:00:00Z,9.477283
p03,2022-04-03T00:00:00Z,11.229361
p03,2022-04-03T01:00:00Z,10.966272
p03,2022-04-03T02:00:00Z,11.301094
p03,2022-04-03T03:00:00Z,11.854044
p03,2022-04-03T04:00:00Z,12.616554
p03,2022-04-03T05:00:00Z,12.563762
p03,2022-04-03T06:00:00Z,12.433867
p03,2022-04-03T07:00:00Z,12.016505
p03,2022-04-03T08:00:00Z,11.759494
p03,2022-04-03T09:00:00Z,11.887206
p03,2022-04-03T10:00:00Z,11.162453
p03,2022-04-03T11:00:00Z,9.849993
p03,2022-04-03T12:00:00Z,8.735313
p03,2022-04-03T13:00:00Z,7.936898
p03,2022-04-03T14:00:00Z,8.386699
p03,2022-04-03T15:00:00Z,6.802003
p03,2022-04-03T16:00:00Z,7.663583
p03,2022-04-03T17:00:00Z,6.134669
p03,2022-04-03T18:00:00Z,6.881204
p03,2022-04-03T19:00:00Z,7.110306
p03,2022-04-03T20:00:00Z,7.625282
p03,2022-04-03T21:00:00Z,7.914627
p03,2022-04-03T22:00:00Z,9.902230
p03,2022-04-03T23:00:00Z,9.176117
p03,2022-04-04T00:00:00Z,11.634864
p03,2022-04-04T01:00:00Z,11.716710
p03,2022-04-04T02:00:00Z,12.264164
p03,2022-04-04T03:00:00Z,12.827898
p03,2022-04-04T04:00:00Z,12.374729
p03,2022-04-04T05:00:00Z,13.103752
p03,2022-04-04T06:00:00Z,12.525800
p03,2022-04-04T07:00:00Z,12.749528
p03,2022-04-04T08:00:00Z,11.721183
p03,2022-04-04T09:00:00Z,10.697118
p03,2022-04-04T10:00:00Z,10.334090
p03,2022-04-04T11:00:00Z,9.480566
p03,2022-04-04T12:00:00Z,7.941257
p03,2022-04-04T13:00:00Z,8.330183
p03,2022-04-04T14:00:00Z,6.961898
p03,2022-04-04T15:00:00Z,6.276545
p03,2022-04-04T16:00:00Z,7.103840
p03,2022-04-04T17:00:00Z,7.712143
p03,2022-04-04T18:00:00Z,6.842592
p03,2022-04-04T19:00:00Z,8.074659
p03,2022-04-04T20:00:00Z,7.289550
p03,2022-04-04T21:00:00Z,8.644878
p03,2022-04-04T22:00:00Z,9.412147
p03,2022-04-04T23:00:00Z,8.906469
p03,2022-04-05T00:00:00Z,11.486955
p03,2022-04-05T01:00:00Z,11.224062
p03,2022-04-05T02:00:00Z,11.273796
p03,2022-04-05T03:00:00Z,13.064055
p03,2022-04-05T04:00:00Z,12.659819
p03,2022-04-05T05:00:00Z,13.290033
p03,2022-04-05T06:00:00Z,12.193500
p03,2022-04-05T07:00:00Z,12.592773
p03,2022-04-05T08:00:00Z,11.365584
p03,2022-04-05T09:00:00Z,11.363110
p03,2022-04-05T10:00:00Z,10.482527
p03,2022-04-05T11:00:00Z,9.969509
p03,2022-04-05T12:00:00Z,9.088924
p03,2022-04-05T13:00:00Z,8.059343
p03,2022-04-05T14:00:00Z,7.252756
p03,2022-04-05T15:00:00Z,7.290071
p03,2022-04-05T16:00:00Z,6.125789
p03,2022-04-05T17:00:00Z,6.854173
p03,2022-04-05T18:00:00Z,6.688872
p03,2022-04-05T19:00:00Z,7.095295
p03,2022-04-05T20:00:00Z,7.779882
p03,2022-04-05T21:00:00Z,8.566461
p03,2022-04-05T22:00:00Z,8.276671
p03,2022-04-05T23:00:00Z,9.364196
p03,2022-04-06T00:00:00Z,10.604355
p03,2022-04-06T01:00:00Z,10.196574
p03,2022-04-06T02:00:00Z,11.699029
p03,2022-04-06T03:00:00Z,12.197705
p03,2022-04-06T04:00:00Z,12.489680
p03,2022-04-06T05:00:00Z,12.083095
p03,2022-04-06T06:00:00Z,11.718356
p03,2022-04-06T07:00:00Z,11.795780
p03,2022-04-06T08:00:00Z,11.486755
p03,2022-04-06T09:00:00Z,11.310376
p03,2022-04-06T10:00:00Z,11.245740
p03,2022-04-06T11:00:00Z,10.459564
p03,2022-04-06T12:00:00Z,9.758789
p03,2022-04-06T13:00:00Z,8.881598
p03,2022-04-06T14:00:00Z,6.772126
p03,2022-04-06T15:00:00Z,6.568808
p03,2022-04-06T16:00:00Z,6.935663
p03,2022-04-06T17:00:00Z,7.961530
p03,2022-04-06T18:00:00Z,6.351686
p03,2022-04-06T19:00:00Z,7.722040
p03,2022-04-06T20:00:00Z,7.084436
p03,2022-04-06T21:00:00Z,8.249997
p03,2022-04-06T22:00:00Z,9.149485
p03,2022-04-06T23:00:00Z,9.532731
p03,2022-04-07T00:00:00Z,9.882035
p03,2022-04-07T01:00:00Z,10.462288
p03,2022-04-07T02:00:00Z,10.963926
p03,2022-04-07T03:00:00Z,12.797620
p03,2022-04-07T04:00:00Z,13.074854
p03,2022-04-07T05:00:00Z,12.499313
p03,2022-04-07T06:00:00Z,11.956403
p03,2022-04-07T07:00:00Z,11.876611
p03,2022-04-07T08:00:00Z,10.993713
p03,2022-04-07T09:00:00Z,11.686170
p03,2022-04-07T10:00:00Z,10.723539
p03,2022-04-07T11:00:00Z,9.822658
p03,2022-04-07T12:00:00Z,8.246039
p03,2022-04-07T13:00:00Z,8.936688
p03,2022-04-07T14:00:00Z,6.513487
p03,2022-04-07T15:00:00Z,7.556905
p03,2022-04-07T16:00:00Z,7.007000
p03,2022-04-07T17:00:00Z,5.859533
p03,2022-04-07T18:00:00Z,5.945272
p03,2022-04-07T19:00:00Z,7.061635
p03,2022-04-07T20:00:00Z,7.462836
p03,2022-04-07T21:00:00Z,8.512689
p03,2022-04-07T22:00:00Z,8.547920
p03,2022-04-07T23:00:00Z,9.424985
p03,2022-04-08T00:00:00Z,9.387881
p03,2022-04-08T01:00:00Z,10.673717
p03,2022-04-08T02:00:00Z,11.567628
p03,2022-04-08T03:00:00Z,12.257236
p03,2022-04-08T04:00:00Z,12.081107
p03,2022-04-08T05:00:00Z,12.571241
p03,2022-04-08T06:00:00Z,12.270060
p03,2022-04-08T07:00:00Z,11.659159
p03,2022-04-08T08:00:00Z,11.404827
p03,2022-04-08T09:00:00Z,11.405636
p03,2022-04-08T10:00:00Z,9.737111
p03,2022-04-08T11:00:00Z,8.889592
p03,2022-04-08T12:00:00Z,8.297270
p03,2022-04-08T13:00:00Z,7.752909
p03,2022-04-08T14:00:00Z,7.147244
p03,2022-04-08T15:00:00Z,5.797347
p03,2022-04-08T16:00:00Z,5.828207
p03,2022-04-08T17:00:00Z,6.405849
p03,2022-04-08T18:00:00Z,6.986527
p03,2022-04-08T19:00:00Z,6.577218
p03,2022-04-08T20:00:00Z,7.269037
p03,2022-04-08T21:00:00Z,7.327044
p03,2022-04-08T22:00:00Z,8.695743
p03,2022-04-08T23:00:00Z,9.386804
p03,2022-04-09T00:00:00Z,10.363890
p03,2022-04-09T01:00:00Z,11.252040
p03,2022-04-09T02:00:00Z,11.428805
p03,2022-04-09T03:00:00Z,12.375980
p03,2022-04-09T04:00:00Z,12.910514
p03,2022-04-09T05:00:00Z,11.663442
p03,2022-04-09T06:00:00Z,11.974031
p03,2022-04-09T07:00:00Z,11.746916
p03,2022-04-09T08:00:00Z,10.829330
p03,2022-04-09T09:00:00Z,10.537548
p03,2022-04-09T10:00:00Z,10.009740
p03,2022-04-09T11:00:00Z,9.455537
p03,2022-04-09T12:00:00Z,8.368736
p03,2022-04-09T13:00:00Z,7.792839
p03,2022-04-09T14:00:00Z,6.961787
p03,2022-04-09T15:00:00Z,7.037980
p03,2022-04-09T16:00:00Z,6.281880
p03,2022-04-09T17:00:00Z,5.974156
p03,2022-04-09T18:00:00Z,6.108789
p03,2022-04-09T19:00:00Z,7.250422
p03,2022-04-09T20:00:00Z,7.207159
p03,2022-04-09T21:00:00Z,8.365176
p03,2022-04-09T22:00:00Z,8.099808
p03,2022-04-09T23:00:00Z,8.715438
p03,2022-04-10T00:00:00Z,10.423074
p03,2022-04-10T01:00:00Z,11.282546
p03,2022-04-10T02:00:00Z,11.451137
p03,2022-04-10T03:00:00Z,11.410818
p03,2022-04-10T04:00:00Z,12.711100
p03,2022-04-10T05:00:00Z,11.321555
p03,2022-04-10T06:00:00Z,12.374013
p03,2022-04-10T07:00:00Z,12.083073
p03,2022-04-10T08:00:00Z,11.532287
p03,2022-04-10T09:00:00Z,10.792803
p03,2022-04-10T10:00:00Z,9.963495
p03,2022-04-10T11:00:00Z,9.000668
p03,2022-04-10T12:00:00Z,8.557885
p03,2022-04-10T13:00:00Z,7.941045
p03,2022-04-10T14:00:00Z,6.750841
p03,2022-04-10T15:00:00Z,6.402644
p03,2022-04-10T16:00:00Z,6.396005
p03,2022-04-10T17:00:00Z,6.075726
p03,2022-04-10T18:00:00Z,7.048613
p03,2022-04-10T19:00:00Z,5.895728
p03,2022-04-10T20:00:00Z,6.151595
p03,2022-04-10T21:00:00Z,7.791734
p03,2022-04-10T22:00:00Z,8.918632
p03,2022-04-10T23:00:00Z,9.542360
p03,2022-04-11T00:00:00Z,9.655225
p03,2022-04-11T01:00:00Z,11.430791
p03,2022-04-11T02:00:00Z,11.677892
p03,2022-04-11T03:00:00Z,11.676586
p03,2022-04-11T04:00:00Z,12.032369
p03,2022-04-11T05:00:00Z,11.971143
p03,2022-04-11T06:00:00Z,11.763025
p03,2022-04-11T07:00:00Z,11.599149
p03,2022-04-11T08:00:00Z,10.465593
p03,2022-04-11T09:00:00Z,10.540692
p03,2022-04-11T10:00:00Z,10.366502
p03,2022-04-11T11:00:00Z,8.882996
p03,2022-04-11T12:00:00Z,9.068774
p03,2022-04-11T13:00:00Z,8.240459
p03,2022-04-11T14:00:00Z,7.429933
p03,2022-04-11T15:00:00Z,7.408859
p03,2022-04-11T16:00:00Z,6.583404
p03,2022-04-11T17:00:00Z,5.344365
p03,2022-04-11T18:00:00Z,7.374546
p03,2022-04-11T19:00:00Z,6.844856
p03,2022-04-11T20:00:00Z,6.777136
p03,2022-04-11T21:00:00Z,7.972963
p03,2022-04-11T22:00:00Z,8.302785
p03,2022-04-11T23:00:00Z,9.025366
p03,2022-04-12T00:00:00Z,10.639481
p03,2022-04-12T01:00:00Z,10.726405
p03,2022-04-12T02:00:00Z,10.699385
p03,2022-04-12T03:00:00Z,12.749137
p03,2022-04-12T04:00:00Z,12.166411
p03,2022-04-12T05:00:00Z,11.981406
p03,2022-04-12T06:00:00Z,12.465815
p03,2022-04-12T07:00:00Z,10.544722
p03,2022-04-12T08:00:00Z,10.924652
p03,2022-04-12T09:00:00Z,10.526732
p03,2022-04-12T10:00:00Z,10.307751
p03,2022-04-12T11:00:00Z,9.772386
p03,2022-04-12T12:00:00Z,7.268453
p03,2022-04-12T13:00:00Z,7.917170
p03,2022-04-12T14:00:00Z,6.578382
p03,2022-04-12T15:00:00Z,6.814765
p03,2022-04-12T16:00:00Z,5.978118
p03,2022-04-12T17:00:00Z,6.411151
p03,2022-04-12T18:00:00Z,5.752538
p03,2022-04-12T19:00:00Z,5.620312
p03,2022-04-12T20:00:00Z,6.391721
p03,2022-04-12T21:00:00Z,7.723559
p03,2022-04-12T22:00:00Z,8.332867
p03,2022-04-12T23:00:00Z,9.273922
p03,2022-04-13T00:00:00Z,9.745101
p03,2022-04-13T01:00:00Z,10.801792
p03,2022-04-13T02:00:00Z,11.907761
p03,2022-04-13T03:00:00Z,11.469935
p03,2022-04-13T04:00:00Z,11.824903
p03,2022-04-13T05:00:00Z,12.026080
p03,2022-04-13T06:00:00Z,11.992205
p03,2022-04-13T07:00:00Z,11.926948
p03,2022-04-13T08:00:00Z,11.447192
p03,2022-04-13T09:00:00Z,10.824696
p03,2022-04-13T10:00:00Z,8.963654
p03,2022-04-13T11:00:00Z,8.580348
p03,2022-04-13T12:00:00Z,7.368972
p03,2022-04-13T13:00:00Z,7.300282
p03,2022-04-13T14:00:00Z,6.955601
p03,2022-04-13T15:00:00Z,5.938437
p03,2022-04-13T16:00:00Z,5.778119
p03,2022-04-13T17:00:00Z,6.036138
p03,2022-04-13T18:00:00Z,5.664554
p03,2022-04-13T19:00:00Z,6.641391
p03,2022-04-13T20:00:00Z,6.776090
p03,2022-04-13T21:00:00Z,8.397736
p03,2022-04-13T22:00:00Z,9.116054
p03,2022-04-13T23:00:00Z,8.993180
p03,2022-04-14T00:00:00Z,8.691742
p03,2022-04-14T01:00:00Z,10.340943
p03,2022-04-14T02:00:00Z,10.924879
p03,2022-04-14T03:00:00Z,11.958349
p03,2022-04-14T04:00:00Z,11.194970
p03,2022-04-14T05:00:00Z,12.701536
p03,2022-04-14T06:00:00Z,11.797549
p03,2022-04-14T07:00:00Z,11.541367
p03,2022-04-14T08:00:00Z,11.263565
p03,2022-04-14T09:00:00Z,10.067771
p03,2022-04-14T10:00:00Z,8.731932
p03,2022-04-14T11:00:00Z,9.257410
p03,2022-04-14T12:00:00Z,7.134919
p03,2022-04-14T13:00:00Z,6.976113
p03,2022-04-14T14:00:00Z,7.127072
p03,2022-04-14T15:00:00Z,5.728275
p03,2022-04-14T16:00:00Z,5.733190
p03,2022-04-14T17:00:00Z,5.722588
p03,2022-04-14T18:00:00Z,5.819900
p03,2022-04-14T19:00:00Z,6.460151
p03,2022-04-14T20:00:00Z,6.798800
p03,2022-04-14T21:00:00Z,7.492793
p03,2022-04-14T22:00:00Z,8.346689
p03,2022-04-14T23:00:00Z,8.943519
p03,2022-04-15T00:00:00Z,9.988375
p03,2022-04-15T01:00:00Z,10.230774
p03,2022-04-15T02:00:00Z,10.670329
p03,2022-04-15T03:00:00Z,12.174073
p03,2022-04-15T04:00:00Z,11.673142
p03,2022-04-15T05:00:00Z,11.332878
p03,2022-04-15T06:00:00Z,11.552361
p03,2022-04-15T07:00:00Z,11.905933
p03,2022-04-15T08:00:00Z,11.214623
p03,2022-04-15T09:00:00Z,10.265911
p03,2022-04-15T10:00:00Z,10.552432
p03,2022-04-15T11:00:00Z,8.183137
p03,2022-04-15T12:00:00Z,7.945659
p03,2022-04-15T13:00:00Z,6.550515
p03,2022-04-15T14:00:00Z,6.517698
p03,2022-04-15T15:00:00Z,6.521543
p03,2022-04-15T16:00:00Z,6.570038
p03,2022-04-15T17:00:00Z,5.928346
p03,2022-04-15T18:00:00Z,6.480428
p03,2022-04-15T19:00:00Z,5.730573
p03,2022-04-15T20:00:00Z,6.912613
p03,2022-04-15T21:00:00Z,7.098503
p03,2022-04-15T22:00:00Z,7.610430
p03,2022-04-15T23:00:00Z,8.929025
p03,2022-04-16T00:00:00Z,9.686262
p03,2022-04-16T01:00:00Z,10.066802
p03,2022-04-16T02:00:00Z,10.892662
p03,2022-04-16T03:00:00Z,10.517071
p03,2022-04-16T04:00:00Z,11.482614
p03,2022-04-16T05:00:00Z,11.687334
p03,2022-04-16T06:00:00Z,11.299102
p03,2022-04-16T07:00:00Z,11.743323
p03,2022-04-16T08:00:00Z,11.267356
p03,2022-04-16T09:00:00Z,10.822386
p03,2022-04-16T10:00:00Z,8.871534
p03,2022-04-16T11:00:00Z,8.565431
p03,2022-04-16T12:00:00Z,7.994298
p03,2022-04-16T13:00:00Z,7.448225
p03,2022-04-16T14:00:00Z,7.062036
p03,2022-04-16T15:00:00Z,6.501792
p03,2022-04-16T16:00:00Z,5.711209
p03,2022-04-16T17:00:00Z,6.589764
p03,2022-04-16T18:00:00Z,4.961661
p03,2022-04-16T19:00:00Z,5.945036
p03,2022-04-16T20:00:00Z,6.663403
p03,2022-04-16T21:00:00Z,7.413653
p03,2022-04-16T22:00:00Z,8.177978
p03,2022-04-16T23:00:00Z,8.924439
p03,2022-04-17T00:00:00Z,9.267237
p03,2022-04-17T01:00:00Z,10.367868
p03,2022-04-17T02:00:00Z,10.538091
p03,2022-04-17T03:00:00Z,10.966310
p03,2022-04-17T04:00:00Z,11.888340
p03,2022-04-17T05:00:00Z,11.074797
p03,2022-04-17T06:00:00Z,11.516825
p03,2022-04-17T07:00:00Z,11.315376
p03,2022-04-17T08:00:00Z,10.626938
p03,2022-04-17T09:00:00Z,9.905153
p03,2022-04-17T10:00:00Z,8.969431
p03,2022-04-17T11:00:00Z,8.090861
p03,2022-04-17T12:00:00Z,8.184083
p03,2022-04-17T13:00:00Z,8.096132
p03,2022-04-17T14:00:00Z,7.299579
p03,2022-04-17T15:00:00Z,5.513632
p03,2022-04-17T16:00:00Z,5.911599
p03,2022-04-17T17:00:00Z,5.658484
p03,2022-04-17T18:00:00Z,6.307585
p03,2022-04-17T19:00:00Z,5.947961
p03,2022-04-17T20:00:00Z,6.664793
p03,2022-04-17T21:00:00Z,7.064195
p03,2022-04-17T22:00:00Z,7.802537
p03,2022-04-17T23:00:00Z,9.082660
p03,2022-04-18T00:00:00Z,9.486346
p03,2022-04-18T01:00:00Z,10.504152
p03,2022-04-18T02:00:00Z,11.058960
p03,2022-04-18T03:00:00Z,11.460019
p03,2022-04-18T04:00:00Z,11.436779
p03,2022-04-18T05:00:00Z,12.256844
p03,2022-04-18T06:00:00Z,10.945627
p03,2022-04-18T07:00:00Z,11.495965
p03,2022-04-18T08:00:00Z,11.023170
p03,2022-04-18T09:00:00Z,9.894613
p03,2022-04-18T10:00:00Z,8.881221
p03,2022-04-18T11:00:00Z,9.643898
p03,2022-04-18T12:00:00Z,7.841708
p03,2022-04-18T13:00:00Z,6.848964
p03,2022-04-18T14:00:00Z,5.997630
p03,2022-04-18T15:00:00Z,6.005614
p03,2022-04-18T16:00:00Z,6.060352
p03,2022-04-18T17:00:00Z,5.543594
p03,2022-04-18T18:00:00Z,5.200364
p03,2022-04-18T19:00:00Z,6.273759
p03,2022-04-18T20:00:00Z,6.482917
p03,2022-04-18T21:00:00Z,7.291005
p03,2022-04-18T22:00:00Z,8.456064
p03,2022-04-18T23:00:00Z,8.809359
p03,2022-04-19T00:00:00Z,8.730821
p03,2022-04-19T01:00:00Z,9.240986
p03,2022-04-19T02:00:00Z,10.521219
p03,2022-04-19T03:00:00Z,11.263241
p03,2022-04-19T04:00:00Z,11.467298
p03,2022-04-19T05:00:00Z,11.309382
p03,2022-04-19T06:00:00Z,11.616561
p03,2022-04-19T07:00:00Z,11.215006
p03,2022-04-19T08:00:00Z,9.964337
p03,2022-04-19T09:00:00Z,10.735380
p03,2022-04-19T10:00:00Z,9.591621
p03,2022-04-19T11:00:00Z,7.904122
p03,2022-04-19T12:00:00Z,7.396131
p03,2022-04-19T13:00:00Z,7.251106
p03,2022-04-19T14:00:00Z,5.846018
p03,2022-04-19T15:00:00Z,5.805251
p03,2022-04-19T16:00:00Z,4.750830
p03,2022-04-19T17:00:00Z,4.985431
p03,2022-04-19T18:00:00Z,6.252142
p03,2022-04-19T19:00:00Z,6.069808
p03,2022-04-19T20:00:00Z,6.924352
p03,2022-04-19T21:00:00Z,6.659143
p03,2022-04-19T22:00:00Z,8.886965
p03,2022-04-19T23:00:00Z,8.370900
p03,2022-04-20T00:00:00Z,9.161248
p03,2022-04-20T01:00:00Z,9.632930
p03,2022-04-20T02:00:00Z,9.976273
p03,2022-04-20T03:00:00Z,11.088220
p03,2022-04-20T04:00:00Z,11.543700
p03,2022-04-20T05:00:00Z,11.893910
p03,2022-04-20T06:00:00Z,11.241881
p03,2022-04-20T07:00:00Z,10.351196
p03,2022-04-20T08:00:00Z,9.951461
p03,2022-04-20T09:00:00Z,9.834517
p03,2022-04-20T10:00:00Z,7.700311
p03,2022-04-20T11:00:00Z,8.444281
p03,2022-04-20T12:00:00Z,7.643167
p03,2022-04-20T13:00:00Z,7.233217
p03,2022-04-20T14:00:00Z,6.466800
p03,2022-04-20T15:00:00Z,5.229131
p03,2022-04-20T16:00:00Z,5.405964
p03,2022-04-20T17:00:00Z,5.011119
p03,2022-04-20T18:00:00Z,5.871521
p03,2022-04-20T19:00:00Z,4.833032
p03,2022-04-20T20:00:00Z,5.898652
p03,2022-04-20T21:00:00Z,6.973311
p03,2022-04-20T22:00:00Z,6.887918
p03,2022-04-20T23:00:00Z,9.006858
p03,2022-04-21T00:00:00Z,9.151248
p03,2022-04-21T01:00:00Z,8.944597
p03,2022-04-21T02:00:00Z,10.701726
p03,2022-04-21T03:00:00Z,11.560509
p03,2022-04-21T04:00:00Z,9.938817
p03,2022-04-21T05:00:00Z,11.705702
p03,2022-04-21T06:00:00Z,10.923346
p03,2022-04-21T07:00:00Z,11.329111
p03,2022-04-21T08:00:00Z,11.001373
p03,2022-04-21T09:00:00Z,9.812533
p03,2022-04-21T10:00:00Z,8.886013
p03,2022-04-21T11:00:00Z,8.944809
p03,2022-04-21T12:00:00Z,8.032434
p03,2022-04-21T13:00:00Z,7.097226
p03,2022-04-21T14:00:00Z,6.475442
p03,2022-04-21T15:00:00Z,5.317797
p03,2022-04-21T16:00:00Z,4.572644
p03,2022-04-21T17:00:00Z,5.295813
p03,2022-04-21T18:00:00Z,5.142216
p03,2022-04-21T19:00:00Z,5.590935
p03,2022-04-21T20:00:00Z,6.373953
p03,2022-04-21T21:00:00Z,6.648701
p03,2022-04-21T22:00:00Z,7.133406
p03,2022-04-21T23:00:00Z,8.930048
p03,2022-04-22T00:00:00Z,8.687062
p03,2022-04-22T01:00:00Z,10.056690
p03,2022-04-22T02:00:00Z,10.733032
p03,2022-04-22T03:00:00Z,10.741420
p03,2022-04-22T04:00:00Z,10.136429
p03,2022-04-22T05:00:00Z,11.542702
p03,2022-04-22T06:00:00Z,10.956208
p03,2022-04-22T07:00:00Z,10.667405
p03,2022-04-22T08:00:00Z,9.790853
p03,2022-04-22T09:00:00Z,9.906885
p03,2022-04-22T10:00:00Z,8.961358
p03,2022-04-22T11:00:00Z,7.396903
p03,2022-04-22T12:00:00Z,8.119918
p03,2022-04-22T13:00:00Z,6.508206
p03,2022-04-22T14:00:00Z,5.369222
p03,2022-04-22T15:00:00Z,6.206636
p03,2022-04-22T16:00:00Z,4.450016
p03,2022-04-22T17:00:00Z,5.306391
p03,2022-04-22T18:00:00Z,5.133917
p03,2022-04-22T19:00:00Z,5.086975
p03,2022-04-22T20:00:00Z,5.593767
p03,2022-04-22T21:00:00Z,6.116719
p03,2022-04-22T22:00:00Z,6.910618
p03,2022-04-22T23:00:00Z,8.192598
p03,2022-04-23T00:00:00Z,9.141970
p03,2022-04-23T01:00:00Z,9.457433
p03,2022-04-23T02:00:00Z,9.787063
p03,2022-04-23T03:00:00Z,11.013278
p03,2022-04-23T04:00:00Z,11.005927
p03,2022-04-23T05:00:00Z,10.931006
p03,2022-04-23T06:00:00Z,10.362072
p03,2022-04-23T07:00:00Z,10.196223
p03,2022-04-23T08:00:00Z,9.933238
p03,2022-04-23T09:00:00Z,9.026999
p03,2022-04-23T10:00:00Z,8.379515
p03,2022-04-23T11:00:00Z,7.985123
p03,2022-04-23T12:00:00Z,7.298657
p03,2022-04-23T13:00:00Z,5.747587
p03,2022-04-23T14:00:00Z,5.252353
p03,2022-04-23T15:00:00Z,5.691484
p03,2022-04-23T16:00:00Z,5.341188
p03,2022-04-23T17:00:00Z,5.236143
p03,2022-04-23T18:00:00Z,5.737601
p03,2022-04-23T19:00:00Z,5.939169
p03,2022-04-23T20:00:00Z,5.930146
p03,2022-04-23T21:00:00Z,6.440956
p03,2022-04-23T22:00:00Z,6.500903
p03,2022-04-23T23:00:00Z,8.070962
p03,2022-04-24T00:00:00Z,8.247793
p03,2022-04-24T01:00:00Z,9.059867
p03,2022-04-24T02:00:00Z,9.960163
p03,2022-04-24T03:00:00Z,11.061002
p03,2022-04-24T04:00:00Z,10.464802
p03,2022-04-24T05:00:00Z,10.416044
p03,2022-04-24T06:00:00Z,10.651927
p03,2022-04-24T07:00:00Z,9.872125
p03,2022-04-24T08:00:00Z,9.109727
p03,2022-04-24T09:00:00Z,9.277122
p03,2022-04-24T10:00:00Z,8.123017
p03,2022-04-24T11:00:00Z,8.284007
p03,2022-04-24T12:00:00Z,6.736376
p03,2022-04-24T13:00:00Z,5.659302
p03,2022-04-24T14:00:00Z,5.476875
p03,2022-04-24T15:00:00Z,4.866459
p03,2022-04-24T16:00:00Z,5.435201
p03,2022-04-24T17:00:00Z,4.858363
p03,2022-04-24T18:00:00Z,4.443715
p03,2022-04-24T19:00:00Z,5.454344
p03,2022-04-24T20:00:00Z,5.948529
p03,2022-04-24T21:00:00Z,7.329935
p03,2022-04-24T22:00:00Z,7.057885
p03,2022-04-24T23:00:00Z,7.601904
p03,2022-04-25T00:00:00Z,9.093297
p03,2022-04-25T01:00:00Z,9.058645
p03,2022-04-25T02:00:00Z,10.197989
p03,2022-04-25T03:00:00Z,10.221091
p03,2022-04-25T04:00:00Z,10.972072
p03,2022-04-25T05:00:00Z,11.007233
p03,2022-04-25T06:00:00Z,10.614063
p03,2022-04-25T07:00:00Z,11.010172
p03,2022-04-25T08:00:00Z,9.647187
p03,2022-04-25T09:00:00Z,9.565936
p03,2022-04-25T10:00:00Z,8.461468
p03,2022-04-25T11:00:00Z,7.982666
p03,2022-04-25T12:00:00Z,7.197023
p03,2022-04-25T13:00:00Z,6.446488
p03,2022-04-25T14:00:00Z,5.621024
p03,2022-04-25T15:00:00Z,4.825268
p03,2022-04-25T16:00:00Z,5.253301
p03,2022-04-25T17:00:00Z,4.495212
p03,2022-04-25T18:00:00Z,4.838668
p03,2022-04-25T19:00:00Z,5.359539
p03,2022-04-25T20:00:00Z,5.633309
p03,2022-04-25T21:00:00Z,5.971185
p03,2022-04-25T22:00:00Z,7.964544
p03,2022-04-25T23:00:00Z,8.205628
p03,2022-04-26T00:00:00Z,8.769117
p03,2022-04-26T01:00:00Z,9.036518
p03,2022-04-26T02:00:00Z,9.816872
p03,2022-04-26T03:00:00Z,10.480147
p03,2022-04-26T04:00:00Z,11.152047
p03,2022-04-26T05:00:00Z,9.871671
p03,2022-04-26T06:00:00Z,11.207217
p03,2022-04-26T07:00:00Z,10.015843
p03,2022-04-26T08:00:00Z,9.793868
p03,2022-04-26T09:00:00Z,9.156788
p03,2022-04-26T10:00:00Z,8.522948
p03,2022-04-26T11:00:00Z,8.206397
p03,2022-04-26T12:00:00Z,6.537471
p03,2022-04-26T13:00:00Z,6.865139
p03,2022-04-26T14:00:00Z,5.342563
p03,2022-04-26T15:00:00Z,5.920385
p03,2022-04-26T16:00:00Z,5.581998
p03,2022-04-26T17:00:00Z,4.877106
p03,2022-04-26T18:00:00Z,4.638039
p03,2022-04-26T19:00:00Z,4.400403
p03,2022-04-26T20:00:00Z,5.898988
p03,2022-04-26T21:00:00Z,6.393607
p03,2022-04-26T22:00:00Z,7.782959
p03,2022-04-26T23:00:00Z,7.328107
p03,2022-04-27T00:00:00Z,8.224248
p03,2022-04-27T01:00:00Z,8.219707
p03,2022-04-27T02:00:00Z,9.831609
p03,2022-04-27T03:00:00Z,9.692480
p03,2022-04-27T04:00:00Z,10.940409
p03,2022-04-27T05:00:00Z,10.333881
p03,2022-04-27T06:00:00Z,9.939377
p03,2022-04-27T07:00:00Z,10.189824
p03,2022-04-27T08:00:00Z,9.845625
p03,2022-04-27T09:00:00Z,9.097682
p03,2022-04-27T10:00:00Z,9.321706
p03,2022-04-27T11:00:00Z,8.714794
p03,2022-04-27T12:00:00Z,6.905425
p03,2022-04-27T13:00:00Z,6.417641
p03,2022-04-27T14:00:00Z,6.236464
p03,2022-04-27T15:00:00Z,4.679238
p03,2022-04-27T16:00:00Z,5.262666
p03,2022-04-27T17:00:00Z,4.506512
p03,2022-04-27T18:00:00Z,4.748133
p03,2022-04-27T19:00:00Z,5.626873
p03,2022-04-27T20:00:00Z,5.664530
p03,2022-04-27T21:00:00Z,6.079377
p03,2022-04-27T22:00:00Z,6.463803
p03,2022-04-27T23:00:00Z,6.902501
p03,2022-04-28T00:00:00Z,8.226502
p03,2022-04-28T01:00:00Z,9.192844
p03,2022-04-28T02:00:00Z,9.347021
p03,2022-04-28T03:00:00Z,10.215068
p03,2022-04-28T04:00:00Z,9.980064
p03,2022-04-28T05:00:00Z,10.779235
p03,2022-04-28T06:00:00Z,10.157045
p03,2022-04-28T07:00:00Z,10.688387
p03,2022-04-28T08:00:00Z,9.513898
p03,2022-04-28T09:00:00Z,9.022325
p03,2022-04-28T10:00:00Z,7.711232
p03,2022-04-28T11:00:00Z,7.640373
p03,2022-04-28T12:00:00Z,7.068514
p03,2022-04-28T13:00:00Z,6.212231
p03,2022-04-28T14:00:00Z,4.203485
p03,2022-04-28T15:00:00Z,5.335511
p03,2022-04-28T16:00:00Z,5.055410
p03,2022-04-28T17:00:00Z,5.255570
p03,2022-04-28T18:00:00Z,4.472675
p03,2022-04-28T19:00:00Z,4.828855
p03,2022-04-28T20:00:00Z,5.691726
p03,2022-04-28T21:00:00Z,5.981348
p03,2022-04-28T22:00:00Z,6.796988
p03,2022-04-28T23:00:00Z,6.984191
p03,2022-04-29T00:00:00Z,8.404065
p03,2022-04-29T01:00:00Z,9.159641
p03,2022-04-29T02:00:00Z,9.409228
p03,2022-04-29T03:00:00Z,9.725427
p03,2022-04-29T04:00:00Z,10.153502
p03,2022-04-29T05:00:00Z,10.428876
p03,2022-04-29T06:00:00Z,10.081544
p03,2022-04-29T07:00:00Z,10.178323
p03,2022-04-29T08:00:00Z,9.325506
p03,2022-04-29T09:00:00Z,8.796085
p03,2022-04-29T10:00:00Z,8.193015
p03,2022-04-29T11:00:00Z,7.867816
p03,2022-04-29T12:00:00Z,5.865897
p03,2022-04-29T13:00:00Z,6.280292
p03,2022-04-29T14:00:00Z,5.536971
p03,2022-04-29T15:00:00Z,4.573721
p03,2022-04-29T16:00:00Z,3.855128
p03,2022-04-29T17:00:00Z,4.579925
p03,2022-04-29T18:00:00Z,4.444016
p03,2022-04-29T19:00:00Z,4.652330
p03,2022-04-29T20:00:00Z,5.788323
p03,2022-04-29T21:00:00Z,6.350891
p03,2022-04-29T22:00:00Z,6.025653
p03,2022-04-29T23:00:00Z,7.427591
p03,2022-04-30T00:00:00Z,8.674460
p03,2022-04-30T01:00:00Z,8.684938
p03,2022-04-30T02:00:00Z,9.849931
p03,2022-04-30T03:00:00Z,9.713265
p03,2022-04-30T04:00:00Z,10.481438
p03,2022-04-30T05:00:00Z,9.715267
p03,2022-04-30T06:00:00Z,10.697644
p03,2022-04-30T07:00:00Z,9.489775
p03,2022-04-30T08:00:00Z,9.754617
p03,2022-04-30T09:00:00Z,8.226994
p03,2022-04-30T10:00:00Z,8.353174
p03,2022-04-30T11:00:00Z,7.249495
p03,2022-04-30T12:00:00Z,5.721104
p03,2022-04-30T13:00:00Z,6.411225
p03,2022-04-30T14:00:00Z,4.405361
p03,2022-04-30T15:00:00Z,4.753932
p03,2022-04-30T16:00:00Z,6.371141
p03,2022-04-30T17:00:00Z,3.687755
p03,2022-04-30T18:00:00Z,3.580090
p03,2022-04-30T19:00:00Z,4.266530
p03,2022-04-30T20:00:00Z,5.247912
p03,2022-04-30T21:00:00Z,5.555477
p03,2022-04-30T22:00:00Z,6.904495
p03,2022-04-30T23:00:00Z,6.374778
p03,2022-05-01T00:00:00Z,8.216778
p03,2022-05-01T01:00:00Z,9.622982
p03,2022-05-01T02:00:00Z,8.782981
p03,2022-05-01T03:00:00Z,9.187097
p03,2022-05-01T04:00:00Z,9.838841
p03,2022-05-01T05:00:00Z,10.165512
p03,2022-05-01T06:00:00Z,9.920935
p03,2022-05-01T07:00:00Z,9.940990
p03,2022-05-01T08:00:00Z,10.515320
p03,2022-05-01T09:00:00Z,8.926627
p03,2022-05-01T10:00:00Z,8.443013
p03,2022-05-01T11:00:00Z,7.359214
p03,2022-05-01T12:00:00Z,5.460565
p03,2022-05-01T13:00:00Z,5.849245
p03,2022-05-01T14:00:00Z,5.394268
p03,2022-05-01T15:00:00Z,3.956576
p03,2022-05-01T16:00:00Z,4.111831
p03,2022-05-01T17:00:00Z,4.149362
p03,2022-05-01T18:00:00Z,4.529421
p03,2022-05-01T19:00:00Z,3.884066
p03,2022-05-01T20:00:00Z,4.703562
p03,2022-05-01T21:00:00Z,5.555476
p03,2022-05-01T22:00:00Z,6.167871
p03,2022-05-01T23:00:00Z,7.493209
p03,2022-05-02T00:00:00Z,8.203791
p03,2022-05-02T01:00:00Z,8.680873
p03,2022-05-02T02:00:00Z,8.741674
p03,2022-05-02T03:00:00Z,9.606554
p03,2022-05-02T04:00:00Z,10.276246
p03,2022-05-02T05:00:00Z,9.337351
p03,2022-05-02T06:00:00Z,8.463073
p03,2022-05-02T07:00:00Z,9.504849
p03,2022-05-02T08:00:00Z,10.296744
p03,2022-05-02T09:00:00Z,8.987146
p03,2022-05-02T10:00:00Z,8.192046
p03,2022-05-02T11:00:00Z,7.099157
p03,2022-05-02T12:00:00Z,6.392025
p03,2022-05-02T13:00:00Z,5.312970
p03,2022-05-02T14:00:00Z,5.580614
p03,2022-05-02T15:00:00Z,4.677243
p03,2022-05-02T16:00:00Z,3.761844
p03,2022-05-02T17:00:00Z,3.831839
p03,2022-05-02T18:00:00Z,3.864362
p03,2022-05-02T19:00:00Z,4.213283
p03,2022-05-02T20:00:00Z,4.814326
p03,2022-05-02T21:00:00Z,6.134682
p03,2022-05-02T22:00:00Z,6.275714
p03,2022-05-02T23:00:00Z,7.449192
p03,2022-05-03T00:00:00Z,6.924656
p03,2022-05-03T01:00:00Z,8.573706
p03,2022-05-03T02:00:00Z,9.626028
p03,2022-05-03T03:00:00Z,9.722357
p03,2022-05-03T04:00:00Z,10.632024
p03,2022-05-03T05:00:00Z,9.075566
p03,2022-05-03T06:00:00Z,9.703334
p03,2022-05-03T07:00:00Z,9.473412
p03,2022-05-03T08:00:00Z,8.696285
p03,2022-05-03T09:00:00Z,8.302719
p03,2022-05-03T10:00:00Z,8.118596
p03,2022-05-03T11:00:00Z,7.369327
p03,2022-05-03T12:00:00Z,5.911080
p03,2022-05-03T13:00:00Z,5.317669
p03,2022-05-03T14:00:00Z,4.081368
p03,2022-05-03T15:00:00Z,4.561114
p03,2022-05-03T16:00:00Z,3.325545
p03,2022-05-03T17:00:00Z,4.013041
p03,2022-05-03T18:00:00Z,4.212430
p03,2022-05-03T19:00:00Z,3.978666
p03,2022-05-03T20:00:00Z,5.137652
p03,2022-05-03T21:00:00Z,5.536048
p03,2022-05-03T22:00:00Z,6.150657
p03,2022-05-03T23:00:00Z,6.041527
p03,2022-05-04T00:00:00Z,7.556114
p03,2022-05-04T01:00:00Z,9.254409
p03,2022-05-04T02:00:00Z,8.234497
p03,2022-05-04T03:00:00Z,10.468679
p03,2022-05-04T04:00:00Z,10.099127
p03,2022-05-04T05:00:00Z,10.003586
p03,2022-05-04T06:00:00Z,10.142864
p03,2022-05-04T07:00:00Z,9.293896
p03,2022-05-04T08:00:00Z,8.875417
p03,2022-05-04T09:00:00Z,7.880860
p03,2022-05-04T10:00:00Z,7.051064
p03,2022-05-04T11:00:00Z,6.302904
p03,2022-05-04T12:00:00Z,6.511451
p03,2022-05-04T13:00:00Z,5.863688
p03,2022-05-04T14:00:00Z,5.897346
p03,2022-05-04T15:00:00Z,3.360494
p03,2022-05-04T16:00:00Z,3.532611
p03,2022-05-04T17:00:00Z,3.285637
p03,2022-05-04T18:00:00Z,3.349234
p03,2022-05-04T19:00:00Z,3.657622
p03,2022-05-04T20:00:00Z,5.171148
p03,2022-05-04T21:00:00Z,4.971856
p03,2022-05-04T22:00:00Z,5.311765
p03,2022-05-04T23:00:00Z,6.559766
p03,2022-05-05T00:00:00Z,8.376734
p03,2022-05-05T01:00:00Z,9.225425
p03,2022-05-05T02:00:00Z,9.133108
p03,2022-05-05T03:00:00Z,9.911375
p03,2022-05-05T04:00:00Z,9.749580
p03,2022-05-05T05:00:00Z,9.873817
p03,2022-05-05T06:00:00Z,9.499074
p03,2022-05-05T07:00:00Z,8.647524
p03,2022-05-05T08:00:00Z,8.709164
p03,2022-05-05T09:00:00Z,8.614853
p03,2022-05-05T10:00:00Z,7.585435
p03,2022-05-05T11:00:00Z,6.437561
p03,2022-05-05T12:00:00Z,5.876375
p03,2022-05-05T13:00:00Z,4.707800
p03,2022-05-05T14:00:00Z,5.324973
p03,2022-05-05T15:00:00Z,4.220560
p03,2022-05-05T16:00:00Z,3.673995
p03,2022-05-05T17:00:00Z,3.398931
p03,2022-05-05T18:00:00Z,3.905584
p03,2022-05-05T19:00:00Z,4.752544
p03,2022-05-05T20:00:00Z,4.905710
p03,2022-05-05T21:00:00Z,4.649085
p03,2022-05-05T22:00:00Z,5.826172
p03,2022-05-05T23:00:00Z,6.990896
p03,2022-05-06T00:00:00Z,6.665602
p03,2022-05-06T01:00:00Z,7.217683
p03,2022-05-06T02:00:00Z,8.088085
p03,2022-05-06T03:00:00Z,9.467910
p03,2022-05-06T04:00:00Z,9.056308
p03,2022-05-06T05:00:00Z,9.994922
p03,2022-05-06T06:00:00Z,9.638292
p03,2022-05-06T07:00:00Z,8.437791
p03,2022-05-06T08:00:00Z,8.532610
p03,2022-05-06T09:00:00Z,8.432884
p03,2022-05-06T10:00:00Z,7.418652
p03,2022-05-06T11:00:00Z,6.251479
p03,2022-05-06T12:00:00Z,5.440240
p03,2022-05-06T13:00:00Z,4.379273
p03,2022-05-06T14:00:00Z,4.038233
p03,2022-05-06T15:00:00Z,3.527944
p03,2022-05-06T16:00:00Z,1.989705
p03,2022-05-06T17:00:00Z,4.225776
p03,2022-05-06T18:00:00Z,3.576371
p03,2022-05-06T19:00:00Z,3.926699
p03,2022-05-06T20:00:00Z,3.662562
p03,2022-05-06T21:00:00Z,6.077484
p03,2022-05-06T22:00:00Z,5.687211
p03,2022-05-06T23:00:00Z,6.759606
p03,2022-05-07T00:00:00Z,7.156495
p03,2022-05-07T01:00:00Z,7.975039
p03,2022-05-07T02:00:00Z,8.103447
p03,2022-05-07T03:00:00Z,9.765251
p03,2022-05-07T04:00:00Z,9.590760
p03,2022-05-07T05:00:00Z,9.479166
p03,2022-05-07T06:00:00Z,9.935220
p03,2022-05-07T07:00:00Z,8.796649
p03,2022-05-07T08:00:00Z,8.146036
p03,2022-05-07T09:00:00Z,7.881161
p03,2022-05-07T10:00:00Z,7.134601
p03,2022-05-07T11:00:00Z,7.341831
p03,2022-05-07T12:00:00Z,5.410047
p03,2022-05-07T13:00:00Z,4.658539
p03,2022-05-07T14:00:00Z,3.494530
p03,2022-05-07T15:00:00Z,4.222731
p03,2022-05-07T16:00:00Z,4.458263
p03,2022-05-07T17:00:00Z,3.635819
p03,2022-05-07T18:00:00Z,2.909418
p03,2022-05-07T19:00:00Z,3.517479
p03,2022-05-07T20:00:00Z,3.827641
p03,2022-05-07T21:00:00Z,5.269012
p03,2022-05-07T22:00:00Z,4.504536
p03,2022-05-07T23:00:00Z,5.857112
p03,2022-05-08T00:00:00Z,7.041991
p03,2022-05-08T01:00:00Z,7.384718
p03,2022-05-08T02:00:00Z,8.481461
p03,2022-05-08T03:00:00Z,8.528512
p03,2022-05-08T04:00:00Z,9.962875
p03,2022-05-08T05:00:00Z,8.921839
p03,2022-05-08T06:00:00Z,8.399781
p03,2022-05-08T07:00:00Z,8.721389
p03,2022-05-08T08:00:00Z,8.446353
p03,2022-05-08T09:00:00Z,7.424006
p03,2022-05-08T10:00:00Z,6.724974
p03,2022-05-08T11:00:00Z,6.849652
p03,2022-05-08T12:00:00Z,6.121217
p03,2022-05-08T13:00:00Z,4.657268
p03,2022-05-08T14:00:00Z,4.413132
p03,2022-05-08T15:00:00Z,4.063332
p03,2022-05-08T16:00:00Z,3.375261
p03,2022-05-08T17:00:00Z,4.069900
p03,2022-05-08T18:00:00Z,2.991454
p03,2022-05-08T19:00:00Z,3.187682
p03,2022-05-08T20:00:00Z,4.423438
p03,2022-05-08T21:00:00Z,5.046767
p03,2022-05-08T22:00:00Z,5.482199
p03,2022-05-08T23:00:00Z,6.119877
p03,2022-05-09T00:00:00Z,6.993814
p03,2022-05-09T01:00:00Z,8.387203
p03,2022-05-09T02:00:00Z,8.849908
p03,2022-05-09T03:00:00Z,7.976393
p03,2022-05-09T04:00:00Z,9.005326
p03,2022-05-09T05:00:00Z,8.792494
p03,2022-05-09T06:00:00Z,8.558029
p03,2022-05-09T07:00:00Z,8.596844
p03,2022-05-09T08:00:00Z,8.533192
p03,2022-05-09T09:00:00Z,7.264763
p03,2022-05-09T10:00:00Z,6.409865
p03,2022-05-09T11:00:00Z,6.179716
p03,2022-05-09T12:00:00Z,5.597406
p03,2022-05-09T13:00:00Z,5.063804
p03,2022-05-09T14:00:00Z,3.782316
p03,2022-05-09T15:00:00Z,4.368831
p03,2022-05-09T16:00:00Z,3.496884
p03,2022-05-09T17:00:00Z,2.682977
p03,2022-05-09T18:00:00Z,2.766085
p03,2022-05-09T19:00:00Z,2.635615
p03,2022-05-09T20:00:00Z,4.317524
p03,2022-05-09T21:00:00Z,5.984337
p03,2022-05-09T22:00:00Z,5.853792
p03,2022-05-09T23:00:00Z,6.927915
p03,2022-05-10T00:00:00Z,6.594372
p03,2022-05-10T01:00:00Z,7.222828
p03,2022-05-10T02:00:00Z,8.011690
p03,2022-05-10T03:00:00Z,7.225576
p03,2022-05-10T04:00:00Z,9.242103
p03,2022-05-10T05:00:00Z,8.384408
p03,2022-05-10T06:00:00Z,8.711031
p03,2022-05-10T07:00:00Z,9.332664
p03,2022-05-10T08:00:00Z,8.962672
p03,2022-05-10T09:00:00Z,7.797971
p03,2022-05-10T10:00:00Z,7.110772
p03,2022-05-10T11:00:00Z,7.327175
p03,2022-05-10T12:00:00Z,5.414320
p03,2022-05-10T13:00:00Z,5.195144
p03,2022-05-10T14:00:00Z,3.785701
p03,2022-05-10T15:00:00Z,3.801948
p03,2022-05-10T16:00:00Z,4.006970
p03,2022-05-10T17:00:00Z,3.131738
p03,2022-05-10T18:00:00Z,3.612919
p03,2022-05-10T19:00:00Z,3.410136
p03,2022-05-10T20:00:00Z,3.780596
p03,2022-05-10T21:00:00Z,4.654979
p03,2022-05-10T22:00:00Z,4.746113
p03,2022-05-10T23:00:00Z,5.081192
p03,2022-05-11T00:00:00Z,6.227750
p03,2022-05-11T01:00:00Z,6.532011
p03,2022-05-11T02:00:00Z,8.473761
p03,2022-05-11T03:00:00Z,8.714862
p03,2022-05-11T04:00:00Z,9.466864
p03,2022-05-11T05:00:00Z,8.948016
p03,2022-05-11T06:00:00Z,8.889417
p03,2022-05-11T07:00:00Z,9.042388
p03,2022-05-11T08:00:00Z,8.055717
p03,2022-05-11T09:00:00Z,7.081533
p03,2022-05-11T10:00:00Z,6.532374
p03,2022-05-11T11:00:00Z,4.606219
p03,2022-05-11T12:00:00Z,5.370651
p03,2022-05-11T13:00:00Z,4.246682
p03,2022-05-11T14:00:00Z,3.575921
p03,2022-05-11T15:00:00Z,3.090406
p03,2022-05-11T16:00:00Z,3.250915
p03,2022-05-11T17:00:00Z,3.040310
p03,2022-05-11T18:00:00Z,2.468528
p03,2022-05-11T19:00:00Z,3.182192
p03,2022-05-11T20:00:00Z,3.517312
p03,2022-05-11T21:00:00Z,3.846448
p03,2022-05-11T22:00:00Z,4.723959
p03,2022-05-11T23:00:00Z,6.132770
p03,2022-05-12T00:00:00Z,5.480887
p03,2022-05-12T01:00:00Z,7.337819
p03,2022-05-12T02:00:00Z,8.715283
p03,2022-05-12T03:00:00Z,7.418235
p03,2022-05-12T04:00:00Z,8.842018
p03,2022-05-12T05:00:00Z,7.921854
p03,2022-05-12T06:00:00Z,8.993362
p03,2022-05-12T07:00:00Z,7.938896
p03,2022-05-12T08:00:00Z,7.667759
p03,2022-05-12T09:00:00Z,7.523002
p03,2022-05-12T10:00:00Z,6.870744
p03,2022-05-12T11:00:00Z,6.082522
p03,2022-05-12T12:00:00Z,4.432355
p03,2022-05-12T13:00:00Z,4.443752
p03,2022-05-12T14:00:00Z,3.486795
p03,2022-05-12T15:00:00Z,1.984127
p03,2022-05-12T16:00:00Z,2.783176
p03,2022-05-12T17:00:00Z,3.754789
p03,2022-05-12T18:00:00Z,3.130837
p03,2022-05-12T19:00:00Z,3.539491
p03,2022-05-12T20:00:00Z,3.284432
p03,2022-05-12T21:00:00Z,3.966348
p03,2022-05-12T22:00:00Z,4.467487
p03,2022-05-12T23:00:00Z,5.279873
p03,2022-05-13T00:00:00Z,5.876668
p03,2022-05-13T01:00:00Z,7.532758
p03,2022-05-13T02:00:00Z,7.555141
p03,2022-05-13T03:00:00Z,7.854466
p03,2022-05-13T04:00:00Z,9.042173
p03,2022-05-13T05:00:00Z,8.841517
p03,2022-05-13T06:00:00Z,8.003966
p03,2022-05-13T07:00:00Z,8.082858
p03,2022-05-13T08:00:00Z,7.094905
p03,2022-05-13T09:00:00Z,8.000606
p03,2022-05-13T10:00:00Z,6.693544
p03,2022-05-13T11:00:00Z,4.942671
p03,2022-05-13T12:00:00Z,5.075855
p03,2022-05-13T13:00:00Z,3.673732
p03,2022-05-13T14:00:00Z,2.303024
p03,2022-05-13T15:00:00Z,3.060369
p03,2022-05-13T16:00:00Z,1.917330
p03,2022-05-13T17:00:00Z,2.835315
p03,2022-05-13T18:00:00Z,3.479080
p03,2022-05-13T19:00:00Z,3.514509
p03,2022-05-13T20:00:00Z,3.736511
p03,2022-05-13T21:00:00Z,4.204738
p03,2022-05-13T22:00:00Z,4.806334
p03,2022-05-13T23:00:00Z,5.702397
p03,2022-05-14T00:00:00Z,6.753017
p03,2022-05-14T01:00:00Z,7.640477
p03,2022-05-14T02:00:00Z,7.172917
p03,2022-05-14T03:00:00Z,8.684804
p03,2022-05-14T04:00:00Z,7.816064
p03,2022-05-14T05:00:00Z,8.364267
p03,2022-05-14T06:00:00Z,8.841846
p03,2022-05-14T07:00:00Z,7.874654
p03,2022-05-14T08:00:00Z,7.385103
p03,2022-05-14T09:00:00Z,7.891578
p03,2022-05-14T10:00:00Z,6.298270
p03,2022-05-14T11:00:00Z,4.593292
p03,2022-05-14T12:00:00Z,4.932577
p03,2022-05-14T13:00:00Z,3.930506
p03,2022-05-14T14:00:00Z,2.777116
p03,2022-05-14T15:00:00Z,2.905813
p03,2022-05-14T16:00:00Z,3.039544
p03,2022-05-14T17:00:00Z,3.239972
p03,2022-05-14T18:00:00Z,2.100042
p03,2022-05-14T19:00:00Z,2.676288
p03,2022-05-14T20:00:00Z,2.514915
p03,2022-05-14T21:00:00Z,4.061885
p03,2022-05-14T22:00:00Z,4.387424
p03,2022-05-14T23:00:00Z,4.300385
p03,2022-05-15T00:00:00Z,6.450755
p03,2022-05-15T01:00:00Z,7.420172
p03,2022-05-15T02:00:00Z,7.312875
p03,2022-05-15T03:00:00Z,6.977056
p03,2022-05-15T04:00:00Z,7.987538
p03,2022-05-15T05:00:00Z,7.964884
p03,2022-05-15T06:00:00Z,8.776427
p03,2022-05-15T07:00:00Z,8.411584
p03,2022-05-15T08:00:00Z,7.345911
p03,2022-05-15T09:00:00Z,6.183079
p03,2022-05-15T10:00:00Z,6.399903
p03,2022-05-15T11:00:00Z,4.356111
p03,2022-05-15T12:00:00Z,4.277225
p03,2022-05-15T13:00:00Z,3.007750
p03,2022-05-15T14:00:00Z,2.565328
p03,2022-05-15T15:00:00Z,3.137523
p03,2022-05-15T16:00:00Z,2.332664
p03,2022-05-15T17:00:00Z,2.380305
p03,2022-05-15T18:00:00Z,2.487541
p03,2022-05-15T19:00:00Z,2.920485
p03,2022-05-15T20:00:00Z,3.770499
p03,2022-05-15T21:00:00Z,3.137629
p03,2022-05-15T22:00:00Z,4.379737
p03,2022-05-15T23:00:00Z,5.117053
p03,2022-05-16T00:00:00Z,5.659183
p03,2022-05-16T01:00:00Z,6.588835
p03,2022-05-16T02:00:00Z,6.594517
p03,2022-05-16T03:00:00Z,7.796612
p03,2022-05-16T04:00:00Z,8.705271
p03,2022-05-16T05:00:00Z,7.688903
p03,2022-05-16T06:00:00Z,7.638288
p03,2022-05-16T07:00:00Z,8.248316
p03,2022-05-16T08:00:00Z,7.494503
p03,2022-05-16T09:00:00Z,6.762087
p03,2022-05-16T10:00:00Z,6.451572
p03,2022-05-16T11:00:00Z,4.890262
p03,2022-05-16T12:00:00Z,4.315372
p03,2022-05-16T13:00:00Z,3.554919
p03,2022-05-16T14:00:00Z,2.697974
p03,2022-05-16T15:00:00Z,1.991616
p03,2022-05-16T16:00:00Z,2.614578
p03,2022-05-16T17:00:00Z,2.217816
p03,2022-05-16T18:00:00Z,1.855197
p03,2022-05-16T19:00:00Z,2.063376
p03,2022-05-16T20:00:00Z,3.971730
p03,2022-05-16T21:00:00Z,3.955671
p03,2022-05-16T22:00:00Z,5.165515
p03,2022-05-16T23:00:00Z,5.055569
p03,2022-05-17T00:00:00Z,5.798253
p03,2022-05-17T01:00:00Z,6.601475
p03,2022-05-17T02:00:00Z,7.904786
p03,2022-05-17T03:00:00Z,8.881283
p03,2022-05-17T04:00:00Z,8.061488
p03,2022-05-17T05:00:00Z,7.873538
p03,2022-05-17T06:00:00Z,8.255144
p03,2022-05-17T07:00:00Z,8.122156
p03,2022-05-17T08:00:00Z,6.844609
p03,2022-05-17T09:00:00Z,6.785249
p03,2022-05-17T10:00:00Z,5.729422
p03,2022-05-17T11:00:00Z,4.782759
p03,2022-05-17T12:00:00Z,4.752123
p03,2022-05-17T13:00:00Z,3.411449
p03,2022-05-17T14:00:00Z,2.424529
p03,2022-05-17T15:00:00Z,2.117528
p03,2022-05-17T16:00:00Z,1.998406
p03,2022-05-17T17:00:00Z,1.255096
p03,2022-05-17T18:00:00Z,2.124828
p03,2022-05-17T19:00:00Z,2.723167
p03,2022-05-17T20:00:00Z,3.243765
p03,2022-05-17T21:00:00Z,3.747458
p03,2022-05-17T22:00:00Z,4.359718
p03,2022-05-17T23:00:00Z,4.928828
p03,2022-05-18T00:00:00Z,5.753068
p03,2022-05-18T01:00:00Z,6.894152
p03,2022-05-18T02:00:00Z,7.296568
p03,2022-05-18T03:00:00Z,7.672753
p03,2022-05-18T04:00:00Z,7.802502
p03,2022-05-18T05:00:00Z,8.156687
p03,2022-05-18T06:00:00Z,8.090890
p03,2022-05-18T07:00:00Z,7.428686
p03,2022-05-18T08:00:00Z,6.343599
p03,2022-05-18T09:00:00Z,5.532560
p03,2022-05-18T10:00:00Z,5.890575
p03,2022-05-18T11:00:00Z,5.449598
p03,2022-05-18T12:00:00Z,4.218021
p03,2022-05-18T13:00:00Z,3.778980
p03,2022-05-18T14:00:00Z,3.098824
p03,2022-05-18T15:00:00Z,2.864107
p03,2022-05-18T16:00:00Z,1.172658
p03,2022-05-18T17:00:00Z,2.348052
p03,2022-05-18T18:00:00Z,1.679834
p03,2022-05-18T19:00:00Z,3.067263
p03,2022-05-18T20:00:00Z,2.346017
p03,2022-05-18T21:00:00Z,4.035733
p03,2022-05-18T22:00:00Z,3.819687
p03,2022-05-18T23:00:00Z,4.483142
p03,2022-05-19T00:00:00Z,5.945331
p03,2022-05-19T01:00:00Z,6.294963
p03,2022-05-19T02:00:00Z,6.983491
p03,2022-05-19T03:00:00Z,7.278472
p03,2022-05-19T04:00:00Z,8.278642
p03,2022-05-19T05:00:00Z,7.905838
p03,2022-05-19T06:00:00Z,7.401598
p03,2022-05-19T07:00:00Z,6.938247
p03,2022-05-19T08:00:00Z,7.616587
p03,2022-05-19T09:00:00Z,4.785575
p03,2022-05-19T10:00:00Z,5.548715
p03,2022-05-19T11:00:00Z,4.650152
p03,2022-05-19T12:00:00Z,4.017680
p03,2022-05-19T13:00:00Z,3.277148
p03,2022-05-19T14:00:00Z,2.936592
p03,2022-05-19T15:00:00Z,1.978528
p03,2022-05-19T16:00:00Z,2.150610
p03,2022-05-19T17:00:00Z,1.599693
p03,2022-05-19T18:00:00Z,2.163003
p03,2022-05-19T19:00:00Z,2.034524
p03,2022-05-19T20:00:00Z,3.072938
p03,2022-05-19T21:00:00Z,3.674976
p03,2022-05-19T22:00:00Z,4.240463
p03,2022-05-19T23:00:00Z,4.982135
p03,2022-05-20T00:00:00Z,5.533818
p03,2022-05-20T01:00:00Z,5.680186
p03,2022-05-20T02:00:00Z,8.107907
p03,2022-05-20T03:00:00Z,6.569568
p03,2022-05-20T04:00:00Z,7.414682
p03,2022-05-20T05:00:00Z,7.252045
p03,2022-05-20T06:00:00Z,7.962066
p03,2022-05-20T07:00:00Z,7.155048
p03,2022-05-20T08:00:00Z,7.310194
p03,2022-05-20T09:00:00Z,7.119855
p03,2022-05-20T10:00:00Z,4.499578
p03,2022-05-20T11:00:00Z,4.092064
p03,2022-05-20T12:00:00Z,3.533836
p03,2022-05-20T13:00:00Z,3.585644
p03,2022-05-20T14:00:00Z,3.203019
p03,2022-05-20T15:00:00Z,2.364153
p03,2022-05-20T16:00:00Z,1.810877
p03,2022-05-20T17:00:00Z,2.143583
p03,2022-05-20T18:00:00Z,2.039708
p03,2022-05-20T19:00:00Z,1.479565
p03,2022-05-20T20:00:00Z,2.308675
p03,2022-05-20T21:00:00Z,3.390584
p03,2022-05-20T22:00:00Z,3.477334
p03,2022-05-20T23:00:00Z,3.956935
p03,2022-05-21T00:00:00Z,6.241380
p03,2022-05-21T01:00:00Z,5.883016
p03,2022-05-21T02:00:00Z,6.896741
p03,2022-05-21T03:00:00Z,6.712427
p03,2022-05-21T04:00:00Z,7.317122
p03,2022-05-21T05:00:00Z,7.981756
p03,2022-05-21T06:00:00Z,8.462353
p03,2022-05-21T07:00:00Z,6.882306
p03,2022-05-21T08:00:00Z,6.764447
p03,2022-05-21T09:00:00Z,6.957414
p03,2022-05-21T10:00:00Z,6.087507
p03,2022-05-21T11:00:00Z,4.609494
p03,2022-05-21T12:00:00Z,4.600928
p03,2022-05-21T13:00:00Z,2.909142
p03,2022-05-21T14:00:00Z,2.969873
p03,2022-05-21T15:00:00Z,1.326887
p03,2022-05-21T16:00:00Z,0.779694
p03,2022-05-21T17:00:00Z,1.657112
p03,2022-05-21T18:00:00Z,1.421201
p03,2022-05-21T19:00:00Z,2.223373
p03,2022-05-21T20:00:00Z,2.001233
p03,2022-05-21T21:00:00Z,2.975900
p03,2022-05-21T22:00:00Z,3.887412
p03,2022-05-21T23:00:00Z,4.057269
p03,2022-05-22T00:00:00Z,5.448328
p03,2022-05-22T01:00:00Z,5.785150
p03,2022-05-22T02:00:00Z,6.695530
p03,2022-05-22T03:00:00Z,7.287392
p03,2022-05-22T04:00:00Z,7.429834
p03,2022-05-22T05:00:00Z,8.260803
p03,2022-05-22T06:00:00Z,7.858732
p03,2022-05-22T07:00:00Z,6.550406
p03,2022-05-22T08:00:00Z,6.063980
p03,2022-05-22T09:00:00Z,5.426747
p03,2022-05-22T10:00:00Z,5.086302
p03,2022-05-22T11:00:00Z,4.091399
p03,2022-05-22T12:00:00Z,2.833869
p03,2022-05-22T13:00:00Z,3.231578
p03,2022-05-22T14:00:00Z,2.141971
p03,2022-05-22T15:00:00Z,2.463197
p03,2022-05-22T16:00:00Z,1.618004
p03,2022-05-22T17:00:00Z,2.274500
p03,2022-05-22T18:00:00Z,2.617778
p03,2022-05-22T19:00:00Z,1.143868
p03,2022-05-22T20:00:00Z,2.003331
p03,2022-05-22T21:00:00Z,2.629676
p03,2022-05-22T22:00:00Z,3.498429
p03,2022-05-22T23:00:00Z,4.345049
p03,2022-05-23T00:00:00Z,4.926245
p03,2022-05-23T01:00:00Z,5.125745
p03,2022-05-23T02:00:00Z,6.071586
p03,2022-05-23T03:00:00Z,6.111204
p03,2022-05-23T04:00:00Z,6.762789
p03,2022-05-23T05:00:00Z,8.091357
p03,2022-05-23T06:00:00Z,6.850230
p03,2022-05-23T07:00:00Z,7.869789
p03,2022-05-23T08:00:00Z,7.094116
p03,2022-05-23T09:00:00Z,5.433252
p03,2022-05-23T10:00:00Z,5.091744
p03,2022-05-23T11:00:00Z,3.342234
p03,2022-05-23T12:00:00Z,3.284541
p03,2022-05-23T13:00:00Z,3.194754
p03,2022-05-23T14:00:00Z,2.540786
p03,2022-05-23T15:00:00Z,2.327403
p03,2022-05-23T16:00:00Z,0.823316
p03,2022-05-23T17:00:00Z,1.231971
p03,2022-05-23T18:00:00Z,2.373860
p03,2022-05-23T19:00:00Z,2.271544
p03,2022-05-23T20:00:00Z,2.925457
p03,2022-05-23T21:00:00Z,2.342134
p03,2022-05-23T22:00:00Z,3.148495
p03,2022-05-23T23:00:00Z,4.108143
p03,2022-05-24T00:00:00Z,5.110378
p03,2022-05-24T01:00:00Z,5.501381
p03,2022-05-24T02:00:00Z,6.871168
p03,2022-05-24T03:00:00Z,6.755471
p03,2022-05-24T04:00:00Z,7.167840
p03,2022-05-24T05:00:00Z,7.372985
p03,2022-05-24T06:00:00Z,7.077163
p03,2022-05-24T07:00:00Z,6.626105
p03,2022-05-24T08:00:00Z,5.883543
p03,2022-05-24T09:00:00Z,5.881220
p03,2022-05-24T10:00:00Z,5.090292
p03,2022-05-24T11:00:00Z,4.597738
p03,2022-05-24T12:00:00Z,3.898209
p03,2022-05-24T13:00:00Z,2.003538
p03,2022-05-24T14:00:00Z,2.436677
p03,2022-05-24T15:00:00Z,1.454763
p03,2022-05-24T16:00:00Z,1.034034
p03,2022-05-24T17:00:00Z,0.765046
p03,2022-05-24T18:00:00Z,0.750788
p03,2022-05-24T19:00:00Z,1.535487
p03,2022-05-24T20:00:00Z,1.991609
p03,2022-05-24T21:00:00Z,2.937992
p03,2022-05-24T22:00:00Z,3.297710
p03,2022-05-24T23:00:00Z,4.719648
p03,2022-05-25T00:00:00Z,5.100536
p03,2022-05-25T01:00:00Z,5.987397
p03,2022-05-25T02:00:00Z,5.356341
p03,2022-05-25T03:00:00Z,6.609702
p03,2022-05-25T04:00:00Z,6.891914
p03,2022-05-25T05:00:00Z,7.223001
p03,2022-05-25T06:00:00Z,7.281241
p03,2022-05-25T07:00:00Z,7.542544
p03,2022-05-25T08:00:00Z,7.414719
p03,2022-05-25T09:00:00Z,6.067966
p03,2022-05-25T10:00:00Z,5.675366
p03,2022-05-25T11:00:00Z,4.024661
p03,2022-05-25T12:00:00Z,2.353075
p03,2022-05-25T13:00:00Z,2.791044
p03,2022-05-25T14:00:00Z,2.465525
p03,2022-05-25T15:00:00Z,2.102115
p03,2022-05-25T16:00:00Z,1.231457
p03,2022-05-25T17:00:00Z,0.572455
p03,2022-05-25T18:00:00Z,1.999604
p03,2022-05-25T19:00:00Z,1.118616
p03,2022-05-25T20:00:00Z,1.477578
p03,2022-05-25T21:00:00Z,2.363323
p03,2022-05-25T22:00:00Z,3.184035
p03,2022-05-25T23:00:00Z,4.269620
p03,2022-05-26T00:00:00Z,5.025641
p03,2022-05-26T01:00:00Z,5.377559
p03,2022-05-26T02:00:00Z,5.401528
p03,2022-05-26T03:00:00Z,5.953381
p03,2022-05-26T04:00:00Z,6.618008
p03,2022-05-26T05:00:00Z,7.686224
p03,2022-05-26T06:00:00Z,7.126537
p03,2022-05-26T07:00:00Z,6.364181
p03,2022-05-26T08:00:00Z,6.520817
p03,2022-05-26T09:00:00Z,5.223670
p03,2022-05-26T10:00:00Z,4.446415
p03,2022-05-26T11:00:00Z,4.149015
p03,2022-05-26T12:00:00Z,3.735702
p03,2022-05-26T13:00:00Z,3.479639
p03,2022-05-26T14:00:00Z,1.681302
p03,2022-05-26T15:00:00Z,1.103367
p03,2022-05-26T16:00:00Z,-0.241740
p03,2022-05-26T17:00:00Z,0.760189
p03,2022-05-26T18:00:00Z,2.062073
p03,2022-05-26T19:00:00Z,0.924879
p03,2022-05-26T20:00:00Z,2.025039
p03,2022-05-26T21:00:00Z,1.839761
p03,2022-05-26T22:00:00Z,3.318014
p03,2022-05-26T23:00:00Z,3.585561
p03,2022-05-27T00:00:00Z,4.405193
p03,2022-05-27T01:00:00Z,5.787334
p03,2022-05-27T02:00:00Z,6.828723
p03,2022-05-27T03:00:00Z,6.204320
p03,2022-05-27T04:00:00Z,6.427422
p03,2022-05-27T05:00:00Z,7.269129
p03,2022-05-27T06:00:00Z,6.656779
p03,2022-05-27T07:00:00Z,6.226764
p03,2022-05-27T08:00:00Z,5.406054
p03,2022-05-27T09:00:00Z,4.778317
p03,2022-05-27T10:00:00Z,3.900182
p03,2022-05-27T11:00:00Z,3.122123
p03,2022-05-27T12:00:00Z,3.918866
p03,2022-05-27T13:00:00Z,1.573571
p03,2022-05-27T14:00:00Z,1.697905
p03,2022-05-27T15:00:00Z,1.007557
p03,2022-05-27T16:00:00Z,0.357356
p03,2022-05-27T17:00:00Z,1.183432
p03,2022-05-27T18:00:00Z,0.195853
p03,2022-05-27T19:00:00Z,0.727497
p03,2022-05-27T20:00:00Z,1.386185
p03,2022-05-27T21:00:00Z,2.503736
p03,2022-05-27T22:00:00Z,3.578107
p03,2022-05-27T23:00:00Z,3.011884
p03,2022-05-28T00:00:00Z,4.323152
p03,2022-05-28T01:00:00Z,5.783437
p03,2022-05-28T02:00:00Z,6.528946
p03,2022-05-28T03:00:00Z,6.154787
p03,2022-05-28T04:00:00Z,6.209608
p03,2022-05-28T05:00:00Z,7.189239
p03,2022-05-28T06:00:00Z,7.252687
p03,2022-05-28T07:00:00Z,6.145742
p03,2022-05-28T08:00:00Z,5.673997
p03,2022-05-28T09:00:00Z,5.212854
p03,2022-05-28T10:00:00Z,4.979627
p03,2022-05-28T11:00:00Z,4.063426
p03,2022-05-28T12:00:00Z,2.869348
p03,2022-05-28T13:00:00Z,2.113692
p03,2022-05-28T14:00:00Z,1.507998
p03,2022-05-28T15:00:00Z,1.146243
p03,2022-05-28T16:00:00Z,0.807625
p03,2022-05-28T17:00:00Z,0.753365
p03,2022-05-28T18:00:00Z,0.568955
p03,2022-05-28T19:00:00Z,0.633665
p03,2022-05-28T20:00:00Z,1.057781
p03,2022-05-28T21:00:00Z,1.920008
p03,2022-05-28T22:00:00Z,2.505163
p03,2022-05-28T23:00:00Z,3.386861
p03,2022-05-29T00:00:00Z,3.488035
p03,2022-05-29T01:00:00Z,5.355809
p03,2022-05-29T02:00:00Z,5.485903
p03,2022-05-29T03:00:00Z,6.043313
p03,2022-05-29T04:00:00Z,5.821339
p03,2022-05-29T05:00:00Z,6.036776
p03,2022-05-29T06:00:00Z,5.373753
p03,2022-05-29T07:00:00Z,6.340502
p03,2022-05-29T08:00:00Z,5.709093
p03,2022-05-29T09:00:00Z,4.819304
p03,2022-05-29T10:00:00Z,3.364800
p03,2022-05-29T11:00:00Z,3.962718
p03,2022-05-29T12:00:00Z,2.840002
p03,2022-05-29T13:00:00Z,0.899838
p03,2022-05-29T14:00:00Z,1.369159
p03,2022-05-29T15:00:00Z,0.758243
p03,2022-05-29T16:00:00Z,0.113550
p03,2022-05-29T17:00:00Z,0.610947
p03,2022-05-29T18:00:00Z,0.560127
p03,2022-05-29T19:00:00Z,1.579849
p03,2022-05-29T20:00:00Z,1.542195
p03,2022-05-29T21:00:00Z,3.084133
p03,2022-05-29T22:00:00Z,2.154289
p03,2022-05-29T23:00:00Z,3.171708
p03,2022-05-30T00:00:00Z,4.460220
p03,2022-05-30T01:00:00Z,5.736409
p03,2022-05-30T02:00:00Z,4.964997
p03,2022-05-30T03:00:00Z,6.135254
p03,2022-05-30T04:00:00Z,6.200698
p03,2022-05-30T05:00:00Z,6.520648
p03,2022-05-30T06:00:00Z,5.902473
p03,2022-05-30T07:00:00Z,5.506131
p03,2022-05-30T08:00:00Z,5.350071
p03,2022-05-30T09:00:00Z,4.636542
p03,2022-05-30T10:00:00Z,3.956750
p03,2022-05-30T11:00:00Z,3.691681
p03,2022-05-30T12:00:00Z,1.181543
p03,2022-05-30T13:00:00Z,3.031698
p03,2022-05-30T14:00:00Z,1.562805
p03,2022-05-30T15:00:00Z,1.086654
p03,2022-05-30T16:00:00Z,0.632990
p03,2022-05-30T17:00:00Z,-0.059024
p03,2022-05-30T18:00:00Z,1.267651
p03,2022-05-30T19:00:00Z,0.229692
p03,2022-05-30T20:00:00Z,1.036577
p03,2022-05-30T21:00:00Z,2.026085
p03,2022-05-30T22:00:00Z,2.521842
p03,2022-05-30T23:00:00Z,4.152460
p03,2022-05-31T00:00:00Z,3.751822
p03,2022-05-31T01:00:00Z,5.155956
p03,2022-05-31T02:00:00Z,5.819492
p03,2022-05-31T03:00:00Z,5.596568
p03,2022-05-31T04:00:00Z,6.177146
p03,2022-05-31T05:00:00Z,6.848270
p03,2022-05-31T06:00:00Z,5.828917
p03,2022-05-31T07:00:00Z,6.407214
p03,2022-05-31T08:00:00Z,5.768582
p03,2022-05-31T09:00:00Z,4.075585
p03,2022-05-31T10:00:00Z,3.428995
p03,2022-05-31T11:00:00Z,3.350714
p03,2022-05-31T12:00:00Z,2.592207
p03,2022-05-31T13:00:00Z,1.162728
p03,2022-05-31T14:00:00Z,1.080530
p03,2022-05-31T15:00:00Z,0.897961
p03,2022-05-31T16:00:00Z,0.712487
p03,2022-05-31T17:00:00Z,1.396871
p03,2022-05-31T18:00:00Z,0.331929
p03,2022-05-31T19:00:00Z,0.948125
p03,2022-05-31T20:00:00Z,1.678347
p03,2022-05-31T21:00:00Z,2.148617
p03,2022-05-31T22:00:00Z,2.697374
p03,2022-05-31T23:00:00Z,2.786268
p03,2022-06-01T00:00:00Z,5.353207
p03,2022-06-01T01:00:00Z,4.546270
p03,2022-06-01T02:00:00Z,5.370734
p03,2022-06-01T03:00:00Z,6.103851
p03,2022-06-01T04:00:00Z,5.691423
p03,2022-06-01T05:00:00Z,6.015875
p03,2022-06-01T06:00:00Z,5.597463
p03,2022-06-01T07:00:00Z,5.839175
p03,2022-06-01T08:00:00Z,5.698605
p03,2022-06-01T09:00:00Z,3.857855
p03,2022-06-01T10:00:00Z,3.588458
p03,2022-06-01T11:00:00Z,3.459212
p03,2022-06-01T12:00:00Z,2.581438
p03,2022-06-01T13:00:00Z,1.530405
p03,2022-06-01T14:00:00Z,1.344496
p03,2022-06-01T15:00:00Z,0.927717
p03,2022-06-01T16:00:00Z,1.054287
p03,2022-06-01T17:00:00Z,0.707403
p03,2022-06-01T18:00:00Z,1.471815
p03,2022-06-01T19:00:00Z,-0.027328
p03,2022-06-01T20:00:00Z,0.877065
p03,2022-06-01T21:00:00Z,1.942572
p03,2022-06-01T22:00:00Z,2.729290
p03,2022-06-01T23:00:00Z,3.226434
p03,2022-06-02T00:00:00Z,4.853894
p03,2022-06-02T01:00:00Z,5.095912
p03,2022-06-02T02:00:00Z,5.676534
p03,2022-06-02T03:00:00Z,5.666974
p03,2022-06-02T04:00:00Z,6.620938
p03,2022-06-02T05:00:00Z,6.082524
p03,2022-06-02T06:00:00Z,6.056781
p03,2022-06-02T07:00:00Z,5.849790
p03,2022-06-02T08:00:00Z,4.687409
p03,2022-06-02T09:00:00Z,5.427017
p03,2022-06-02T10:00:00Z,4.608163
p03,2022-06-02T11:00:00Z,3.178931
p03,2022-06-02T12:00:00Z,2.202740
p03,2022-06-02T13:00:00Z,0.953635
p03,2022-06-02T14:00:00Z,0.347039
p03,2022-06-02T15:00:00Z,0.889191
p03,2022-06-02T16:00:00Z,0.399225
p03,2022-06-02T17:00:00Z,0.127476
p03,2022-06-02T18:00:00Z,0.360343
p03,2022-06-02T19:00:00Z,0.624570
p03,2022-06-02T20:00:00Z,1.558150
p03,2022-06-02T21:00:00Z,1.662365
p03,2022-06-02T22:00:00Z,2.730046
p03,2022-06-02T23:00:00Z,2.326570
p03,2022-06-03T00:00:00Z,3.600179
p03,2022-06-03T01:00:00Z,4.226252
p03,2022-06-03T02:00:00Z,5.655115
p03,2022-06-03T03:00:00Z,6.200649
p03,2022-06-03T04:00:00Z,5.659249
p03,2022-06-03T05:00:00Z,6.474409
p03,2022-06-03T06:00:00Z,5.535986
p03,2022-06-03T07:00:00Z,5.074322
p03,2022-06-03T08:00:00Z,5.497141
p03,2022-06-03T09:00:00Z,4.640927
p03,2022-06-03T10:00:00Z,3.170918
p03,2022-06-03T11:00:00Z,3.629714
p03,2022-06-03T12:00:00Z,2.787707
p03,2022-06-03T13:00:00Z,1.775559
p03,2022-06-03T14:00:00Z,0.342292
p03,2022-06-03T15:00:00Z,0.045128
p03,2022-06-03T16:00:00Z,-0.501323
p03,2022-06-03T17:00:00Z,0.127496
p03,2022-06-03T18:00:00Z,0.776313
p03,2022-06-03T19:00:00Z,-0.643732
p03,2022-06-03T20:00:00Z,-0.126207
p03,2022-06-03T21:00:00Z,2.662740
p03,2022-06-03T22:00:00Z,0.916562
p03,2022-06-03T23:00:00Z,2.665843
p03,2022-06-04T00:00:00Z,3.208884
p03,2022-06-04T01:00:00Z,4.726429
p03,2022-06-04T02:00:00Z,4.000932
p03,2022-06-04T03:00:00Z,5.683758
p03,2022-06-04T04:00:00Z,5.926289
p03,2022-06-04T05:00:00Z,6.042883
p03,2022-06-04T06:00:00Z,7.113046
p03,2022-06-04T07:00:00Z,5.478403
p03,2022-06-04T08:00:00Z,3.891707
p03,2022-06-04T09:00:00Z,4.980904
p03,2022-06-04T10:00:00Z,3.549153
p03,2022-06-04T11:00:00Z,3.164247
p03,2022-06-04T12:00:00Z,1.421536
p03,2022-06-04T13:00:00Z,1.484907
p03,2022-06-04T14:00:00Z,0.204077
p03,2022-06-04T15:00:00Z,-0.167248
p03,2022-06-04T16:00:00Z,-0.407888
p03,2022-06-04T17:00:00Z,-0.083033
p03,2022-06-04T18:00:00Z,-0.150776
p03,2022-06-04T19:00:00Z,-0.268223
p03,2022-06-04T20:00:00Z,0.229833
p03,2022-06-04T21:00:00Z,0.825845
p03,2022-06-04T22:00:00Z,2.559600
p03,2022-06-04T23:00:00Z,2.200279
p03,2022-06-05T00:00:00Z,3.025042
p03,2022-06-05T01:00:00Z,4.375667
p03,2022-06-05T02:00:00Z,5.029878
p03,2022-06-05T03:00:00Z,6.397681
p03,2022-06-05T04:00:00Z,5.248301
p03,2022-06-05T05:00:00Z,6.469955
p03,2022-06-05T06:00:00Z,5.429480
p03,2022-06-05T07:00:00Z,4.962893
p03,2022-06-05T08:00:00Z,3.514594
p03,2022-06-05T09:00:00Z,3.680789
p03,2022-06-05T10:00:00Z,3.095632
p03,2022-06-05T11:00:00Z,2.725848
p03,2022-06-05T12:00:00Z,1.202263
p03,2022-06-05T13:00:00Z,0.954460
p03,2022-06-05T14:00:00Z,-0.199684
p03,2022-06-05T15:00:00Z,-0.247552
p03,2022-06-05T16:00:00Z,-0.650535
p03,2022-06-05T17:00:00Z,0.111239
p03,2022-06-05T18:00:00Z,-0.716879
p03,2022-06-05T19:00:00Z,1.547685
p03,2022-06-05T20:00:00Z,0.151919
p03,2022-06-05T21:00:00Z,0.858987
p03,2022-06-05T22:00:00Z,0.947263
p03,2022-06-05T23:00:00Z,2.030638
p03,2022-06-06T00:00:00Z,3.367777
p03,2022-06-06T01:00:00Z,4.444276
p03,2022-06-06T02:00:00Z,4.169322
p03,2022-06-06T03:00:00Z,4.772885
p03,2022-06-06T04:00:00Z,6.153250
p03,2022-06-06T05:00:00Z,5.216580
p03,2022-06-06T06:00:00Z,5.494593
p03,2022-06-06T07:00:00Z,4.892087
p03,2022-06-06T08:00:00Z,4.778128
p03,2022-06-06T09:00:00Z,4.079044
p03,2022-06-06T10:00:00Z,2.936817
p03,2022-06-06T11:00:00Z,2.010306
p03,2022-06-06T12:00:00Z,1.331403
p03,2022-06-06T13:00:00Z,0.264340
p03,2022-06-06T14:00:00Z,0.467334
p03,2022-06-06T15:00:00Z,-0.765879
p03,2022-06-06T16:00:00Z,0.106993
p03,2022-06-06T17:00:00Z,-0.710938
p03,2022-06-06T18:00:00Z,-0.584174
p03,2022-06-06T19:00:00Z,-1.139983
p03,2022-06-06T20:00:00Z,0.360367
p03,2022-06-06T21:00:00Z,0.801952
p03,2022-06-06T22:00:00Z,1.990111
p03,2022-06-06T23:00:00Z,2.435383
p03,2022-06-07T00:00:00Z,3.073710
p03,2022-06-07T01:00:00Z,4.307012
p03,2022-06-07T02:00:00Z,4.541352
p03,2022-06-07T03:00:00Z,4.838205
p03,2022-06-07T04:00:00Z,3.775882
p03,2022-06-07T05:00:00Z,5.140806
p03,2022-06-07T06:00:00Z,5.212293
p03,2022-06-07T07:00:00Z,5.930593
p03,2022-06-07T08:00:00Z,4.485678
p03,2022-06-07T09:00:00Z,3.816526
p03,2022-06-07T10:00:00Z,2.211461
p03,2022-06-07T11:00:00Z,2.111087
p03,2022-06-07T12:00:00Z,1.984001
p03,2022-06-07T13:00:00Z,0.740816
p03,2022-06-07T14:00:00Z,0.751723
p03,2022-06-07T15:00:00Z,-0.253613
p03,2022-06-07T16:00:00Z,0.121921
p03,2022-06-07T17:00:00Z,-0.450046
p03,2022-06-07T18:00:00Z,-0.473735
p03,2022-06-07T19:00:00Z,-0.460797
p03,2022-06-07T20:00:00Z,0.087195
p03,2022-06-07T21:00:00Z,0.479682
p03,2022-06-07T22:00:00Z,1.980459
p03,2022-06-07T23:00:00Z,1.790978
p03,2022-06-08T00:00:00Z,3.265354
p03,2022-06-08T01:00:00Z,3.913788
p03,2022-06-08T02:00:00Z,4.618626
p03,2022-06-08T03:00:00Z,4.566443
p03,2022-06-08T04:00:00Z,3.997375
p03,2022-06-08T05:00:00Z,4.352538
p03,2022-06-08T06:00:00Z,4.106953
p03,2022-06-08T07:00:00Z,4.104659
p03,2022-06-08T08:00:00Z,4.485188
p03,2022-06-08T09:00:00Z,4.125306
p03,2022-06-08T10:00:00Z,2.798867
p03,2022-06-08T11:00:00Z,1.681750
p03,2022-06-08T12:00:00Z,1.275988
p03,2022-06-08T13:00:00Z,-0.969316
p03,2022-06-08T14:00:00Z,0.741864
p03,2022-06-08T15:00:00Z,-0.637263
p03,2022-06-08T16:00:00Z,-2.246331
p03,2022-06-08T17:00:00Z,-1.592529
p03,2022-06-08T18:00:00Z,0.592948
p03,2022-06-08T19:00:00Z,-0.106965
p03,2022-06-08T20:00:00Z,-0.906837
p03,2022-06-08T21:00:00Z,0.359781
p03,2022-06-08T22:00:00Z,1.756588
p03,2022-06-08T23:00:00Z,2.342573
p03,2022-06-09T00:00:00Z,3.343677
p03,2022-06-09T01:00:00Z,3.797437
p03,2022-06-09T02:00:00Z,2.897925
p03,2022-06-09T03:00:00Z,4.716643
p03,2022-06-09T04:00:00Z,5.910918
p03,2022-06-09T05:00:00Z,4.241803
p03,2022-06-09T06:00:00Z,4.279255
p03,2022-06-09T07:00:00Z,5.225135
p03,2022-06-09T08:00:00Z,4.046493
p03,2022-06-09T09:00:00Z,3.394977
p03,2022-06-09T10:00:00Z,2.633303
p03,2022-06-09T11:00:00Z,2.155079
p03,2022-06-09T12:00:00Z,1.328377
p03,2022-06-09T13:00:00Z,1.861694
p03,2022-06-09T14:00:00Z,0.353829
p03,2022-06-09T15:00:00Z,-1.352453
p03,2022-06-09T16:00:00Z,-1.407706
p03,2022-06-09T17:00:00Z,-0.789894
p03,2022-06-09T18:00:00Z,-1.169652
p03,2022-06-09T19:00:00Z,0.257130
p03,2022-06-09T20:00:00Z,-0.842721
p03,2022-06-09T21:00:00Z,0.211606
p03,2022-06-09T22:00:00Z,1.126804
p03,2022-06-09T23:00:00Z,1.050210
p03,2022-06-10T00:00:00Z,3.003779
p03,2022-06-10T01:00:00Z,3.380807
p03,2022-06-10T02:00:00Z,3.814068
p03,2022-06-10T03:00:00Z,4.303100
p03,2022-06-10T04:00:00Z,3.717644
p03,2022-06-10T05:00:00Z,4.493098
p03,2022-06-10T06:00:00Z,5.074400
p03,2022-06-10T07:00:00Z,4.803807
p03,2022-06-10T08:00:00Z,4.202005
p03,2022-06-10T09:00:00Z,3.455863
p03,2022-06-10T10:00:00Z,2.291599
p03,2022-06-10T11:00:00Z,2.530401
p03,2022-06-10T12:00:00Z,0.883356
p03,2022-06-10T13:00:00Z,-0.295932
p03,2022-06-10T14:00:00Z,-0.870070
p03,2022-06-10T15:00:00Z,-1.080146
p03,2022-06-10T16:00:00Z,-1.121781
p03,2022-06-10T17:00:00Z,-0.846126
p03,2022-06-10T18:00:00Z,-1.347789
p03,2022-06-10T19:00:00Z,-1.261526
p03,2022-06-10T20:00:00Z,-0.442133
p03,2022-06-10T21:00:00Z,0.367135
p03,2022-06-10T22:00:00Z,1.445653
p03,2022-06-10T23:00:00Z,1.843158
p03,2022-06-11T00:00:00Z,2.554809
p03,2022-06-11T01:00:00Z,3.063004
p03,2022-06-11T02:00:00Z,5.016667
p03,2022-06-11T03:00:00Z,5.333382
p03,2022-06-11T04:00:00Z,4.646189
p03,2022-06-11T05:00:00Z,4.943300
p03,2022-06-11T06:00:00Z,3.722582
p03,2022-06-11T07:00:00Z,5.360346
p03,2022-06-11T08:00:00Z,4.640536
p03,2022-06-11T09:00:00Z,3.714422
p03,2022-06-11T10:00:00Z,2.928784
p03,2022-06-11T11:00:00Z,1.686151
p03,2022-06-11T12:00:00Z,1.187269
p03,2022-06-11T13:00:00Z,-0.102628
p03,2022-06-11T14:00:00Z,-0.526365
p03,2022-06-11T15:00:00Z,-2.131221
p03,2022-06-11T16:00:00Z,-1.829495
p03,2022-06-11T17:00:00Z,-1.263518
p03,2022-06-11T18:00:00Z,-1.194998
p03,2022-06-11T19:00:00Z,-1.079196
p03,2022-06-11T20:00:00Z,-1.010679
p03,2022-06-11T21:00:00Z,0.438065
p03,2022-06-11T22:00:00Z,1.918622
p03,2022-06-11T23:00:00Z,2.053407
p03,2022-06-12T00:00:00Z,2.725068
p03,2022-06-12T01:00:00Z,3.435225
p03,2022-06-12T02:00:00Z,2.673085
p03,2022-06-12T03:00:00Z,4.008220
p03,2022-06-12T04:00:00Z,4.713988
p03,2022-06-12T05:00:00Z,4.432961
p03,2022-06-12T06:00:00Z,4.581541
p03,2022-06-12T07:00:00Z,3.612097
p03,2022-06-12T08:00:00Z,3.350581
p03,2022-06-12T09:00:00Z,1.845990
p03,2022-06-12T10:00:00Z,2.334231
p03,2022-06-12T11:00:00Z,1.198051
p03,2022-06-12T12:00:00Z,0.637026
p03,2022-06-12T13:00:00Z,0.608296
p03,2022-06-12T14:00:00Z,-0.680432
p03,2022-06-12T15:00:00Z,-0.898890
p03,2022-06-12T16:00:00Z,-1.293824
p03,2022-06-12T17:00:00Z,-1.359200
p03,2022-06-12T18:00:00Z,-0.459079
p03,2022-06-12T19:00:00Z,-0.939729
p03,2022-06-12T20:00:00Z,-0.495865
p03,2022-06-12T21:00:00Z,-0.249865
p03,2022-06-12T22:00:00Z,0.917514
p03,2022-06-12T23:00:00Z,1.225643
p03,2022-06-13T00:00:00Z,2.298945
p03,2022-06-13T01:00:00Z,2.430001
p03,2022-06-13T02:00:00Z,2.797417
p03,2022-06-13T03:00:00Z,3.499501
p03,2022-06-13T04:00:00Z,5.180319
p03,2022-06-13T05:00:00Z,4.045967
p03,2022-06-13T06:00:00Z,4.479969
p03,2022-06-13T07:00:00Z,4.336363
p03,2022-06-13T08:00:00Z,3.638766
p03,2022-06-13T09:00:00Z,3.667507
p03,2022-06-13T10:00:00Z,2.439132
p03,2022-06-13T11:00:00Z,1.661609
p03,2022-06-13T12:00:00Z,0.921924
p03,2022-06-13T13:00:00Z,-0.912001
p03,2022-06-13T14:00:00Z,-1.168504
p03,2022-06-13T15:00:00Z,-0.858788
p03,2022-06-13T16:00:00Z,-1.221794
p03,2022-06-13T17:00:00Z,-1.486380
p03,2022-06-13T18:00:00Z,-1.784132
p03,2022-06-13T19:00:00Z,-1.188648
p03,2022-06-13T20:00:00Z,-0.382669
p03,2022-06-13T21:00:00Z,-0.865091
p03,2022-06-13T22:00:00Z,0.953150
p03,2022-06-13T23:00:00Z,1.553949
p03,2022-06-14T00:00:00Z,1.164266
p03,2022-06-14T01:00:00Z,3.577562
p03,2022-06-14T02:00:00Z,4.136924
p03,2022-06-14T03:00:00Z,3.907411
p03,2022-06-14T04:00:00Z,3.770339
p03,2022-06-14T05:00:00Z,4.192155
p03,2022-06-14T06:00:00Z,4.357178
p03,2022-06-14T07:00:00Z,3.181569
p03,2022-06-14T08:00:00Z,2.895546
p03,2022-06-14T09:00:00Z,2.691578
p03,2022-06-14T10:00:00Z,1.929777
p03,2022-06-14T11:00:00Z,0.939284
p03,2022-06-14T12:00:00Z,-0.042849
p03,2022-06-14T13:00:00Z,-0.357178
p03,2022-06-14T14:00:00Z,-0.619472
p03,2022-06-14T15:00:00Z,-0.856517
p03,2022-06-14T16:00:00Z,-1.647373
p03,2022-06-14T17:00:00Z,-1.944659
p03,2022-06-14T18:00:00Z,-2.159207
p03,2022-06-14T19:00:00Z,-1.408807
p03,2022-06-14T20:00:00Z,-0.984044
p03,2022-06-14T21:00:00Z,-1.127286
p03,2022-06-14T22:00:00Z,-0.249574
p03,2022-06-14T23:00:00Z,1.172075
p03,2022-06-15T00:00:00Z,2.077578
p03,2022-06-15T01:00:00Z,2.228408
p03,2022-06-15T02:00:00Z,3.079936
p03,2022-06-15T03:00:00Z,3.712236
p03,2022-06-15T04:00:00Z,3.327748
p03,2022-06-15T05:00:00Z,4.054723
p03,2022-06-15T06:00:00Z,4.354013
p03,2022-06-15T07:00:00Z,4.311221
p03,2022-06-15T08:00:00Z,3.202561
p03,2022-06-15T09:00:00Z,2.718745
p03,2022-06-15T10:00:00Z,1.441287
p03,2022-06-15T11:00:00Z,0.303673
p03,2022-06-15T12:00:00Z,0.704406
p03,2022-06-15T13:00:00Z,-0.491976
p03,2022-06-15T14:00:00Z,-1.264687
p03,2022-06-15T15:00:00Z,-1.541958
p03,2022-06-15T16:00:00Z,-1.885534
p03,2022-06-15T17:00:00Z,-3.108273
p03,2022-06-15T18:00:00Z,-2.020818
p03,2022-06-15T19:00:00Z,-0.476715
p03,2022-06-15T20:00:00Z,-1.389267
p03,2022-06-15T21:00:00Z,0.382865
p03,2022-06-15T22:00:00Z,0.158551
p03,2022-06-15T23:00:00Z,1.012782
p03,2022-06-16T00:00:00Z,1.459538
p03,2022-06-16T01:00:00Z,2.738308
p03,2022-06-16T02:00:00Z,3.270718
p03,2022-06-16T03:00:00Z,3.062527
p03,2022-06-16T04:00:00Z,3.769969
p03,2022-06-16T05:00:00Z,4.034401
p03,2022-06-16T06:00:00Z,3.792666
p03,2022-06-16T07:00:00Z,2.967243
p03,2022-06-16T08:00:00Z,3.723141
p03,2022-06-16T09:00:00Z,2.936572
p03,2022-06-16T10:00:00Z,2.223502
p03,2022-06-16T11:00:00Z,1.136392
p03,2022-06-16T12:00:00Z,1.343240
p03,2022-06-16T13:00:00Z,-0.406191
p03,2022-06-16T14:00:00Z,-1.407078
p03,2022-06-16T15:00:00Z,-2.099533
p03,2022-06-16T16:00:00Z,-1.052330
p03,2022-06-16T17:00:00Z,-0.306199
p03,2022-06-16T18:00:00Z,-1.539175
p03,2022-06-16T19:00:00Z,-1.442847
p03,2022-06-16T20:00:00Z,-1.362580
p03,2022-06-16T21:00:00Z,-0.870274
p03,2022-06-16T22:00:00Z,-0.522641
p03,2022-06-16T23:00:00Z,1.352551
p03,2022-06-17T00:00:00Z,2.407269
p03,2022-06-17T01:00:00Z,1.926790
p03,2022-06-17T02:00:00Z,3.312977
p03,2022-06-17T03:00:00Z,3.726249
p03,2022-06-17T04:00:00Z,3.961588
p03,2022-06-17T05:00:00Z,4.212881
p03,2022-06-17T06:00:00Z,3.133942
p03,2022-06-17T07:00:00Z,3.101028
p03,2022-06-17T08:00:00Z,2.343783
p03,2022-06-17T09:00:00Z,1.539869
p03,2022-06-17T10:00:00Z,2.665858
p03,2022-06-17T11:00:00Z,1.170965
p03,2022-06-17T12:00:00Z,-0.676181
p03,2022-06-17T13:00:00Z,-0.159375
p03,2022-06-17T14:00:00Z,-0.493498
p03,2022-06-17T15:00:00Z,-0.982290
p03,2022-06-17T16:00:00Z,-2.317180
p03,2022-06-17T17:00:00Z,-1.111982
p03,2022-06-17T18:00:00Z,-1.913225
p03,2022-06-17T19:00:00Z,-1.280006
p03,2022-06-17T20:00:00Z,-0.675741
p03,2022-06-17T21:00:00Z,-0.548039
p03,2022-06-17T22:00:00Z,0.695884
p03,2022-06-17T23:00:00Z,0.623767
p03,2022-06-18T00:00:00Z,1.883313
p03,2022-06-18T01:00:00Z,2.415616
p03,2022-06-18T02:00:00Z,3.265477
p03,2022-06-18T03:00:00Z,3.102655
p03,2022-06-18T04:00:00Z,3.258711
p03,2022-06-18T05:00:00Z,3.405523
p03,2022-06-18T06:00:00Z,3.562623
p03,2022-06-18T07:00:00Z,3.494621
p03,2022-06-18T08:00:00Z,3.331941
p03,2022-06-18T09:00:00Z,2.071865
p03,2022-06-18T10:00:00Z,2.163472
p03,2022-06-18T11:00:00Z,1.051459
p03,2022-06-18T12:00:00Z,0.990273
p03,2022-06-18T13:00:00Z,-0.532829
p03,2022-06-18T14:00:00Z,-1.212106
p03,2022-06-18T15:00:00Z,-2.455342
p03,2022-06-18T16:00:00Z,-2.952449
p03,2022-06-18T17:00:00Z,-1.900727
p03,2022-06-18T18:00:00Z,-2.303446
p03,2022-06-18T19:00:00Z,-1.474932
p03,2022-06-18T20:00:00Z,-2.365418
p03,2022-06-18T21:00:00Z,-0.543382
p03,2022-06-18T22:00:00Z,-0.740523
p03,2022-06-18T23:00:00Z,0.463786
p03,2022-06-19T00:00:00Z,1.154392
p03,2022-06-19T01:00:00Z,2.601028
p03,2022-06-19T02:00:00Z,2.230904
p03,2022-06-19T03:00:00Z,2.965563
p03,2022-06-19T04:00:00Z,3.665700
p03,2022-06-19T05:00:00Z,3.716738
p03,2022-06-19T06:00:00Z,3.532909
p03,2022-06-19T07:00:00Z,3.205028
p03,2022-06-19T08:00:00Z,3.121313
p03,2022-06-19T09:00:00Z,2.261481
p03,2022-06-19T10:00:00Z,2.059788
p03,2022-06-19T11:00:00Z,1.651184
p03,2022-06-19T12:00:00Z,-0.823424
p03,2022-06-19T13:00:00Z,-0.361297
p03,2022-06-19T14:00:00Z,-1.308354
p03,2022-06-19T15:00:00Z,-0.836224
p03,2022-06-19T16:00:00Z,-2.514397
p03,2022-06-19T17:00:00Z,-1.849881
p03,2022-06-19T18:00:00Z,-2.921817
p03,2022-06-19T19:00:00Z,-1.409877
p03,2022-06-19T20:00:00Z,-1.120381
p03,2022-06-19T21:00:00Z,-1.471683
p03,2022-06-19T22:00:00Z,-0.510562
p03,2022-06-19T23:00:00Z,1.182885
p03,2022-06-20T00:00:00Z,0.731032
p03,2022-06-20T01:00:00Z,1.570291
p03,2022-06-20T02:00:00Z,2.838924
p03,2022-06-20T03:00:00Z,3.133356
p03,2022-06-20T04:00:00Z,3.532070
p03,2022-06-20T05:00:00Z,3.090437
p03,2022-06-20T06:00:00Z,2.899134
p03,2022-06-20T07:00:00Z,2.123411
p03,2022-06-20T08:00:00Z,2.481095
p03,2022-06-20T09:00:00Z,1.934465
p03,2022-06-20T10:00:00Z,1.458132
p03,2022-06-20T11:00:00Z,0.707976
p03,2022-06-20T12:00:00Z,-0.117870
p03,2022-06-20T13:00:00Z,-1.792328
p03,2022-06-20T14:00:00Z,-2.560780
p03,2022-06-20T15:00:00Z,-2.505131
p03,2022-06-20T16:00:00Z,-2.597220
p03,2022-06-20T17:00:00Z,-2.888071
p03,2022-06-20T18:00:00Z,-2.322076
p03,2022-06-20T19:00:00Z,-1.789234
p03,2022-06-20T20:00:00Z,-1.593755
p03,2022-06-20T21:00:00Z,-1.581978
p03,2022-06-20T22:00:00Z,-0.111897
p03,2022-06-20T23:00:00Z,-0.231848
p03,2022-06-21T00:00:00Z,1.307844
p03,2022-06-21T01:00:00Z,2.413799
p03,2022-06-21T02:00:00Z,2.231820
p03,2022-06-21T03:00:00Z,3.226268
p03,2022-06-21T04:00:00Z,2.913016
p03,2022-06-21T05:00:00Z,3.996089
p03,2022-06-21T06:00:00Z,3.630043
p03,2022-06-21T07:00:00Z,3.322983
p03,2022-06-21T08:00:00Z,2.826830
p03,2022-06-21T09:00:00Z,2.291639
p03,2022-06-21T10:00:00Z,0.773120
p03,2022-06-21T11:00:00Z,0.609249
p03,2022-06-21T12:00:00Z,-0.315477
p03,2022-06-21T13:00:00Z,-0.547278
p03,2022-06-21T14:00:00Z,-1.913477
p03,2022-06-21T15:00:00Z,-2.861455
p03,2022-06-21T16:00:00Z,-1.697047
p03,2022-06-21T17:00:00Z,-2.728090
p03,2022-06-21T18:00:00Z,-2.272540
p03,2022-06-21T19:00:00Z,-2.856296
p03,2022-06-21T20:00:00Z,-1.906809
p03,2022-06-21T21:00:00Z,-1.532176
p03,2022-06-21T22:00:00Z,0.408912
p03,2022-06-21T23:00:00Z,0.201374
p03,2022-06-22T00:00:00Z,0.645662
p03,2022-06-22T01:00:00Z,1.159785
p03,2022-06-22T02:00:00Z,2.445582
p03,2022-06-22T03:00:00Z,2.952043
p03,2022-06-22T04:00:00Z,3.893476
p03,2022-06-22T05:00:00Z,2.267514
p03,2022-06-22T06:00:00Z,2.924453
p03,2022-06-22T07:00:00Z,2.857246
p03,2022-06-22T08:00:00Z,2.489390
p03,2022-06-22T09:00:00Z,1.672255
p03,2022-06-22T10:00:00Z,1.544810
p03,2022-06-22T11:00:00Z,-0.001927
p03,2022-06-22T12:00:00Z,-0.244143
p03,2022-06-22T13:00:00Z,-1.604288
p03,2022-06-22T14:00:00Z,-1.917360
p03,2022-06-22T15:00:00Z,-2.283066
p03,2022-06-22T16:00:00Z,-2.416414
p03,2022-06-22T17:00:00Z,-2.802492
p03,2022-06-22T18:00:00Z,-2.098445
p03,2022-06-22T19:00:00Z,-2.048015
p03,2022-06-22T20:00:00Z,-1.853282
p03,2022-06-22T21:00:00Z,-1.581865
p03,2022-06-22T22:00:00Z,-0.021198
p03,2022-06-22T23:00:00Z,-0.300207
p03,2022-06-23T00:00:00Z,1.672010
p03,2022-06-23T01:00:00Z,2.028152
p03,2022-06-23T02:00:00Z,3.454738
p03,2022-06-23T03:00:00Z,2.747557
p03,2022-06-23T04:00:00Z,3.149435
p03,2022-06-23T05:00:00Z,2.855957
p03,2022-06-23T06:00:00Z,3.461140
p03,2022-06-23T07:00:00Z,3.248572
p03,2022-06-23T08:00:00Z,1.286579
p03,2022-06-23T09:00:00Z,1.646165
p03,2022-06-23T10:00:00Z,1.624267
p03,2022-06-23T11:00:00Z,-0.137428
p03,2022-06-23T12:00:00Z,-0.610875
p03,2022-06-23T13:00:00Z,-0.984629
p03,2022-06-23T14:00:00Z,-2.027449
p03,2022-06-23T15:00:00Z,-2.606049
p03,2022-06-23T16:00:00Z,-3.525295
p03,2022-06-23T17:00:00Z,-3.468308
p03,2022-06-23T18:00:00Z,-2.660020
p03,2022-06-23T19:00:00Z,-2.968556
p03,2022-06-23T20:00:00Z,-2.559680
p03,2022-06-23T21:00:00Z,-0.432007
p03,2022-06-23T22:00:00Z,-0.968033
p03,2022-06-23T23:00:00Z,1.069621
p03,2022-06-24T00:00:00Z,1.044261
p03,2022-06-24T01:00:00Z,1.372100
p03,2022-06-24T02:00:00Z,1.730308
p03,2022-06-24T03:00:00Z,1.632592
p03,2022-06-24T04:00:00Z,2.436651
p03,2022-06-24T05:00:00Z,3.208471
p03,2022-06-24T06:00:00Z,4.240260
p03,2022-06-24T07:00:00Z,2.405583
p03,2022-06-24T08:00:00Z,1.970580
p03,2022-06-24T09:00:00Z,2.125956
p03,2022-06-24T10:00:00Z,0.861213
p03,2022-06-24T11:00:00Z,0.894459
p03,2022-06-24T12:00:00Z,-0.105260
p03,2022-06-24T13:00:00Z,-1.736377
p03,2022-06-24T14:00:00Z,-2.758377
p03,2022-06-24T15:00:00Z,-2.243171
p03,2022-06-24T16:00:00Z,-3.272692
p03,2022-06-24T17:00:00Z,-3.323039
p03,2022-06-24T18:00:00Z,-3.919356
p03,2022-06-24T19:00:00Z,-2.924554
p03,2022-06-24T20:00:00Z,-2.005460
p03,2022-06-24T21:00:00Z,-1.905864
p03,2022-06-24T22:00:00Z,-1.289614
p03,2022-06-24T23:00:00Z,-0.222970
p03,2022-06-25T00:00:00Z,-0.229073
p03,2022-06-25T01:00:00Z,0.706391
p03,2022-06-25T02:00:00Z,1.403540
p03,2022-06-25T03:00:00Z,2.401995
p03,2022-06-25T04:00:00Z,3.114439
p03,2022-06-25T05:00:00Z,2.997966
p03,2022-06-25T06:00:00Z,2.285520
p03,2022-06-25T07:00:00Z,1.963930
p03,2022-06-25T08:00:00Z,3.238920
p03,2022-06-25T09:00:00Z,1.354622
p03,2022-06-25T10:00:00Z,0.557671
p03,2022-06-25T11:00:00Z,-0.161170
p03,2022-06-25T12:00:00Z,-1.165278
p03,2022-06-25T13:00:00Z,-1.827877
p03,2022-06-25T14:00:00Z,-2.770615
p03,2022-06-25T15:00:00Z,-2.974527
p03,2022-06-25T16:00:00Z,-3.890789
p03,2022-06-25T17:00:00Z,-3.296108
p03,2022-06-25T18:00:00Z,-2.946075
p03,2022-06-25T19:00:00Z,-3.572155
p03,2022-06-25T20:00:00Z,-1.710314
p03,2022-06-25T21:00:00Z,-1.459277
p03,2022-06-25T22:00:00Z,-0.796610
p03,2022-06-25T23:00:00Z,0.484474
p03,2022-06-26T00:00:00Z,0.997040
p03,2022-06-26T01:00:00Z,0.271922
p03,2022-06-26T02:00:00Z,1.673629
p03,2022-06-26T03:00:00Z,1.610306
p03,2022-06-26T04:00:00Z,2.622917
p03,2022-06-26T05:00:00Z,2.060992
p03,2022-06-26T06:00:00Z,2.320390
p03,2022-06-26T07:00:00Z,1.921857
p03,2022-06-26T08:00:00Z,1.341203
p03,2022-06-26T09:00:00Z,1.670268
p03,2022-06-26T10:00:00Z,-0.061896
p03,2022-06-26T11:00:00Z,1.056130
p03,2022-06-26T12:00:00Z,-0.676974
p03,2022-06-26T13:00:00Z,-1.467322
p03,2022-06-26T14:00:00Z,-2.590468
p03,2022-06-26T15:00:00Z,-3.052153
p03,2022-06-26T16:00:00Z,-3.215230
p03,2022-06-26T17:00:00Z,-4.214029
p03,2022-06-26T18:00:00Z,-2.469589
p03,2022-06-26T19:00:00Z,-2.272132
p03,2022-06-26T20:00:00Z,-2.066817
p03,2022-06-26T21:00:00Z,-1.631486
p03,2022-06-26T22:00:00Z,-0.808293
p03,2022-06-26T23:00:00Z,-0.386913
p03,2022-06-27T00:00:00Z,1.291698
p03,2022-06-27T01:00:00Z,1.201423
p03,2022-06-27T02:00:00Z,1.862661
p03,2022-06-27T03:00:00Z,0.698512
p03,2022-06-27T04:00:00Z,2.981337
p03,2022-06-27T05:00:00Z,3.436989
p03,2022-06-27T06:00:00Z,1.840035
p03,2022-06-27T07:00:00Z,3.179944
p03,2022-06-27T08:00:00Z,2.041909
p03,2022-06-27T09:00:00Z,1.199228
p03,2022-06-27T10:00:00Z,1.014999
p03,2022-06-27T11:00:00Z,-0.007807
p03,2022-06-27T12:00:00Z,-0.880221
p03,2022-06-27T13:00:00Z,-1.964498
p03,2022-06-27T14:00:00Z,-2.402590
p03,2022-06-27T15:00:00Z,-2.834665
p03,2022-06-27T16:00:00Z,-3.681309
p03,2022-06-27T17:00:00Z,-3.462017
p03,2022-06-27T18:00:00Z,-2.826583
p03,2022-06-27T19:00:00Z,-2.235618
p03,2022-06-27T20:00:00Z,-2.864017
p03,2022-06-27T21:00:00Z,-2.169040
p03,2022-06-27T22:00:00Z,-1.559447
p03,2022-06-27T23:00:00Z,-0.421572
p03,2022-06-28T00:00:00Z,0.959737
p03,2022-06-28T01:00:00Z,0.620027
p03,2022-06-28T02:00:00Z,1.333561
p03,2022-06-28T03:00:00Z,1.491944
p03,2022-06-28T04:00:00Z,2.102415
p03,2022-06-28T05:00:00Z,3.033407
p03,2022-06-28T06:00:00Z,2.197582
p03,2022-06-28T07:00:00Z,1.849539
p03,2022-06-28T08:00:00Z,1.070886
p03,2022-06-28T09:00:00Z,1.694805
p03,2022-06-28T10:00:00Z,-0.320895
p03,2022-06-28T11:00:00Z,-1.156228
p03,2022-06-28T12:00:00Z,-0.626406
p03,2022-06-28T13:00:00Z,-2.468106
p03,2022-06-28T14:00:00Z,-2.955005
p03,2022-06-28T15:00:00Z,-3.346328
p03,2022-06-28T16:00:00Z,-3.836250
p03,2022-06-28T17:00:00Z,-2.874908
p03,2022-06-28T18:00:00Z,-3.668118
p03,2022-06-28T19:00:00Z,-3.605299
p03,2022-06-28T20:00:00Z,-2.319526
p03,2022-06-28T21:00:00Z,-1.794502
p03,2022-06-28T22:00:00Z,-1.832826
p03,2022-06-28T23:00:00Z,-0.819140
p03,2022-06-29T00:00:00Z,0.362512
p03,2022-06-29T01:00:00Z,1.402352
p03,2022-06-29T02:00:00Z,1.563378
p03,2022-06-29T03:00:00Z,2.183348
p03,2022-06-29T04:00:00Z,2.414799
p03,2022-06-29T05:00:00Z,2.312712
p03,2022-06-29T06:00:00Z,2.360503
p03,2022-06-29T07:00:00Z,2.190812
p03,2022-06-29T08:00:00Z,2.241699
p03,2022-06-29T09:00:00Z,0.816884
p03,2022-06-29T10:00:00Z,0.011748
p03,2022-06-29T11:00:00Z,-1.857500
p03,2022-06-29T12:00:00Z,-1.177800
p03,2022-06-29T13:00:00Z,-1.430572
p03,2022-06-29T14:00:00Z,-2.696258
p03,2022-06-29T15:00:00Z,-3.840913
p03,2022-06-29T16:00:00Z,-3.077452
p03,2022-06-29T17:00:00Z,-4.490817
p03,2022-06-29T18:00:00Z,-3.997321
p03,2022-06-29T19:00:00Z,-2.549750
p03,2022-06-29T20:00:00Z,-2.568849
p03,2022-06-29T21:00:00Z,-2.768377
p03,2022-06-29T22:00:00Z,-1.854103
p03,2022-06-29T23:00:00Z,-1.082208
p03,2022-06-30T00:00:00Z,-0.062350
p03,2022-06-30T01:00:00Z,-0.065180
p03,2022-06-30T02:00:00Z,1.975633
p03,2022-06-30T03:00:00Z,2.596384
p03,2022-06-30T04:00:00Z,2.165227
p03,2022-06-30T05:00:00Z,1.838366
p03,2022-06-30T06:00:00Z,2.362336
p03,2022-06-30T07:00:00Z,2.572144
p03,2022-06-30T08:00:00Z,2.343518
p03,2022-06-30T09:00:00Z,-0.120284
p03,2022-06-30T10:00:00Z,0.105672
p03,2022-06-30T11:00:00Z,-0.646065
p03,2022-06-30T12:00:00Z,-1.698600
p03,2022-06-30T13:00:00Z,-2.245046
p03,2022-06-30T14:00:00Z,-2.777407
p03,2022-06-30T15:00:00Z,-2.885457
p03,2022-06-30T16:00:00Z,-4.072326
p03,2022-06-30T17:00:00Z,-3.525662
p03,2022-06-30T18:00:00Z,-3.183690
p03,2022-06-30T19:00:00Z,-3.276279
p03,2022-06-30T20:00:00Z,-3.314710
p03,2022-06-30T21:00:00Z,-2.649593
p03,2022-06-30T22:00:00Z,-1.024404
p03,2022-06-30T23:00:00Z,-1.256842
p03,2022-07-01T00:00:00Z,0.120736
p03,2022-07-01T01:00:00Z,1.406338
p03,2022-07-01T02:00:00Z,0.992788
p03,2022-07-01T03:00:00Z,1.696787
p03,2022-07-01T04:00:00Z,2.279934
p03,2022-07-01T05:00:00Z,2.356775
p03,2022-07-01T06:00:00Z,1.893085
p03,2022-07-01T07:00:00Z,2.122288
p03,2022-07-01T08:00:00Z,1.463910
p03,2022-07-01T09:00:00Z,0.378957
p03,2022-07-01T10:00:00Z,0.091923
p03,2022-07-01T11:00:00Z,-0.910224
p03,2022-07-01T12:00:00Z,-2.514111
p03,2022-07-01T13:00:00Z,-2.474078
p03,2022-07-01T14:00:00Z,-2.538889
p03,2022-07-01T15:00:00Z,-4.412462
p03,2022-07-01T16:00:00Z,-3.895700
p03,2022-07-01T17:00:00Z,-3.290142
p03,2022-07-01T18:00:00Z,-3.723290
p03,2022-07-01T19:00:00Z,-2.862146
p03,2022-07-01T20:00:00Z,-2.368977
p03,2022-07-01T21:00:00Z,-2.494733
p03,2022-07-01T22:00:00Z,-2.278603
p03,2022-07-01T23:00:00Z,-0.949143
p03,2022-07-02T00:00:00Z,0.084979
p03,2022-07-02T01:00:00Z,0.661166
p03,2022-07-02T02:00:00Z,1.838038
p03,2022-07-02T03:00:00Z,1.404043
p03,2022-07-02T04:00:00Z,2.948524
p03,2022-07-02T05:00:00Z,2.126906
p03,2022-07-02T06:00:00Z,1.739574
p03,2022-07-02T07:00:00Z,1.677596
p03,2022-07-02T08:00:00Z,1.106260
p03,2022-07-02T09:00:00Z,1.585248
p03,2022-07-02T10:00:00Z,-0.546278
p03,2022-07-02T11:00:00Z,-1.483892
p03,2022-07-02T12:00:00Z,-2.211380
p03,2022-07-02T13:00:00Z,-2.636951
p03,2022-07-02T14:00:00Z,-3.028342
p03,2022-07-02T15:00:00Z,-3.075550
p03,2022-07-02T16:00:00Z,-3.648449
p03,2022-07-02T17:00:00Z,-3.182038
p03,2022-07-02T18:00:00Z,-3.929468
p03,2022-07-02T19:00:00Z,-3.795762
p03,2022-07-02T20:00:00Z,-2.813478
p03,2022-07-02T21:00:00Z,-3.341265
p03,2022-07-02T22:00:00Z,-1.567203
p03,2022-07-02T23:00:00Z,-1.314493
p03,2022-07-03T00:00:00Z,-0.241252
p03,2022-07-03T01:00:00Z,-0.275331
p03,2022-07-03T02:00:00Z,0.490180
p03,2022-07-03T03:00:00Z,1.292035
p03,2022-07-03T04:00:00Z,1.463874
p03,2022-07-03T05:00:00Z,2.008040
p03,2022-07-03T06:00:00Z,1.786695
p03,2022-07-03T07:00:00Z,0.913508
p03,2022-07-03T08:00:00Z,0.105560
p03,2022-07-03T09:00:00Z,0.820722
p03,2022-07-03T10:00:00Z,-0.648562
p03,2022-07-03T11:00:00Z,-0.944784
p03,2022-07-03T12:00:00Z,-2.006451
p03,2022-07-03T13:00:00Z,-2.564381
p03,2022-07-03T14:00:00Z,-3.276711
p03,2022-07-03T15:00:00Z,-4.396621
p03,2022-07-03T16:00:00Z,-4.434112
p03,2022-07-03T17:00:00Z,-4.134126
p03,2022-07-03T18:00:00Z,-3.250133
p03,2022-07-03T19:00:00Z,-3.191974
p03,2022-07-03T20:00:00Z,-2.718950
p03,2022-07-03T21:00:00Z,-3.236164
p03,2022-07-03T22:00:00Z,-2.865371
p03,2022-07-03T23:00:00Z,-1.520777
p03,2022-07-04T00:00:00Z,-0.275628
p03,2022-07-04T01:00:00Z,0.404928
p03,2022-07-04T02:00:00Z,1.606611
p03,2022-07-04T03:00:00Z,1.581631
p03,2022-07-04T04:00:00Z,1.268393
p03,2022-07-04T05:00:00Z,1.433574
p03,2022-07-04T06:00:00Z,2.160672
p03,2022-07-04T07:00:00Z,1.081338
p03,2022-07-04T08:00:00Z,1.300727
p03,2022-07-04T09:00:00Z,0.876351
p03,2022-07-04T10:00:00Z,-0.584667
p03,2022-07-04T11:00:00Z,-1.274976
p03,2022-07-04T12:00:00Z,-1.829571
p03,2022-07-04T13:00:00Z,-3.071508
p03,2022-07-04T14:00:00Z,-3.296159
p03,2022-07-04T15:00:00Z,-4.545520
p03,2022-07-04T16:00:00Z,-4.362494
p03,2022-07-04T17:00:00Z,-3.332033
p03,2022-07-04T18:00:00Z,-4.463007
p03,2022-07-04T19:00:00Z,-4.787356
p03,2022-07-04T20:00:00Z,-3.219363
p03,2022-07-04T21:00:00Z,-3.116053
p03,2022-07-04T22:00:00Z,-1.757761
p03,2022-07-04T23:00:00Z,-1.339088
p03,2022-07-05T00:00:00Z,-0.004573
p03,2022-07-05T01:00:00Z,0.706851
p03,2022-07-05T02:00:00Z,0.829714
p03,2022-07-05T03:00:00Z,1.121622
p03,2022-07-05T04:00:00Z,1.493159
p03,2022-07-05T05:00:00Z,1.586450
p03,2022-07-05T06:00:00Z,1.790320
p03,2022-07-05T07:00:00Z,1.382908
p03,2022-07-05T08:00:00Z,0.485712
p03,2022-07-05T09:00:00Z,0.447063
p03,2022-07-05T10:00:00Z,0.297520
p03,2022-07-05T11:00:00Z,-1.873028
p03,2022-07-05T12:00:00Z,-1.159905
p03,2022-07-05T13:00:00Z,-3.001346
p03,2022-07-05T14:00:00Z,-3.671909
p03,2022-07-05T15:00:00Z,-3.954671
p03,2022-07-05T16:00:00Z,-4.076113
p03,2022-07-05T17:00:00Z,-4.276549
p03,2022-07-05T18:00:00Z,-4.076595
p03,2022-07-05T19:00:00Z,-4.117366
p03,2022-07-05T20:00:00Z,-3.309679
p03,2022-07-05T21:00:00Z,-2.527622
p03,2022-07-05T22:00:00Z,-1.814295
p03,2022-07-05T23:00:00Z,-1.519082
p03,2022-07-06T00:00:00Z,-0.893691
p03,2022-07-06T01:00:00Z,0.538757
p03,2022-07-06T02:00:00Z,1.266955
p03,2022-07-06T03:00:00Z,0.182299
p03,2022-07-06T04:00:00Z,1.487070
p03,2022-07-06T05:00:00Z,1.453331
p03,2022-07-06T06:00:00Z,0.860746
p03,2022-07-06T07:00:00Z,0.392781
p03,2022-07-06T08:00:00Z,-0.505992
p03,2022-07-06T09:00:00Z,0.564571
p03,2022-07-06T10:00:00Z,-0.435983
p03,2022-07-06T11:00:00Z,-0.936426
p03,2022-07-06T12:00:00Z,-1.431491
p03,2022-07-06T13:00:00Z,-3.312478
p03,2022-07-06T14:00:00Z,-3.443149
p03,2022-07-06T15:00:00Z,-4.381855
p03,2022-07-06T16:00:00Z,-4.521952
p03,2022-07-06T17:00:00Z,-4.540423
p03,2022-07-06T18:00:00Z,-4.441912
p03,2022-07-06T19:00:00Z,-4.116591
p03,2022-07-06T20:00:00Z,-4.022183
p03,2022-07-06T21:00:00Z,-4.131982
p03,2022-07-06T22:00:00Z,-1.607450
p03,2022-07-06T23:00:00Z,-2.202854
p03,2022-07-07T00:00:00Z,-0.458027
p03,2022-07-07T01:00:00Z,-0.913969
p03,2022-07-07T02:00:00Z,1.124196
p03,2022-07-07T03:00:00Z,1.576650
p03,2022-07-07T04:00:00Z,1.977934
p03,2022-07-07T05:00:00Z,1.186245
p03,2022-07-07T06:00:00Z,1.473467
p03,2022-07-07T07:00:00Z,1.024365
p03,2022-07-07T08:00:00Z,0.612502
p03,2022-07-07T09:00:00Z,-0.726250
p03,2022-07-07T10:00:00Z,-1.045917
p03,2022-07-07T11:00:00Z,-1.698559
p03,2022-07-07T12:00:00Z,-1.971472
p03,2022-07-07T13:00:00Z,-3.251535
p03,2022-07-07T14:00:00Z,-3.470803
p03,2022-07-07T15:00:00Z,-4.513117
p03,2022-07-07T16:00:00Z,-3.930516
p03,2022-07-07T17:00:00Z,-5.603508
p03,2022-07-07T18:00:00Z,-4.061314
p03,2022-07-07T19:00:00Z,-4.934639
p03,2022-07-07T20:00:00Z,-4.215310
p03,2022-07-07T21:00:00Z,-2.766631
p03,2022-07-07T22:00:00Z,-3.500504
p03,2022-07-07T23:00:00Z,-1.193865
p03,2022-07-08T00:00:00Z,-0.612395
p03,2022-07-08T01:00:00Z,-0.347875
p03,2022-07-08T02:00:00Z,0.300255
p03,2022-07-08T03:00:00Z,0.301892
p03,2022-07-08T04:00:00Z,0.907701
p03,2022-07-08T05:00:00Z,1.668372
p03,2022-07-08T06:00:00Z,0.693097
p03,2022-07-08T07:00:00Z,0.533545
p03,2022-07-08T08:00:00Z,-0.285226
p03,2022-07-08T09:00:00Z,-0.176153
p03,2022-07-08T10:00:00Z,0.373717
p03,2022-07-08T11:00:00Z,-1.548635
p03,2022-07-08T12:00:00Z,-2.600275
p03,2022-07-08T13:00:00Z,-3.157713
p03,2022-07-08T14:00:00Z,-4.341772
p03,2022-07-08T15:00:00Z,-4.340797
p03,2022-07-08T16:00:00Z,-4.366506
p03,2022-07-08T17:00:00Z,-4.693845
p03,2022-07-08T18:00:00Z,-4.051042
p03,2022-07-08T19:00:00Z,-4.086408
p03,2022-07-08T20:00:00Z,-4.176044
p03,2022-07-08T21:00:00Z,-2.853691
p03,2022-07-08T22:00:00Z,-2.154384
p03,2022-07-08T23:00:00Z,-1.215569
p03,2022-07-09T00:00:00Z,-0.820272
p03,2022-07-09T01:00:00Z,-0.088386
p03,2022-07-09T02:00:00Z,-0.532513
p03,2022-07-09T03:00:00Z,0.015868
p03,2022-07-09T04:00:00Z,1.155932
p03,2022-07-09T05:00:00Z,1.779106
p03,2022-07-09T06:00:00Z,0.600176
p03,2022-07-09T07:00:00Z,0.632038
p03,2022-07-09T08:00:00Z,0.473880
p03,2022-07-09T09:00:00Z,0.356151
p03,2022-07-09T10:00:00Z,-0.269155
p03,2022-07-09T11:00:00Z,-1.604617
p03,2022-07-09T12:00:00Z,-2.924454
p03,2022-07-09T13:00:00Z,-3.634521
p03,2022-07-09T14:00:00Z,-3.309881
p03,2022-07-09T15:00:00Z,-3.723566
p03,2022-07-09T16:00:00Z,-4.511146
p03,2022-07-09T17:00:00Z,-5.141255
p03,2022-07-09T18:00:00Z,-4.742167
p03,2022-07-09T19:00:00Z,-4.804380
p03,2022-07-09T20:00:00Z,-4.234893
p03,2022-07-09T21:00:00Z,-3.029341
p03,2022-07-09T22:00:00Z,-2.227497
p03,2022-07-09T23:00:00Z,-1.137214
p03,2022-07-10T00:00:00Z,-1.124874
p03,2022-07-10T01:00:00Z,-0.510913
p03,2022-07-10T02:00:00Z,-0.522947
p03,2022-07-10T03:00:00Z,0.586367
p03,2022-07-10T04:00:00Z,0.969150
p03,2022-07-10T05:00:00Z,0.492854
p03,2022-07-10T06:00:00Z,1.365443
p03,2022-07-10T07:00:00Z,0.986529
p03,2022-07-10T08:00:00Z,-0.131857
p03,2022-07-10T09:00:00Z,-0.417201
p03,2022-07-10T10:00:00Z,-0.537083
p03,2022-07-10T11:00:00Z,-2.387645
p03,2022-07-10T12:00:00Z,-2.287159
p03,2022-07-10T13:00:00Z,-3.936574
p03,2022-07-10T14:00:00Z,-4.645230
p03,2022-07-10T15:00:00Z,-4.650057
p03,2022-07-10T16:00:00Z,-4.277874
p03,2022-07-10T17:00:00Z,-4.985260
p03,2022-07-10T18:00:00Z,-5.595485
p03,2022-07-10T19:00:00Z,-4.704855
p03,2022-07-10T20:00:00Z,-4.245044
p03,2022-07-10T21:00:00Z,-3.570496
p03,2022-07-10T22:00:00Z,-2.858663
p03,2022-07-10T23:00:00Z,-1.560477
p03,2022-07-11T00:00:00Z,-0.946227
p03,2022-07-11T01:00:00Z,-0.958366
p03,2022-07-11T02:00:00Z,-0.724742
p03,2022-07-11T03:00:00Z,0.874122
p03,2022-07-11T04:00:00Z,0.926211
p03,2022-07-11T05:00:00Z,0.833820
p03,2022-07-11T06:00:00Z,-0.498066
p03,2022-07-11T07:00:00Z,0.918181
p03,2022-07-11T08:00:00Z,-0.245060
p03,2022-07-11T09:00:00Z,-0.144503
p03,2022-07-11T10:00:00Z,-1.294322
p03,2022-07-11T11:00:00Z,-1.853169
p03,2022-07-11T12:00:00Z,-3.615618
p03,2022-07-11T13:00:00Z,-4.161330
p03,2022-07-11T14:00:00Z,-3.737180
p03,2022-07-11T15:00:00Z,-4.588897
p03,2022-07-11T16:00:00Z,-5.618223
p03,2022-07-11T17:00:00Z,-4.375629
p03,2022-07-11T18:00:00Z,-5.076534
p03,2022-07-11T19:00:00Z,-2.821519
p03,2022-07-11T20:00:00Z,-4.552261
p03,2022-07-11T21:00:00Z,-1.916173
p03,2022-07-11T22:00:00Z,-2.185065
p03,2022-07-11T23:00:00Z,-2.329040
p03,2022-07-12T00:00:00Z,-1.665739
p03,2022-07-12T01:00:00Z,-0.869313
p03,2022-07-12T02:00:00Z,1.008451
p03,2022-07-12T03:00:00Z,0.075373
p03,2022-07-12T04:00:00Z,0.896843
p03,2022-07-12T05:00:00Z,0.871761
p03,2022-07-12T06:00:00Z,0.585619
p03,2022-07-12T07:00:00Z,-0.055418
p03,2022-07-12T08:00:00Z,0.156737
p03,2022-07-12T09:00:00Z,-0.681681
p03,2022-07-12T10:00:00Z,-1.689598
p03,2022-07-12T11:00:00Z,-2.254957
p03,2022-07-12T12:00:00Z,-2.809311
p03,2022-07-12T13:00:00Z,-2.802040
p03,2022-07-12T14:00:00Z,-3.445359
p03,2022-07-12T15:00:00Z,-4.008779
p03,2022-07-12T16:00:00Z,-5.907526
p03,2022-07-12T17:00:00Z,-5.014139
p03,2022-07-12T18:00:00Z,-5.614998
p03,2022-07-12T19:00:00Z,-5.237438
p03,2022-07-12T20:00:00Z,-4.416682
p03,2022-07-12T21:00:00Z,-3.197644
p03,2022-07-12T22:00:00Z,-3.607749
p03,2022-07-12T23:00:00Z,-2.296141
p03,2022-07-13T00:00:00Z,-1.352858
p03,2022-07-13T01:00:00Z,0.094508
p03,2022-07-13T02:00:00Z,-0.236525
p03,2022-07-13T03:00:00Z,0.926221
p03,2022-07-13T04:00:00Z,1.695083
p03,2022-07-13T05:00:00Z,0.716729
p03,2022-07-13T06:00:00Z,0.113604
p03,2022-07-13T07:00:00Z,0.472032
p03,2022-07-13T08:00:00Z,-0.358420
p03,2022-07-13T09:00:00Z,-0.736056
p03,2022-07-13T10:00:00Z,-1.233759
p03,2022-07-13T11:00:00Z,-2.190542
p03,2022-07-13T12:00:00Z,-3.371561
p03,2022-07-13T13:00:00Z,-4.933014
p03,2022-07-13T14:00:00Z,-4.420680
p03,2022-07-13T15:00:00Z,-5.036257
p03,2022-07-13T16:00:00Z,-4.976459
p03,2022-07-13T17:00:00Z,-5.128962
p03,2022-07-13T18:00:00Z,-5.766126
p03,2022-07-13T19:00:00Z,-4.550112
p03,2022-07-13T20:00:00Z,-4.531920
p03,2022-07-13T21:00:00Z,-4.011695
p03,2022-07-13T22:00:00Z,-3.120896
p03,2022-07-13T23:00:00Z,-2.834546
p03,2022-07-14T00:00:00Z,-0.928442
p03,2022-07-14T01:00:00Z,-0.782747
p03,2022-07-14T02:00:00Z,-0.765338
p03,2022-07-14T03:00:00Z,0.310428
p03,2022-07-14T04:00:00Z,0.676987
p03,2022-07-14T05:00:00Z,0.421412
p03,2022-07-14T06:00:00Z,0.499401
p03,2022-07-14T07:00:00Z,0.752352
p03,2022-07-14T08:00:00Z,-0.016772
p03,2022-07-14T09:00:00Z,-1.500288
p03,2022-07-14T10:00:00Z,-2.067200
p03,2022-07-14T11:00:00Z,-1.716630
p03,2022-07-14T12:00:00Z,-2.766385
p03,2022-07-14T13:00:00Z,-4.548834
p03,2022-07-14T14:00:00Z,-3.957916
p03,2022-07-14T15:00:00Z,-5.152605
p03,2022-07-14T16:00:00Z,-5.153362
p03,2022-07-14T17:00:00Z,-4.989020
p03,2022-07-14T18:00:00Z,-5.197422
p03,2022-07-14T19:00:00Z,-5.435173
p03,2022-07-14T20:00:00Z,-4.212776
p03,2022-07-14T21:00:00Z,-3.904233
p03,2022-07-14T22:00:00Z,-1.735507
p03,2022-07-14T23:00:00Z,-3.021948
p03,2022-07-15T00:00:00Z,-1.631235
p03,2022-07-15T01:00:00Z,-1.404102
p03,2022-07-15T02:00:00Z,-0.079539
p03,2022-07-15T03:00:00Z,-0.059875
p03,2022-07-15T04:00:00Z,0.034967
p03,2022-07-15T05:00:00Z,0.103170
p03,2022-07-15T06:00:00Z,0.877248
p03,2022-07-15T07:00:00Z,0.223187
p03,2022-07-15T08:00:00Z,-0.894449
p03,2022-07-15T09:00:00Z,-1.506426
p03,2022-07-15T10:00:00Z,-2.409675
p03,2022-07-15T11:00:00Z,-3.257719
p03,2022-07-15T12:00:00Z,-2.767280
p03,2022-07-15T13:00:00Z,-3.294166
p03,2022-07-15T14:00:00Z,-5.584603
p03,2022-07-15T15:00:00Z,-4.770369
p03,2022-07-15T16:00:00Z,-5.165675
p03,2022-07-15T17:00:00Z,-6.698907
p03,2022-07-15T18:00:00Z,-5.492457
p03,2022-07-15T19:00:00Z,-5.351065
p03,2022-07-15T20:00:00Z,-4.539543
p03,2022-07-15T21:00:00Z,-3.843039
p03,2022-07-15T22:00:00Z,-4.062206
p03,2022-07-15T23:00:00Z,-2.570857
p03,2022-07-16T00:00:00Z,-2.976486
p03,2022-07-16T01:00:00Z,-0.756685
p03,2022-07-16T02:00:00Z,-0.693568
p03,2022-07-16T03:00:00Z,0.391324
p03,2022-07-16T04:00:00Z,0.545397
p03,2022-07-16T05:00:00Z,0.188430
p03,2022-07-16T06:00:00Z,0.627176
p03,2022-07-16T07:00:00Z,0.494599
p03,2022-07-16T08:00:00Z,-0.064959
p03,2022-07-16T09:00:00Z,-1.912327
p03,2022-07-16T10:00:00Z,-1.846280
p03,2022-07-16T11:00:00Z,-2.589045
p03,2022-07-16T12:00:00Z,-2.327098
p03,2022-07-16T13:00:00Z,-3.829086
p03,2022-07-16T14:00:00Z,-4.909866
p03,2022-07-16T15:00:00Z,-5.388905
p03,2022-07-16T16:00:00Z,-5.471424
p03,2022-07-16T17:00:00Z,-5.243590
p03,2022-07-16T18:00:00Z,-5.051220
p03,2022-07-16T19:00:00Z,-4.751326
p03,2022-07-16T20:00:00Z,-5.029197
p03,2022-07-16T21:00:00Z,-4.151939
p03,2022-07-16T22:00:00Z,-2.460018
p03,2022-07-16T23:00:00Z,-2.675647
p03,2022-07-17T00:00:00Z,-0.870994
p03,2022-07-17T01:00:00Z,-1.176708
p03,2022-07-17T02:00:00Z,-0.528895
p03,2022-07-17T03:00:00Z,-0.427205
p03,2022-07-17T04:00:00Z,-0.145362
p03,2022-07-17T05:00:00Z,0.267563
p03,2022-07-17T06:00:00Z,0.037361
p03,2022-07-17T07:00:00Z,-0.360976
p03,2022-07-17T08:00:00Z,-0.919875
p03,2022-07-17T09:00:00Z,-1.570466
p03,2022-07-17T10:00:00Z,-2.048908
p03,2022-07-17T11:00:00Z,-3.256186
p03,2022-07-17T12:00:00Z,-3.859793
p03,2022-07-17T13:00:00Z,-3.916247
p03,2022-07-17T14:00:00Z,-4.921295
p03,2022-07-17T15:00:00Z,-4.983107
p03,2022-07-17T16:00:00Z,-5.892956
p03,2022-07-17T17:00:00Z,-6.067095
p03,2022-07-17T18:00:00Z,-5.941281
p03,2022-07-17T19:00:00Z,-5.440222
p03,2022-07-17T20:00:00Z,-5.762129
p03,2022-07-17T21:00:00Z,-3.620564
p03,2022-07-17T22:00:00Z,-3.437474
p03,2022-07-17T23:00:00Z,-2.111442
p03,2022-07-18T00:00:00Z,-2.816666
p03,2022-07-18T01:00:00Z,-0.595261
p03,2022-07-18T02:00:00Z,-0.276114
p03,2022-07-18T03:00:00Z,-0.026073
p03,2022-07-18T04:00:00Z,0.236375
p03,2022-07-18T05:00:00Z,0.299707
p03,2022-07-18T06:00:00Z,0.089934
p03,2022-07-18T07:00:00Z,-0.900457
p03,2022-07-18T08:00:00Z,-1.086903
p03,2022-07-18T09:00:00Z,-0.840185
p03,2022-07-18T10:00:00Z,-0.918721
p03,2022-07-18T11:00:00Z,-3.401192
p03,2022-07-18T12:00:00Z,-3.284094
p03,2022-07-18T13:00:00Z,-3.954739
p03,2022-07-18T14:00:00Z,-4.508304
p03,2022-07-18T15:00:00Z,-4.275910
p03,2022-07-18T16:00:00Z,-5.827776
p03,2022-07-18T17:00:00Z,-6.351021
p03,2022-07-18T18:00:00Z,-5.828532
p03,2022-07-18T19:00:00Z,-5.831075
p03,2022-07-18T20:00:00Z,-4.237612
p03,2022-07-18T21:00:00Z,-3.599342
p03,2022-07-18T22:00:00Z,-3.816902
p03,2022-07-18T23:00:00Z,-2.570137
p03,2022-07-19T00:00:00Z,-1.662482
p03,2022-07-19T01:00:00Z,-0.921067
p03,2022-07-19T02:00:00Z,-0.931930
p03,2022-07-19T03:00:00Z,-1.211788
p03,2022-07-19T04:00:00Z,0.189137
p03,2022-07-19T05:00:00Z,-0.056278
p03,2022-07-19T06:00:00Z,0.271932
p03,2022-07-19T07:00:00Z,-0.528362
p03,2022-07-19T08:00:00Z,-1.393898
p03,2022-07-19T09:00:00Z,-1.148479
p03,2022-07-19T10:00:00Z,-2.360108
p03,2022-07-19T11:00:00Z,-2.183376
p03,2022-07-19T12:00:00Z,-3.506341
p03,2022-07-19T13:00:00Z,-4.660158
p03,2022-07-19T14:00:00Z,-4.969345
p03,2022-07-19T15:00:00Z,-4.950175
p03,2022-07-19T16:00:00Z,-6.192675
p03,2022-07-19T17:00:00Z,-5.834644
p03,2022-07-19T18:00:00Z,-5.587030
p03,2022-07-19T19:00:00Z,-6.017755
p03,2022-07-19T20:00:00Z,-4.936685
p03,2022-07-19T21:00:00Z,-4.435632
p03,2022-07-19T22:00:00Z,-3.871302
p03,2022-07-19T23:00:00Z,-2.726720
p03,2022-07-20T00:00:00Z,-1.879319
p03,2022-07-20T01:00:00Z,-1.459873
p03,2022-07-20T02:00:00Z,-0.315417
p03,2022-07-20T03:00:00Z,1.042615
p03,2022-07-20T04:00:00Z,0.868917
p03,2022-07-20T05:00:00Z,0.186450
p03,2022-07-20T06:00:00Z,-0.571914
p03,2022-07-20T07:00:00Z,0.683505
p03,2022-07-20T08:00:00Z,-0.637085
p03,2022-07-20T09:00:00Z,-1.474558
p03,2022-07-20T10:00:00Z,-1.910683
p03,2022-07-20T11:00:00Z,-2.705791
p03,2022-07-20T12:00:00Z,-3.791060
p03,2022-07-20T13:00:00Z,-4.629301
p03,2022-07-20T14:00:00Z,-4.696273
p03,2022-07-20T15:00:00Z,-4.958088
p03,2022-07-20T16:00:00Z,-5.001301
p03,2022-07-20T17:00:00Z,-5.917059
p03,2022-07-20T18:00:00Z,-6.448152
p03,2022-07-20T19:00:00Z,-4.418840
p03,2022-07-20T20:00:00Z,-6.066447
p03,2022-07-20T21:00:00Z,-4.781481
p03,2022-07-20T22:00:00Z,-3.865129
p03,2022-07-20T23:00:00Z,-2.567601
p03,2022-07-21T00:00:00Z,-2.211798
p03,2022-07-21T01:00:00Z,-1.794784
p03,2022-07-21T02:00:00Z,-1.233247
p03,2022-07-21T03:00:00Z,-1.032916
p03,2022-07-21T04:00:00Z,0.533557
p03,2022-07-21T05:00:00Z,-0.150512
p03,2022-07-21T06:00:00Z,-0.551383
p03,2022-07-21T07:00:00Z,-1.084714
p03,2022-07-21T08:00:00Z,-1.136554
p03,2022-07-21T09:00:00Z,-1.838875
p03,2022-07-21T10:00:00Z,-1.878983
p03,2022-07-21T11:00:00Z,-2.747228
p03,2022-07-21T12:00:00Z,-2.958488
p03,2022-07-21T13:00:00Z,-3.916818
p03,2022-07-21T14:00:00Z,-4.819531
p03,2022-07-21T15:00:00Z,-5.326720
p03,2022-07-21T16:00:00Z,-5.511309
p03,2022-07-21T17:00:00Z,-5.887127
p03,2022-07-21T18:00:00Z,-6.031272
p03,2022-07-21T19:00:00Z,-5.704538
p03,2022-07-21T20:00:00Z,-5.813060
p03,2022-07-21T21:00:00Z,-4.721905
p03,2022-07-21T22:00:00Z,-3.668829
p03,2022-07-21T23:00:00Z,-3.567609
p03,2022-07-22T00:00:00Z,-2.169953
p03,2022-07-22T01:00:00Z,-1.869408
p03,2022-07-22T02:00:00Z,-1.334010
p03,2022-07-22T03:00:00Z,-0.323700
p03,2022-07-22T04:00:00Z,0.924079
p03,2022-07-22T05:00:00Z,0.228947
p03,2022-07-22T06:00:00Z,-0.310202
p03,2022-07-22T07:00:00Z,-0.533767
p03,2022-07-22T08:00:00Z,-1.014918
p03,2022-07-22T09:00:00Z,-1.740549
p03,2022-07-22T10:00:00Z,-3.141277
p03,2022-07-22T11:00:00Z,-3.084483
p03,2022-07-22T12:00:00Z,-4.680026
p03,2022-07-22T13:00:00Z,-5.024169
p03,2022-07-22T14:00:00Z,-4.586357
p03,2022-07-22T15:00:00Z,-4.831829
p03,2022-07-22T16:00:00Z,-5.379800
p03,2022-07-22T17:00:00Z,-5.964290
p03,2022-07-22T18:00:00Z,-5.990192
p03,2022-07-22T19:00:00Z,-5.067308
p03,2022-07-22T20:00:00Z,-5.114930
p03,2022-07-22T21:00:00Z,-4.506491
p03,2022-07-22T22:00:00Z,-3.974514
p03,2022-07-22T23:00:00Z,-3.891012
p03,2022-07-23T00:00:00Z,-2.288993
p03,2022-07-23T01:00:00Z,-1.652179
p03,2022-07-23T02:00:00Z,-1.183121
p03,2022-07-23T03:00:00Z,0.225240
p03,2022-07-23T04:00:00Z,-1.158563
p03,2022-07-23T05:00:00Z,0.351580
p03,2022-07-23T06:00:00Z,-0.603921
p03,2022-07-23T07:00:00Z,-0.731859
p03,2022-07-23T08:00:00Z,-0.276944
p03,2022-07-23T09:00:00Z,-1.284211
p03,2022-07-23T10:00:00Z,-1.916517
p03,2022-07-23T11:00:00Z,-2.389988
p03,2022-07-23T12:00:00Z,-3.447482
p03,2022-07-23T13:00:00Z,-4.619620
p03,2022-07-23T14:00:00Z,-4.862126
p03,2022-07-23T15:00:00Z,-6.270803
p03,2022-07-23T16:00:00Z,-6.371859
p03,2022-07-23T17:00:00Z,-6.225784
p03,2022-07-23T18:00:00Z,-5.973229
p03,2022-07-23T19:00:00Z,-5.626546
p03,2022-07-23T20:00:00Z,-4.534929
p03,2022-07-23T21:00:00Z,-4.822998
p03,2022-07-23T22:00:00Z,-3.894750
p03,2022-07-23T23:00:00Z,-3.430456
p03,2022-07-24T00:00:00Z,-2.532101
p03,2022-07-24T01:00:00Z,-1.396268
p03,2022-07-24T02:00:00Z,-1.798495
p03,2022-07-24T03:00:00Z,-0.726357
p03,2022-07-24T04:00:00Z,-0.320298
p03,2022-07-24T05:00:00Z,-0.520878
p03,2022-07-24T06:00:00Z,-0.281632
p03,2022-07-24T07:00:00Z,-0.793344
p03,2022-07-24T08:00:00Z,-0.336480
p03,2022-07-24T09:00:00Z,-1.959031
p03,2022-07-24T10:00:00Z,-2.628433
p03,2022-07-24T11:00:00Z,-3.234597
p03,2022-07-24T12:00:00Z,-4.237136
p03,2022-07-24T13:00:00Z,-5.645156
p03,2022-07-24T14:00:00Z,-5.532011
p03,2022-07-24T15:00:00Z,-5.493417
p03,2022-07-24T16:00:00Z,-5.763570
p03,2022-07-24T17:00:00Z,-6.604831
p03,2022-07-24T18:00:00Z,-6.152386
p03,2022-07-24T19:00:00Z,-5.957099
p03,2022-07-24T20:00:00Z,-5.445438
p03,2022-07-24T21:00:00Z,-4.534621
p03,2022-07-24T22:00:00Z,-4.007723
p03,2022-07-24T23:00:00Z,-3.226844
p03,2022-07-25T00:00:00Z,-2.418586
p03,2022-07-25T01:00:00Z,-2.114207
p03,2022-07-25T02:00:00Z,-0.529914
p03,2022-07-25T03:00:00Z,-0.477059
p03,2022-07-25T04:00:00Z,-0.838219
p03,2022-07-25T05:00:00Z,0.332654
p03,2022-07-25T06:00:00Z,-0.493375
p03,2022-07-25T07:00:00Z,-0.796404
p03,2022-07-25T08:00:00Z,-1.962720
p03,2022-07-25T09:00:00Z,-2.095445
p03,2022-07-25T10:00:00Z,-2.100646
p03,2022-07-25T11:00:00Z,-3.583917
p03,2022-07-25T12:00:00Z,-3.516353
p03,2022-07-25T13:00:00Z,-4.266414
p03,2022-07-25T14:00:00Z,-4.362743
p03,2022-07-25T15:00:00Z,-5.478580
p03,2022-07-25T16:00:00Z,-6.352066
p03,2022-07-25T17:00:00Z,-6.534165
p03,2022-07-25T18:00:00Z,-6.927416
p03,2022-07-25T19:00:00Z,-5.956778
p03,2022-07-25T20:00:00Z,-6.247536
p03,2022-07-25T21:00:00Z,-4.979083
p03,2022-07-25T22:00:00Z,-3.848072
p03,2022-07-25T23:00:00Z,-4.095696
p03,2022-07-26T00:00:00Z,-2.884468
p03,2022-07-26T01:00:00Z,-2.310136
p03,2022-07-26T02:00:00Z,-1.945318
p03,2022-07-26T03:00:00Z,0.583092
p03,2022-07-26T04:00:00Z,0.497758
p03,2022-07-26T05:00:00Z,-0.846529
p03,2022-07-26T06:00:00Z,-0.352693
p03,2022-07-26T07:00:00Z,0.169124
p03,2022-07-26T08:00:00Z,-1.551745
p03,2022-07-26T09:00:00Z,-2.159573
p03,2022-07-26T10:00:00Z,-2.425059
p03,2022-07-26T11:00:00Z,-4.276852
p03,2022-07-26T12:00:00Z,-4.278453
p03,2022-07-26T13:00:00Z,-4.566455
p03,2022-07-26T14:00:00Z,-5.154044
p03,2022-07-26T15:00:00Z,-6.442780
p03,2022-07-26T16:00:00Z,-6.504142
p03,2022-07-26T17:00:00Z,-5.113283
p03,2022-07-26T18:00:00Z,-7.039077
p03,2022-07-26T19:00:00Z,-6.528634
p03,2022-07-26T20:00:00Z,-5.471178
p03,2022-07-26T21:00:00Z,-5.773256
p03,2022-07-26T22:00:00Z,-4.273571
p03,2022-07-26T23:00:00Z,-4.331795
p03,2022-07-27T00:00:00Z,-2.368840
p03,2022-07-27T01:00:00Z,-2.738673
p03,2022-07-27T02:00:00Z,-0.923201
p03,2022-07-27T03:00:00Z,-2.036580
p03,2022-07-27T04:00:00Z,-0.334253
p03,2022-07-27T05:00:00Z,-0.870129
p03,2022-07-27T06:00:00Z,-0.546886
p03,2022-07-27T07:00:00Z,-1.316190
p03,2022-07-27T08:00:00Z,-1.190624
p03,2022-07-27T09:00:00Z,-2.766174
p03,2022-07-27T10:00:00Z,-4.014836
p03,2022-07-27T11:00:00Z,-3.535055
p03,2022-07-27T12:00:00Z,-3.743095
p03,2022-07-27T13:00:00Z,-4.853116
p03,2022-07-27T14:00:00Z,-6.022343
p03,2022-07-27T15:00:00Z,-6.007156
p03,2022-07-27T16:00:00Z,-5.938690
p03,2022-07-27T17:00:00Z,-7.028027
p03,2022-07-27T18:00:00Z,-6.402634
p03,2022-07-27T19:00:00Z,-5.546086
p03,2022-07-27T20:00:00Z,-5.936433
p03,2022-07-27T21:00:00Z,-4.686630
p03,2022-07-27T22:00:00Z,-4.885017
p03,2022-07-27T23:00:00Z,-3.649453
p03,2022-07-28T00:00:00Z,-3.020398
p03,2022-07-28T01:00:00Z,-1.568284
p03,2022-07-28T02:00:00Z,-1.551502
p03,2022-07-28T03:00:00Z,-0.834673
p03,2022-07-28T04:00:00Z,-0.974601
p03,2022-07-28T05:00:00Z,0.041960
p03,2022-07-28T06:00:00Z,-0.347173
p03,2022-07-28T07:00:00Z,-0.681912
p03,2022-07-28T08:00:00Z,-1.323938
p03,2022-07-28T09:00:00Z,-2.529332
p03,2022-07-28T10:00:00Z,-2.255171
p03,2022-07-28T11:00:00Z,-3.611001
p03,2022-07-28T12:00:00Z,-3.639752
p03,2022-07-28T13:00:00Z,-5.156613
p03,2022-07-28T14:00:00Z,-5.174779
p03,2022-07-28T15:00:00Z,-5.806642
p03,2022-07-28T16:00:00Z,-6.106400
p03,2022-07-28T17:00:00Z,-7.568495
p03,2022-07-28T18:00:00Z,-7.459169
p03,2022-07-28T19:00:00Z,-6.365772
p03,2022-07-28T20:00:00Z,-6.269914
p03,2022-07-28T21:00:00Z,-4.895807
p03,2022-07-28T22:00:00Z,-4.389715
p03,2022-07-28T23:00:00Z,-4.045587
p03,2022-07-29T00:00:00Z,-2.289023
p03,2022-07-29T01:00:00Z,-2.852791
p03,2022-07-29T02:00:00Z,-1.903699
p03,2022-07-29T03:00:00Z,-1.693086
p03,2022-07-29T04:00:00Z,-0.205274
p03,2022-07-29T05:00:00Z,-1.024118
p03,2022-07-29T06:00:00Z,-0.332108
p03,2022-07-29T07:00:00Z,-0.304333
p03,2022-07-29T08:00:00Z,-1.336887
p03,2022-07-29T09:00:00Z,-2.394162
p03,2022-07-29T10:00:00Z,-2.910488
p03,2022-07-29T11:00:00Z,-3.638532
p03,2022-07-29T12:00:00Z,-5.079141
p03,2022-07-29T13:00:00Z,-4.896451
p03,2022-07-29T14:00:00Z,-4.875171
p03,2022-07-29T15:00:00Z,-6.418756
p03,2022-07-29T16:00:00Z,-7.585137
p03,2022-07-29T17:00:00Z,-7.147980
p03,2022-07-29T18:00:00Z,-7.444062
p03,2022-07-29T19:00:00Z,-6.184879
p03,2022-07-29T20:00:00Z,-6.349466
p03,2022-07-29T21:00:00Z,-5.364333
p03,2022-07-29T22:00:00Z,-4.908644
p03,2022-07-29T23:00:00Z,-3.239761
p03,2022-07-30T00:00:00Z,-2.727830
p03,2022-07-30T01:00:00Z,-2.744585
p03,2022-07-30T02:00:00Z,-0.626314
p03,2022-07-30T03:00:00Z,-0.815601
p03,2022-07-30T04:00:00Z,-1.123333
p03,2022-07-30T05:00:00Z,-0.266978
p03,2022-07-30T06:00:00Z,-1.372442
p03,2022-07-30T07:00:00Z,-0.741224
p03,2022-07-30T08:00:00Z,-1.684785
p03,2022-07-30T09:00:00Z,-2.625397
p03,2022-07-30T10:00:00Z,-3.453632
p03,2022-07-30T11:00:00Z,-4.380357
p03,2022-07-30T12:00:00Z,-3.887516
p03,2022-07-30T13:00:00Z,-4.563063
p03,2022-07-30T14:00:00Z,-5.906882
p03,2022-07-30T15:00:00Z,-6.083311
p03,2022-07-30T16:00:00Z,-7.115669
p03,2022-07-30T17:00:00Z,-6.409569
p03,2022-07-30T18:00:00Z,-6.348371
p03,2022-07-30T19:00:00Z,-7.704096
p03,2022-07-30T20:00:00Z,-5.722242
p03,2022-07-30T21:00:00Z,-5.902020
p03,2022-07-30T22:00:00Z,-4.478967
p03,2022-07-30T23:00:00Z,-4.210920
p03,2022-07-31T00:00:00Z,-3.830943
p03,2022-07-31T01:00:00Z,-3.010979
p03,2022-07-31T02:00:00Z,-2.358533
p03,2022-07-31T03:00:00Z,-0.772319
p03,2022-07-31T04:00:00Z,-1.547849
p03,2022-07-31T05:00:00Z,-0.846722
p03,2022-07-31T06:00:00Z,-1.350608
p03,2022-07-31T07:00:00Z,-0.440431
p03,2022-07-31T08:00:00Z,-2.399297
p03,2022-07-31T09:00:00Z,-2.162181
p03,2022-07-31T10:00:00Z,-2.594389
p03,2022-07-31T11:00:00Z,-4.143215
p03,2022-07-31T12:00:00Z,-4.218641
p03,2022-07-31T13:00:00Z,-5.421466
p03,2022-07-31T14:00:00Z,-6.099911
p03,2022-07-31T15:00:00Z,-6.636185
p03,2022-07-31T16:00:00Z,-6.388544
p03,2022-07-31T17:00:00Z,-6.513563
p03,2022-07-31T18:00:00Z,-6.711603
p03,2022-07-31T19:00:00Z,-6.138130
p03,2022-07-31T20:00:00Z,-5.056143
p03,2022-07-31T21:00:00Z,-5.386735
p03,2022-07-31T22:00:00Z,-4.678256
p03,2022-07-31T23:00:00Z,-3.715089
p03,2022-08-01T00:00:00Z,-2.791866
p03,2022-08-01T01:00:00Z,-2.669650
p03,2022-08-01T02:00:00Z,-1.798554
p03,2022-08-01T03:00:00Z,-1.421206
p03,2022-08-01T04:00:00Z,-1.214195
p03,2022-08-01T05:00:00Z,-0.370929
p03,2022-08-01T06:00:00Z,-0.455904
p03,2022-08-01T07:00:00Z,-1.668503
p03,2022-08-01T08:00:00Z,-1.986172
p03,2022-08-01T09:00:00Z,-2.264831
p03,2022-08-01T10:00:00Z,-3.427334
p03,2022-08-01T11:00:00Z,-4.332863
p03,2022-08-01T12:00:00Z,-5.438972
p03,2022-08-01T13:00:00Z,-5.361791
p03,2022-08-01T14:00:00Z,-7.069346
p03,2022-08-01T15:00:00Z,-6.974805
p03,2022-08-01T16:00:00Z,-6.680793
p03,2022-08-01T17:00:00Z,-6.598250
p03,2022-08-01T18:00:00Z,-7.012096
p03,2022-08-01T19:00:00Z,-6.632497
p03,2022-08-01T20:00:00Z,-5.627329
p03,2022-08-01T21:00:00Z,-5.014371
p03,2022-08-01T22:00:00Z,-5.742869
p03,2022-08-01T23:00:00Z,-3.626185
p03,2022-08-02T00:00:00Z,-2.992044
p03,2022-08-02T01:00:00Z,-3.093404
p03,2022-08-02T02:00:00Z,-1.585413
p03,2022-08-02T03:00:00Z,-1.120508
p03,2022-08-02T04:00:00Z,-1.570592
p03,2022-08-02T05:00:00Z,-1.961864
p03,2022-08-02T06:00:00Z,-1.329100
p03,2022-08-02T07:00:00Z,-0.348726
p03,2022-08-02T08:00:00Z,-1.707231
p03,2022-08-02T09:00:00Z,-2.946951
p03,2022-08-02T10:00:00Z,-3.444555
p03,2022-08-02T11:00:00Z,-3.288173
p03,2022-08-02T12:00:00Z,-4.077626
p03,2022-08-02T13:00:00Z,-5.382217
p03,2022-08-02T14:00:00Z,-6.055310
p03,2022-08-02T15:00:00Z,-6.338094
p03,2022-08-02T16:00:00Z,-6.708335
p03,2022-08-02T17:00:00Z,-6.571894
p03,2022-08-02T18:00:00Z,-7.060244
p03,2022-08-02T19:00:00Z,-6.832602
p03,2022-08-02T20:00:00Z,-5.448563
p03,2022-08-02T21:00:00Z,-6.062451
p03,2022-08-02T22:00:00Z,-4.841269
p03,2022-08-02T23:00:00Z,-3.269631
p03,2022-08-03T00:00:00Z,-3.178328
p03,2022-08-03T01:00:00Z,-2.964736
p03,2022-08-03T02:00:00Z,-1.485735
p03,2022-08-03T03:00:00Z,-2.549279
p03,2022-08-03T04:00:00Z,-1.749366
p03,2022-08-03T05:00:00Z,-1.594749
p03,2022-08-03T06:00:00Z,-1.698120
p03,2022-08-03T07:00:00Z,-1.525097
p03,2022-08-03T08:00:00Z,-1.692326
p03,2022-08-03T09:00:00Z,-1.819784
p03,2022-08-03T10:00:00Z,-3.784683
p03,2022-08-03T11:00:00Z,-4.763509
p03,2022-08-03T12:00:00Z,-4.355392
p03,2022-08-03T13:00:00Z,-4.433713
p03,2022-08-03T14:00:00Z,-5.806785
p03,2022-08-03T15:00:00Z,-7.645166
p03,2022-08-03T16:00:00Z,-6.943728
p03,2022-08-03T17:00:00Z,-7.614271
p03,2022-08-03T18:00:00Z,-6.601718
p03,2022-08-03T19:00:00Z,-6.282031
p03,2022-08-03T20:00:00Z,-6.769035
p03,2022-08-03T21:00:00Z,-4.701658
p03,2022-08-03T22:00:00Z,-5.164039
p03,2022-08-03T23:00:00Z,-4.594421
p03,2022-08-04T00:00:00Z,-3.483610
p03,2022-08-04T01:00:00Z,-2.806383
p03,2022-08-04T02:00:00Z,-1.434396
p03,2022-08-04T03:00:00Z,-0.727535
p03,2022-08-04T04:00:00Z,-1.466906
p03,2022-08-04T05:00:00Z,-0.313101
p03,2022-08-04T06:00:00Z,-0.514288
p03,2022-08-04T07:00:00Z,-0.584467
p03,2022-08-04T08:00:00Z,-1.840545
p03,2022-08-04T09:00:00Z,-2.997470
p03,2022-08-04T10:00:00Z,-2.748224
p03,2022-08-04T11:00:00Z,-4.185630
p03,2022-08-04T12:00:00Z,-5.204224
p03,2022-08-04T13:00:00Z,-5.522384
p03,2022-08-04T14:00:00Z,-6.640643
p03,2022-08-04T15:00:00Z,-5.939916
p03,2022-08-04T16:00:00Z,-7.196519
p03,2022-08-04T17:00:00Z,-6.754507
p03,2022-08-04T18:00:00Z,-7.609892
p03,2022-08-04T19:00:00Z,-6.357076
p03,2022-08-04T20:00:00Z,-6.291563
p03,2022-08-04T21:00:00Z,-5.906778
p03,2022-08-04T22:00:00Z,-5.209677
p03,2022-08-04T23:00:00Z,-5.107093
p03,2022-08-05T00:00:00Z,-3.226468
p03,2022-08-05T01:00:00Z,-3.182322
p03,2022-08-05T02:00:00Z,-1.771329
p03,2022-08-05T03:00:00Z,-1.323048
p03,2022-08-05T04:00:00Z,-0.912639
p03,2022-08-05T05:00:00Z,-0.977013
p03,2022-08-05T06:00:00Z,-1.681712
p03,2022-08-05T07:00:00Z,-1.421956
p03,2022-08-05T08:00:00Z,-2.186183
p03,2022-08-05T09:00:00Z,-2.442795
p03,2022-08-05T10:00:00Z,-3.073909
p03,2022-08-05T11:00:00Z,-5.097042
p03,2022-08-05T12:00:00Z,-4.703505
p03,2022-08-05T13:00:00Z,-5.608978
p03,2022-08-05T14:00:00Z,-7.343326
p03,2022-08-05T15:00:00Z,-6.617009
p03,2022-08-05T16:00:00Z,-6.920987
p03,2022-08-05T17:00:00Z,-7.257279
p03,2022-08-05T18:00:00Z,-7.832292
p03,2022-08-05T19:00:00Z,-6.245165
p03,2022-08-05T20:00:00Z,-6.328770
p03,2022-08-05T21:00:00Z,-6.128480
p03,2022-08-05T22:00:00Z,-5.743831
p03,2022-08-05T23:00:00Z,-3.857642
p03,2022-08-06T00:00:00Z,-3.098395
p03,2022-08-06T01:00:00Z,-2.779853
p03,2022-08-06T02:00:00Z,-2.690640
p03,2022-08-06T03:00:00Z,-1.324735
p03,2022-08-06T04:00:00Z,-0.537366
p03,2022-08-06T05:00:00Z,-0.933320
p03,2022-08-06T06:00:00Z,-1.543866
p03,2022-08-06T07:00:00Z,-2.793904
p03,2022-08-06T08:00:00Z,-2.964952
p03,2022-08-06T09:00:00Z,-3.215140
p03,2022-08-06T10:00:00Z,-3.286420
p03,2022-08-06T11:00:00Z,-4.188789
p03,2022-08-06T12:00:00Z,-5.158923
p03,2022-08-06T13:00:00Z,-6.540644
p03,2022-08-06T14:00:00Z,-6.483127
p03,2022-08-06T15:00:00Z,-5.926246
p03,2022-08-06T16:00:00Z,-8.558832
p03,2022-08-06T17:00:00Z,-7.754022
p03,2022-08-06T18:00:00Z,-6.423170
p03,2022-08-06T19:00:00Z,-7.174477
p03,2022-08-06T20:00:00Z,-5.603508
p03,2022-08-06T21:00:00Z,-6.131060
p03,2022-08-06T22:00:00Z,-4.974709
p03,2022-08-06T23:00:00Z,-4.925432
p03,2022-08-07T00:00:00Z,-3.888815
p03,2022-08-07T01:00:00Z,-3.700623
p03,2022-08-07T02:00:00Z,-2.042910
p03,2022-08-07T03:00:00Z,-1.186288
p03,2022-08-07T04:00:00Z,-0.761310
p03,2022-08-07T05:00:00Z,-1.198559
p03,2022-08-07T06:00:00Z,-0.927466
p03,2022-08-07T07:00:00Z,-2.743364
p03,2022-08-07T08:00:00Z,-1.878241
p03,2022-08-07T09:00:00Z,-3.318902
p03,2022-08-07T10:00:00Z,-3.746448
p03,2022-08-07T11:00:00Z,-4.864760
p03,2022-08-07T12:00:00Z,-5.889622
p03,2022-08-07T13:00:00Z,-5.627783
p03,2022-08-07T14:00:00Z,-6.699158
p03,2022-08-07T15:00:00Z,-6.057920
p03,2022-08-07T16:00:00Z,-7.720911
p03,2022-08-07T17:00:00Z,-7.705118
p03,2022-08-07T18:00:00Z,-6.728321
p03,2022-08-07T19:00:00Z,-6.955373
p03,2022-08-07T20:00:00Z,-6.483100
p03,2022-08-07T21:00:00Z,-5.892657
p03,2022-08-07T22:00:00Z,-4.736109
p03,2022-08-07T23:00:00Z,-4.510497
p03,2022-08-08T00:00:00Z,-3.259851
p03,2022-08-08T01:00:00Z,-2.983712
p03,2022-08-08T02:00:00Z,-2.120267
p03,2022-08-08T03:00:00Z,-2.112684
p03,2022-08-08T04:00:00Z,-0.869032
p03,2022-08-08T05:00:00Z,-2.109635
p03,2022-08-08T06:00:00Z,-1.309425
p03,2022-08-08T07:00:00Z,-2.168532
p03,2022-08-08T08:00:00Z,-2.113281
p03,2022-08-08T09:00:00Z,-2.798254
p03,2022-08-08T10:00:00Z,-3.981854
p03,2022-08-08T11:00:00Z,-4.295819
p03,2022-08-08T12:00:00Z,-6.244270
p03,2022-08-08T13:00:00Z,-4.903829
p03,2022-08-08T14:00:00Z,-6.180224
p03,2022-08-08T15:00:00Z,-7.688018
p03,2022-08-08T16:00:00Z,-7.370953
p03,2022-08-08T17:00:00Z,-7.525935
p03,2022-08-08T18:00:00Z,-8.145436
p03,2022-08-08T19:00:00Z,-7.253744
p03,2022-08-08T20:00:00Z,-5.865311
p03,2022-08-08T21:00:00Z,-6.340460
p03,2022-08-08T22:00:00Z,-3.733679
p03,2022-08-08T23:00:00Z,-5.114493
p03,2022-08-09T00:00:00Z,-3.843907
p03,2022-08-09T01:00:00Z,-2.135942
p03,2022-08-09T02:00:00Z,-2.285676
p03,2022-08-09T03:00:00Z,-1.466539
p03,2022-08-09T04:00:00Z,-1.460681
p03,2022-08-09T05:00:00Z,-1.596162
p03,2022-08-09T06:00:00Z,-2.130917
p03,2022-08-09T07:00:00Z,-1.552079
p03,2022-08-09T08:00:00Z,-1.951776
p03,2022-08-09T09:00:00Z,-2.032032
p03,2022-08-09T10:00:00Z,-4.038767
p03,2022-08-09T11:00:00Z,-4.259459
p03,2022-08-09T12:00:00Z,-4.594548
p03,2022-08-09T13:00:00Z,-6.467130
p03,2022-08-09T14:00:00Z,-5.871535
p03,2022-08-09T15:00:00Z,-6.956961
p03,2022-08-09T16:00:00Z,-7.144000
p03,2022-08-09T17:00:00Z,-6.891182
p03,2022-08-09T18:00:00Z,-6.903976
p03,2022-08-09T19:00:00Z,-6.965598
p03,2022-08-09T20:00:00Z,-6.885317
p03,2022-08-09T21:00:00Z,-6.198145
p03,2022-08-09T22:00:00Z,-5.524002
p03,2022-08-09T23:00:00Z,-5.213561
p03,2022-08-10T00:00:00Z,-4.080630
p03,2022-08-10T01:00:00Z,-3.183470
p03,2022-08-10T02:00:00Z,-3.203180
p03,2022-08-10T03:00:00Z,-1.432289
p03,2022-08-10T04:00:00Z,-2.211051
p03,2022-08-10T05:00:00Z,-2.037049
p03,2022-08-10T06:00:00Z,-1.196396
p03,2022-08-10T07:00:00Z,-1.712075
p03,2022-08-10T08:00:00Z,-1.802084
p03,2022-08-10T09:00:00Z,-2.952851
p03,2022-08-10T10:00:00Z,-3.548804
p03,2022-08-10T11:00:00Z,-4.855379
p03,2022-08-10T12:00:00Z,-4.772770
p03,2022-08-10T13:00:00Z,-6.117109
p03,2022-08-10T14:00:00Z,-6.474042
p03,2022-08-10T15:00:00Z,-6.480819
p03,2022-08-10T16:00:00Z,-6.687249
p03,2022-08-10T17:00:00Z,-6.723789
p03,2022-08-10T18:00:00Z,-6.680215
p03,2022-08-10T19:00:00Z,-8.334614
p03,2022-08-10T20:00:00Z,-6.443005
p03,2022-08-10T21:00:00Z,-6.319930
p03,2022-08-10T22:00:00Z,-6.043501
p03,2022-08-10T23:00:00Z,-4.882022
p03,2022-08-11T00:00:00Z,-3.291737
p03,2022-08-11T01:00:00Z,-3.341466
p03,2022-08-11T02:00:00Z,-2.220412
p03,2022-08-11T03:00:00Z,-1.371304
p03,2022-08-11T04:00:00Z,-2.216307
p03,2022-08-11T05:00:00Z,-1.561151
p03,2022-08-11T06:00:00Z,-1.853020
p03,2022-08-11T07:00:00Z,-2.384003
p03,2022-08-11T08:00:00Z,-3.180434
p03,2022-08-11T09:00:00Z,-3.139174
p03,2022-08-11T10:00:00Z,-4.103054
p03,2022-08-11T11:00:00Z,-3.853180
p03,2022-08-11T12:00:00Z,-5.416478
p03,2022-08-11T13:00:00Z,-5.872415
p03,2022-08-11T14:00:00Z,-6.361131
p03,2022-08-11T15:00:00Z,-6.177405
p03,2022-08-11T16:00:00Z,-6.884456
p03,2022-08-11T17:00:00Z,-7.192798
p03,2022-08-11T18:00:00Z,-6.800704
p03,2022-08-11T19:00:00Z,-5.877090
p03,2022-08-11T20:00:00Z,-7.546233
p03,2022-08-11T21:00:00Z,-5.877102
p03,2022-08-11T22:00:00Z,-5.667826
p03,2022-08-11T23:00:00Z,-4.417875
p03,2022-08-12T00:00:00Z,-3.768428
p03,2022-08-12T01:00:00Z,-2.391273
p03,2022-08-12T02:00:00Z,-1.459118
p03,2022-08-12T03:00:00Z,-1.448649
p03,2022-08-12T04:00:00Z,-1.544509
p03,2022-08-12T05:00:00Z,-0.632276
p03,2022-08-12T06:00:00Z,-1.410566
p03,2022-08-12T07:00:00Z,-2.587683
p03,2022-08-12T08:00:00Z,-2.661138
p03,2022-08-12T09:00:00Z,-3.005813
p03,2022-08-12T10:00:00Z,-4.373864
p03,2022-08-12T11:00:00Z,-4.544051
p03,2022-08-12T12:00:00Z,-4.891351
p03,2022-08-12T13:00:00Z,-6.009850
p03,2022-08-12T14:00:00Z,-6.665282
p03,2022-08-12T15:00:00Z,-6.882751
p03,2022-08-12T16:00:00Z,-7.066425
p03,2022-08-12T17:00:00Z,-7.748084
p03,2022-08-12T18:00:00Z,-7.749283
p03,2022-08-12T19:00:00Z,-6.000200
p03,2022-08-12T20:00:00Z,-6.343106
p03,2022-08-12T21:00:00Z,-5.464099
p03,2022-08-12T22:00:00Z,-5.237042
p03,2022-08-12T23:00:00Z,-4.190201
p03,2022-08-13T00:00:00Z,-4.059802
p03,2022-08-13T01:00:00Z,-2.862504
p03,2022-08-13T02:00:00Z,-3.279719
p03,2022-08-13T03:00:00Z,-2.013182
p03,2022-08-13T04:00:00Z,-2.046804
p03,2022-08-13T05:00:00Z,-1.485219
p03,2022-08-13T06:00:00Z,-2.157696
p03,2022-08-13T07:00:00Z,-2.259753
p03,2022-08-13T08:00:00Z,-2.933421
p03,2022-08-13T09:00:00Z,-3.250573
p03,2022-08-13T10:00:00Z,-4.430531
p03,2022-08-13T11:00:00Z,-5.330453
p03,2022-08-13T12:00:00Z,-5.148529
p03,2022-08-13T13:00:00Z,-6.123936
p03,2022-08-13T14:00:00Z,-6.132083
p03,2022-08-13T15:00:00Z,-6.765633
p03,2022-08-13T16:00:00Z,-6.427775
p03,2022-08-13T17:00:00Z,-7.786533
p03,2022-08-13T18:00:00Z,-7.521040
p03,2022-08-13T19:00:00Z,-7.142460
p03,2022-08-13T20:00:00Z,-6.651785
p03,2022-08-13T21:00:00Z,-5.742725
p03,2022-08-13T22:00:00Z,-5.693976
p03,2022-08-13T23:00:00Z,-4.441794
p03,2022-08-14T00:00:00Z,-4.528832
p03,2022-08-14T01:00:00Z,-3.327504
p03,2022-08-14T02:00:00Z,-2.022612
p03,2022-08-14T03:00:00Z,-1.370650
p03,2022-08-14T04:00:00Z,-1.755992
p03,2022-08-14T05:00:00Z,-1.952944
p03,2022-08-14T06:00:00Z,-1.474501
p03,2022-08-14T07:00:00Z,-2.453075
p03,2022-08-14T08:00:00Z,-2.427288
p03,2022-08-14T09:00:00Z,-3.781283
p03,2022-08-14T10:00:00Z,-2.970689
p03,2022-08-14T11:00:00Z,-4.469233
p03,2022-08-14T12:00:00Z,-5.614212
p03,2022-08-14T13:00:00Z,-6.298651
p03,2022-08-14T14:00:00Z,-5.895131
p03,2022-08-14T15:00:00Z,-7.065635
p03,2022-08-14T16:00:00Z,-7.174408
p03,2022-08-14T17:00:00Z,-7.534377
p03,2022-08-14T18:00:00Z,-8.304212
p03,2022-08-14T19:00:00Z,-6.944513
p03,2022-08-14T20:00:00Z,-6.225944
p03,2022-08-14T21:00:00Z,-6.970619
p03,2022-08-14T22:00:00Z,-5.692973
p03,2022-08-14T23:00:00Z,-5.178895
p03,2022-08-15T00:00:00Z,-4.084549
p03,2022-08-15T01:00:00Z,-3.122198
p03,2022-08-15T02:00:00Z,-2.407617
p03,2022-08-15T03:00:00Z,-1.214591
p03,2022-08-15T04:00:00Z,-1.465744
p03,2022-08-15T05:00:00Z,-1.616827
p03,2022-08-15T06:00:00Z,-2.675771
p03,2022-08-15T07:00:00Z,-2.859869
p03,2022-08-15T08:00:00Z,-2.808393
p03,2022-08-15T09:00:00Z,-2.874169
p03,2022-08-15T10:00:00Z,-4.303311
p03,2022-08-15T11:00:00Z,-3.954280
p03,2022-08-15T12:00:00Z,-5.902261
p03,2022-08-15T13:00:00Z,-6.575823
p03,2022-08-15T14:00:00Z,-6.578300
p03,2022-08-15T15:00:00Z,-6.986892
p03,2022-08-15T16:00:00Z,-7.183950
p03,2022-08-15T17:00:00Z,-7.911327
p03,2022-08-15T18:00:00Z,-8.583415
p03,2022-08-15T19:00:00Z,-6.865644
p03,2022-08-15T20:00:00Z,-7.773490
p03,2022-08-15T21:00:00Z,-6.673935
p03,2022-08-15T22:00:00Z,-5.267965
p03,2022-08-15T23:00:00Z,-4.594147
p03,2022-08-16T00:00:00Z,-4.537704
p03,2022-08-16T01:00:00Z,-3.038361
p03,2022-08-16T02:00:00Z,-2.850479
p03,2022-08-16T03:00:00Z,-1.739196
p03,2022-08-16T04:00:00Z,-2.085551
p03,2022-08-16T05:00:00Z,-1.756858
p03,2022-08-16T06:00:00Z,-3.164027
p03,2022-08-16T07:00:00Z,-1.880775
p03,2022-08-16T08:00:00Z,-2.473333
p03,2022-08-16T09:00:00Z,-3.135058
p03,2022-08-16T10:00:00Z,-3.830097
p03,2022-08-16T11:00:00Z,-5.337288
p03,2022-08-16T12:00:00Z,-6.167698
p03,2022-08-16T13:00:00Z,-6.103315
p03,2022-08-16T14:00:00Z,-6.686810
p03,2022-08-16T15:00:00Z,-6.574428
p03,2022-08-16T16:00:00Z,-7.100095
p03,2022-08-16T17:00:00Z,-8.512124
p03,2022-08-16T18:00:00Z,-7.795493
p03,2022-08-16T19:00:00Z,-7.343054
p03,2022-08-16T20:00:00Z,-5.932110
p03,2022-08-16T21:00:00Z,-7.060290
p03,2022-08-16T22:00:00Z,-5.070718
p03,2022-08-16T23:00:00Z,-4.760473
p03,2022-08-17T00:00:00Z,-3.857618
p03,2022-08-17T01:00:00Z,-3.596572
p03,2022-08-17T02:00:00Z,-2.131861
p03,2022-08-17T03:00:00Z,-1.750286
p03,2022-08-17T04:00:00Z,-1.618157
p03,2022-08-17T05:00:00Z,-1.748359
p03,2022-08-17T06:00:00Z,-1.647653
p03,2022-08-17T07:00:00Z,-2.373871
p03,2022-08-17T08:00:00Z,-3.671023
p03,2022-08-17T09:00:00Z,-2.941596
p03,2022-08-17T10:00:00Z,-3.806501
p03,2022-08-17T11:00:00Z,-4.994825
p03,2022-08-17T12:00:00Z,-5.296028
p03,2022-08-17T13:00:00Z,-5.638753
p03,2022-08-17T14:00:00Z,-7.501543
p03,2022-08-17T15:00:00Z,-7.588734
p03,2022-08-17T16:00:00Z,-7.660219
p03,2022-08-17T17:00:00Z,-7.644982
p03,2022-08-17T18:00:00Z,-7.284616
p03,2022-08-17T19:00:00Z,-8.104295
p03,2022-08-17T20:00:00Z,-6.380697
p03,2022-08-17T21:00:00Z,-5.985410
p03,2022-08-17T22:00:00Z,-5.511137
p03,2022-08-17T23:00:00Z,-4.854594
p03,2022-08-18T00:00:00Z,-3.485304
p03,2022-08-18T01:00:00Z,-2.816101
p03,2022-08-18T02:00:00Z,-3.111750
p03,2022-08-18T03:00:00Z,-2.123119
p03,2022-08-18T04:00:00Z,-2.350788
p03,2022-08-18T05:00:00Z,-2.243631
p03,2022-08-18T06:00:00Z,-1.978515
p03,2022-08-18T07:00:00Z,-2.977808
p03,2022-08-18T08:00:00Z,-3.353901
p03,2022-08-18T09:00:00Z,-4.419017
p03,2022-08-18T10:00:00Z,-3.478848
p03,2022-08-18T11:00:00Z,-4.784222
p03,2022-08-18T12:00:00Z,-5.889996
p03,2022-08-18T13:00:00Z,-6.417632
p03,2022-08-18T14:00:00Z,-7.482076
p03,2022-08-18T15:00:00Z,-6.853603
p03,2022-08-18T16:00:00Z,-7.559830
p03,2022-08-18T17:00:00Z,-8.060219
p03,2022-08-18T18:00:00Z,-7.918895
p03,2022-08-18T19:00:00Z,-8.032347
p03,2022-08-18T20:00:00Z,-7.813944
p03,2022-08-18T21:00:00Z,-6.260040
p03,2022-08-18T22:00:00Z,-5.485350
p03,2022-08-18T23:00:00Z,-5.130913
p03,2022-08-19T00:00:00Z,-3.411803
p03,2022-08-19T01:00:00Z,-3.003765
p03,2022-08-19T02:00:00Z,-3.103621
p03,2022-08-19T03:00:00Z,-2.840326
p03,2022-08-19T04:00:00Z,-1.573999
p03,2022-08-19T05:00:00Z,-1.986520
p03,2022-08-19T06:00:00Z,-1.844222
p03,2022-08-19T07:00:00Z,-2.565954
p03,2022-08-19T08:00:00Z,-2.983209
p03,2022-08-19T09:00:00Z,-2.722828
p03,2022-08-19T10:00:00Z,-4.360036
p03,2022-08-19T11:00:00Z,-5.481147
p03,2022-08-19T12:00:00Z,-6.097527
p03,2022-08-19T13:00:00Z,-7.021665
p03,2022-08-19T14:00:00Z,-7.298757
p03,2022-08-19T15:00:00Z,-6.988868
p03,2022-08-19T16:00:00Z,-7.976721
p03,2022-08-19T17:00:00Z,-7.777337
p03,2022-08-19T18:00:00Z,-7.099835
p03,2022-08-19T19:00:00Z,-7.537889
p03,2022-08-19T20:00:00Z,-6.605584
p03,2022-08-19T21:00:00Z,-5.972476
p03,2022-08-19T22:00:00Z,-6.086527
p03,2022-08-19T23:00:00Z,-4.856458
p03,2022-08-20T00:00:00Z,-3.997500
p03,2022-08-20T01:00:00Z,-2.147885
p03,2022-08-20T02:00:00Z,-3.623228
p03,2022-08-20T03:00:00Z,-1.647369
p03,2022-08-20T04:00:00Z,-2.431296
p03,2022-08-20T05:00:00Z,-1.133411
p03,2022-08-20T06:00:00Z,-1.751644
p03,2022-08-20T07:00:00Z,-2.523997
p03,2022-08-20T08:00:00Z,-2.128024
p03,2022-08-20T09:00:00Z,-2.836181
p03,2022-08-20T10:00:00Z,-3.916443
p03,2022-08-20T11:00:00Z,-5.038919
p03,2022-08-20T12:00:00Z,-5.079526
p03,2022-08-20T13:00:00Z,-5.474455
p03,2022-08-20T14:00:00Z,-7.266370
p03,2022-08-20T15:00:00Z,-6.871088
p03,2022-08-20T16:00:00Z,-8.032936
p03,2022-08-20T17:00:00Z,-7.659618
p03,2022-08-20T18:00:00Z,-7.829105
p03,2022-08-20T19:00:00Z,-7.860999
p03,2022-08-20T20:00:00Z,-6.496269
p03,2022-08-20T21:00:00Z,-7.115991
p03,2022-08-20T22:00:00Z,-5.864190
p03,2022-08-20T23:00:00Z,-4.239772
p03,2022-08-21T00:00:00Z,-4.209080
p03,2022-08-21T01:00:00Z,-3.689827
p03,2022-08-21T02:00:00Z,-2.667857
p03,2022-08-21T03:00:00Z,-1.932408
p03,2022-08-21T04:00:00Z,-2.746542
p03,2022-08-21T05:00:00Z,-2.584797
p03,2022-08-21T06:00:00Z,-2.137719
p03,2022-08-21T07:00:00Z,-2.323978
p03,2022-08-21T08:00:00Z,-2.168312
p03,2022-08-21T09:00:00Z,-3.876225
p03,2022-08-21T10:00:00Z,-4.140813
p03,2022-08-21T11:00:00Z,-4.477246
p03,2022-08-21T12:00:00Z,-5.326381
p03,2022-08-21T13:00:00Z,-5.819569
p03,2022-08-21T14:00:00Z,-6.965684
p03,2022-08-21T15:00:00Z,-7.883025
p03,2022-08-21T16:00:00Z,-8.125533
p03,2022-08-21T17:00:00Z,-7.871595
p03,2022-08-21T18:00:00Z,-6.854963
p03,2022-08-21T19:00:00Z,-7.338016
p03,2022-08-21T20:00:00Z,-7.408091
p03,2022-08-21T21:00:00Z,-6.282223
p03,2022-08-21T22:00:00Z,-5.440449
p03,2022-08-21T23:00:00Z,-4.642182
p03,2022-08-22T00:00:00Z,-4.558625
p03,2022-08-22T01:00:00Z,-3.428077
p03,2022-08-22T02:00:00Z,-2.640967
p03,2022-08-22T03:00:00Z,-2.394702
p03,2022-08-22T04:00:00Z,-2.295016
p03,2022-08-22T05:00:00Z,-1.383370
p03,2022-08-22T06:00:00Z,-1.374368
p03,2022-08-22T07:00:00Z,-0.943512
p03,2022-08-22T08:00:00Z,-2.385025
p03,2022-08-22T09:00:00Z,-3.990062
p03,2022-08-22T10:00:00Z,-3.612484
p03,2022-08-22T11:00:00Z,-5.129902
p03,2022-08-22T12:00:00Z,-5.761209
p03,2022-08-22T13:00:00Z,-5.264825
p03,2022-08-22T14:00:00Z,-6.947955
p03,2022-08-22T15:00:00Z,-7.773308
p03,2022-08-22T16:00:00Z,-8.206503
p03,2022-08-22T17:00:00Z,-8.025553
p03,2022-08-22T18:00:00Z,-7.831189
p03,2022-08-22T19:00:00Z,-7.282431
p03,2022-08-22T20:00:00Z,-5.765856
p03,2022-08-22T21:00:00Z,-6.218077
p03,2022-08-22T22:00:00Z,-5.799235
p03,2022-08-22T23:00:00Z,-4.821208
p03,2022-08-23T00:00:00Z,-3.746202
p03,2022-08-23T01:00:00Z,-4.398017
p03,2022-08-23T02:00:00Z,-3.568379
p03,2022-08-23T03:00:00Z,-2.055268
p03,2022-08-23T04:00:00Z,-2.861586
p03,2022-08-23T05:00:00Z,-2.087615
p03,2022-08-23T06:00:00Z,-1.640438
p03,2022-08-23T07:00:00Z,-1.862755
p03,2022-08-23T08:00:00Z,-2.693274
p03,2022-08-23T09:00:00Z,-3.957484
p03,2022-08-23T10:00:00Z,-3.948134
p03,2022-08-23T11:00:00Z,-4.821356
p03,2022-08-23T12:00:00Z,-5.018984
p03,2022-08-23T13:00:00Z,-6.859291
p03,2022-08-23T14:00:00Z,-6.911381
p03,2022-08-23T15:00:00Z,-7.451233
p03,2022-08-23T16:00:00Z,-6.555685
p03,2022-08-23T17:00:00Z,-7.200259
p03,2022-08-23T18:00:00Z,-7.916013
p03,2022-08-23T19:00:00Z,-7.542298
p03,2022-08-23T20:00:00Z,-7.255709
p03,2022-08-23T21:00:00Z,-6.645802
p03,2022-08-23T22:00:00Z,-6.465712
p03,2022-08-23T23:00:00Z,-5.329375
p03,2022-08-24T00:00:00Z,-3.899608
p03,2022-08-24T01:00:00Z,-2.934982
p03,2022-08-24T02:00:00Z,-3.138282
p03,2022-08-24T03:00:00Z,-1.721441
p03,2022-08-24T04:00:00Z,-2.422312
p03,2022-08-24T05:00:00Z,-1.203938
p03,2022-08-24T06:00:00Z,-1.720549
p03,2022-08-24T07:00:00Z,-2.449654
p03,2022-08-24T08:00:00Z,-3.680617
p03,2022-08-24T09:00:00Z,-3.948711
p03,2022-08-24T10:00:00Z,-3.279471
p03,2022-08-24T11:00:00Z,-5.063234
p03,2022-08-24T12:00:00Z,-4.518249
p03,2022-08-24T13:00:00Z,-6.517377
p03,2022-08-24T14:00:00Z,-7.242042
p03,2022-08-24T15:00:00Z,-6.886629
p03,2022-08-24T16:00:00Z,-7.196460
p03,2022-08-24T17:00:00Z,-8.830422
p03,2022-08-24T18:00:00Z,-7.883968
p03,2022-08-24T19:00:00Z,-7.650630
p03,2022-08-24T20:00:00Z,-7.997452
p03,2022-08-24T21:00:00Z,-6.780093
p03,2022-08-24T22:00:00Z,-5.302345
p03,2022-08-24T23:00:00Z,-4.799607
p03,2022-08-25T00:00:00Z,-3.650671
p03,2022-08-25T01:00:00Z,-2.670148
p03,2022-08-25T02:00:00Z,-2.903002
p03,2022-08-25T03:00:00Z,-2.967074
p03,2022-08-25T04:00:00Z,-1.765855
p03,2022-08-25T05:00:00Z,-2.086613
p03,2022-08-25T06:00:00Z,-2.165653
p03,2022-08-25T07:00:00Z,-2.708320
p03,2022-08-25T08:00:00Z,-3.432951
p03,2022-08-25T09:00:00Z,-2.948850
p03,2022-08-25T10:00:00Z,-3.991766
p03,2022-08-25T11:00:00Z,-5.207692
p03,2022-08-25T12:00:00Z,-5.891881
p03,2022-08-25T13:00:00Z,-7.231915
p03,2022-08-25T14:00:00Z,-6.811905
p03,2022-08-25T15:00:00Z,-7.706702
p03,2022-08-25T16:00:00Z,-7.510238
p03,2022-08-25T17:00:00Z,-7.599267
p03,2022-08-25T18:00:00Z,-7.080999
p03,2022-08-25T19:00:00Z,-8.300285
p03,2022-08-25T20:00:00Z,-7.265534
p03,2022-08-25T21:00:00Z,-7.019229
p03,2022-08-25T22:00:00Z,-6.528722
p03,2022-08-25T23:00:00Z,-5.513520
p03,2022-08-26T00:00:00Z,-4.168855
p03,2022-08-26T01:00:00Z,-4.016685
p03,2022-08-26T02:00:00Z,-2.363622
p03,2022-08-26T03:00:00Z,-2.706238
p03,2022-08-26T04:00:00Z,-2.204547
p03,2022-08-26T05:00:00Z,-1.650123
p03,2022-08-26T06:00:00Z,-2.424868
p03,2022-08-26T07:00:00Z,-2.494391
p03,2022-08-26T08:00:00Z,-2.894687
p03,2022-08-26T09:00:00Z,-3.776907
p03,2022-08-26T10:00:00Z,-4.308292
p03,2022-08-26T11:00:00Z,-4.260693
p03,2022-08-26T12:00:00Z,-6.233653
p03,2022-08-26T13:00:00Z,-6.278067
p03,2022-08-26T14:00:00Z,-7.466159
p03,2022-08-26T15:00:00Z,-6.791161
p03,2022-08-26T16:00:00Z,-8.295575
p03,2022-08-26T17:00:00Z,-8.177656
p03,2022-08-26T18:00:00Z,-8.019445
p03,2022-08-26T19:00:00Z,-7.916693
p03,2022-08-26T20:00:00Z,-7.602165
p03,2022-08-26T21:00:00Z,-7.016223
p03,2022-08-26T22:00:00Z,-5.897748
p03,2022-08-26T23:00:00Z,-5.746341
p03,2022-08-27T00:00:00Z,-4.861151
p03,2022-08-27T01:00:00Z,-3.389781
p03,2022-08-27T02:00:00Z,-2.995256
p03,2022-08-27T03:00:00Z,-1.680361
p03,2022-08-27T04:00:00Z,-1.700009
p03,2022-08-27T05:00:00Z,-2.162180
p03,2022-08-27T06:00:00Z,-1.965261
p03,2022-08-27T07:00:00Z,-2.377261
p03,2022-08-27T08:00:00Z,-2.080677
p03,2022-08-27T09:00:00Z,-3.315761
p03,2022-08-27T10:00:00Z,-4.443221
p03,2022-08-27T11:00:00Z,-4.472556
p03,2022-08-27T12:00:00Z,-5.491703
p03,2022-08-27T13:00:00Z,-6.598296
p03,2022-08-27T14:00:00Z,-7.959552
p03,2022-08-27T15:00:00Z,-6.792135
p03,2022-08-27T16:00:00Z,-7.604890
p03,2022-08-27T17:00:00Z,-8.681683
p03,2022-08-27T18:00:00Z,-8.402886
p03,2022-08-27T19:00:00Z,-7.195554
p03,2022-08-27T20:00:00Z,-5.601244
p03,2022-08-27T21:00:00Z,-6.068353
p03,2022-08-27T22:00:00Z,-6.085842
p03,2022-08-27T23:00:00Z,-4.462437
p03,2022-08-28T00:00:00Z,-4.949319
p03,2022-08-28T01:00:00Z,-3.264348
p03,2022-08-28T02:00:00Z,-3.346697
p03,2022-08-28T03:00:00Z,-2.402697
p03,2022-08-28T04:00:00Z,-2.470156
p03,2022-08-28T05:00:00Z,-2.574932
p03,2022-08-28T06:00:00Z,-3.064798
p03,2022-08-28T07:00:00Z,-1.466069
p03,2022-08-28T08:00:00Z,-2.393194
p03,2022-08-28T09:00:00Z,-2.377214
p03,2022-08-28T10:00:00Z,-3.996246
p03,2022-08-28T11:00:00Z,-5.395316
p03,2022-08-28T12:00:00Z,-5.860559
p03,2022-08-28T13:00:00Z,-7.101947
p03,2022-08-28T14:00:00Z,-8.186348
p03,2022-08-28T15:00:00Z,-8.111944
p03,2022-08-28T16:00:00Z,-7.164929
p03,2022-08-28T17:00:00Z,-7.230255
p03,2022-08-28T18:00:00Z,-8.677628
p03,2022-08-28T19:00:00Z,-7.668044
p03,2022-08-28T20:00:00Z,-6.563599
p03,2022-08-28T21:00:00Z,-6.193635
p03,2022-08-28T22:00:00Z,-6.192466
p03,2022-08-28T23:00:00Z,-6.325871
p03,2022-08-29T00:00:00Z,-4.411450
p03,2022-08-29T01:00:00Z,-3.252450
p03,2022-08-29T02:00:00Z,-2.492345
p03,2022-08-29T03:00:00Z,-2.880388
p03,2022-08-29T04:00:00Z,-2.587318
p03,2022-08-29T05:00:00Z,-1.915870
p03,2022-08-29T06:00:00Z,-2.028452
p03,2022-08-29T07:00:00Z,-2.605346
p03,2022-08-29T08:00:00Z,-3.342982
p03,2022-08-29T09:00:00Z,-3.576307
p03,2022-08-29T10:00:00Z,-4.171306
p03,2022-08-29T11:00:00Z,-4.166179
p03,2022-08-29T12:00:00Z,-5.468181
p03,2022-08-29T13:00:00Z,-6.757010
p03,2022-08-29T14:00:00Z,-6.909143
p03,2022-08-29T15:00:00Z,-7.674073
p03,2022-08-29T16:00:00Z,-7.779844
p03,2022-08-29T17:00:00Z,-7.947080
p03,2022-08-29T18:00:00Z,-7.913838
p03,2022-08-29T19:00:00Z,-8.446371
p03,2022-08-29T20:00:00Z,-7.488947
p03,2022-08-29T21:00:00Z,-6.751376
p03,2022-08-29T22:00:00Z,-5.629281
p03,2022-08-29T23:00:00Z,-5.397181
p03,2022-08-30T00:00:00Z,-4.254157
p03,2022-08-30T01:00:00Z,-3.757487
p03,2022-08-30T02:00:00Z,-2.168239
p03,2022-08-30T03:00:00Z,-2.580188
p03,2022-08-30T04:00:00Z,-1.586173
p03,2022-08-30T05:00:00Z,-1.867573
p03,2022-08-30T06:00:00Z,-2.121454
p03,2022-08-30T07:00:00Z,-2.953541
p03,2022-08-30T08:00:00Z,-1.908450
p03,2022-08-30T09:00:00Z,-3.465405
p03,2022-08-30T10:00:00Z,-4.053937
p03,2022-08-30T11:00:00Z,-4.840840
p03,2022-08-30T12:00:00Z,-6.092724
p03,2022-08-30T13:00:00Z,-6.661190
p03,2022-08-30T14:00:00Z,-7.788379
p03,2022-08-30T15:00:00Z,-7.671032
p03,2022-08-30T16:00:00Z,-8.063421
p03,2022-08-30T17:00:00Z,-8.409321
p03,2022-08-30T18:00:00Z,-7.620107
p03,2022-08-30T19:00:00Z,-8.631929
p03,2022-08-30T20:00:00Z,-6.815447
p03,2022-08-30T21:00:00Z,-6.302802
p03,2022-08-30T22:00:00Z,-5.800645
p03,2022-08-30T23:00:00Z,-5.462538
p03,2022-08-31T00:00:00Z,-3.592897
p03,2022-08-31T01:00:00Z,-3.026572
p03,2022-08-31T02:00:00Z,-3.511098
p03,2022-08-31T03:00:00Z,-2.229847
p03,2022-08-31T04:00:00Z,-2.482097
p03,2022-08-31T05:00:00Z,-2.193416
p03,2022-08-31T06:00:00Z,-2.489502
p03,2022-08-31T07:00:00Z,-2.757244
p03,2022-08-31T08:00:00Z,-3.005303
p03,2022-08-31T09:00:00Z,-3.368509
p03,2022-08-31T10:00:00Z,-3.135770
p03,2022-08-31T11:00:00Z,-5.376156
p03,2022-08-31T12:00:00Z,-5.946930
p03,2022-08-31T13:00:00Z,-6.103615
p03,2022-08-31T14:00:00Z,-7.274647
p03,2022-08-31T15:00:00Z,-7.509761
p03,2022-08-31T16:00:00Z,-8.010612
p03,2022-08-31T17:00:00Z,-8.156457
p03,2022-08-31T18:00:00Z,-7.296160
p03,2022-08-31T19:00:00Z,-7.283875
p03,2022-08-31T20:00:00Z,-7.834808
p03,2022-08-31T21:00:00Z,-5.920223
p03,2022-08-31T22:00:00Z,-6.756133
p03,2022-08-31T23:00:00Z,-4.340723
p03,2022-09-01T00:00:00Z,-3.874206
p03,2022-09-01T01:00:00Z,-3.528671
p03,2022-09-01T02:00:00Z,-3.885702
p03,2022-09-01T03:00:00Z,-1.532032
p03,2022-09-01T04:00:00Z,-2.254399
p03,2022-09-01T05:00:00Z,-1.641280
p03,2022-09-01T06:00:00Z,-1.025340
p03,2022-09-01T07:00:00Z,-2.330406
p03,2022-09-01T08:00:00Z,-2.580864
p03,2022-09-01T09:00:00Z,-3.454327
p03,2022-09-01T10:00:00Z,-4.301532
p03,2022-09-01T11:00:00Z,-4.772924
p03,2022-09-01T12:00:00Z,-6.114673
p03,2022-09-01T13:00:00Z,-5.928995
p03,2022-09-01T14:00:00Z,-7.340739
p03,2022-09-01T15:00:00Z,-7.974329
p03,2022-09-01T16:00:00Z,-7.868586
p03,2022-09-01T17:00:00Z,-7.563632
p03,2022-09-01T18:00:00Z,-6.999820
p03,2022-09-01T19:00:00Z,-7.302675
p03,2022-09-01T20:00:00Z,-7.153659
p03,2022-09-01T21:00:00Z,-6.365266
p03,2022-09-01T22:00:00Z,-6.125726
p03,2022-09-01T23:00:00Z,-5.365180
p03,2022-09-02T00:00:00Z,-3.831264
p03,2022-09-02T01:00:00Z,-3.912906
p03,2022-09-02T02:00:00Z,-2.297207
p03,2022-09-02T03:00:00Z,-2.391800
p03,2022-09-02T04:00:00Z,-2.543173
p03,2022-09-02T05:00:00Z,-1.853437
p03,2022-09-02T06:00:00Z,-1.996385
p03,2022-09-02T07:00:00Z,-2.542935
p03,2022-09-02T08:00:00Z,-2.394518
p03,2022-09-02T09:00:00Z,-3.332129
p03,2022-09-02T10:00:00Z,-4.796591
p03,2022-09-02T11:00:00Z,-4.703810
p03,2022-09-02T12:00:00Z,-6.279333
p03,2022-09-02T13:00:00Z,-6.663275
p03,2022-09-02T14:00:00Z,-7.286905
p03,2022-09-02T15:00:00Z,-7.794028
p03,2022-09-02T16:00:00Z,-8.338268
p03,2022-09-02T17:00:00Z,-7.466266
p03,2022-09-02T18:00:00Z,-7.798886
p03,2022-09-02T19:00:00Z,-7.057356
p03,2022-09-02T20:00:00Z,-7.582889
p03,2022-09-02T21:00:00Z,-5.701747
p03,2022-09-02T22:00:00Z,-5.833509
p03,2022-09-02T23:00:00Z,-5.200774
p03,2022-09-03T00:00:00Z,-4.270339
p03,2022-09-03T01:00:00Z,-3.015439
p03,2022-09-03T02:00:00Z,-3.054953
p03,2022-09-03T03:00:00Z,-2.640956
p03,2022-09-03T04:00:00Z,-2.608678
p03,2022-09-03T05:00:00Z,-1.508024
p03,2022-09-03T06:00:00Z,-2.155640
p03,2022-09-03T07:00:00Z,-1.729054
p03,2022-09-03T08:00:00Z,-3.585261
p03,2022-09-03T09:00:00Z,-3.896714
p03,2022-09-03T10:00:00Z,-3.595408
p03,2022-09-03T11:00:00Z,-4.524720
p03,2022-09-03T12:00:00Z,-6.067229
p03,2022-09-03T13:00:00Z,-6.924581
p03,2022-09-03T14:00:00Z,-5.886930
p03,2022-09-03T15:00:00Z,-8.007725
p03,2022-09-03T16:00:00Z,-8.489004
p03,2022-09-03T17:00:00Z,-7.546326
p03,2022-09-03T18:00:00Z,-7.735886
p03,2022-09-03T19:00:00Z,-7.246371
p03,2022-09-03T20:00:00Z,-7.262467
p03,2022-09-03T21:00:00Z,-6.535401
p03,2022-09-03T22:00:00Z,-5.785920
p03,2022-09-03T23:00:00Z,-5.749462
p03,2022-09-04T00:00:00Z,-3.681026
p03,2022-09-04T01:00:00Z,-3.437932
p03,2022-09-04T02:00:00Z,-3.984718
p03,2022-09-04T03:00:00Z,-2.115080
p03,2022-09-04T04:00:00Z,-2.463984
p03,2022-09-04T05:00:00Z,-1.728791
p03,2022-09-04T06:00:00Z,-1.528736
p03,2022-09-04T07:00:00Z,-2.445184
p03,2022-09-04T08:00:00Z,-1.769165
p03,2022-09-04T09:00:00Z,-3.099855
p03,2022-09-04T10:00:00Z,-3.911889
p03,2022-09-04T11:00:00Z,-5.211320
p03,2022-09-04T12:00:00Z,-5.846044
p03,2022-09-04T13:00:00Z,-6.201204
p03,2022-09-04T14:00:00Z,-6.046233
p03,2022-09-04T15:00:00Z,-7.351814
p03,2022-09-04T16:00:00Z,-8.296459
p03,2022-09-04T17:00:00Z,-8.029120
p03,2022-09-04T18:00:00Z,-6.955853
p03,2022-09-04T19:00:00Z,-7.277631
p03,2022-09-04T20:00:00Z,-6.968662
p03,2022-09-04T21:00:00Z,-6.864841
p03,2022-09-04T22:00:00Z,-6.172497
p03,2022-09-04T23:00:00Z,-5.824928
p03,2022-09-05T00:00:00Z,-4.825237
p03,2022-09-05T01:00:00Z,-3.422989
p03,2022-09-05T02:00:00Z,-2.376436
p03,2022-09-05T03:00:00Z,-1.550906
p03,2022-09-05T04:00:00Z,-1.687024
p03,2022-09-05T05:00:00Z,-1.380688
p03,2022-09-05T06:00:00Z,-2.116567
p03,2022-09-05T07:00:00Z,-2.314084
p03,2022-09-05T08:00:00Z,-2.395227
p03,2022-09-05T09:00:00Z,-4.104567
p03,2022-09-05T10:00:00Z,-4.123006
p03,2022-09-05T11:00:00Z,-5.291926
p03,2022-09-05T12:00:00Z,-5.256495
p03,2022-09-05T13:00:00Z,-6.406132
p03,2022-09-05T14:00:00Z,-7.059524
p03,2022-09-05T15:00:00Z,-6.997760
p03,2022-09-05T16:00:00Z,-7.600916
p03,2022-09-05T17:00:00Z,-6.867569
p03,2022-09-05T18:00:00Z,-7.772318
p03,2022-09-05T19:00:00Z,-7.270076
p03,2022-09-05T20:00:00Z,-7.554133
p03,2022-09-05T21:00:00Z,-6.516128
p03,2022-09-05T22:00:00Z,-4.790057
p03,2022-09-05T23:00:00Z,-5.387438
p03,2022-09-06T00:00:00Z,-3.927900
p03,2022-09-06T01:00:00Z,-3.151658
p03,2022-09-06T02:00:00Z,-2.277484
p03,2022-09-06T03:00:00Z,-2.900489
p03,2022-09-06T04:00:00Z,-2.261914
p03,2022-09-06T05:00:00Z,-1.983515
p03,2022-09-06T06:00:00Z,-2.078104
p03,2022-09-06T07:00:00Z,-2.549798
p03,2022-09-06T08:00:00Z,-2.983045
p03,2022-09-06T09:00:00Z,-3.803831
p03,2022-09-06T10:00:00Z,-3.970873
p03,2022-09-06T11:00:00Z,-5.062461
p03,2022-09-06T12:00:00Z,-6.197195
p03,2022-09-06T13:00:00Z,-7.191348
p03,2022-09-06T14:00:00Z,-6.777734
p03,2022-09-06T15:00:00Z,-8.238924
p03,2022-09-06T16:00:00Z,-8.367374
p03,2022-09-06T17:00:00Z,-7.929094
p03,2022-09-06T18:00:00Z,-8.266063
p03,2022-09-06T19:00:00Z,-7.504944
p03,2022-09-06T20:00:00Z,-6.894220
p03,2022-09-06T21:00:00Z,-6.702985
p03,2022-09-06T22:00:00Z,-6.171004
p03,2022-09-06T23:00:00Z,-5.592189
p03,2022-09-07T00:00:00Z,-4.788476
p03,2022-09-07T01:00:00Z,-3.438374
p03,2022-09-07T02:00:00Z,-2.251881
p03,2022-09-07T03:00:00Z,-1.097406
p03,2022-09-07T04:00:00Z,-1.547591
p03,2022-09-07T05:00:00Z,-2.118013
p03,2022-09-07T06:00:00Z,-2.386916
p03,2022-09-07T07:00:00Z,-2.155880
p03,2022-09-07T08:00:00Z,-3.838217
p03,2022-09-07T09:00:00Z,-2.718327
p03,2022-09-07T10:00:00Z,-5.285882
p03,2022-09-07T11:00:00Z,-5.768165
p03,2022-09-07T12:00:00Z,-6.115804
p03,2022-09-07T13:00:00Z,-5.862069
p03,2022-09-07T14:00:00Z,-6.239638
p03,2022-09-07T15:00:00Z,-6.707970
p03,2022-09-07T16:00:00Z,-7.678758
p03,2022-09-07T17:00:00Z,-8.132621
p03,2022-09-07T18:00:00Z,-8.525908
p03,2022-09-07T19:00:00Z,-7.845276
p03,2022-09-07T20:00:00Z,-7.612467
p03,2022-09-07T21:00:00Z,-6.395146
p03,2022-09-07T22:00:00Z,-6.765782
p03,2022-09-07T23:00:00Z,-5.209480
p03,2022-09-08T00:00:00Z,-3.831077
p03,2022-09-08T01:00:00Z,-4.421786
p03,2022-09-08T02:00:00Z,-3.104897
p03,2022-09-08T03:00:00Z,-2.561652
p03,2022-09-08T04:00:00Z,-2.672992
p03,2022-09-08T05:00:00Z,-2.199936
p03,2022-09-08T06:00:00Z,-1.897009
p03,2022-09-08T07:00:00Z,-1.960450
p03,2022-09-08T08:00:00Z,-3.297848
p03,2022-09-08T09:00:00Z,-3.902060
p03,2022-09-08T10:00:00Z,-4.082674
p03,2022-09-08T11:00:00Z,-4.623264
p03,2022-09-08T12:00:00Z,-5.396862
p03,2022-09-08T13:00:00Z,-5.802873
p03,2022-09-08T14:00:00Z,-7.660740
p03,2022-09-08T15:00:00Z,-7.647232
p03,2022-09-08T16:00:00Z,-8.081661
p03,2022-09-08T17:00:00Z,-7.747497
p03,2022-09-08T18:00:00Z,-6.548390
p03,2022-09-08T19:00:00Z,-7.105969
p03,2022-09-08T20:00:00Z,-6.267883
p03,2022-09-08T21:00:00Z,-6.617293
p03,2022-09-08T22:00:00Z,-5.246670
p03,2022-09-08T23:00:00Z,-5.252383
p03,2022-09-09T00:00:00Z,-4.335462
p03,2022-09-09T01:00:00Z,-2.242538
p03,2022-09-09T02:00:00Z,-2.427845
p03,2022-09-09T03:00:00Z,-1.829139
p03,2022-09-09T04:00:00Z,-2.318396
p03,2022-09-09T05:00:00Z,-1.604672
p03,2022-09-09T06:00:00Z,-2.382941
p03,2022-09-09T07:00:00Z,-1.696987
p03,2022-09-09T08:00:00Z,-3.173866
p03,2022-09-09T09:00:00Z,-3.162802
p03,2022-09-09T10:00:00Z,-4.077072
p03,2022-09-09T11:00:00Z,-5.811744
p03,2022-09-09T12:00:00Z,-5.550948
p03,2022-09-09T13:00:00Z,-6.849332
p03,2022-09-09T14:00:00Z,-6.703107
p03,2022-09-09T15:00:00Z,-7.824896
p03,2022-09-09T16:00:00Z,-8.000646
p03,2022-09-09T17:00:00Z,-7.599785
p03,2022-09-09T18:00:00Z,-7.597097
p03,2022-09-09T19:00:00Z,-7.738570
p03,2022-09-09T20:00:00Z,-6.751291
p03,2022-09-09T21:00:00Z,-6.323206
p03,2022-09-09T22:00:00Z,-5.759519
p03,2022-09-09T23:00:00Z,-5.254620
p03,2022-09-10T00:00:00Z,-4.775076
p03,2022-09-10T01:00:00Z,-3.784535
p03,2022-09-10T02:00:00Z,-2.495441
p03,2022-09-10T03:00:00Z,-2.184699
p03,2022-09-10T04:00:00Z,-2.094084
p03,2022-09-10T05:00:00Z,-2.030470
p03,2022-09-10T06:00:00Z,-1.311098
p03,2022-09-10T07:00:00Z,-2.319219
p03,2022-09-10T08:00:00Z,-3.267404
p03,2022-09-10T09:00:00Z,-3.703707
p03,2022-09-10T10:00:00Z,-4.798257
p03,2022-09-10T11:00:00Z,-5.153262
p03,2022-09-10T12:00:00Z,-6.149810
p03,2022-09-10T13:00:00Z,-6.029404
p03,2022-09-10T14:00:00Z,-6.319975
p03,2022-09-10T15:00:00Z,-8.073809
p03,2022-09-10T16:00:00Z,-7.764125
p03,2022-09-10T17:00:00Z,-7.792981
p03,2022-09-10T18:00:00Z,-8.425007
p03,2022-09-10T19:00:00Z,-8.329479
p03,2022-09-10T20:00:00Z,-6.878379
p03,2022-09-10T21:00:00Z,-6.893891
p03,2022-09-10T22:00:00Z,-5.812257
p03,2022-09-10T23:00:00Z,-5.340593
p03,2022-09-11T00:00:00Z,-3.882961
p03,2022-09-11T01:00:00Z,-4.242209
p03,2022-09-11T02:00:00Z,-3.229984
p03,2022-09-11T03:00:00Z,-2.633893
p03,2022-09-11T04:00:00Z,-2.389631
p03,2022-09-11T05:00:00Z,-1.966638
p03,2022-09-11T06:00:00Z,-1.853268
p03,2022-09-11T07:00:00Z,-2.587552
p03,2022-09-11T08:00:00Z,-2.030626
p03,2022-09-11T09:00:00Z,-2.781763
p03,2022-09-11T10:00:00Z,-4.632398
p03,2022-09-11T11:00:00Z,-4.892942
p03,2022-09-11T12:00:00Z,-5.630246
p03,2022-09-11T13:00:00Z,-6.442907
p03,2022-09-11T14:00:00Z,-6.981134
p03,2022-09-11T15:00:00Z,-8.393248
p03,2022-09-11T16:00:00Z,-8.114129
p03,2022-09-11T17:00:00Z,-7.722447
p03,2022-09-11T18:00:00Z,-8.442680
p03,2022-09-11T19:00:00Z,-6.745843
p03,2022-09-11T20:00:00Z,-7.132855
p03,2022-09-11T21:00:00Z,-6.644635
p03,2022-09-11T22:00:00Z,-5.165052
p03,2022-09-11T23:00:00Z,-4.497724
p03,2022-09-12T00:00:00Z,-3.845617
p03,2022-09-12T01:00:00Z,-2.549231
p03,2022-09-12T02:00:00Z,-3.305434
p03,2022-09-12T03:00:00Z,-2.465715
p03,2022-09-12T04:00:00Z,-1.047067
p03,2022-09-12T05:00:00Z,-1.762452
p03,2022-09-12T06:00:00Z,-2.243294
p03,2022-09-12T07:00:00Z,-2.060605
p03,2022-09-12T08:00:00Z,-2.256381
p03,2022-09-12T09:00:00Z,-2.871039
p03,2022-09-12T10:00:00Z,-3.902820
p03,2022-09-12T11:00:00Z,-4.618388
p03,2022-09-12T12:00:00Z,-6.046693
p03,2022-09-12T13:00:00Z,-6.742654
p03,2022-09-12T14:00:00Z,-7.166659
p03,2022-09-12T15:00:00Z,-7.299393
p03,2022-09-12T16:00:00Z,-7.495677
p03,2022-09-12T17:00:00Z,-7.586691
p03,2022-09-12T18:00:00Z,-6.784719
p03,2022-09-12T19:00:00Z,-7.632499
p03,2022-09-12T20:00:00Z,-6.980632
p03,2022-09-12T21:00:00Z,-6.281094
p03,2022-09-12T22:00:00Z,-5.805566
p03,2022-09-12T23:00:00Z,-5.116622
p03,2022-09-13T00:00:00Z,-3.875542
p03,2022-09-13T01:00:00Z,-3.532528
p03,2022-09-13T02:00:00Z,-2.477844
p03,2022-09-13T03:00:00Z,-2.320301
p03,2022-09-13T04:00:00Z,-1.987332
p03,2022-09-13T05:00:00Z,-0.933949
p03,2022-09-13T06:00:00Z,-0.969899
p03,2022-09-13T07:00:00Z,-1.991433
p03,2022-09-13T08:00:00Z,-2.689279
p03,2022-09-13T09:00:00Z,-3.323003
p03,2022-09-13T10:00:00Z,-3.846722
p03,2022-09-13T11:00:00Z,-5.258053
p03,2022-09-13T12:00:00Z,-5.961791
p03,2022-09-13T13:00:00Z,-6.663561
p03,2022-09-13T14:00:00Z,-6.633132
p03,2022-09-13T15:00:00Z,-7.156452
p03,2022-09-13T16:00:00Z,-7.845123
p03,2022-09-13T17:00:00Z,-7.818797
p03,2022-09-13T18:00:00Z,-7.991164
p03,2022-09-13T19:00:00Z,-7.249048
p03,2022-09-13T20:00:00Z,-7.368939
p03,2022-09-13T21:00:00Z,-6.390771
p03,2022-09-13T22:00:00Z,-5.613948
p03,2022-09-13T23:00:00Z,-4.881096
p03,2022-09-14T00:00:00Z,-4.390608
p03,2022-09-14T01:00:00Z,-3.120394
p03,2022-09-14T02:00:00Z,-2.921850
p03,2022-09-14T03:00:00Z,-2.265357
p03,2022-09-14T04:00:00Z,-1.860723
p03,2022-09-14T05:00:00Z,-1.494128
p03,2022-09-14T06:00:00Z,-1.875273
p03,2022-09-14T07:00:00Z,-2.432438
p03,2022-09-14T08:00:00Z,-2.689293
p03,2022-09-14T09:00:00Z,-2.657530
p03,2022-09-14T10:00:00Z,-3.680807
p03,2022-09-14T11:00:00Z,-5.141226
p03,2022-09-14T12:00:00Z,-5.547623
p03,2022-09-14T13:00:00Z,-5.700161
p03,2022-09-14T14:00:00Z,-8.113029
p03,2022-09-14T15:00:00Z,-6.780512
p03,2022-09-14T16:00:00Z,-8.193888
p03,2022-09-14T17:00:00Z,-7.470920
p03,2022-09-14T18:00:00Z,-7.665810
p03,2022-09-14T19:00:00Z,-7.509040
p03,2022-09-14T20:00:00Z,-6.750272
p03,2022-09-14T21:00:00Z,-6.800910
p03,2022-09-14T22:00:00Z,-5.989238
p03,2022-09-14T23:00:00Z,-4.525617
p03,2022-09-15T00:00:00Z,-4.009738
p03,2022-09-15T01:00:00Z,-4.347248
p03,2022-09-15T02:00:00Z,-2.571232
p03,2022-09-15T03:00:00Z,-1.786790
p03,2022-09-15T04:00:00Z,-2.264608
p03,2022-09-15T05:00:00Z,-0.825639
p03,2022-09-15T06:00:00Z,-1.717987
p03,2022-09-15T07:00:00Z,-2.779707
p03,2022-09-15T08:00:00Z,-2.167853
p03,2022-09-15T09:00:00Z,-3.713891
p03,2022-09-15T10:00:00Z,-3.869635
p03,2022-09-15T11:00:00Z,-5.115937
p03,2022-09-15T12:00:00Z,-5.107932
p03,2022-09-15T13:00:00Z,-6.135475
p03,2022-09-15T14:00:00Z,-6.901637
p03,2022-09-15T15:00:00Z,-7.273124
p03,2022-09-15T16:00:00Z,-7.464599
p03,2022-09-15T17:00:00Z,-7.712105
p03,2022-09-15T18:00:00Z,-7.502358
p03,2022-09-15T19:00:00Z,-7.667153
p03,2022-09-15T20:00:00Z,-6.788048
p03,2022-09-15T21:00:00Z,-6.243745
p03,2022-09-15T22:00:00Z,-5.870502
p03,2022-09-15T23:00:00Z,-4.329129
p03,2022-09-16T00:00:00Z,-4.553834
p03,2022-09-16T01:00:00Z,-2.630520
p03,2022-09-16T02:00:00Z,-3.182382
p03,2022-09-16T03:00:00Z,-1.662801
p03,2022-09-16T04:00:00Z,-2.165151
p03,2022-09-16T05:00:00Z,-2.029724
p03,2022-09-16T06:00:00Z,-1.444936
p03,2022-09-16T07:00:00Z,-1.710973
p03,2022-09-16T08:00:00Z,-3.352904
p03,2022-09-16T09:00:00Z,-3.916947
p03,2022-09-16T10:00:00Z,-2.854945
p03,2022-09-16T11:00:00Z,-4.412637
p03,2022-09-16T12:00:00Z,-5.618591
p03,2022-09-16T13:00:00Z,-5.853340
p03,2022-09-16T14:00:00Z,-6.654335
p03,2022-09-16T15:00:00Z,-7.507131
p03,2022-09-16T16:00:00Z,-7.261846
p03,2022-09-16T17:00:00Z,-8.771463
p03,2022-09-16T18:00:00Z,-8.130584
p03,2022-09-16T19:00:00Z,-7.265356
p03,2022-09-16T20:00:00Z,-6.683262
p03,2022-09-16T21:00:00Z,-6.336371
p03,2022-09-16T22:00:00Z,-5.862005
p03,2022-09-16T23:00:00Z,-4.421462
p03,2022-09-17T00:00:00Z,-4.335662
p03,2022-09-17T01:00:00Z,-3.298282
p03,2022-09-17T02:00:00Z,-2.073848
p03,2022-09-17T03:00:00Z,-2.655815
p03,2022-09-17T04:00:00Z,-1.850096
p03,2022-09-17T05:00:00Z,-2.288549
p03,2022-09-17T06:00:00Z,-2.205204
p03,2022-09-17T07:00:00Z,-2.672501
p03,2022-09-17T08:00:00Z,-2.790215
p03,2022-09-17T09:00:00Z,-3.270207
p03,2022-09-17T10:00:00Z,-2.659116
p03,2022-09-17T11:00:00Z,-4.689643
p03,2022-09-17T12:00:00Z,-6.074699
p03,2022-09-17T13:00:00Z,-6.079727
p03,2022-09-17T14:00:00Z,-7.445500
p03,2022-09-17T15:00:00Z,-7.604420
p03,2022-09-17T16:00:00Z,-7.675795
p03,2022-09-17T17:00:00Z,-8.109007
p03,2022-09-17T18:00:00Z,-7.838843
p03,2022-09-17T19:00:00Z,-6.864264
p03,2022-09-17T20:00:00Z,-5.567593
p03,2022-09-17T21:00:00Z,-6.498630
p03,2022-09-17T22:00:00Z,-5.972131
p03,2022-09-17T23:00:00Z,-5.382157
p03,2022-09-18T00:00:00Z,-3.698409
p03,2022-09-18T01:00:00Z,-4.008021
p03,2022-09-18T02:00:00Z,-2.618025
p03,2022-09-18T03:00:00Z,-2.018324
p03,2022-09-18T04:00:00Z,-2.558383
p03,2022-09-18T05:00:00Z,-1.631764
p03,2022-09-18T06:00:00Z,-1.534870
p03,2022-09-18T07:00:00Z,-3.419529
p03,2022-09-18T08:00:00Z,-2.034543
p03,2022-09-18T09:00:00Z,-3.416817
p03,2022-09-18T10:00:00Z,-3.722857
p03,2022-09-18T11:00:00Z,-5.483626
p03,2022-09-18T12:00:00Z,-5.207868
p03,2022-09-18T13:00:00Z,-6.660655
p03,2022-09-18T14:00:00Z,-8.047914
p03,2022-09-18T15:00:00Z,-6.468195
p03,2022-09-18T16:00:00Z,-7.414060
p03,2022-09-18T17:00:00Z,-7.402176
p03,2022-09-18T18:00:00Z,-7.877611
p03,2022-09-18T19:00:00Z,-6.916559
p03,2022-09-18T20:00:00Z,-7.273475
p03,2022-09-18T21:00:00Z,-5.112201
p03,2022-09-18T22:00:00Z,-4.847193
p03,2022-09-18T23:00:00Z,-5.540149
p03,2022-09-19T00:00:00Z,-4.731230
p03,2022-09-19T01:00:00Z,-2.584115
p03,2022-09-19T02:00:00Z,-3.138070
p03,2022-09-19T03:00:00Z,-1.814903
p03,2022-09-19T04:00:00Z,-1.651097
p03,2022-09-19T05:00:00Z,-1.850654
p03,2022-09-19T06:00:00Z,-2.346056
p03,2022-09-19T07:00:00Z,-2.677336
p03,2022-09-19T08:00:00Z,-2.631992
p03,2022-09-19T09:00:00Z,-2.467778
p03,2022-09-19T10:00:00Z,-3.496658
p03,2022-09-19T11:00:00Z,-5.080807
p03,2022-09-19T12:00:00Z,-5.149087
p03,2022-09-19T13:00:00Z,-5.711810
p03,2022-09-19T14:00:00Z,-5.834596
p03,2022-09-19T15:00:00Z,-7.573464
p03,2022-09-19T16:00:00Z,-6.992143
p03,2022-09-19T17:00:00Z,-7.735033
p03,2022-09-19T18:00:00Z,-7.422766
p03,2022-09-19T19:00:00Z,-7.258931
p03,2022-09-19T20:00:00Z,-7.236562
p03,2022-09-19T21:00:00Z,-6.335385
p03,2022-09-19T22:00:00Z,-4.847636
p03,2022-09-19T23:00:00Z,-4.647944
p03,2022-09-20T00:00:00Z,-3.739215
p03,2022-09-20T01:00:00Z,-3.294064
p03,2022-09-20T02:00:00Z,-2.146134
p03,2022-09-20T03:00:00Z,-1.109270
p03,2022-09-20T04:00:00Z,-1.302341
p03,2022-09-20T05:00:00Z,-0.941056
p03,2022-09-20T06:00:00Z,-1.140506
p03,2022-09-20T07:00:00Z,-2.844383
p03,2022-09-20T08:00:00Z,-2.578762
p03,2022-09-20T09:00:00Z,-2.857636
p03,2022-09-20T10:00:00Z,-2.841920
p03,2022-09-20T11:00:00Z,-4.054167
p03,2022-09-20T12:00:00Z,-6.032013
p03,2022-09-20T13:00:00Z,-5.521112
p03,2022-09-20T14:00:00Z,-7.103766
p03,2022-09-20T15:00:00Z,-8.156942
p03,2022-09-20T16:00:00Z,-7.685219
p03,2022-09-20T17:00:00Z,-8.216174
p03,2022-09-20T18:00:00Z,-7.013345
p03,2022-09-20T19:00:00Z,-7.659118
p03,2022-09-20T20:00:00Z,-6.250752
p03,2022-09-20T21:00:00Z,-6.396360
p03,2022-09-20T22:00:00Z,-5.574517
p03,2022-09-20T23:00:00Z,-5.151979
p03,2022-09-21T00:00:00Z,-3.852357
p03,2022-09-21T01:00:00Z,-2.434188
p03,2022-09-21T02:00:00Z,-1.899450
p03,2022-09-21T03:00:00Z,-2.616949
p03,2022-09-21T04:00:00Z,-0.933777
p03,2022-09-21T05:00:00Z,-2.307228
p03,2022-09-21T06:00:00Z,-1.805469
p03,2022-09-21T07:00:00Z,-2.436776
p03,2022-09-21T08:00:00Z,-2.926612
p03,2022-09-21T09:00:00Z,-3.174143
p03,2022-09-21T10:00:00Z,-3.758464
p03,2022-09-21T11:00:00Z,-5.287245
p03,2022-09-21T12:00:00Z,-4.861018
p03,2022-09-21T13:00:00Z,-6.377893
p03,2022-09-21T14:00:00Z,-5.906706
p03,2022-09-21T15:00:00Z,-7.595850
p03,2022-09-21T16:00:00Z,-6.662459
p03,2022-09-21T17:00:00Z,-7.673000
p03,2022-09-21T18:00:00Z,-6.650307
p03,2022-09-21T19:00:00Z,-6.348561
p03,2022-09-21T20:00:00Z,-5.882885
p03,2022-09-21T21:00:00Z,-5.417530
p03,2022-09-21T22:00:00Z,-6.287079
p03,2022-09-21T23:00:00Z,-4.489728
p03,2022-09-22T00:00:00Z,-4.361462
p03,2022-09-22T01:00:00Z,-3.327779
p03,2022-09-22T02:00:00Z,-2.121018
p03,2022-09-22T03:00:00Z,-2.198875
p03,2022-09-22T04:00:00Z,-1.408002
p03,2022-09-22T05:00:00Z,-1.783335
p03,2022-09-22T06:00:00Z,-1.295974
p03,2022-09-22T07:00:00Z,-2.766018
p03,2022-09-22T08:00:00Z,-3.186124
p03,2022-09-22T09:00:00Z,-2.087620
p03,2022-09-22T10:00:00Z,-4.309324
p03,2022-09-22T11:00:00Z,-4.280776
p03,2022-09-22T12:00:00Z,-5.150323
p03,2022-09-22T13:00:00Z,-6.520231
p03,2022-09-22T14:00:00Z,-6.069454
p03,2022-09-22T15:00:00Z,-7.163445
p03,2022-09-22T16:00:00Z,-8.259001
p03,2022-09-22T17:00:00Z,-7.573258
p03,2022-09-22T18:00:00Z,-6.891051
p03,2022-09-22T19:00:00Z,-7.055226
p03,2022-09-22T20:00:00Z,-6.434007
p03,2022-09-22T21:00:00Z,-5.402967
p03,2022-09-22T22:00:00Z,-5.246774
p03,2022-09-22T23:00:00Z,-4.061843
p03,2022-09-23T00:00:00Z,-3.758936
p03,2022-09-23T01:00:00Z,-4.222348
p03,2022-09-23T02:00:00Z,-2.623960
p03,2022-09-23T03:00:00Z,-2.478648
p03,2022-09-23T04:00:00Z,-1.220645
p03,2022-09-23T05:00:00Z,-1.623377
p03,2022-09-23T06:00:00Z,-1.339230
p03,2022-09-23T07:00:00Z,-1.621736
p03,2022-09-23T08:00:00Z,-1.461354
p03,2022-09-23T09:00:00Z,-3.104898
p03,2022-09-23T10:00:00Z,-3.179021
p03,2022-09-23T11:00:00Z,-4.030884
p03,2022-09-23T12:00:00Z,-4.852787
p03,2022-09-23T13:00:00Z,-6.060030
p03,2022-09-23T14:00:00Z,-6.412148
p03,2022-09-23T15:00:00Z,-7.990303
p03,2022-09-23T16:00:00Z,-6.438493
p03,2022-09-23T17:00:00Z,-7.042555
p03,2022-09-23T18:00:00Z,-5.765904
p03,2022-09-23T19:00:00Z,-6.346735
p03,2022-09-23T20:00:00Z,-7.141696
p03,2022-09-23T21:00:00Z,-5.430276
p03,2022-09-23T22:00:00Z,-4.922211
p03,2022-09-23T23:00:00Z,-4.708516
p03,2022-09-24T00:00:00Z,-4.276414
p03,2022-09-24T01:00:00Z,-2.502653
p03,2022-09-24T02:00:00Z,-3.074446
p03,2022-09-24T03:00:00Z,-0.956657
p03,2022-09-24T04:00:00Z,-1.656177
p03,2022-09-24T05:00:00Z,-1.397755
p03,2022-09-24T06:00:00Z,-1.489721
p03,2022-09-24T07:00:00Z,-2.557608
p03,2022-09-24T08:00:00Z,-2.798123
p03,2022-09-24T09:00:00Z,-3.177701
p03,2022-09-24T10:00:00Z,-4.365243
p03,2022-09-24T11:00:00Z,-5.457772
p03,2022-09-24T12:00:00Z,-5.584078
p03,2022-09-24T13:00:00Z,-6.186358
p03,2022-09-24T14:00:00Z,-6.664893
p03,2022-09-24T15:00:00Z,-8.268125
p03,2022-09-24T16:00:00Z,-7.294289
p03,2022-09-24T17:00:00Z,-6.963487
p03,2022-09-24T18:00:00Z,-7.201787
p03,2022-09-24T19:00:00Z,-6.633603
p03,2022-09-24T20:00:00Z,-6.610427
p03,2022-09-24T21:00:00Z,-6.084251
p03,2022-09-24T22:00:00Z,-6.014130
p03,2022-09-24T23:00:00Z,-4.713039
p03,2022-09-25T00:00:00Z,-3.910809
p03,2022-09-25T01:00:00Z,-3.846817
p03,2022-09-25T02:00:00Z,-1.776138
p03,2022-09-25T03:00:00Z,-1.345825
p03,2022-09-25T04:00:00Z,-1.681589
p03,2022-09-25T05:00:00Z,-1.493436
p03,2022-09-25T06:00:00Z,-0.602772
p03,2022-09-25T07:00:00Z,-1.786178
p03,2022-09-25T08:00:00Z,-2.252499
p03,2022-09-25T09:00:00Z,-2.796995
p03,2022-09-25T10:00:00Z,-3.984236
p03,2022-09-25T11:00:00Z,-4.701112
p03,2022-09-25T12:00:00Z,-5.995057
p03,2022-09-25T13:00:00Z,-6.364424
p03,2022-09-25T14:00:00Z,-6.940259
p03,2022-09-25T15:00:00Z,-7.458896
p03,2022-09-25T16:00:00Z,-7.226926
p03,2022-09-25T17:00:00Z,-8.069500
p03,2022-09-25T18:00:00Z,-6.850580
p03,2022-09-25T19:00:00Z,-6.737652
p03,2022-09-25T20:00:00Z,-6.496491
p03,2022-09-25T21:00:00Z,-5.421428
p03,2022-09-25T22:00:00Z,-5.623915
p03,2022-09-25T23:00:00Z,-3.863847
p03,2022-09-26T00:00:00Z,-3.840438
p03,2022-09-26T01:00:00Z,-3.220065
p03,2022-09-26T02:00:00Z,-1.317368
p03,2022-09-26T03:00:00Z,-1.451491
p03,2022-09-26T04:00:00Z,-0.514944
p03,2022-09-26T05:00:00Z,-1.100759
p03,2022-09-26T06:00:00Z,-1.502730
p03,2022-09-26T07:00:00Z,-0.994398
p03,2022-09-26T08:00:00Z,-3.063021
p03,2022-09-26T09:00:00Z,-2.986388
p03,2022-09-26T10:00:00Z,-3.193539
p03,2022-09-26T11:00:00Z,-3.237649
p03,2022-09-26T12:00:00Z,-5.084197
p03,2022-09-26T13:00:00Z,-5.908336
p03,2022-09-26T14:00:00Z,-6.451151
p03,2022-09-26T15:00:00Z,-7.483355
p03,2022-09-26T16:00:00Z,-6.181899
p03,2022-09-26T17:00:00Z,-7.132894
p03,2022-09-26T18:00:00Z,-7.338987
p03,2022-09-26T19:00:00Z,-6.436427
p03,2022-09-26T20:00:00Z,-6.496530
p03,2022-09-26T21:00:00Z,-5.909045
p03,2022-09-26T22:00:00Z,-4.528822
p03,2022-09-26T23:00:00Z,-4.684374
p03,2022-09-27T00:00:00Z,-3.349508
p03,2022-09-27T01:00:00Z,-1.519304
p03,2022-09-27T02:00:00Z,-3.603997
p03,2022-09-27T03:00:00Z,-1.849661
p03,2022-09-27T04:00:00Z,-1.847831
p03,2022-09-27T05:00:00Z,-1.872104
p03,2022-09-27T06:00:00Z,-1.545597
p03,2022-09-27T07:00:00Z,-1.639809
p03,2022-09-27T08:00:00Z,-1.685094
p03,2022-09-27T09:00:00Z,-3.043764
p03,2022-09-27T10:00:00Z,-3.825806
p03,2022-09-27T11:00:00Z,-3.947936
p03,2022-09-27T12:00:00Z,-5.713487
p03,2022-09-27T13:00:00Z,-5.657396
p03,2022-09-27T14:00:00Z,-6.696278
p03,2022-09-27T15:00:00Z,-7.023471
p03,2022-09-27T16:00:00Z,-6.751895
p03,2022-09-27T17:00:00Z,-6.555759
p03,2022-09-27T18:00:00Z,-7.312828
p03,2022-09-27T19:00:00Z,-6.556312
p03,2022-09-27T20:00:00Z,-6.341572
p03,2022-09-27T21:00:00Z,-5.811322
p03,2022-09-27T22:00:00Z,-5.416168
p03,2022-09-27T23:00:00Z,-3.742980
p03,2022-09-28T00:00:00Z,-3.706148
p03,2022-09-28T01:00:00Z,-3.398803
p03,2022-09-28T02:00:00Z,-2.545830
p03,2022-09-28T03:00:00Z,-1.648797
p03,2022-09-28T04:00:00Z,-1.032204
p03,2022-09-28T05:00:00Z,-0.606234
p03,2022-09-28T06:00:00Z,-1.383891
p03,2022-09-28T07:00:00Z,-2.458637
p03,2022-09-28T08:00:00Z,-1.612326
p03,2022-09-28T09:00:00Z,-2.249462
p03,2022-09-28T10:00:00Z,-2.923312
p03,2022-09-28T11:00:00Z,-4.421551
p03,2022-09-28T12:00:00Z,-6.078961
p03,2022-09-28T13:00:00Z,-6.342825
p03,2022-09-28T14:00:00Z,-6.853862
p03,2022-09-28T15:00:00Z,-6.501173
p03,2022-09-28T16:00:00Z,-6.504479
p03,2022-09-28T17:00:00Z,-6.854355
p03,2022-09-28T18:00:00Z,-7.243912
p03,2022-09-28T19:00:00Z,-6.242387
p03,2022-09-28T20:00:00Z,-6.562528
p03,2022-09-28T21:00:00Z,-4.608732
p03,2022-09-28T22:00:00Z,-5.223721
p03,2022-09-28T23:00:00Z,-4.460431
p03,2022-09-29T00:00:00Z,-2.753909
p03,2022-09-29T01:00:00Z,-2.662159
p03,2022-09-29T02:00:00Z,-1.520899
p03,2022-09-29T03:00:00Z,-1.896954
p03,2022-09-29T04:00:00Z,-1.304150
p03,2022-09-29T05:00:00Z,-0.557628
p03,2022-09-29T06:00:00Z,-1.258182
p03,2022-09-29T07:00:00Z,-0.849679
p03,2022-09-29T08:00:00Z,-1.257715
p03,2022-09-29T09:00:00Z,-1.930301
p03,2022-09-29T10:00:00Z,-2.724441
p03,2022-09-29T11:00:00Z,-4.086913
p03,2022-09-29T12:00:00Z,-4.994907
p03,2022-09-29T13:00:00Z,-5.629857
p03,2022-09-29T14:00:00Z,-5.839840
p03,2022-09-29T15:00:00Z,-5.918496
p03,2022-09-29T16:00:00Z,-7.661397
p03,2022-09-29T17:00:00Z,-7.260022
p03,2022-09-29T18:00:00Z,-6.835884
p03,2022-09-29T19:00:00Z,-6.716256
p03,2022-09-29T20:00:00Z,-7.229064
p03,2022-09-29T21:00:00Z,-5.916008
p03,2022-09-29T22:00:00Z,-5.870209
p03,2022-09-29T23:00:00Z,-3.683708
p03,2022-09-30T00:00:00Z,-3.175979
p03,2022-09-30T01:00:00Z,-2.524902
p03,2022-09-30T02:00:00Z,-1.697795
p03,2022-09-30T03:00:00Z,-0.939053
p03,2022-09-30T04:00:00Z,-0.243128
p03,2022-09-30T05:00:00Z,-1.366609
p03,2022-09-30T06:00:00Z,-1.202652
p03,2022-09-30T07:00:00Z,-1.991805
p03,2022-09-30T08:00:00Z,-1.879350
p03,2022-09-30T09:00:00Z,-2.796325
p03,2022-09-30T10:00:00Z,-3.070313
p03,2022-09-30T11:00:00Z,-3.540883
p03,2022-09-30T12:00:00Z,-4.461346
p03,2022-09-30T13:00:00Z,-5.759096
p03,2022-09-30T14:00:00Z,-5.332113
p03,2022-09-30T15:00:00Z,-6.749019
p03,2022-09-30T16:00:00Z,-6.492909
p03,2022-09-30T17:00:00Z,-6.735304
p03,2022-09-30T18:00:00Z,-6.095849
p03,2022-09-30T19:00:00Z,-6.275289
p03,2022-09-30T20:00:00Z,-5.463517
p03,2022-09-30T21:00:00Z,-5.902870
p03,2022-09-30T22:00:00Z,-4.251159
p03,2022-09-30T23:00:00Z,-3.881569
p03,2022-10-01T00:00:00Z,-2.718337
p03,2022-10-01T01:00:00Z,-2.462132
p03,2022-10-01T02:00:00Z,-1.079284
p03,2022-10-01T03:00:00Z,-1.885427
p03,2022-10-01T04:00:00Z,-0.477480
p03,2022-10-01T05:00:00Z,-0.722500
p03,2022-10-01T06:00:00Z,-1.177941
p03,2022-10-01T07:00:00Z,-1.483671
p03,2022-10-01T08:00:00Z,-2.055137
p03,2022-10-01T09:00:00Z,-2.475309
p03,2022-10-01T10:00:00Z,-2.899537
p03,2022-10-01T11:00:00Z,-4.634170
p03,2022-10-01T12:00:00Z,-4.032545
p03,2022-10-01T13:00:00Z,-6.113670
p03,2022-10-01T14:00:00Z,-6.722237
p03,2022-10-01T15:00:00Z,-6.217071
p03,2022-10-01T16:00:00Z,-6.493974
p03,2022-10-01T17:00:00Z,-7.157444
p03,2022-10-01T18:00:00Z,-6.528165
p03,2022-10-01T19:00:00Z,-6.374231
p03,2022-10-01T20:00:00Z,-5.744739
p03,2022-10-01T21:00:00Z,-5.605765
p03,2022-10-01T22:00:00Z,-3.944779
p03,2022-10-01T23:00:00Z,-3.939490
p03,2022-10-02T00:00:00Z,-2.297480
p03,2022-10-02T01:00:00Z,-1.693989
p03,2022-10-02T02:00:00Z,-1.383781
p03,2022-10-02T03:00:00Z,-0.488689
p03,2022-10-02T04:00:00Z,-0.884627
p03,2022-10-02T05:00:00Z,-1.640408
p03,2022-10-02T06:00:00Z,-1.399795
p03,2022-10-02T07:00:00Z,-0.645473
p03,2022-10-02T08:00:00Z,-1.311959
p03,2022-10-02T09:00:00Z,-2.100976
p03,2022-10-02T10:00:00Z,-3.128774
p03,2022-10-02T11:00:00Z,-3.608191
p03,2022-10-02T12:00:00Z,-5.495455
p03,2022-10-02T13:00:00Z,-5.870028
p03,2022-10-02T14:00:00Z,-6.141637
p03,2022-10-02T15:00:00Z,-6.872963
p03,2022-10-02T16:00:00Z,-6.060561
p03,2022-10-02T17:00:00Z,-6.646826
p03,2022-10-02T18:00:00Z,-6.584406
p03,2022-10-02T19:00:00Z,-6.042053
p03,2022-10-02T20:00:00Z,-5.854678
p03,2022-10-02T21:00:00Z,-5.278235
p03,2022-10-02T22:00:00Z,-5.627845
p03,2022-10-02T23:00:00Z,-3.586684
p03,2022-10-03T00:00:00Z,-2.982552
p03,2022-10-03T01:00:00Z,-1.691941
p03,2022-10-03T02:00:00Z,-1.693898
p03,2022-10-03T03:00:00Z,-0.732903
p03,2022-10-03T04:00:00Z,-1.695389
p03,2022-10-03T05:00:00Z,-0.494905
p03,2022-10-03T06:00:00Z,-0.570274
p03,2022-10-03T07:00:00Z,-1.075233
p03,2022-10-03T08:00:00Z,-0.886488
p03,2022-10-03T09:00:00Z,-2.722150
p03,2022-10-03T10:00:00Z,-3.186609
p03,2022-10-03T11:00:00Z,-3.929637
p03,2022-10-03T12:00:00Z,-4.843892
p03,2022-10-03T13:00:00Z,-5.303869
p03,2022-10-03T14:00:00Z,-6.275400
p03,2022-10-03T15:00:00Z,-5.475488
p03,2022-10-03T16:00:00Z,-7.363032
p03,2022-10-03T17:00:00Z,-6.725923
p03,2022-10-03T18:00:00Z,-6.880929
p03,2022-10-03T19:00:00Z,-7.118554
p03,2022-10-03T20:00:00Z,-5.152419
p03,2022-10-03T21:00:00Z,-5.681035
p03,2022-10-03T22:00:00Z,-4.815171
p03,2022-10-03T23:00:00Z,-3.955953
p03,2022-10-04T00:00:00Z,-3.399749
p03,2022-10-04T01:00:00Z,-4.178183
p03,2022-10-04T02:00:00Z,-2.248865
p03,2022-10-04T03:00:00Z,-0.672645
p03,2022-10-04T04:00:00Z,-0.521319
p03,2022-10-04T05:00:00Z,-0.565135
p03,2022-10-04T06:00:00Z,-1.146902
p03,2022-10-04T07:00:00Z,-2.055477
p03,2022-10-04T08:00:00Z,-2.107480
p03,2022-10-04T09:00:00Z,-2.000131
p03,2022-10-04T10:00:00Z,-3.237934
p03,2022-10-04T11:00:00Z,-4.118939
p03,2022-10-04T12:00:00Z,-4.442212
p03,2022-10-04T13:00:00Z,-4.511548
p03,2022-10-04T14:00:00Z,-5.315226
p03,2022-10-04T15:00:00Z,-7.153144
p03,2022-10-04T16:00:00Z,-5.672203
p03,2022-10-04T17:00:00Z,-6.240783
p03,2022-10-04T18:00:00Z,-6.467464
p03,2022-10-04T19:00:00Z,-6.551135
p03,2022-10-04T20:00:00Z,-6.704574
p03,2022-10-04T21:00:00Z,-4.973321
p03,2022-10-04T22:00:00Z,-4.516566
p03,2022-10-04T23:00:00Z,-3.148015
p03,2022-10-05T00:00:00Z,-3.330992
p03,2022-10-05T01:00:00Z,-2.902960
p03,2022-10-05T02:00:00Z,-1.190191
p03,2022-10-05T03:00:00Z,-0.814181
p03,2022-10-05T04:00:00Z,-0.780973
p03,2022-10-05T05:00:00Z,-0.476893
p03,2022-10-05T06:00:00Z,-1.628885
p03,2022-10-05T07:00:00Z,0.081843
p03,2022-10-05T08:00:00Z,-1.206077
p03,2022-10-05T09:00:00Z,-2.145312
p03,2022-10-05T10:00:00Z,-2.356817
p03,2022-10-05T11:00:00Z,-2.899097
p03,2022-10-05T12:00:00Z,-4.550762
p03,2022-10-05T13:00:00Z,-5.034242
p03,2022-10-05T14:00:00Z,-6.800861
p03,2022-10-05T15:00:00Z,-6.371499
p03,2022-10-05T16:00:00Z,-6.183993
p03,2022-10-05T17:00:00Z,-6.778413
p03,2022-10-05T18:00:00Z,-6.458199
p03,2022-10-05T19:00:00Z,-6.198526
p03,2022-10-05T20:00:00Z,-5.988772
p03,2022-10-05T21:00:00Z,-4.904856
p03,2022-10-05T22:00:00Z,-4.498993
p03,2022-10-05T23:00:00Z,-3.153057
